[2026-08-14 14:37:21] ================ train1 ================
[2026-08-14 14:37:21] prefix set to train1
Saved: /lus/eagle/projects/marP_TB_VLS/WC/williamhconrad4/OpenVS-main/experiments/E3L_6DO3/screening/inputs/train1set/E3L_6DO3_train1_chunk50/tar_params_train1_0_0.tar
Saved: /lus/eagle/projects/marP_TB_VLS/WC/williamhconrad4/OpenVS-main/experiments/E3L_6DO3/screening/inputs/train1set/E3L_6DO3_train1_chunk50/ligands_list_train1_0_0.txt
Saved: /lus/eagle/projects/marP_TB_VLS/WC/williamhconrad4/OpenVS-main/experiments/E3L_6DO3/screening/inputs/train1set/E3L_6DO3_train1_chunk50/flags_params_train1_0_0.flags
Saved: /lus/eagle/projects/marP_TB_VLS/WC/williamhconrad4/OpenVS-main/experiments/E3L_6DO3/screening/inputs/train1set/E3L_6DO3_train1_chunk50/tar_params_train1_0_1.tar
Saved: /lus/eagle/projects/marP_TB_VLS/WC/williamhconrad4/OpenVS-main/experiments/E3L_6DO3/screening/inputs/train1set/E3L_6DO3_train1_chunk50/ligands_list_train1_0_1.txt
Saved: /lus/eagle/projects/marP_TB_VLS/WC/williamhconrad4/OpenVS-main/experiments/E3L_6DO3/screening/inputs/train1set/E3L_6DO3_train1_chunk50/flags_params_train1_0_1.flags
Saved: /lus/eagle/projects/marP_TB_VLS/WC/williamhconrad4/OpenVS-main/experiments/E3L_6DO3/screening/inputs/train1set/E3L_6DO3_train1_chunk50/tar_params_train1_0_2.tar
Saved: /lus/eagle/projects/marP_TB_VLS/WC/williamhconrad4/OpenVS-main/experiments/E3L_6DO3/screening/inputs/train1set/E3L_6DO3_train1_chunk50/ligands_list_train1_0_2.txt
Saved: /lus/eagle/projects/marP_TB_VLS/WC/williamhconrad4/OpenVS-main/experiments/E3L_6DO3/screening/inputs/train1set/E3L_6DO3_train1_chunk50/flags_params_train1_0_2.flags
Saved: /lus/eagle/projects/marP_TB_VLS/WC/williamhconrad4/OpenVS-main/experiments/E3L_6DO3/screening/inputs/train1set/E3L_6DO3_train1_chunk50/tar_params_train1_0_3.tar
Saved: /lus/eagle/projects/marP_TB_VLS/WC/williamhconrad4/OpenVS-main/experiments/E3L_6DO3/screening/inputs/train1set/E3L_6DO3_train1_chunk50/ligands_list_train1_0_3.txt
Saved: /lus/eagle/projects/marP_TB_VLS/WC/williamhconrad4/OpenVS-main/experiments/E3L_6DO3/screening/inputs/train1set/E3L_6DO3_train1_chunk50/flags_params_train1_0_3.flags
Saved: /lus/eagle/projects/marP_TB_VLS/WC/williamhconrad4/OpenVS-main/experiments/E3L_6DO3/screening/inputs/train1set/E3L_6DO3_train1_chunk50/tar_params_train1_0_4.tar
Saved: /lus/eagle/projects/marP_TB_VLS/WC/williamhconrad4/OpenVS-main/experiments/E3L_6DO3/screening/inputs/train1set/E3L_6DO3_train1_chunk50/ligands_list_train1_0_4.txt
Saved: /lus/eagle/projects/marP_TB_VLS/WC/williamhconrad4/OpenVS-main/experiments/E3L_6DO3/screening/inputs/train1set/E3L_6DO3_train1_chunk50/flags_params_train1_0_4.flags
Saved: /lus/eagle/projects/marP_TB_VLS/WC/williamhconrad4/OpenVS-main/experiments/E3L_6DO3/screening/inputs/train1set/E3L_6DO3_train1_chunk50/tar_params_train1_0_5.tar
Saved: /lus/eagle/projects/marP_TB_VLS/WC/williamhconrad4/OpenVS-main/experiments/E3L_6DO3/screening/inputs/train1set/E3L_6DO3_train1_chunk50/ligands_list_train1_0_5.txt
Saved: /lus/eagle/projects/marP_TB_VLS/WC/williamhconrad4/OpenVS-main/experiments/E3L_6DO3/screening/inputs/train1set/E3L_6DO3_train1_chunk50/flags_params_train1_0_5.flags
Saved: /lus/eagle/projects/marP_TB_VLS/WC/williamhconrad4/OpenVS-main/experiments/E3L_6DO3/screening/inputs/train1set/E3L_6DO3_train1_chunk50/tar_params_train1_0_6.tar
Saved: /lus/eagle/projects/marP_TB_VLS/WC/williamhconrad4/OpenVS-main/experiments/E3L_6DO3/screening/inputs/train1set/E3L_6DO3_train1_chunk50/ligands_list_train1_0_6.txt
Saved: /lus/eagle/projects/marP_TB_VLS/WC/williamhconrad4/OpenVS-main/experiments/E3L_6DO3/screening/inputs/train1set/E3L_6DO3_train1_chunk50/flags_params_train1_0_6.flags
Saved: /lus/eagle/projects/marP_TB_VLS/WC/williamhconrad4/OpenVS-main/experiments/E3L_6DO3/screening/inputs/train1set/E3L_6DO3_train1_chunk50/tar_params_train1_0_7.tar
Saved: /lus/eagle/projects/marP_TB_VLS/WC/williamhconrad4/OpenVS-main/experiments/E3L_6DO3/screening/inputs/train1set/E3L_6DO3_train1_chunk50/ligands_list_train1_0_7.txt
Saved: /lus/eagle/projects/marP_TB_VLS/WC/williamhconrad4/OpenVS-main/experiments/E3L_6DO3/screening/inputs/train1set/E3L_6DO3_train1_chunk50/flags_params_train1_0_7.flags
Saved: /lus/eagle/projects/marP_TB_VLS/WC/williamhconrad4/OpenVS-main/experiments/E3L_6DO3/screening/inputs/train1set/E3L_6DO3_train1_chunk50/tar_params_train1_0_8.tar
Saved: /lus/eagle/projects/marP_TB_VLS/WC/williamhconrad4/OpenVS-main/experiments/E3L_6DO3/screening/inputs/train1set/E3L_6DO3_train1_chunk50/ligands_list_train1_0_8.txt
Saved: /lus/eagle/projects/marP_TB_VLS/WC/williamhconrad4/OpenVS-main/experiments/E3L_6DO3/screening/inputs/train1set/E3L_6DO3_train1_chunk50/flags_params_train1_0_8.flags
Saved: /lus/eagle/projects/marP_TB_VLS/WC/williamhconrad4/OpenVS-main/experiments/E3L_6DO3/screening/inputs/train1set/E3L_6DO3_train1_chunk50/tar_params_train1_0_9.tar
Saved: /lus/eagle/projects/marP_TB_VLS/WC/williamhconrad4/OpenVS-main/experiments/E3L_6DO3/screening/inputs/train1set/E3L_6DO3_train1_chunk50/ligands_list_train1_0_9.txt
Saved: /lus/eagle/projects/marP_TB_VLS/WC/williamhconrad4/OpenVS-main/experiments/E3L_6DO3/screening/inputs/train1set/E3L_6DO3_train1_chunk50/flags_params_train1_0_9.flags
Saved: /lus/eagle/projects/marP_TB_VLS/WC/williamhconrad4/OpenVS-main/experiments/E3L_6DO3/screening/inputs/train1set/E3L_6DO3_train1_chunk50/tar_params_train1_0_10.tar
Saved: /lus/eagle/projects/marP_TB_VLS/WC/williamhconrad4/OpenVS-main/experiments/E3L_6DO3/screening/inputs/train1set/E3L_6DO3_train1_chunk50/ligands_list_train1_0_10.txt
Saved: /lus/eagle/projects/marP_TB_VLS/WC/williamhconrad4/OpenVS-main/experiments/E3L_6DO3/screening/inputs/train1set/E3L_6DO3_train1_chunk50/flags_params_train1_0_10.flags
Saved: /lus/eagle/projects/marP_TB_VLS/WC/williamhconrad4/OpenVS-main/experiments/E3L_6DO3/screening/inputs/train1set/E3L_6DO3_train1_chunk50/tar_params_train1_0_11.tar
Saved: /lus/eagle/projects/marP_TB_VLS/WC/williamhconrad4/OpenVS-main/experiments/E3L_6DO3/screening/inputs/train1set/E3L_6DO3_train1_chunk50/ligands_list_train1_0_11.txt
Saved: /lus/eagle/projects/marP_TB_VLS/WC/williamhconrad4/OpenVS-main/experiments/E3L_6DO3/screening/inputs/train1set/E3L_6DO3_train1_chunk50/flags_params_train1_0_11.flags
Saved: /lus/eagle/projects/marP_TB_VLS/WC/williamhconrad4/OpenVS-main/experiments/E3L_6DO3/screening/inputs/train1set/E3L_6DO3_train1_chunk50/tar_params_train1_0_12.tar
Saved: /lus/eagle/projects/marP_TB_VLS/WC/williamhconrad4/OpenVS-main/experiments/E3L_6DO3/screening/inputs/train1set/E3L_6DO3_train1_chunk50/ligands_list_train1_0_12.txt
Saved: /lus/eagle/projects/marP_TB_VLS/WC/williamhconrad4/OpenVS-main/experiments/E3L_6DO3/screening/inputs/train1set/E3L_6DO3_train1_chunk50/flags_params_train1_0_12.flags
Saved: /lus/eagle/projects/marP_TB_VLS/WC/williamhconrad4/OpenVS-main/experiments/E3L_6DO3/screening/inputs/train1set/E3L_6DO3_train1_chunk50/tar_params_train1_0_13.tar
Saved: /lus/eagle/projects/marP_TB_VLS/WC/williamhconrad4/OpenVS-main/experiments/E3L_6DO3/screening/inputs/train1set/E3L_6DO3_train1_chunk50/ligands_list_train1_0_13.txt
Saved: /lus/eagle/projects/marP_TB_VLS/WC/williamhconrad4/OpenVS-main/experiments/E3L_6DO3/screening/inputs/train1set/E3L_6DO3_train1_chunk50/flags_params_train1_0_13.flags
Saved: /lus/eagle/projects/marP_TB_VLS/WC/williamhconrad4/OpenVS-main/experiments/E3L_6DO3/screening/inputs/train1set/E3L_6DO3_train1_chunk50/tar_params_train1_0_14.tar
Saved: /lus/eagle/projects/marP_TB_VLS/WC/williamhconrad4/OpenVS-main/experiments/E3L_6DO3/screening/inputs/train1set/E3L_6DO3_train1_chunk50/ligands_list_train1_0_14.txt
Saved: /lus/eagle/projects/marP_TB_VLS/WC/williamhconrad4/OpenVS-main/experiments/E3L_6DO3/screening/inputs/train1set/E3L_6DO3_train1_chunk50/flags_params_train1_0_14.flags
Saved: /lus/eagle/projects/marP_TB_VLS/WC/williamhconrad4/OpenVS-main/experiments/E3L_6DO3/screening/inputs/train1set/E3L_6DO3_train1_chunk50/tar_params_train1_0_15.tar
Saved: /lus/eagle/projects/marP_TB_VLS/WC/williamhconrad4/OpenVS-main/experiments/E3L_6DO3/screening/inputs/train1set/E3L_6DO3_train1_chunk50/ligands_list_train1_0_15.txt
Saved: /lus/eagle/projects/marP_TB_VLS/WC/williamhconrad4/OpenVS-main/experiments/E3L_6DO3/screening/inputs/train1set/E3L_6DO3_train1_chunk50/flags_params_train1_0_15.flags
Saved: /lus/eagle/projects/marP_TB_VLS/WC/williamhconrad4/OpenVS-main/experiments/E3L_6DO3/screening/inputs/train1set/E3L_6DO3_train1_chunk50/tar_params_train1_0_16.tar
Saved: /lus/eagle/projects/marP_TB_VLS/WC/williamhconrad4/OpenVS-main/experiments/E3L_6DO3/screening/inputs/train1set/E3L_6DO3_train1_chunk50/ligands_list_train1_0_16.txt
Saved: /lus/eagle/projects/marP_TB_VLS/WC/williamhconrad4/OpenVS-main/experiments/E3L_6DO3/screening/inputs/train1set/E3L_6DO3_train1_chunk50/flags_params_train1_0_16.flags
Saved: /lus/eagle/projects/marP_TB_VLS/WC/williamhconrad4/OpenVS-main/experiments/E3L_6DO3/screening/inputs/train1set/E3L_6DO3_train1_chunk50/tar_params_train1_0_17.tar
Saved: /lus/eagle/projects/marP_TB_VLS/WC/williamhconrad4/OpenVS-main/experiments/E3L_6DO3/screening/inputs/train1set/E3L_6DO3_train1_chunk50/ligands_list_train1_0_17.txt
Saved: /lus/eagle/projects/marP_TB_VLS/WC/williamhconrad4/OpenVS-main/experiments/E3L_6DO3/screening/inputs/train1set/E3L_6DO3_train1_chunk50/flags_params_train1_0_17.flags
Saved: /lus/eagle/projects/marP_TB_VLS/WC/williamhconrad4/OpenVS-main/experiments/E3L_6DO3/screening/inputs/train1set/E3L_6DO3_train1_chunk50/tar_params_train1_0_18.tar
Saved: /lus/eagle/projects/marP_TB_VLS/WC/williamhconrad4/OpenVS-main/experiments/E3L_6DO3/screening/inputs/train1set/E3L_6DO3_train1_chunk50/ligands_list_train1_0_18.txt
Saved: /lus/eagle/projects/marP_TB_VLS/WC/williamhconrad4/OpenVS-main/experiments/E3L_6DO3/screening/inputs/train1set/E3L_6DO3_train1_chunk50/flags_params_train1_0_18.flags
Saved: /lus/eagle/projects/marP_TB_VLS/WC/williamhconrad4/OpenVS-main/experiments/E3L_6DO3/screening/inputs/train1set/E3L_6DO3_train1_chunk50/tar_params_train1_0_19.tar
Saved: /lus/eagle/projects/marP_TB_VLS/WC/williamhconrad4/OpenVS-main/experiments/E3L_6DO3/screening/inputs/train1set/E3L_6DO3_train1_chunk50/ligands_list_train1_0_19.txt
Saved: /lus/eagle/projects/marP_TB_VLS/WC/williamhconrad4/OpenVS-main/experiments/E3L_6DO3/screening/inputs/train1set/E3L_6DO3_train1_chunk50/flags_params_train1_0_19.flags
Saved: /lus/eagle/projects/marP_TB_VLS/WC/williamhconrad4/OpenVS-main/experiments/E3L_6DO3/screening/inputs/train1set/E3L_6DO3_train1_chunk50/tar_params_train1_0_20.tar
Saved: /lus/eagle/projects/marP_TB_VLS/WC/williamhconrad4/OpenVS-main/experiments/E3L_6DO3/screening/inputs/train1set/E3L_6DO3_train1_chunk50/ligands_list_train1_0_20.txt
Saved: /lus/eagle/projects/marP_TB_VLS/WC/williamhconrad4/OpenVS-main/experiments/E3L_6DO3/screening/inputs/train1set/E3L_6DO3_train1_chunk50/flags_params_train1_0_20.flags
Saved: /lus/eagle/projects/marP_TB_VLS/WC/williamhconrad4/OpenVS-main/experiments/E3L_6DO3/screening/inputs/train1set/E3L_6DO3_train1_chunk50/tar_params_train1_0_21.tar
Saved: /lus/eagle/projects/marP_TB_VLS/WC/williamhconrad4/OpenVS-main/experiments/E3L_6DO3/screening/inputs/train1set/E3L_6DO3_train1_chunk50/ligands_list_train1_0_21.txt
Saved: /lus/eagle/projects/marP_TB_VLS/WC/williamhconrad4/OpenVS-main/experiments/E3L_6DO3/screening/inputs/train1set/E3L_6DO3_train1_chunk50/flags_params_train1_0_21.flags
Saved: /lus/eagle/projects/marP_TB_VLS/WC/williamhconrad4/OpenVS-main/experiments/E3L_6DO3/screening/inputs/train1set/E3L_6DO3_train1_chunk50/tar_params_train1_0_22.tar
Saved: /lus/eagle/projects/marP_TB_VLS/WC/williamhconrad4/OpenVS-main/experiments/E3L_6DO3/screening/inputs/train1set/E3L_6DO3_train1_chunk50/ligands_list_train1_0_22.txt
Saved: /lus/eagle/projects/marP_TB_VLS/WC/williamhconrad4/OpenVS-main/experiments/E3L_6DO3/screening/inputs/train1set/E3L_6DO3_train1_chunk50/flags_params_train1_0_22.flags
Saved: /lus/eagle/projects/marP_TB_VLS/WC/williamhconrad4/OpenVS-main/experiments/E3L_6DO3/screening/inputs/train1set/E3L_6DO3_train1_chunk50/tar_params_train1_0_23.tar
Saved: /lus/eagle/projects/marP_TB_VLS/WC/williamhconrad4/OpenVS-main/experiments/E3L_6DO3/screening/inputs/train1set/E3L_6DO3_train1_chunk50/ligands_list_train1_0_23.txt
Saved: /lus/eagle/projects/marP_TB_VLS/WC/williamhconrad4/OpenVS-main/experiments/E3L_6DO3/screening/inputs/train1set/E3L_6DO3_train1_chunk50/flags_params_train1_0_23.flags
Saved: /lus/eagle/projects/marP_TB_VLS/WC/williamhconrad4/OpenVS-main/experiments/E3L_6DO3/screening/inputs/train1set/E3L_6DO3_train1_chunk50/tar_params_train1_0_24.tar
Saved: /lus/eagle/projects/marP_TB_VLS/WC/williamhconrad4/OpenVS-main/experiments/E3L_6DO3/screening/inputs/train1set/E3L_6DO3_train1_chunk50/ligands_list_train1_0_24.txt
Saved: /lus/eagle/projects/marP_TB_VLS/WC/williamhconrad4/OpenVS-main/experiments/E3L_6DO3/screening/inputs/train1set/E3L_6DO3_train1_chunk50/flags_params_train1_0_24.flags
Saved: /lus/eagle/projects/marP_TB_VLS/WC/williamhconrad4/OpenVS-main/experiments/E3L_6DO3/screening/inputs/train1set/E3L_6DO3_train1_chunk50/tar_params_train1_0_25.tar
Saved: /lus/eagle/projects/marP_TB_VLS/WC/williamhconrad4/OpenVS-main/experiments/E3L_6DO3/screening/inputs/train1set/E3L_6DO3_train1_chunk50/ligands_list_train1_0_25.txt
Saved: /lus/eagle/projects/marP_TB_VLS/WC/williamhconrad4/OpenVS-main/experiments/E3L_6DO3/screening/inputs/train1set/E3L_6DO3_train1_chunk50/flags_params_train1_0_25.flags
Saved: /lus/eagle/projects/marP_TB_VLS/WC/williamhconrad4/OpenVS-main/experiments/E3L_6DO3/screening/inputs/train1set/E3L_6DO3_train1_chunk50/tar_params_train1_0_26.tar
Saved: /lus/eagle/projects/marP_TB_VLS/WC/williamhconrad4/OpenVS-main/experiments/E3L_6DO3/screening/inputs/train1set/E3L_6DO3_train1_chunk50/ligands_list_train1_0_26.txt
Saved: /lus/eagle/projects/marP_TB_VLS/WC/williamhconrad4/OpenVS-main/experiments/E3L_6DO3/screening/inputs/train1set/E3L_6DO3_train1_chunk50/flags_params_train1_0_26.flags
Saved: /lus/eagle/projects/marP_TB_VLS/WC/williamhconrad4/OpenVS-main/experiments/E3L_6DO3/screening/inputs/train1set/E3L_6DO3_train1_chunk50/tar_params_train1_0_27.tar
Saved: /lus/eagle/projects/marP_TB_VLS/WC/williamhconrad4/OpenVS-main/experiments/E3L_6DO3/screening/inputs/train1set/E3L_6DO3_train1_chunk50/ligands_list_train1_0_27.txt
Saved: /lus/eagle/projects/marP_TB_VLS/WC/williamhconrad4/OpenVS-main/experiments/E3L_6DO3/screening/inputs/train1set/E3L_6DO3_train1_chunk50/flags_params_train1_0_27.flags
Saved: /lus/eagle/projects/marP_TB_VLS/WC/williamhconrad4/OpenVS-main/experiments/E3L_6DO3/screening/inputs/train1set/E3L_6DO3_train1_chunk50/tar_params_train1_0_28.tar
Saved: /lus/eagle/projects/marP_TB_VLS/WC/williamhconrad4/OpenVS-main/experiments/E3L_6DO3/screening/inputs/train1set/E3L_6DO3_train1_chunk50/ligands_list_train1_0_28.txt
Saved: /lus/eagle/projects/marP_TB_VLS/WC/williamhconrad4/OpenVS-main/experiments/E3L_6DO3/screening/inputs/train1set/E3L_6DO3_train1_chunk50/flags_params_train1_0_28.flags
Saved: /lus/eagle/projects/marP_TB_VLS/WC/williamhconrad4/OpenVS-main/experiments/E3L_6DO3/screening/inputs/train1set/E3L_6DO3_train1_chunk50/tar_params_train1_0_29.tar
Saved: /lus/eagle/projects/marP_TB_VLS/WC/williamhconrad4/OpenVS-main/experiments/E3L_6DO3/screening/inputs/train1set/E3L_6DO3_train1_chunk50/ligands_list_train1_0_29.txt
Saved: /lus/eagle/projects/marP_TB_VLS/WC/williamhconrad4/OpenVS-main/experiments/E3L_6DO3/screening/inputs/train1set/E3L_6DO3_train1_chunk50/flags_params_train1_0_29.flags
Saved: /lus/eagle/projects/marP_TB_VLS/WC/williamhconrad4/OpenVS-main/experiments/E3L_6DO3/screening/inputs/train1set/E3L_6DO3_train1_chunk50/tar_params_train1_0_30.tar
Saved: /lus/eagle/projects/marP_TB_VLS/WC/williamhconrad4/OpenVS-main/experiments/E3L_6DO3/screening/inputs/train1set/E3L_6DO3_train1_chunk50/ligands_list_train1_0_30.txt
Saved: /lus/eagle/projects/marP_TB_VLS/WC/williamhconrad4/OpenVS-main/experiments/E3L_6DO3/screening/inputs/train1set/E3L_6DO3_train1_chunk50/flags_params_train1_0_30.flags
Saved: /lus/eagle/projects/marP_TB_VLS/WC/williamhconrad4/OpenVS-main/experiments/E3L_6DO3/screening/inputs/train1set/E3L_6DO3_train1_chunk50/tar_params_train1_0_31.tar
Saved: /lus/eagle/projects/marP_TB_VLS/WC/williamhconrad4/OpenVS-main/experiments/E3L_6DO3/screening/inputs/train1set/E3L_6DO3_train1_chunk50/ligands_list_train1_0_31.txt
Saved: /lus/eagle/projects/marP_TB_VLS/WC/williamhconrad4/OpenVS-main/experiments/E3L_6DO3/screening/inputs/train1set/E3L_6DO3_train1_chunk50/flags_params_train1_0_31.flags
Saved: /lus/eagle/projects/marP_TB_VLS/WC/williamhconrad4/OpenVS-main/experiments/E3L_6DO3/screening/inputs/train1set/E3L_6DO3_train1_chunk50/tar_params_train1_0_32.tar
Saved: /lus/eagle/projects/marP_TB_VLS/WC/williamhconrad4/OpenVS-main/experiments/E3L_6DO3/screening/inputs/train1set/E3L_6DO3_train1_chunk50/ligands_list_train1_0_32.txt
Saved: /lus/eagle/projects/marP_TB_VLS/WC/williamhconrad4/OpenVS-main/experiments/E3L_6DO3/screening/inputs/train1set/E3L_6DO3_train1_chunk50/flags_params_train1_0_32.flags
Saved: /lus/eagle/projects/marP_TB_VLS/WC/williamhconrad4/OpenVS-main/experiments/E3L_6DO3/screening/inputs/train1set/E3L_6DO3_train1_chunk50/tar_params_train1_0_33.tar
Saved: /lus/eagle/projects/marP_TB_VLS/WC/williamhconrad4/OpenVS-main/experiments/E3L_6DO3/screening/inputs/train1set/E3L_6DO3_train1_chunk50/ligands_list_train1_0_33.txt
Saved: /lus/eagle/projects/marP_TB_VLS/WC/williamhconrad4/OpenVS-main/experiments/E3L_6DO3/screening/inputs/train1set/E3L_6DO3_train1_chunk50/flags_params_train1_0_33.flags
Saved: /lus/eagle/projects/marP_TB_VLS/WC/williamhconrad4/OpenVS-main/experiments/E3L_6DO3/screening/inputs/train1set/E3L_6DO3_train1_chunk50/tar_params_train1_0_34.tar
Saved: /lus/eagle/projects/marP_TB_VLS/WC/williamhconrad4/OpenVS-main/experiments/E3L_6DO3/screening/inputs/train1set/E3L_6DO3_train1_chunk50/ligands_list_train1_0_34.txt
Saved: /lus/eagle/projects/marP_TB_VLS/WC/williamhconrad4/OpenVS-main/experiments/E3L_6DO3/screening/inputs/train1set/E3L_6DO3_train1_chunk50/flags_params_train1_0_34.flags
Saved: /lus/eagle/projects/marP_TB_VLS/WC/williamhconrad4/OpenVS-main/experiments/E3L_6DO3/screening/inputs/train1set/E3L_6DO3_train1_chunk50/tar_params_train1_0_35.tar
Saved: /lus/eagle/projects/marP_TB_VLS/WC/williamhconrad4/OpenVS-main/experiments/E3L_6DO3/screening/inputs/train1set/E3L_6DO3_train1_chunk50/ligands_list_train1_0_35.txt
Saved: /lus/eagle/projects/marP_TB_VLS/WC/williamhconrad4/OpenVS-main/experiments/E3L_6DO3/screening/inputs/train1set/E3L_6DO3_train1_chunk50/flags_params_train1_0_35.flags
Saved: /lus/eagle/projects/marP_TB_VLS/WC/williamhconrad4/OpenVS-main/experiments/E3L_6DO3/screening/inputs/train1set/E3L_6DO3_train1_chunk50/tar_params_train1_0_36.tar
Saved: /lus/eagle/projects/marP_TB_VLS/WC/williamhconrad4/OpenVS-main/experiments/E3L_6DO3/screening/inputs/train1set/E3L_6DO3_train1_chunk50/ligands_list_train1_0_36.txt
Saved: /lus/eagle/projects/marP_TB_VLS/WC/williamhconrad4/OpenVS-main/experiments/E3L_6DO3/screening/inputs/train1set/E3L_6DO3_train1_chunk50/flags_params_train1_0_36.flags
Saved: /lus/eagle/projects/marP_TB_VLS/WC/williamhconrad4/OpenVS-main/experiments/E3L_6DO3/screening/inputs/train1set/E3L_6DO3_train1_chunk50/tar_params_train1_0_37.tar
Saved: /lus/eagle/projects/marP_TB_VLS/WC/williamhconrad4/OpenVS-main/experiments/E3L_6DO3/screening/inputs/train1set/E3L_6DO3_train1_chunk50/ligands_list_train1_0_37.txt
Saved: /lus/eagle/projects/marP_TB_VLS/WC/williamhconrad4/OpenVS-main/experiments/E3L_6DO3/screening/inputs/train1set/E3L_6DO3_train1_chunk50/flags_params_train1_0_37.flags
Saved: /lus/eagle/projects/marP_TB_VLS/WC/williamhconrad4/OpenVS-main/experiments/E3L_6DO3/screening/inputs/train1set/E3L_6DO3_train1_chunk50/tar_params_train1_0_38.tar
Saved: /lus/eagle/projects/marP_TB_VLS/WC/williamhconrad4/OpenVS-main/experiments/E3L_6DO3/screening/inputs/train1set/E3L_6DO3_train1_chunk50/ligands_list_train1_0_38.txt
Saved: /lus/eagle/projects/marP_TB_VLS/WC/williamhconrad4/OpenVS-main/experiments/E3L_6DO3/screening/inputs/train1set/E3L_6DO3_train1_chunk50/flags_params_train1_0_38.flags
Saved: /lus/eagle/projects/marP_TB_VLS/WC/williamhconrad4/OpenVS-main/experiments/E3L_6DO3/screening/inputs/train1set/E3L_6DO3_train1_chunk50/tar_params_train1_0_39.tar
Saved: /lus/eagle/projects/marP_TB_VLS/WC/williamhconrad4/OpenVS-main/experiments/E3L_6DO3/screening/inputs/train1set/E3L_6DO3_train1_chunk50/ligands_list_train1_0_39.txt
Saved: /lus/eagle/projects/marP_TB_VLS/WC/williamhconrad4/OpenVS-main/experiments/E3L_6DO3/screening/inputs/train1set/E3L_6DO3_train1_chunk50/flags_params_train1_0_39.flags
Saved: /lus/eagle/projects/marP_TB_VLS/WC/williamhconrad4/OpenVS-main/experiments/E3L_6DO3/screening/inputs/train1set/E3L_6DO3_train1_chunk50/tar_params_train1_0_40.tar
Saved: /lus/eagle/projects/marP_TB_VLS/WC/williamhconrad4/OpenVS-main/experiments/E3L_6DO3/screening/inputs/train1set/E3L_6DO3_train1_chunk50/ligands_list_train1_0_40.txt
Saved: /lus/eagle/projects/marP_TB_VLS/WC/williamhconrad4/OpenVS-main/experiments/E3L_6DO3/screening/inputs/train1set/E3L_6DO3_train1_chunk50/flags_params_train1_0_40.flags
Saved: /lus/eagle/projects/marP_TB_VLS/WC/williamhconrad4/OpenVS-main/experiments/E3L_6DO3/screening/inputs/train1set/E3L_6DO3_train1_chunk50/tar_params_train1_0_41.tar
Saved: /lus/eagle/projects/marP_TB_VLS/WC/williamhconrad4/OpenVS-main/experiments/E3L_6DO3/screening/inputs/train1set/E3L_6DO3_train1_chunk50/ligands_list_train1_0_41.txt
Saved: /lus/eagle/projects/marP_TB_VLS/WC/williamhconrad4/OpenVS-main/experiments/E3L_6DO3/screening/inputs/train1set/E3L_6DO3_train1_chunk50/flags_params_train1_0_41.flags
Saved: /lus/eagle/projects/marP_TB_VLS/WC/williamhconrad4/OpenVS-main/experiments/E3L_6DO3/screening/inputs/train1set/E3L_6DO3_train1_chunk50/tar_params_train1_0_42.tar
Saved: /lus/eagle/projects/marP_TB_VLS/WC/williamhconrad4/OpenVS-main/experiments/E3L_6DO3/screening/inputs/train1set/E3L_6DO3_train1_chunk50/ligands_list_train1_0_42.txt
Saved: /lus/eagle/projects/marP_TB_VLS/WC/williamhconrad4/OpenVS-main/experiments/E3L_6DO3/screening/inputs/train1set/E3L_6DO3_train1_chunk50/flags_params_train1_0_42.flags
Saved: /lus/eagle/projects/marP_TB_VLS/WC/williamhconrad4/OpenVS-main/experiments/E3L_6DO3/screening/inputs/train1set/E3L_6DO3_train1_chunk50/tar_params_train1_0_43.tar
Saved: /lus/eagle/projects/marP_TB_VLS/WC/williamhconrad4/OpenVS-main/experiments/E3L_6DO3/screening/inputs/train1set/E3L_6DO3_train1_chunk50/ligands_list_train1_0_43.txt
Saved: /lus/eagle/projects/marP_TB_VLS/WC/williamhconrad4/OpenVS-main/experiments/E3L_6DO3/screening/inputs/train1set/E3L_6DO3_train1_chunk50/flags_params_train1_0_43.flags
Saved: /lus/eagle/projects/marP_TB_VLS/WC/williamhconrad4/OpenVS-main/experiments/E3L_6DO3/screening/inputs/train1set/E3L_6DO3_train1_chunk50/tar_params_train1_0_44.tar
Saved: /lus/eagle/projects/marP_TB_VLS/WC/williamhconrad4/OpenVS-main/experiments/E3L_6DO3/screening/inputs/train1set/E3L_6DO3_train1_chunk50/ligands_list_train1_0_44.txt
Saved: /lus/eagle/projects/marP_TB_VLS/WC/williamhconrad4/OpenVS-main/experiments/E3L_6DO3/screening/inputs/train1set/E3L_6DO3_train1_chunk50/flags_params_train1_0_44.flags
Saved: /lus/eagle/projects/marP_TB_VLS/WC/williamhconrad4/OpenVS-main/experiments/E3L_6DO3/screening/inputs/train1set/E3L_6DO3_train1_chunk50/tar_params_train1_0_45.tar
Saved: /lus/eagle/projects/marP_TB_VLS/WC/williamhconrad4/OpenVS-main/experiments/E3L_6DO3/screening/inputs/train1set/E3L_6DO3_train1_chunk50/ligands_list_train1_0_45.txt
Saved: /lus/eagle/projects/marP_TB_VLS/WC/williamhconrad4/OpenVS-main/experiments/E3L_6DO3/screening/inputs/train1set/E3L_6DO3_train1_chunk50/flags_params_train1_0_45.flags
Saved: /lus/eagle/projects/marP_TB_VLS/WC/williamhconrad4/OpenVS-main/experiments/E3L_6DO3/screening/inputs/train1set/E3L_6DO3_train1_chunk50/tar_params_train1_0_46.tar
Saved: /lus/eagle/projects/marP_TB_VLS/WC/williamhconrad4/OpenVS-main/experiments/E3L_6DO3/screening/inputs/train1set/E3L_6DO3_train1_chunk50/ligands_list_train1_0_46.txt
Saved: /lus/eagle/projects/marP_TB_VLS/WC/williamhconrad4/OpenVS-main/experiments/E3L_6DO3/screening/inputs/train1set/E3L_6DO3_train1_chunk50/flags_params_train1_0_46.flags
Saved: /lus/eagle/projects/marP_TB_VLS/WC/williamhconrad4/OpenVS-main/experiments/E3L_6DO3/screening/inputs/train1set/E3L_6DO3_train1_chunk50/tar_params_train1_0_47.tar
Saved: /lus/eagle/projects/marP_TB_VLS/WC/williamhconrad4/OpenVS-main/experiments/E3L_6DO3/screening/inputs/train1set/E3L_6DO3_train1_chunk50/ligands_list_train1_0_47.txt
Saved: /lus/eagle/projects/marP_TB_VLS/WC/williamhconrad4/OpenVS-main/experiments/E3L_6DO3/screening/inputs/train1set/E3L_6DO3_train1_chunk50/flags_params_train1_0_47.flags
Saved: /lus/eagle/projects/marP_TB_VLS/WC/williamhconrad4/OpenVS-main/experiments/E3L_6DO3/screening/inputs/train1set/E3L_6DO3_train1_chunk50/tar_params_train1_0_48.tar
Saved: /lus/eagle/projects/marP_TB_VLS/WC/williamhconrad4/OpenVS-main/experiments/E3L_6DO3/screening/inputs/train1set/E3L_6DO3_train1_chunk50/ligands_list_train1_0_48.txt
Saved: /lus/eagle/projects/marP_TB_VLS/WC/williamhconrad4/OpenVS-main/experiments/E3L_6DO3/screening/inputs/train1set/E3L_6DO3_train1_chunk50/flags_params_train1_0_48.flags
Saved: /lus/eagle/projects/marP_TB_VLS/WC/williamhconrad4/OpenVS-main/experiments/E3L_6DO3/screening/inputs/train1set/E3L_6DO3_train1_chunk50/tar_params_train1_0_49.tar
Saved: /lus/eagle/projects/marP_TB_VLS/WC/williamhconrad4/OpenVS-main/experiments/E3L_6DO3/screening/inputs/train1set/E3L_6DO3_train1_chunk50/ligands_list_train1_0_49.txt
Saved: /lus/eagle/projects/marP_TB_VLS/WC/williamhconrad4/OpenVS-main/experiments/E3L_6DO3/screening/inputs/train1set/E3L_6DO3_train1_chunk50/flags_params_train1_0_49.flags
Saved: /lus/eagle/projects/marP_TB_VLS/WC/williamhconrad4/OpenVS-main/experiments/E3L_6DO3/screening/inputs/train1set/E3L_6DO3_train1_chunk50/tar_params_train1_0_50.tar
Saved: /lus/eagle/projects/marP_TB_VLS/WC/williamhconrad4/OpenVS-main/experiments/E3L_6DO3/screening/inputs/train1set/E3L_6DO3_train1_chunk50/ligands_list_train1_0_50.txt
Saved: /lus/eagle/projects/marP_TB_VLS/WC/williamhconrad4/OpenVS-main/experiments/E3L_6DO3/screening/inputs/train1set/E3L_6DO3_train1_chunk50/flags_params_train1_0_50.flags
Saved: /lus/eagle/projects/marP_TB_VLS/WC/williamhconrad4/OpenVS-main/experiments/E3L_6DO3/screening/inputs/train1set/E3L_6DO3_train1_chunk50/tar_params_train1_0_51.tar
Saved: /lus/eagle/projects/marP_TB_VLS/WC/williamhconrad4/OpenVS-main/experiments/E3L_6DO3/screening/inputs/train1set/E3L_6DO3_train1_chunk50/ligands_list_train1_0_51.txt
Saved: /lus/eagle/projects/marP_TB_VLS/WC/williamhconrad4/OpenVS-main/experiments/E3L_6DO3/screening/inputs/train1set/E3L_6DO3_train1_chunk50/flags_params_train1_0_51.flags
Saved: /lus/eagle/projects/marP_TB_VLS/WC/williamhconrad4/OpenVS-main/experiments/E3L_6DO3/screening/inputs/train1set/E3L_6DO3_train1_chunk50/tar_params_train1_0_52.tar
Saved: /lus/eagle/projects/marP_TB_VLS/WC/williamhconrad4/OpenVS-main/experiments/E3L_6DO3/screening/inputs/train1set/E3L_6DO3_train1_chunk50/ligands_list_train1_0_52.txt
Saved: /lus/eagle/projects/marP_TB_VLS/WC/williamhconrad4/OpenVS-main/experiments/E3L_6DO3/screening/inputs/train1set/E3L_6DO3_train1_chunk50/flags_params_train1_0_52.flags
Saved: /lus/eagle/projects/marP_TB_VLS/WC/williamhconrad4/OpenVS-main/experiments/E3L_6DO3/screening/inputs/train1set/E3L_6DO3_train1_chunk50/tar_params_train1_0_53.tar
Saved: /lus/eagle/projects/marP_TB_VLS/WC/williamhconrad4/OpenVS-main/experiments/E3L_6DO3/screening/inputs/train1set/E3L_6DO3_train1_chunk50/ligands_list_train1_0_53.txt
Saved: /lus/eagle/projects/marP_TB_VLS/WC/williamhconrad4/OpenVS-main/experiments/E3L_6DO3/screening/inputs/train1set/E3L_6DO3_train1_chunk50/flags_params_train1_0_53.flags
Saved: /lus/eagle/projects/marP_TB_VLS/WC/williamhconrad4/OpenVS-main/experiments/E3L_6DO3/screening/inputs/train1set/E3L_6DO3_train1_chunk50/tar_params_train1_0_54.tar
Saved: /lus/eagle/projects/marP_TB_VLS/WC/williamhconrad4/OpenVS-main/experiments/E3L_6DO3/screening/inputs/train1set/E3L_6DO3_train1_chunk50/ligands_list_train1_0_54.txt
Saved: /lus/eagle/projects/marP_TB_VLS/WC/williamhconrad4/OpenVS-main/experiments/E3L_6DO3/screening/inputs/train1set/E3L_6DO3_train1_chunk50/flags_params_train1_0_54.flags
Saved: /lus/eagle/projects/marP_TB_VLS/WC/williamhconrad4/OpenVS-main/experiments/E3L_6DO3/screening/inputs/train1set/E3L_6DO3_train1_chunk50/tar_params_train1_0_55.tar
Saved: /lus/eagle/projects/marP_TB_VLS/WC/williamhconrad4/OpenVS-main/experiments/E3L_6DO3/screening/inputs/train1set/E3L_6DO3_train1_chunk50/ligands_list_train1_0_55.txt
Saved: /lus/eagle/projects/marP_TB_VLS/WC/williamhconrad4/OpenVS-main/experiments/E3L_6DO3/screening/inputs/train1set/E3L_6DO3_train1_chunk50/flags_params_train1_0_55.flags
Saved: /lus/eagle/projects/marP_TB_VLS/WC/williamhconrad4/OpenVS-main/experiments/E3L_6DO3/screening/inputs/train1set/E3L_6DO3_train1_chunk50/tar_params_train1_0_56.tar
Saved: /lus/eagle/projects/marP_TB_VLS/WC/williamhconrad4/OpenVS-main/experiments/E3L_6DO3/screening/inputs/train1set/E3L_6DO3_train1_chunk50/ligands_list_train1_0_56.txt
Saved: /lus/eagle/projects/marP_TB_VLS/WC/williamhconrad4/OpenVS-main/experiments/E3L_6DO3/screening/inputs/train1set/E3L_6DO3_train1_chunk50/flags_params_train1_0_56.flags
Saved: /lus/eagle/projects/marP_TB_VLS/WC/williamhconrad4/OpenVS-main/experiments/E3L_6DO3/screening/inputs/train1set/E3L_6DO3_train1_chunk50/tar_params_train1_0_57.tar
Saved: /lus/eagle/projects/marP_TB_VLS/WC/williamhconrad4/OpenVS-main/experiments/E3L_6DO3/screening/inputs/train1set/E3L_6DO3_train1_chunk50/ligands_list_train1_0_57.txt
Saved: /lus/eagle/projects/marP_TB_VLS/WC/williamhconrad4/OpenVS-main/experiments/E3L_6DO3/screening/inputs/train1set/E3L_6DO3_train1_chunk50/flags_params_train1_0_57.flags
Saved: /lus/eagle/projects/marP_TB_VLS/WC/williamhconrad4/OpenVS-main/experiments/E3L_6DO3/screening/inputs/train1set/E3L_6DO3_train1_chunk50/tar_params_train1_0_58.tar
Saved: /lus/eagle/projects/marP_TB_VLS/WC/williamhconrad4/OpenVS-main/experiments/E3L_6DO3/screening/inputs/train1set/E3L_6DO3_train1_chunk50/ligands_list_train1_0_58.txt
Saved: /lus/eagle/projects/marP_TB_VLS/WC/williamhconrad4/OpenVS-main/experiments/E3L_6DO3/screening/inputs/train1set/E3L_6DO3_train1_chunk50/flags_params_train1_0_58.flags
Saved: /lus/eagle/projects/marP_TB_VLS/WC/williamhconrad4/OpenVS-main/experiments/E3L_6DO3/screening/inputs/train1set/E3L_6DO3_train1_chunk50/tar_params_train1_0_59.tar
Saved: /lus/eagle/projects/marP_TB_VLS/WC/williamhconrad4/OpenVS-main/experiments/E3L_6DO3/screening/inputs/train1set/E3L_6DO3_train1_chunk50/ligands_list_train1_0_59.txt
Saved: /lus/eagle/projects/marP_TB_VLS/WC/williamhconrad4/OpenVS-main/experiments/E3L_6DO3/screening/inputs/train1set/E3L_6DO3_train1_chunk50/flags_params_train1_0_59.flags
Saved: /lus/eagle/projects/marP_TB_VLS/WC/williamhconrad4/OpenVS-main/experiments/E3L_6DO3/screening/inputs/train1set/E3L_6DO3_train1_chunk50/tar_params_train1_0_60.tar
Saved: /lus/eagle/projects/marP_TB_VLS/WC/williamhconrad4/OpenVS-main/experiments/E3L_6DO3/screening/inputs/train1set/E3L_6DO3_train1_chunk50/ligands_list_train1_0_60.txt
Saved: /lus/eagle/projects/marP_TB_VLS/WC/williamhconrad4/OpenVS-main/experiments/E3L_6DO3/screening/inputs/train1set/E3L_6DO3_train1_chunk50/flags_params_train1_0_60.flags
Saved: /lus/eagle/projects/marP_TB_VLS/WC/williamhconrad4/OpenVS-main/experiments/E3L_6DO3/screening/inputs/train1set/E3L_6DO3_train1_chunk50/tar_params_train1_0_61.tar
Saved: /lus/eagle/projects/marP_TB_VLS/WC/williamhconrad4/OpenVS-main/experiments/E3L_6DO3/screening/inputs/train1set/E3L_6DO3_train1_chunk50/ligands_list_train1_0_61.txt
Saved: /lus/eagle/projects/marP_TB_VLS/WC/williamhconrad4/OpenVS-main/experiments/E3L_6DO3/screening/inputs/train1set/E3L_6DO3_train1_chunk50/flags_params_train1_0_61.flags
Saved: /lus/eagle/projects/marP_TB_VLS/WC/williamhconrad4/OpenVS-main/experiments/E3L_6DO3/screening/inputs/train1set/E3L_6DO3_train1_chunk50/tar_params_train1_0_62.tar
Saved: /lus/eagle/projects/marP_TB_VLS/WC/williamhconrad4/OpenVS-main/experiments/E3L_6DO3/screening/inputs/train1set/E3L_6DO3_train1_chunk50/ligands_list_train1_0_62.txt
Saved: /lus/eagle/projects/marP_TB_VLS/WC/williamhconrad4/OpenVS-main/experiments/E3L_6DO3/screening/inputs/train1set/E3L_6DO3_train1_chunk50/flags_params_train1_0_62.flags
Saved: /lus/eagle/projects/marP_TB_VLS/WC/williamhconrad4/OpenVS-main/experiments/E3L_6DO3/screening/inputs/train1set/E3L_6DO3_train1_chunk50/tar_params_train1_0_63.tar
Saved: /lus/eagle/projects/marP_TB_VLS/WC/williamhconrad4/OpenVS-main/experiments/E3L_6DO3/screening/inputs/train1set/E3L_6DO3_train1_chunk50/ligands_list_train1_0_63.txt
Saved: /lus/eagle/projects/marP_TB_VLS/WC/williamhconrad4/OpenVS-main/experiments/E3L_6DO3/screening/inputs/train1set/E3L_6DO3_train1_chunk50/flags_params_train1_0_63.flags
Saved: /lus/eagle/projects/marP_TB_VLS/WC/williamhconrad4/OpenVS-main/experiments/E3L_6DO3/screening/inputs/train1set/E3L_6DO3_train1_chunk50/tar_params_train1_0_64.tar
Saved: /lus/eagle/projects/marP_TB_VLS/WC/williamhconrad4/OpenVS-main/experiments/E3L_6DO3/screening/inputs/train1set/E3L_6DO3_train1_chunk50/ligands_list_train1_0_64.txt
Saved: /lus/eagle/projects/marP_TB_VLS/WC/williamhconrad4/OpenVS-main/experiments/E3L_6DO3/screening/inputs/train1set/E3L_6DO3_train1_chunk50/flags_params_train1_0_64.flags
Saved: /lus/eagle/projects/marP_TB_VLS/WC/williamhconrad4/OpenVS-main/experiments/E3L_6DO3/screening/inputs/train1set/E3L_6DO3_train1_chunk50/tar_params_train1_0_65.tar
Saved: /lus/eagle/projects/marP_TB_VLS/WC/williamhconrad4/OpenVS-main/experiments/E3L_6DO3/screening/inputs/train1set/E3L_6DO3_train1_chunk50/ligands_list_train1_0_65.txt
Saved: /lus/eagle/projects/marP_TB_VLS/WC/williamhconrad4/OpenVS-main/experiments/E3L_6DO3/screening/inputs/train1set/E3L_6DO3_train1_chunk50/flags_params_train1_0_65.flags
Saved: /lus/eagle/projects/marP_TB_VLS/WC/williamhconrad4/OpenVS-main/experiments/E3L_6DO3/screening/inputs/train1set/E3L_6DO3_train1_chunk50/tar_params_train1_0_66.tar
Saved: /lus/eagle/projects/marP_TB_VLS/WC/williamhconrad4/OpenVS-main/experiments/E3L_6DO3/screening/inputs/train1set/E3L_6DO3_train1_chunk50/ligands_list_train1_0_66.txt
Saved: /lus/eagle/projects/marP_TB_VLS/WC/williamhconrad4/OpenVS-main/experiments/E3L_6DO3/screening/inputs/train1set/E3L_6DO3_train1_chunk50/flags_params_train1_0_66.flags
Saved: /lus/eagle/projects/marP_TB_VLS/WC/williamhconrad4/OpenVS-main/experiments/E3L_6DO3/screening/inputs/train1set/E3L_6DO3_train1_chunk50/tar_params_train1_0_67.tar
Saved: /lus/eagle/projects/marP_TB_VLS/WC/williamhconrad4/OpenVS-main/experiments/E3L_6DO3/screening/inputs/train1set/E3L_6DO3_train1_chunk50/ligands_list_train1_0_67.txt
Saved: /lus/eagle/projects/marP_TB_VLS/WC/williamhconrad4/OpenVS-main/experiments/E3L_6DO3/screening/inputs/train1set/E3L_6DO3_train1_chunk50/flags_params_train1_0_67.flags
Saved: /lus/eagle/projects/marP_TB_VLS/WC/williamhconrad4/OpenVS-main/experiments/E3L_6DO3/screening/inputs/train1set/E3L_6DO3_train1_chunk50/tar_params_train1_0_68.tar
Saved: /lus/eagle/projects/marP_TB_VLS/WC/williamhconrad4/OpenVS-main/experiments/E3L_6DO3/screening/inputs/train1set/E3L_6DO3_train1_chunk50/ligands_list_train1_0_68.txt
Saved: /lus/eagle/projects/marP_TB_VLS/WC/williamhconrad4/OpenVS-main/experiments/E3L_6DO3/screening/inputs/train1set/E3L_6DO3_train1_chunk50/flags_params_train1_0_68.flags
Saved: /lus/eagle/projects/marP_TB_VLS/WC/williamhconrad4/OpenVS-main/experiments/E3L_6DO3/screening/inputs/train1set/E3L_6DO3_train1_chunk50/tar_params_train1_0_69.tar
Saved: /lus/eagle/projects/marP_TB_VLS/WC/williamhconrad4/OpenVS-main/experiments/E3L_6DO3/screening/inputs/train1set/E3L_6DO3_train1_chunk50/ligands_list_train1_0_69.txt
Saved: /lus/eagle/projects/marP_TB_VLS/WC/williamhconrad4/OpenVS-main/experiments/E3L_6DO3/screening/inputs/train1set/E3L_6DO3_train1_chunk50/flags_params_train1_0_69.flags
Saved: /lus/eagle/projects/marP_TB_VLS/WC/williamhconrad4/OpenVS-main/experiments/E3L_6DO3/screening/inputs/train1set/E3L_6DO3_train1_chunk50/tar_params_train1_0_70.tar
Saved: /lus/eagle/projects/marP_TB_VLS/WC/williamhconrad4/OpenVS-main/experiments/E3L_6DO3/screening/inputs/train1set/E3L_6DO3_train1_chunk50/ligands_list_train1_0_70.txt
Saved: /lus/eagle/projects/marP_TB_VLS/WC/williamhconrad4/OpenVS-main/experiments/E3L_6DO3/screening/inputs/train1set/E3L_6DO3_train1_chunk50/flags_params_train1_0_70.flags
Saved: /lus/eagle/projects/marP_TB_VLS/WC/williamhconrad4/OpenVS-main/experiments/E3L_6DO3/screening/inputs/train1set/E3L_6DO3_train1_chunk50/tar_params_train1_0_71.tar
Saved: /lus/eagle/projects/marP_TB_VLS/WC/williamhconrad4/OpenVS-main/experiments/E3L_6DO3/screening/inputs/train1set/E3L_6DO3_train1_chunk50/ligands_list_train1_0_71.txt
Saved: /lus/eagle/projects/marP_TB_VLS/WC/williamhconrad4/OpenVS-main/experiments/E3L_6DO3/screening/inputs/train1set/E3L_6DO3_train1_chunk50/flags_params_train1_0_71.flags
Saved: /lus/eagle/projects/marP_TB_VLS/WC/williamhconrad4/OpenVS-main/experiments/E3L_6DO3/screening/inputs/train1set/E3L_6DO3_train1_chunk50/tar_params_train1_0_72.tar
Saved: /lus/eagle/projects/marP_TB_VLS/WC/williamhconrad4/OpenVS-main/experiments/E3L_6DO3/screening/inputs/train1set/E3L_6DO3_train1_chunk50/ligands_list_train1_0_72.txt
Saved: /lus/eagle/projects/marP_TB_VLS/WC/williamhconrad4/OpenVS-main/experiments/E3L_6DO3/screening/inputs/train1set/E3L_6DO3_train1_chunk50/flags_params_train1_0_72.flags
Saved: /lus/eagle/projects/marP_TB_VLS/WC/williamhconrad4/OpenVS-main/experiments/E3L_6DO3/screening/inputs/train1set/E3L_6DO3_train1_chunk50/tar_params_train1_0_73.tar
Saved: /lus/eagle/projects/marP_TB_VLS/WC/williamhconrad4/OpenVS-main/experiments/E3L_6DO3/screening/inputs/train1set/E3L_6DO3_train1_chunk50/ligands_list_train1_0_73.txt
Saved: /lus/eagle/projects/marP_TB_VLS/WC/williamhconrad4/OpenVS-main/experiments/E3L_6DO3/screening/inputs/train1set/E3L_6DO3_train1_chunk50/flags_params_train1_0_73.flags
Saved: /lus/eagle/projects/marP_TB_VLS/WC/williamhconrad4/OpenVS-main/experiments/E3L_6DO3/screening/inputs/train1set/E3L_6DO3_train1_chunk50/tar_params_train1_0_74.tar
Saved: /lus/eagle/projects/marP_TB_VLS/WC/williamhconrad4/OpenVS-main/experiments/E3L_6DO3/screening/inputs/train1set/E3L_6DO3_train1_chunk50/ligands_list_train1_0_74.txt
Saved: /lus/eagle/projects/marP_TB_VLS/WC/williamhconrad4/OpenVS-main/experiments/E3L_6DO3/screening/inputs/train1set/E3L_6DO3_train1_chunk50/flags_params_train1_0_74.flags
Saved: /lus/eagle/projects/marP_TB_VLS/WC/williamhconrad4/OpenVS-main/experiments/E3L_6DO3/screening/inputs/train1set/E3L_6DO3_train1_chunk50/tar_params_train1_0_75.tar
Saved: /lus/eagle/projects/marP_TB_VLS/WC/williamhconrad4/OpenVS-main/experiments/E3L_6DO3/screening/inputs/train1set/E3L_6DO3_train1_chunk50/ligands_list_train1_0_75.txt
Saved: /lus/eagle/projects/marP_TB_VLS/WC/williamhconrad4/OpenVS-main/experiments/E3L_6DO3/screening/inputs/train1set/E3L_6DO3_train1_chunk50/flags_params_train1_0_75.flags
Saved: /lus/eagle/projects/marP_TB_VLS/WC/williamhconrad4/OpenVS-main/experiments/E3L_6DO3/screening/inputs/train1set/E3L_6DO3_train1_chunk50/tar_params_train1_0_76.tar
Saved: /lus/eagle/projects/marP_TB_VLS/WC/williamhconrad4/OpenVS-main/experiments/E3L_6DO3/screening/inputs/train1set/E3L_6DO3_train1_chunk50/ligands_list_train1_0_76.txt
Saved: /lus/eagle/projects/marP_TB_VLS/WC/williamhconrad4/OpenVS-main/experiments/E3L_6DO3/screening/inputs/train1set/E3L_6DO3_train1_chunk50/flags_params_train1_0_76.flags
Saved: /lus/eagle/projects/marP_TB_VLS/WC/williamhconrad4/OpenVS-main/experiments/E3L_6DO3/screening/inputs/train1set/E3L_6DO3_train1_chunk50/tar_params_train1_0_77.tar
Saved: /lus/eagle/projects/marP_TB_VLS/WC/williamhconrad4/OpenVS-main/experiments/E3L_6DO3/screening/inputs/train1set/E3L_6DO3_train1_chunk50/ligands_list_train1_0_77.txt
Saved: /lus/eagle/projects/marP_TB_VLS/WC/williamhconrad4/OpenVS-main/experiments/E3L_6DO3/screening/inputs/train1set/E3L_6DO3_train1_chunk50/flags_params_train1_0_77.flags
Saved: /lus/eagle/projects/marP_TB_VLS/WC/williamhconrad4/OpenVS-main/experiments/E3L_6DO3/screening/inputs/train1set/E3L_6DO3_train1_chunk50/tar_params_train1_0_78.tar
Saved: /lus/eagle/projects/marP_TB_VLS/WC/williamhconrad4/OpenVS-main/experiments/E3L_6DO3/screening/inputs/train1set/E3L_6DO3_train1_chunk50/ligands_list_train1_0_78.txt
Saved: /lus/eagle/projects/marP_TB_VLS/WC/williamhconrad4/OpenVS-main/experiments/E3L_6DO3/screening/inputs/train1set/E3L_6DO3_train1_chunk50/flags_params_train1_0_78.flags
Saved: /lus/eagle/projects/marP_TB_VLS/WC/williamhconrad4/OpenVS-main/experiments/E3L_6DO3/screening/inputs/train1set/E3L_6DO3_train1_chunk50/tar_params_train1_0_79.tar
Saved: /lus/eagle/projects/marP_TB_VLS/WC/williamhconrad4/OpenVS-main/experiments/E3L_6DO3/screening/inputs/train1set/E3L_6DO3_train1_chunk50/ligands_list_train1_0_79.txt
Saved: /lus/eagle/projects/marP_TB_VLS/WC/williamhconrad4/OpenVS-main/experiments/E3L_6DO3/screening/inputs/train1set/E3L_6DO3_train1_chunk50/flags_params_train1_0_79.flags
Saved: /lus/eagle/projects/marP_TB_VLS/WC/williamhconrad4/OpenVS-main/experiments/E3L_6DO3/screening/inputs/train1set/E3L_6DO3_train1_chunk50/tar_params_train1_0_80.tar
Saved: /lus/eagle/projects/marP_TB_VLS/WC/williamhconrad4/OpenVS-main/experiments/E3L_6DO3/screening/inputs/train1set/E3L_6DO3_train1_chunk50/ligands_list_train1_0_80.txt
Saved: /lus/eagle/projects/marP_TB_VLS/WC/williamhconrad4/OpenVS-main/experiments/E3L_6DO3/screening/inputs/train1set/E3L_6DO3_train1_chunk50/flags_params_train1_0_80.flags
Saved: /lus/eagle/projects/marP_TB_VLS/WC/williamhconrad4/OpenVS-main/experiments/E3L_6DO3/screening/inputs/train1set/E3L_6DO3_train1_chunk50/tar_params_train1_0_81.tar
Saved: /lus/eagle/projects/marP_TB_VLS/WC/williamhconrad4/OpenVS-main/experiments/E3L_6DO3/screening/inputs/train1set/E3L_6DO3_train1_chunk50/ligands_list_train1_0_81.txt
Saved: /lus/eagle/projects/marP_TB_VLS/WC/williamhconrad4/OpenVS-main/experiments/E3L_6DO3/screening/inputs/train1set/E3L_6DO3_train1_chunk50/flags_params_train1_0_81.flags
Saved: /lus/eagle/projects/marP_TB_VLS/WC/williamhconrad4/OpenVS-main/experiments/E3L_6DO3/screening/inputs/train1set/E3L_6DO3_train1_chunk50/tar_params_train1_0_82.tar
Saved: /lus/eagle/projects/marP_TB_VLS/WC/williamhconrad4/OpenVS-main/experiments/E3L_6DO3/screening/inputs/train1set/E3L_6DO3_train1_chunk50/ligands_list_train1_0_82.txt
Saved: /lus/eagle/projects/marP_TB_VLS/WC/williamhconrad4/OpenVS-main/experiments/E3L_6DO3/screening/inputs/train1set/E3L_6DO3_train1_chunk50/flags_params_train1_0_82.flags
Saved: /lus/eagle/projects/marP_TB_VLS/WC/williamhconrad4/OpenVS-main/experiments/E3L_6DO3/screening/inputs/train1set/E3L_6DO3_train1_chunk50/tar_params_train1_0_83.tar
Saved: /lus/eagle/projects/marP_TB_VLS/WC/williamhconrad4/OpenVS-main/experiments/E3L_6DO3/screening/inputs/train1set/E3L_6DO3_train1_chunk50/ligands_list_train1_0_83.txt
Saved: /lus/eagle/projects/marP_TB_VLS/WC/williamhconrad4/OpenVS-main/experiments/E3L_6DO3/screening/inputs/train1set/E3L_6DO3_train1_chunk50/flags_params_train1_0_83.flags
Saved: /lus/eagle/projects/marP_TB_VLS/WC/williamhconrad4/OpenVS-main/experiments/E3L_6DO3/screening/inputs/train1set/E3L_6DO3_train1_chunk50/tar_params_train1_0_84.tar
Saved: /lus/eagle/projects/marP_TB_VLS/WC/williamhconrad4/OpenVS-main/experiments/E3L_6DO3/screening/inputs/train1set/E3L_6DO3_train1_chunk50/ligands_list_train1_0_84.txt
Saved: /lus/eagle/projects/marP_TB_VLS/WC/williamhconrad4/OpenVS-main/experiments/E3L_6DO3/screening/inputs/train1set/E3L_6DO3_train1_chunk50/flags_params_train1_0_84.flags
Saved: /lus/eagle/projects/marP_TB_VLS/WC/williamhconrad4/OpenVS-main/experiments/E3L_6DO3/screening/inputs/train1set/E3L_6DO3_train1_chunk50/tar_params_train1_0_85.tar
Saved: /lus/eagle/projects/marP_TB_VLS/WC/williamhconrad4/OpenVS-main/experiments/E3L_6DO3/screening/inputs/train1set/E3L_6DO3_train1_chunk50/ligands_list_train1_0_85.txt
Saved: /lus/eagle/projects/marP_TB_VLS/WC/williamhconrad4/OpenVS-main/experiments/E3L_6DO3/screening/inputs/train1set/E3L_6DO3_train1_chunk50/flags_params_train1_0_85.flags
Saved: /lus/eagle/projects/marP_TB_VLS/WC/williamhconrad4/OpenVS-main/experiments/E3L_6DO3/screening/inputs/train1set/E3L_6DO3_train1_chunk50/tar_params_train1_0_86.tar
Saved: /lus/eagle/projects/marP_TB_VLS/WC/williamhconrad4/OpenVS-main/experiments/E3L_6DO3/screening/inputs/train1set/E3L_6DO3_train1_chunk50/ligands_list_train1_0_86.txt
Saved: /lus/eagle/projects/marP_TB_VLS/WC/williamhconrad4/OpenVS-main/experiments/E3L_6DO3/screening/inputs/train1set/E3L_6DO3_train1_chunk50/flags_params_train1_0_86.flags
Saved: /lus/eagle/projects/marP_TB_VLS/WC/williamhconrad4/OpenVS-main/experiments/E3L_6DO3/screening/inputs/train1set/E3L_6DO3_train1_chunk50/tar_params_train1_0_87.tar
Saved: /lus/eagle/projects/marP_TB_VLS/WC/williamhconrad4/OpenVS-main/experiments/E3L_6DO3/screening/inputs/train1set/E3L_6DO3_train1_chunk50/ligands_list_train1_0_87.txt
Saved: /lus/eagle/projects/marP_TB_VLS/WC/williamhconrad4/OpenVS-main/experiments/E3L_6DO3/screening/inputs/train1set/E3L_6DO3_train1_chunk50/flags_params_train1_0_87.flags
Saved: /lus/eagle/projects/marP_TB_VLS/WC/williamhconrad4/OpenVS-main/experiments/E3L_6DO3/screening/inputs/train1set/E3L_6DO3_train1_chunk50/tar_params_train1_0_88.tar
Saved: /lus/eagle/projects/marP_TB_VLS/WC/williamhconrad4/OpenVS-main/experiments/E3L_6DO3/screening/inputs/train1set/E3L_6DO3_train1_chunk50/ligands_list_train1_0_88.txt
Saved: /lus/eagle/projects/marP_TB_VLS/WC/williamhconrad4/OpenVS-main/experiments/E3L_6DO3/screening/inputs/train1set/E3L_6DO3_train1_chunk50/flags_params_train1_0_88.flags
Saved: /lus/eagle/projects/marP_TB_VLS/WC/williamhconrad4/OpenVS-main/experiments/E3L_6DO3/screening/inputs/train1set/E3L_6DO3_train1_chunk50/tar_params_train1_0_89.tar
Saved: /lus/eagle/projects/marP_TB_VLS/WC/williamhconrad4/OpenVS-main/experiments/E3L_6DO3/screening/inputs/train1set/E3L_6DO3_train1_chunk50/ligands_list_train1_0_89.txt
Saved: /lus/eagle/projects/marP_TB_VLS/WC/williamhconrad4/OpenVS-main/experiments/E3L_6DO3/screening/inputs/train1set/E3L_6DO3_train1_chunk50/flags_params_train1_0_89.flags
Saved: /lus/eagle/projects/marP_TB_VLS/WC/williamhconrad4/OpenVS-main/experiments/E3L_6DO3/screening/inputs/train1set/E3L_6DO3_train1_chunk50/tar_params_train1_0_90.tar
Saved: /lus/eagle/projects/marP_TB_VLS/WC/williamhconrad4/OpenVS-main/experiments/E3L_6DO3/screening/inputs/train1set/E3L_6DO3_train1_chunk50/ligands_list_train1_0_90.txt
Saved: /lus/eagle/projects/marP_TB_VLS/WC/williamhconrad4/OpenVS-main/experiments/E3L_6DO3/screening/inputs/train1set/E3L_6DO3_train1_chunk50/flags_params_train1_0_90.flags
Saved: /lus/eagle/projects/marP_TB_VLS/WC/williamhconrad4/OpenVS-main/experiments/E3L_6DO3/screening/inputs/train1set/E3L_6DO3_train1_chunk50/tar_params_train1_0_91.tar
Saved: /lus/eagle/projects/marP_TB_VLS/WC/williamhconrad4/OpenVS-main/experiments/E3L_6DO3/screening/inputs/train1set/E3L_6DO3_train1_chunk50/ligands_list_train1_0_91.txt
Saved: /lus/eagle/projects/marP_TB_VLS/WC/williamhconrad4/OpenVS-main/experiments/E3L_6DO3/screening/inputs/train1set/E3L_6DO3_train1_chunk50/flags_params_train1_0_91.flags
Saved: /lus/eagle/projects/marP_TB_VLS/WC/williamhconrad4/OpenVS-main/experiments/E3L_6DO3/screening/inputs/train1set/E3L_6DO3_train1_chunk50/tar_params_train1_0_92.tar
Saved: /lus/eagle/projects/marP_TB_VLS/WC/williamhconrad4/OpenVS-main/experiments/E3L_6DO3/screening/inputs/train1set/E3L_6DO3_train1_chunk50/ligands_list_train1_0_92.txt
Saved: /lus/eagle/projects/marP_TB_VLS/WC/williamhconrad4/OpenVS-main/experiments/E3L_6DO3/screening/inputs/train1set/E3L_6DO3_train1_chunk50/flags_params_train1_0_92.flags
Saved: /lus/eagle/projects/marP_TB_VLS/WC/williamhconrad4/OpenVS-main/experiments/E3L_6DO3/screening/inputs/train1set/E3L_6DO3_train1_chunk50/tar_params_train1_0_93.tar
Saved: /lus/eagle/projects/marP_TB_VLS/WC/williamhconrad4/OpenVS-main/experiments/E3L_6DO3/screening/inputs/train1set/E3L_6DO3_train1_chunk50/ligands_list_train1_0_93.txt
Saved: /lus/eagle/projects/marP_TB_VLS/WC/williamhconrad4/OpenVS-main/experiments/E3L_6DO3/screening/inputs/train1set/E3L_6DO3_train1_chunk50/flags_params_train1_0_93.flags
Saved: /lus/eagle/projects/marP_TB_VLS/WC/williamhconrad4/OpenVS-main/experiments/E3L_6DO3/screening/inputs/train1set/E3L_6DO3_train1_chunk50/tar_params_train1_0_94.tar
Saved: /lus/eagle/projects/marP_TB_VLS/WC/williamhconrad4/OpenVS-main/experiments/E3L_6DO3/screening/inputs/train1set/E3L_6DO3_train1_chunk50/ligands_list_train1_0_94.txt
Saved: /lus/eagle/projects/marP_TB_VLS/WC/williamhconrad4/OpenVS-main/experiments/E3L_6DO3/screening/inputs/train1set/E3L_6DO3_train1_chunk50/flags_params_train1_0_94.flags
Saved: /lus/eagle/projects/marP_TB_VLS/WC/williamhconrad4/OpenVS-main/experiments/E3L_6DO3/screening/inputs/train1set/E3L_6DO3_train1_chunk50/tar_params_train1_0_95.tar
Saved: /lus/eagle/projects/marP_TB_VLS/WC/williamhconrad4/OpenVS-main/experiments/E3L_6DO3/screening/inputs/train1set/E3L_6DO3_train1_chunk50/ligands_list_train1_0_95.txt
Saved: /lus/eagle/projects/marP_TB_VLS/WC/williamhconrad4/OpenVS-main/experiments/E3L_6DO3/screening/inputs/train1set/E3L_6DO3_train1_chunk50/flags_params_train1_0_95.flags
Saved: /lus/eagle/projects/marP_TB_VLS/WC/williamhconrad4/OpenVS-main/experiments/E3L_6DO3/screening/inputs/train1set/E3L_6DO3_train1_chunk50/tar_params_train1_0_96.tar
Saved: /lus/eagle/projects/marP_TB_VLS/WC/williamhconrad4/OpenVS-main/experiments/E3L_6DO3/screening/inputs/train1set/E3L_6DO3_train1_chunk50/ligands_list_train1_0_96.txt
Saved: /lus/eagle/projects/marP_TB_VLS/WC/williamhconrad4/OpenVS-main/experiments/E3L_6DO3/screening/inputs/train1set/E3L_6DO3_train1_chunk50/flags_params_train1_0_96.flags
Saved: /lus/eagle/projects/marP_TB_VLS/WC/williamhconrad4/OpenVS-main/experiments/E3L_6DO3/screening/inputs/train1set/E3L_6DO3_train1_chunk50/tar_params_train1_0_97.tar
Saved: /lus/eagle/projects/marP_TB_VLS/WC/williamhconrad4/OpenVS-main/experiments/E3L_6DO3/screening/inputs/train1set/E3L_6DO3_train1_chunk50/ligands_list_train1_0_97.txt
Saved: /lus/eagle/projects/marP_TB_VLS/WC/williamhconrad4/OpenVS-main/experiments/E3L_6DO3/screening/inputs/train1set/E3L_6DO3_train1_chunk50/flags_params_train1_0_97.flags
Saved: /lus/eagle/projects/marP_TB_VLS/WC/williamhconrad4/OpenVS-main/experiments/E3L_6DO3/screening/inputs/train1set/E3L_6DO3_train1_chunk50/tar_params_train1_0_98.tar
Saved: /lus/eagle/projects/marP_TB_VLS/WC/williamhconrad4/OpenVS-main/experiments/E3L_6DO3/screening/inputs/train1set/E3L_6DO3_train1_chunk50/ligands_list_train1_0_98.txt
Saved: /lus/eagle/projects/marP_TB_VLS/WC/williamhconrad4/OpenVS-main/experiments/E3L_6DO3/screening/inputs/train1set/E3L_6DO3_train1_chunk50/flags_params_train1_0_98.flags
Saved: /lus/eagle/projects/marP_TB_VLS/WC/williamhconrad4/OpenVS-main/experiments/E3L_6DO3/screening/inputs/train1set/E3L_6DO3_train1_chunk50/tar_params_train1_0_99.tar
Saved: /lus/eagle/projects/marP_TB_VLS/WC/williamhconrad4/OpenVS-main/experiments/E3L_6DO3/screening/inputs/train1set/E3L_6DO3_train1_chunk50/ligands_list_train1_0_99.txt
Saved: /lus/eagle/projects/marP_TB_VLS/WC/williamhconrad4/OpenVS-main/experiments/E3L_6DO3/screening/inputs/train1set/E3L_6DO3_train1_chunk50/flags_params_train1_0_99.flags
Saved: /lus/eagle/projects/marP_TB_VLS/WC/williamhconrad4/OpenVS-main/experiments/E3L_6DO3/screening/inputs/train1set/E3L_6DO3_train1_chunk50/tar_params_train1_0_100.tar
Saved: /lus/eagle/projects/marP_TB_VLS/WC/williamhconrad4/OpenVS-main/experiments/E3L_6DO3/screening/inputs/train1set/E3L_6DO3_train1_chunk50/ligands_list_train1_0_100.txt
Saved: /lus/eagle/projects/marP_TB_VLS/WC/williamhconrad4/OpenVS-main/experiments/E3L_6DO3/screening/inputs/train1set/E3L_6DO3_train1_chunk50/flags_params_train1_0_100.flags
Saved: /lus/eagle/projects/marP_TB_VLS/WC/williamhconrad4/OpenVS-main/experiments/E3L_6DO3/screening/inputs/train1set/E3L_6DO3_train1_chunk50/tar_params_train1_0_101.tar
Saved: /lus/eagle/projects/marP_TB_VLS/WC/williamhconrad4/OpenVS-main/experiments/E3L_6DO3/screening/inputs/train1set/E3L_6DO3_train1_chunk50/ligands_list_train1_0_101.txt
Saved: /lus/eagle/projects/marP_TB_VLS/WC/williamhconrad4/OpenVS-main/experiments/E3L_6DO3/screening/inputs/train1set/E3L_6DO3_train1_chunk50/flags_params_train1_0_101.flags
Saved: /lus/eagle/projects/marP_TB_VLS/WC/williamhconrad4/OpenVS-main/experiments/E3L_6DO3/screening/inputs/train1set/E3L_6DO3_train1_chunk50/tar_params_train1_0_102.tar
Saved: /lus/eagle/projects/marP_TB_VLS/WC/williamhconrad4/OpenVS-main/experiments/E3L_6DO3/screening/inputs/train1set/E3L_6DO3_train1_chunk50/ligands_list_train1_0_102.txt
Saved: /lus/eagle/projects/marP_TB_VLS/WC/williamhconrad4/OpenVS-main/experiments/E3L_6DO3/screening/inputs/train1set/E3L_6DO3_train1_chunk50/flags_params_train1_0_102.flags
Saved: /lus/eagle/projects/marP_TB_VLS/WC/williamhconrad4/OpenVS-main/experiments/E3L_6DO3/screening/inputs/train1set/E3L_6DO3_train1_chunk50/tar_params_train1_0_103.tar
Saved: /lus/eagle/projects/marP_TB_VLS/WC/williamhconrad4/OpenVS-main/experiments/E3L_6DO3/screening/inputs/train1set/E3L_6DO3_train1_chunk50/ligands_list_train1_0_103.txt
Saved: /lus/eagle/projects/marP_TB_VLS/WC/williamhconrad4/OpenVS-main/experiments/E3L_6DO3/screening/inputs/train1set/E3L_6DO3_train1_chunk50/flags_params_train1_0_103.flags
Saved: /lus/eagle/projects/marP_TB_VLS/WC/williamhconrad4/OpenVS-main/experiments/E3L_6DO3/screening/inputs/train1set/E3L_6DO3_train1_chunk50/tar_params_train1_0_104.tar
Saved: /lus/eagle/projects/marP_TB_VLS/WC/williamhconrad4/OpenVS-main/experiments/E3L_6DO3/screening/inputs/train1set/E3L_6DO3_train1_chunk50/ligands_list_train1_0_104.txt
Saved: /lus/eagle/projects/marP_TB_VLS/WC/williamhconrad4/OpenVS-main/experiments/E3L_6DO3/screening/inputs/train1set/E3L_6DO3_train1_chunk50/flags_params_train1_0_104.flags
Saved: /lus/eagle/projects/marP_TB_VLS/WC/williamhconrad4/OpenVS-main/experiments/E3L_6DO3/screening/inputs/train1set/E3L_6DO3_train1_chunk50/tar_params_train1_0_105.tar
Saved: /lus/eagle/projects/marP_TB_VLS/WC/williamhconrad4/OpenVS-main/experiments/E3L_6DO3/screening/inputs/train1set/E3L_6DO3_train1_chunk50/ligands_list_train1_0_105.txt
Saved: /lus/eagle/projects/marP_TB_VLS/WC/williamhconrad4/OpenVS-main/experiments/E3L_6DO3/screening/inputs/train1set/E3L_6DO3_train1_chunk50/flags_params_train1_0_105.flags
Saved: /lus/eagle/projects/marP_TB_VLS/WC/williamhconrad4/OpenVS-main/experiments/E3L_6DO3/screening/inputs/train1set/E3L_6DO3_train1_chunk50/tar_params_train1_0_106.tar
Saved: /lus/eagle/projects/marP_TB_VLS/WC/williamhconrad4/OpenVS-main/experiments/E3L_6DO3/screening/inputs/train1set/E3L_6DO3_train1_chunk50/ligands_list_train1_0_106.txt
Saved: /lus/eagle/projects/marP_TB_VLS/WC/williamhconrad4/OpenVS-main/experiments/E3L_6DO3/screening/inputs/train1set/E3L_6DO3_train1_chunk50/flags_params_train1_0_106.flags
Saved: /lus/eagle/projects/marP_TB_VLS/WC/williamhconrad4/OpenVS-main/experiments/E3L_6DO3/screening/inputs/train1set/E3L_6DO3_train1_chunk50/tar_params_train1_0_107.tar
Saved: /lus/eagle/projects/marP_TB_VLS/WC/williamhconrad4/OpenVS-main/experiments/E3L_6DO3/screening/inputs/train1set/E3L_6DO3_train1_chunk50/ligands_list_train1_0_107.txt
Saved: /lus/eagle/projects/marP_TB_VLS/WC/williamhconrad4/OpenVS-main/experiments/E3L_6DO3/screening/inputs/train1set/E3L_6DO3_train1_chunk50/flags_params_train1_0_107.flags
Saved: /lus/eagle/projects/marP_TB_VLS/WC/williamhconrad4/OpenVS-main/experiments/E3L_6DO3/screening/inputs/train1set/E3L_6DO3_train1_chunk50/tar_params_train1_0_108.tar
Saved: /lus/eagle/projects/marP_TB_VLS/WC/williamhconrad4/OpenVS-main/experiments/E3L_6DO3/screening/inputs/train1set/E3L_6DO3_train1_chunk50/ligands_list_train1_0_108.txt
Saved: /lus/eagle/projects/marP_TB_VLS/WC/williamhconrad4/OpenVS-main/experiments/E3L_6DO3/screening/inputs/train1set/E3L_6DO3_train1_chunk50/flags_params_train1_0_108.flags
Saved: /lus/eagle/projects/marP_TB_VLS/WC/williamhconrad4/OpenVS-main/experiments/E3L_6DO3/screening/inputs/train1set/E3L_6DO3_train1_chunk50/tar_params_train1_0_109.tar
Saved: /lus/eagle/projects/marP_TB_VLS/WC/williamhconrad4/OpenVS-main/experiments/E3L_6DO3/screening/inputs/train1set/E3L_6DO3_train1_chunk50/ligands_list_train1_0_109.txt
Saved: /lus/eagle/projects/marP_TB_VLS/WC/williamhconrad4/OpenVS-main/experiments/E3L_6DO3/screening/inputs/train1set/E3L_6DO3_train1_chunk50/flags_params_train1_0_109.flags
Saved: /lus/eagle/projects/marP_TB_VLS/WC/williamhconrad4/OpenVS-main/experiments/E3L_6DO3/screening/inputs/train1set/E3L_6DO3_train1_chunk50/tar_params_train1_0_110.tar
Saved: /lus/eagle/projects/marP_TB_VLS/WC/williamhconrad4/OpenVS-main/experiments/E3L_6DO3/screening/inputs/train1set/E3L_6DO3_train1_chunk50/ligands_list_train1_0_110.txt
Saved: /lus/eagle/projects/marP_TB_VLS/WC/williamhconrad4/OpenVS-main/experiments/E3L_6DO3/screening/inputs/train1set/E3L_6DO3_train1_chunk50/flags_params_train1_0_110.flags
Saved: /lus/eagle/projects/marP_TB_VLS/WC/williamhconrad4/OpenVS-main/experiments/E3L_6DO3/screening/inputs/train1set/E3L_6DO3_train1_chunk50/tar_params_train1_0_111.tar
Saved: /lus/eagle/projects/marP_TB_VLS/WC/williamhconrad4/OpenVS-main/experiments/E3L_6DO3/screening/inputs/train1set/E3L_6DO3_train1_chunk50/ligands_list_train1_0_111.txt
Saved: /lus/eagle/projects/marP_TB_VLS/WC/williamhconrad4/OpenVS-main/experiments/E3L_6DO3/screening/inputs/train1set/E3L_6DO3_train1_chunk50/flags_params_train1_0_111.flags
Saved: /lus/eagle/projects/marP_TB_VLS/WC/williamhconrad4/OpenVS-main/experiments/E3L_6DO3/screening/inputs/train1set/E3L_6DO3_train1_chunk50/tar_params_train1_0_112.tar
Saved: /lus/eagle/projects/marP_TB_VLS/WC/williamhconrad4/OpenVS-main/experiments/E3L_6DO3/screening/inputs/train1set/E3L_6DO3_train1_chunk50/ligands_list_train1_0_112.txt
Saved: /lus/eagle/projects/marP_TB_VLS/WC/williamhconrad4/OpenVS-main/experiments/E3L_6DO3/screening/inputs/train1set/E3L_6DO3_train1_chunk50/flags_params_train1_0_112.flags
Saved: /lus/eagle/projects/marP_TB_VLS/WC/williamhconrad4/OpenVS-main/experiments/E3L_6DO3/screening/inputs/train1set/E3L_6DO3_train1_chunk50/tar_params_train1_0_113.tar
Saved: /lus/eagle/projects/marP_TB_VLS/WC/williamhconrad4/OpenVS-main/experiments/E3L_6DO3/screening/inputs/train1set/E3L_6DO3_train1_chunk50/ligands_list_train1_0_113.txt
Saved: /lus/eagle/projects/marP_TB_VLS/WC/williamhconrad4/OpenVS-main/experiments/E3L_6DO3/screening/inputs/train1set/E3L_6DO3_train1_chunk50/flags_params_train1_0_113.flags
Saved: /lus/eagle/projects/marP_TB_VLS/WC/williamhconrad4/OpenVS-main/experiments/E3L_6DO3/screening/inputs/train1set/E3L_6DO3_train1_chunk50/tar_params_train1_0_114.tar
Saved: /lus/eagle/projects/marP_TB_VLS/WC/williamhconrad4/OpenVS-main/experiments/E3L_6DO3/screening/inputs/train1set/E3L_6DO3_train1_chunk50/ligands_list_train1_0_114.txt
Saved: /lus/eagle/projects/marP_TB_VLS/WC/williamhconrad4/OpenVS-main/experiments/E3L_6DO3/screening/inputs/train1set/E3L_6DO3_train1_chunk50/flags_params_train1_0_114.flags
Saved: /lus/eagle/projects/marP_TB_VLS/WC/williamhconrad4/OpenVS-main/experiments/E3L_6DO3/screening/inputs/train1set/E3L_6DO3_train1_chunk50/tar_params_train1_0_115.tar
Saved: /lus/eagle/projects/marP_TB_VLS/WC/williamhconrad4/OpenVS-main/experiments/E3L_6DO3/screening/inputs/train1set/E3L_6DO3_train1_chunk50/ligands_list_train1_0_115.txt
Saved: /lus/eagle/projects/marP_TB_VLS/WC/williamhconrad4/OpenVS-main/experiments/E3L_6DO3/screening/inputs/train1set/E3L_6DO3_train1_chunk50/flags_params_train1_0_115.flags
Saved: /lus/eagle/projects/marP_TB_VLS/WC/williamhconrad4/OpenVS-main/experiments/E3L_6DO3/screening/inputs/train1set/E3L_6DO3_train1_chunk50/tar_params_train1_0_116.tar
Saved: /lus/eagle/projects/marP_TB_VLS/WC/williamhconrad4/OpenVS-main/experiments/E3L_6DO3/screening/inputs/train1set/E3L_6DO3_train1_chunk50/ligands_list_train1_0_116.txt
Saved: /lus/eagle/projects/marP_TB_VLS/WC/williamhconrad4/OpenVS-main/experiments/E3L_6DO3/screening/inputs/train1set/E3L_6DO3_train1_chunk50/flags_params_train1_0_116.flags
Saved: /lus/eagle/projects/marP_TB_VLS/WC/williamhconrad4/OpenVS-main/experiments/E3L_6DO3/screening/inputs/train1set/E3L_6DO3_train1_chunk50/tar_params_train1_0_117.tar
Saved: /lus/eagle/projects/marP_TB_VLS/WC/williamhconrad4/OpenVS-main/experiments/E3L_6DO3/screening/inputs/train1set/E3L_6DO3_train1_chunk50/ligands_list_train1_0_117.txt
Saved: /lus/eagle/projects/marP_TB_VLS/WC/williamhconrad4/OpenVS-main/experiments/E3L_6DO3/screening/inputs/train1set/E3L_6DO3_train1_chunk50/flags_params_train1_0_117.flags
Saved: /lus/eagle/projects/marP_TB_VLS/WC/williamhconrad4/OpenVS-main/experiments/E3L_6DO3/screening/inputs/train1set/E3L_6DO3_train1_chunk50/tar_params_train1_0_118.tar
Saved: /lus/eagle/projects/marP_TB_VLS/WC/williamhconrad4/OpenVS-main/experiments/E3L_6DO3/screening/inputs/train1set/E3L_6DO3_train1_chunk50/ligands_list_train1_0_118.txt
Saved: /lus/eagle/projects/marP_TB_VLS/WC/williamhconrad4/OpenVS-main/experiments/E3L_6DO3/screening/inputs/train1set/E3L_6DO3_train1_chunk50/flags_params_train1_0_118.flags
Saved: /lus/eagle/projects/marP_TB_VLS/WC/williamhconrad4/OpenVS-main/experiments/E3L_6DO3/screening/inputs/train1set/E3L_6DO3_train1_chunk50/tar_params_train1_0_119.tar
Saved: /lus/eagle/projects/marP_TB_VLS/WC/williamhconrad4/OpenVS-main/experiments/E3L_6DO3/screening/inputs/train1set/E3L_6DO3_train1_chunk50/ligands_list_train1_0_119.txt
Saved: /lus/eagle/projects/marP_TB_VLS/WC/williamhconrad4/OpenVS-main/experiments/E3L_6DO3/screening/inputs/train1set/E3L_6DO3_train1_chunk50/flags_params_train1_0_119.flags
Saved: /lus/eagle/projects/marP_TB_VLS/WC/williamhconrad4/OpenVS-main/experiments/E3L_6DO3/screening/inputs/train1set/E3L_6DO3_train1_chunk50/tar_params_train1_0_120.tar
Saved: /lus/eagle/projects/marP_TB_VLS/WC/williamhconrad4/OpenVS-main/experiments/E3L_6DO3/screening/inputs/train1set/E3L_6DO3_train1_chunk50/ligands_list_train1_0_120.txt
Saved: /lus/eagle/projects/marP_TB_VLS/WC/williamhconrad4/OpenVS-main/experiments/E3L_6DO3/screening/inputs/train1set/E3L_6DO3_train1_chunk50/flags_params_train1_0_120.flags
Saved: /lus/eagle/projects/marP_TB_VLS/WC/williamhconrad4/OpenVS-main/experiments/E3L_6DO3/screening/inputs/train1set/E3L_6DO3_train1_chunk50/tar_params_train1_0_121.tar
Saved: /lus/eagle/projects/marP_TB_VLS/WC/williamhconrad4/OpenVS-main/experiments/E3L_6DO3/screening/inputs/train1set/E3L_6DO3_train1_chunk50/ligands_list_train1_0_121.txt
Saved: /lus/eagle/projects/marP_TB_VLS/WC/williamhconrad4/OpenVS-main/experiments/E3L_6DO3/screening/inputs/train1set/E3L_6DO3_train1_chunk50/flags_params_train1_0_121.flags
Saved: /lus/eagle/projects/marP_TB_VLS/WC/williamhconrad4/OpenVS-main/experiments/E3L_6DO3/screening/inputs/train1set/E3L_6DO3_train1_chunk50/tar_params_train1_0_122.tar
Saved: /lus/eagle/projects/marP_TB_VLS/WC/williamhconrad4/OpenVS-main/experiments/E3L_6DO3/screening/inputs/train1set/E3L_6DO3_train1_chunk50/ligands_list_train1_0_122.txt
Saved: /lus/eagle/projects/marP_TB_VLS/WC/williamhconrad4/OpenVS-main/experiments/E3L_6DO3/screening/inputs/train1set/E3L_6DO3_train1_chunk50/flags_params_train1_0_122.flags
Saved: /lus/eagle/projects/marP_TB_VLS/WC/williamhconrad4/OpenVS-main/experiments/E3L_6DO3/screening/inputs/train1set/E3L_6DO3_train1_chunk50/tar_params_train1_0_123.tar
Saved: /lus/eagle/projects/marP_TB_VLS/WC/williamhconrad4/OpenVS-main/experiments/E3L_6DO3/screening/inputs/train1set/E3L_6DO3_train1_chunk50/ligands_list_train1_0_123.txt
Saved: /lus/eagle/projects/marP_TB_VLS/WC/williamhconrad4/OpenVS-main/experiments/E3L_6DO3/screening/inputs/train1set/E3L_6DO3_train1_chunk50/flags_params_train1_0_123.flags
Saved: /lus/eagle/projects/marP_TB_VLS/WC/williamhconrad4/OpenVS-main/experiments/E3L_6DO3/screening/inputs/train1set/E3L_6DO3_train1_chunk50/tar_params_train1_0_124.tar
Saved: /lus/eagle/projects/marP_TB_VLS/WC/williamhconrad4/OpenVS-main/experiments/E3L_6DO3/screening/inputs/train1set/E3L_6DO3_train1_chunk50/ligands_list_train1_0_124.txt
Saved: /lus/eagle/projects/marP_TB_VLS/WC/williamhconrad4/OpenVS-main/experiments/E3L_6DO3/screening/inputs/train1set/E3L_6DO3_train1_chunk50/flags_params_train1_0_124.flags
Saved: /lus/eagle/projects/marP_TB_VLS/WC/williamhconrad4/OpenVS-main/experiments/E3L_6DO3/screening/inputs/train1set/E3L_6DO3_train1_chunk50/tar_params_train1_0_125.tar
Saved: /lus/eagle/projects/marP_TB_VLS/WC/williamhconrad4/OpenVS-main/experiments/E3L_6DO3/screening/inputs/train1set/E3L_6DO3_train1_chunk50/ligands_list_train1_0_125.txt
Saved: /lus/eagle/projects/marP_TB_VLS/WC/williamhconrad4/OpenVS-main/experiments/E3L_6DO3/screening/inputs/train1set/E3L_6DO3_train1_chunk50/flags_params_train1_0_125.flags
Saved: /lus/eagle/projects/marP_TB_VLS/WC/williamhconrad4/OpenVS-main/experiments/E3L_6DO3/screening/inputs/train1set/E3L_6DO3_train1_chunk50/tar_params_train1_0_126.tar
Saved: /lus/eagle/projects/marP_TB_VLS/WC/williamhconrad4/OpenVS-main/experiments/E3L_6DO3/screening/inputs/train1set/E3L_6DO3_train1_chunk50/ligands_list_train1_0_126.txt
Saved: /lus/eagle/projects/marP_TB_VLS/WC/williamhconrad4/OpenVS-main/experiments/E3L_6DO3/screening/inputs/train1set/E3L_6DO3_train1_chunk50/flags_params_train1_0_126.flags
Saved: /lus/eagle/projects/marP_TB_VLS/WC/williamhconrad4/OpenVS-main/experiments/E3L_6DO3/screening/inputs/train1set/E3L_6DO3_train1_chunk50/tar_params_train1_0_127.tar
Saved: /lus/eagle/projects/marP_TB_VLS/WC/williamhconrad4/OpenVS-main/experiments/E3L_6DO3/screening/inputs/train1set/E3L_6DO3_train1_chunk50/ligands_list_train1_0_127.txt
Saved: /lus/eagle/projects/marP_TB_VLS/WC/williamhconrad4/OpenVS-main/experiments/E3L_6DO3/screening/inputs/train1set/E3L_6DO3_train1_chunk50/flags_params_train1_0_127.flags
Saved: /lus/eagle/projects/marP_TB_VLS/WC/williamhconrad4/OpenVS-main/experiments/E3L_6DO3/screening/inputs/train1set/E3L_6DO3_train1_chunk50/tar_params_train1_0_128.tar
Saved: /lus/eagle/projects/marP_TB_VLS/WC/williamhconrad4/OpenVS-main/experiments/E3L_6DO3/screening/inputs/train1set/E3L_6DO3_train1_chunk50/ligands_list_train1_0_128.txt
Saved: /lus/eagle/projects/marP_TB_VLS/WC/williamhconrad4/OpenVS-main/experiments/E3L_6DO3/screening/inputs/train1set/E3L_6DO3_train1_chunk50/flags_params_train1_0_128.flags
Saved: /lus/eagle/projects/marP_TB_VLS/WC/williamhconrad4/OpenVS-main/experiments/E3L_6DO3/screening/inputs/train1set/E3L_6DO3_train1_chunk50/tar_params_train1_0_129.tar
Saved: /lus/eagle/projects/marP_TB_VLS/WC/williamhconrad4/OpenVS-main/experiments/E3L_6DO3/screening/inputs/train1set/E3L_6DO3_train1_chunk50/ligands_list_train1_0_129.txt
Saved: /lus/eagle/projects/marP_TB_VLS/WC/williamhconrad4/OpenVS-main/experiments/E3L_6DO3/screening/inputs/train1set/E3L_6DO3_train1_chunk50/flags_params_train1_0_129.flags
Saved: /lus/eagle/projects/marP_TB_VLS/WC/williamhconrad4/OpenVS-main/experiments/E3L_6DO3/screening/inputs/train1set/E3L_6DO3_train1_chunk50/tar_params_train1_0_130.tar
Saved: /lus/eagle/projects/marP_TB_VLS/WC/williamhconrad4/OpenVS-main/experiments/E3L_6DO3/screening/inputs/train1set/E3L_6DO3_train1_chunk50/ligands_list_train1_0_130.txt
Saved: /lus/eagle/projects/marP_TB_VLS/WC/williamhconrad4/OpenVS-main/experiments/E3L_6DO3/screening/inputs/train1set/E3L_6DO3_train1_chunk50/flags_params_train1_0_130.flags
Saved: /lus/eagle/projects/marP_TB_VLS/WC/williamhconrad4/OpenVS-main/experiments/E3L_6DO3/screening/inputs/train1set/E3L_6DO3_train1_chunk50/tar_params_train1_0_131.tar
Saved: /lus/eagle/projects/marP_TB_VLS/WC/williamhconrad4/OpenVS-main/experiments/E3L_6DO3/screening/inputs/train1set/E3L_6DO3_train1_chunk50/ligands_list_train1_0_131.txt
Saved: /lus/eagle/projects/marP_TB_VLS/WC/williamhconrad4/OpenVS-main/experiments/E3L_6DO3/screening/inputs/train1set/E3L_6DO3_train1_chunk50/flags_params_train1_0_131.flags
Saved: /lus/eagle/projects/marP_TB_VLS/WC/williamhconrad4/OpenVS-main/experiments/E3L_6DO3/screening/inputs/train1set/E3L_6DO3_train1_chunk50/tar_params_train1_0_132.tar
Saved: /lus/eagle/projects/marP_TB_VLS/WC/williamhconrad4/OpenVS-main/experiments/E3L_6DO3/screening/inputs/train1set/E3L_6DO3_train1_chunk50/ligands_list_train1_0_132.txt
Saved: /lus/eagle/projects/marP_TB_VLS/WC/williamhconrad4/OpenVS-main/experiments/E3L_6DO3/screening/inputs/train1set/E3L_6DO3_train1_chunk50/flags_params_train1_0_132.flags
Saved: /lus/eagle/projects/marP_TB_VLS/WC/williamhconrad4/OpenVS-main/experiments/E3L_6DO3/screening/inputs/train1set/E3L_6DO3_train1_chunk50/tar_params_train1_0_133.tar
Saved: /lus/eagle/projects/marP_TB_VLS/WC/williamhconrad4/OpenVS-main/experiments/E3L_6DO3/screening/inputs/train1set/E3L_6DO3_train1_chunk50/ligands_list_train1_0_133.txt
Saved: /lus/eagle/projects/marP_TB_VLS/WC/williamhconrad4/OpenVS-main/experiments/E3L_6DO3/screening/inputs/train1set/E3L_6DO3_train1_chunk50/flags_params_train1_0_133.flags
Saved: /lus/eagle/projects/marP_TB_VLS/WC/williamhconrad4/OpenVS-main/experiments/E3L_6DO3/screening/inputs/train1set/E3L_6DO3_train1_chunk50/tar_params_train1_0_134.tar
Saved: /lus/eagle/projects/marP_TB_VLS/WC/williamhconrad4/OpenVS-main/experiments/E3L_6DO3/screening/inputs/train1set/E3L_6DO3_train1_chunk50/ligands_list_train1_0_134.txt
Saved: /lus/eagle/projects/marP_TB_VLS/WC/williamhconrad4/OpenVS-main/experiments/E3L_6DO3/screening/inputs/train1set/E3L_6DO3_train1_chunk50/flags_params_train1_0_134.flags
Saved: /lus/eagle/projects/marP_TB_VLS/WC/williamhconrad4/OpenVS-main/experiments/E3L_6DO3/screening/inputs/train1set/E3L_6DO3_train1_chunk50/tar_params_train1_0_135.tar
Saved: /lus/eagle/projects/marP_TB_VLS/WC/williamhconrad4/OpenVS-main/experiments/E3L_6DO3/screening/inputs/train1set/E3L_6DO3_train1_chunk50/ligands_list_train1_0_135.txt
Saved: /lus/eagle/projects/marP_TB_VLS/WC/williamhconrad4/OpenVS-main/experiments/E3L_6DO3/screening/inputs/train1set/E3L_6DO3_train1_chunk50/flags_params_train1_0_135.flags
Saved: /lus/eagle/projects/marP_TB_VLS/WC/williamhconrad4/OpenVS-main/experiments/E3L_6DO3/screening/inputs/train1set/E3L_6DO3_train1_chunk50/tar_params_train1_0_136.tar
Saved: /lus/eagle/projects/marP_TB_VLS/WC/williamhconrad4/OpenVS-main/experiments/E3L_6DO3/screening/inputs/train1set/E3L_6DO3_train1_chunk50/ligands_list_train1_0_136.txt
Saved: /lus/eagle/projects/marP_TB_VLS/WC/williamhconrad4/OpenVS-main/experiments/E3L_6DO3/screening/inputs/train1set/E3L_6DO3_train1_chunk50/flags_params_train1_0_136.flags
Saved: /lus/eagle/projects/marP_TB_VLS/WC/williamhconrad4/OpenVS-main/experiments/E3L_6DO3/screening/inputs/train1set/E3L_6DO3_train1_chunk50/tar_params_train1_0_137.tar
Saved: /lus/eagle/projects/marP_TB_VLS/WC/williamhconrad4/OpenVS-main/experiments/E3L_6DO3/screening/inputs/train1set/E3L_6DO3_train1_chunk50/ligands_list_train1_0_137.txt
Saved: /lus/eagle/projects/marP_TB_VLS/WC/williamhconrad4/OpenVS-main/experiments/E3L_6DO3/screening/inputs/train1set/E3L_6DO3_train1_chunk50/flags_params_train1_0_137.flags
Saved: /lus/eagle/projects/marP_TB_VLS/WC/williamhconrad4/OpenVS-main/experiments/E3L_6DO3/screening/inputs/train1set/E3L_6DO3_train1_chunk50/tar_params_train1_0_138.tar
Saved: /lus/eagle/projects/marP_TB_VLS/WC/williamhconrad4/OpenVS-main/experiments/E3L_6DO3/screening/inputs/train1set/E3L_6DO3_train1_chunk50/ligands_list_train1_0_138.txt
Saved: /lus/eagle/projects/marP_TB_VLS/WC/williamhconrad4/OpenVS-main/experiments/E3L_6DO3/screening/inputs/train1set/E3L_6DO3_train1_chunk50/flags_params_train1_0_138.flags
Saved: /lus/eagle/projects/marP_TB_VLS/WC/williamhconrad4/OpenVS-main/experiments/E3L_6DO3/screening/inputs/train1set/E3L_6DO3_train1_chunk50/tar_params_train1_0_139.tar
Saved: /lus/eagle/projects/marP_TB_VLS/WC/williamhconrad4/OpenVS-main/experiments/E3L_6DO3/screening/inputs/train1set/E3L_6DO3_train1_chunk50/ligands_list_train1_0_139.txt
Saved: /lus/eagle/projects/marP_TB_VLS/WC/williamhconrad4/OpenVS-main/experiments/E3L_6DO3/screening/inputs/train1set/E3L_6DO3_train1_chunk50/flags_params_train1_0_139.flags
Saved: /lus/eagle/projects/marP_TB_VLS/WC/williamhconrad4/OpenVS-main/experiments/E3L_6DO3/screening/inputs/train1set/E3L_6DO3_train1_chunk50/tar_params_train1_0_140.tar
Saved: /lus/eagle/projects/marP_TB_VLS/WC/williamhconrad4/OpenVS-main/experiments/E3L_6DO3/screening/inputs/train1set/E3L_6DO3_train1_chunk50/ligands_list_train1_0_140.txt
Saved: /lus/eagle/projects/marP_TB_VLS/WC/williamhconrad4/OpenVS-main/experiments/E3L_6DO3/screening/inputs/train1set/E3L_6DO3_train1_chunk50/flags_params_train1_0_140.flags
Saved: /lus/eagle/projects/marP_TB_VLS/WC/williamhconrad4/OpenVS-main/experiments/E3L_6DO3/screening/inputs/train1set/E3L_6DO3_train1_chunk50/tar_params_train1_0_141.tar
Saved: /lus/eagle/projects/marP_TB_VLS/WC/williamhconrad4/OpenVS-main/experiments/E3L_6DO3/screening/inputs/train1set/E3L_6DO3_train1_chunk50/ligands_list_train1_0_141.txt
Saved: /lus/eagle/projects/marP_TB_VLS/WC/williamhconrad4/OpenVS-main/experiments/E3L_6DO3/screening/inputs/train1set/E3L_6DO3_train1_chunk50/flags_params_train1_0_141.flags
Saved: /lus/eagle/projects/marP_TB_VLS/WC/williamhconrad4/OpenVS-main/experiments/E3L_6DO3/screening/inputs/train1set/E3L_6DO3_train1_chunk50/tar_params_train1_0_142.tar
Saved: /lus/eagle/projects/marP_TB_VLS/WC/williamhconrad4/OpenVS-main/experiments/E3L_6DO3/screening/inputs/train1set/E3L_6DO3_train1_chunk50/ligands_list_train1_0_142.txt
Saved: /lus/eagle/projects/marP_TB_VLS/WC/williamhconrad4/OpenVS-main/experiments/E3L_6DO3/screening/inputs/train1set/E3L_6DO3_train1_chunk50/flags_params_train1_0_142.flags
Saved: /lus/eagle/projects/marP_TB_VLS/WC/williamhconrad4/OpenVS-main/experiments/E3L_6DO3/screening/inputs/train1set/E3L_6DO3_train1_chunk50/tar_params_train1_0_143.tar
Saved: /lus/eagle/projects/marP_TB_VLS/WC/williamhconrad4/OpenVS-main/experiments/E3L_6DO3/screening/inputs/train1set/E3L_6DO3_train1_chunk50/ligands_list_train1_0_143.txt
Saved: /lus/eagle/projects/marP_TB_VLS/WC/williamhconrad4/OpenVS-main/experiments/E3L_6DO3/screening/inputs/train1set/E3L_6DO3_train1_chunk50/flags_params_train1_0_143.flags
Saved: /lus/eagle/projects/marP_TB_VLS/WC/williamhconrad4/OpenVS-main/experiments/E3L_6DO3/screening/inputs/train1set/E3L_6DO3_train1_chunk50/tar_params_train1_0_144.tar
Saved: /lus/eagle/projects/marP_TB_VLS/WC/williamhconrad4/OpenVS-main/experiments/E3L_6DO3/screening/inputs/train1set/E3L_6DO3_train1_chunk50/ligands_list_train1_0_144.txt
Saved: /lus/eagle/projects/marP_TB_VLS/WC/williamhconrad4/OpenVS-main/experiments/E3L_6DO3/screening/inputs/train1set/E3L_6DO3_train1_chunk50/flags_params_train1_0_144.flags
Saved: /lus/eagle/projects/marP_TB_VLS/WC/williamhconrad4/OpenVS-main/experiments/E3L_6DO3/screening/inputs/train1set/E3L_6DO3_train1_chunk50/tar_params_train1_0_145.tar
Saved: /lus/eagle/projects/marP_TB_VLS/WC/williamhconrad4/OpenVS-main/experiments/E3L_6DO3/screening/inputs/train1set/E3L_6DO3_train1_chunk50/ligands_list_train1_0_145.txt
Saved: /lus/eagle/projects/marP_TB_VLS/WC/williamhconrad4/OpenVS-main/experiments/E3L_6DO3/screening/inputs/train1set/E3L_6DO3_train1_chunk50/flags_params_train1_0_145.flags
Saved: /lus/eagle/projects/marP_TB_VLS/WC/williamhconrad4/OpenVS-main/experiments/E3L_6DO3/screening/inputs/train1set/E3L_6DO3_train1_chunk50/tar_params_train1_0_146.tar
Saved: /lus/eagle/projects/marP_TB_VLS/WC/williamhconrad4/OpenVS-main/experiments/E3L_6DO3/screening/inputs/train1set/E3L_6DO3_train1_chunk50/ligands_list_train1_0_146.txt
Saved: /lus/eagle/projects/marP_TB_VLS/WC/williamhconrad4/OpenVS-main/experiments/E3L_6DO3/screening/inputs/train1set/E3L_6DO3_train1_chunk50/flags_params_train1_0_146.flags
Saved: /lus/eagle/projects/marP_TB_VLS/WC/williamhconrad4/OpenVS-main/experiments/E3L_6DO3/screening/inputs/train1set/E3L_6DO3_train1_chunk50/tar_params_train1_0_147.tar
Saved: /lus/eagle/projects/marP_TB_VLS/WC/williamhconrad4/OpenVS-main/experiments/E3L_6DO3/screening/inputs/train1set/E3L_6DO3_train1_chunk50/ligands_list_train1_0_147.txt
Saved: /lus/eagle/projects/marP_TB_VLS/WC/williamhconrad4/OpenVS-main/experiments/E3L_6DO3/screening/inputs/train1set/E3L_6DO3_train1_chunk50/flags_params_train1_0_147.flags
Saved: /lus/eagle/projects/marP_TB_VLS/WC/williamhconrad4/OpenVS-main/experiments/E3L_6DO3/screening/inputs/train1set/E3L_6DO3_train1_chunk50/tar_params_train1_0_148.tar
Saved: /lus/eagle/projects/marP_TB_VLS/WC/williamhconrad4/OpenVS-main/experiments/E3L_6DO3/screening/inputs/train1set/E3L_6DO3_train1_chunk50/ligands_list_train1_0_148.txt
Saved: /lus/eagle/projects/marP_TB_VLS/WC/williamhconrad4/OpenVS-main/experiments/E3L_6DO3/screening/inputs/train1set/E3L_6DO3_train1_chunk50/flags_params_train1_0_148.flags
Saved: /lus/eagle/projects/marP_TB_VLS/WC/williamhconrad4/OpenVS-main/experiments/E3L_6DO3/screening/inputs/train1set/E3L_6DO3_train1_chunk50/tar_params_train1_0_149.tar
Saved: /lus/eagle/projects/marP_TB_VLS/WC/williamhconrad4/OpenVS-main/experiments/E3L_6DO3/screening/inputs/train1set/E3L_6DO3_train1_chunk50/ligands_list_train1_0_149.txt
Saved: /lus/eagle/projects/marP_TB_VLS/WC/williamhconrad4/OpenVS-main/experiments/E3L_6DO3/screening/inputs/train1set/E3L_6DO3_train1_chunk50/flags_params_train1_0_149.flags
Saved: /lus/eagle/projects/marP_TB_VLS/WC/williamhconrad4/OpenVS-main/experiments/E3L_6DO3/screening/inputs/train1set/E3L_6DO3_train1_chunk50/tar_params_train1_0_150.tar
Saved: /lus/eagle/projects/marP_TB_VLS/WC/williamhconrad4/OpenVS-main/experiments/E3L_6DO3/screening/inputs/train1set/E3L_6DO3_train1_chunk50/ligands_list_train1_0_150.txt
Saved: /lus/eagle/projects/marP_TB_VLS/WC/williamhconrad4/OpenVS-main/experiments/E3L_6DO3/screening/inputs/train1set/E3L_6DO3_train1_chunk50/flags_params_train1_0_150.flags
Saved: /lus/eagle/projects/marP_TB_VLS/WC/williamhconrad4/OpenVS-main/experiments/E3L_6DO3/screening/inputs/train1set/E3L_6DO3_train1_chunk50/tar_params_train1_0_151.tar
Saved: /lus/eagle/projects/marP_TB_VLS/WC/williamhconrad4/OpenVS-main/experiments/E3L_6DO3/screening/inputs/train1set/E3L_6DO3_train1_chunk50/ligands_list_train1_0_151.txt
Saved: /lus/eagle/projects/marP_TB_VLS/WC/williamhconrad4/OpenVS-main/experiments/E3L_6DO3/screening/inputs/train1set/E3L_6DO3_train1_chunk50/flags_params_train1_0_151.flags
Saved: /lus/eagle/projects/marP_TB_VLS/WC/williamhconrad4/OpenVS-main/experiments/E3L_6DO3/screening/inputs/train1set/E3L_6DO3_train1_chunk50/tar_params_train1_0_152.tar
Saved: /lus/eagle/projects/marP_TB_VLS/WC/williamhconrad4/OpenVS-main/experiments/E3L_6DO3/screening/inputs/train1set/E3L_6DO3_train1_chunk50/ligands_list_train1_0_152.txt
Saved: /lus/eagle/projects/marP_TB_VLS/WC/williamhconrad4/OpenVS-main/experiments/E3L_6DO3/screening/inputs/train1set/E3L_6DO3_train1_chunk50/flags_params_train1_0_152.flags
Saved: /lus/eagle/projects/marP_TB_VLS/WC/williamhconrad4/OpenVS-main/experiments/E3L_6DO3/screening/inputs/train1set/E3L_6DO3_train1_chunk50/tar_params_train1_0_153.tar
Saved: /lus/eagle/projects/marP_TB_VLS/WC/williamhconrad4/OpenVS-main/experiments/E3L_6DO3/screening/inputs/train1set/E3L_6DO3_train1_chunk50/ligands_list_train1_0_153.txt
Saved: /lus/eagle/projects/marP_TB_VLS/WC/williamhconrad4/OpenVS-main/experiments/E3L_6DO3/screening/inputs/train1set/E3L_6DO3_train1_chunk50/flags_params_train1_0_153.flags
Saved: /lus/eagle/projects/marP_TB_VLS/WC/williamhconrad4/OpenVS-main/experiments/E3L_6DO3/screening/inputs/train1set/E3L_6DO3_train1_chunk50/tar_params_train1_0_154.tar
Saved: /lus/eagle/projects/marP_TB_VLS/WC/williamhconrad4/OpenVS-main/experiments/E3L_6DO3/screening/inputs/train1set/E3L_6DO3_train1_chunk50/ligands_list_train1_0_154.txt
Saved: /lus/eagle/projects/marP_TB_VLS/WC/williamhconrad4/OpenVS-main/experiments/E3L_6DO3/screening/inputs/train1set/E3L_6DO3_train1_chunk50/flags_params_train1_0_154.flags
Saved: /lus/eagle/projects/marP_TB_VLS/WC/williamhconrad4/OpenVS-main/experiments/E3L_6DO3/screening/inputs/train1set/E3L_6DO3_train1_chunk50/tar_params_train1_0_155.tar
Saved: /lus/eagle/projects/marP_TB_VLS/WC/williamhconrad4/OpenVS-main/experiments/E3L_6DO3/screening/inputs/train1set/E3L_6DO3_train1_chunk50/ligands_list_train1_0_155.txt
Saved: /lus/eagle/projects/marP_TB_VLS/WC/williamhconrad4/OpenVS-main/experiments/E3L_6DO3/screening/inputs/train1set/E3L_6DO3_train1_chunk50/flags_params_train1_0_155.flags
Saved: /lus/eagle/projects/marP_TB_VLS/WC/williamhconrad4/OpenVS-main/experiments/E3L_6DO3/screening/inputs/train1set/E3L_6DO3_train1_chunk50/tar_params_train1_0_156.tar
Saved: /lus/eagle/projects/marP_TB_VLS/WC/williamhconrad4/OpenVS-main/experiments/E3L_6DO3/screening/inputs/train1set/E3L_6DO3_train1_chunk50/ligands_list_train1_0_156.txt
Saved: /lus/eagle/projects/marP_TB_VLS/WC/williamhconrad4/OpenVS-main/experiments/E3L_6DO3/screening/inputs/train1set/E3L_6DO3_train1_chunk50/flags_params_train1_0_156.flags
Saved: /lus/eagle/projects/marP_TB_VLS/WC/williamhconrad4/OpenVS-main/experiments/E3L_6DO3/screening/inputs/train1set/E3L_6DO3_train1_chunk50/tar_params_train1_0_157.tar
Saved: /lus/eagle/projects/marP_TB_VLS/WC/williamhconrad4/OpenVS-main/experiments/E3L_6DO3/screening/inputs/train1set/E3L_6DO3_train1_chunk50/ligands_list_train1_0_157.txt
Saved: /lus/eagle/projects/marP_TB_VLS/WC/williamhconrad4/OpenVS-main/experiments/E3L_6DO3/screening/inputs/train1set/E3L_6DO3_train1_chunk50/flags_params_train1_0_157.flags
Saved: /lus/eagle/projects/marP_TB_VLS/WC/williamhconrad4/OpenVS-main/experiments/E3L_6DO3/screening/inputs/train1set/E3L_6DO3_train1_chunk50/tar_params_train1_0_158.tar
Saved: /lus/eagle/projects/marP_TB_VLS/WC/williamhconrad4/OpenVS-main/experiments/E3L_6DO3/screening/inputs/train1set/E3L_6DO3_train1_chunk50/ligands_list_train1_0_158.txt
Saved: /lus/eagle/projects/marP_TB_VLS/WC/williamhconrad4/OpenVS-main/experiments/E3L_6DO3/screening/inputs/train1set/E3L_6DO3_train1_chunk50/flags_params_train1_0_158.flags
Saved: /lus/eagle/projects/marP_TB_VLS/WC/williamhconrad4/OpenVS-main/experiments/E3L_6DO3/screening/inputs/train1set/E3L_6DO3_train1_chunk50/tar_params_train1_0_159.tar
Saved: /lus/eagle/projects/marP_TB_VLS/WC/williamhconrad4/OpenVS-main/experiments/E3L_6DO3/screening/inputs/train1set/E3L_6DO3_train1_chunk50/ligands_list_train1_0_159.txt
Saved: /lus/eagle/projects/marP_TB_VLS/WC/williamhconrad4/OpenVS-main/experiments/E3L_6DO3/screening/inputs/train1set/E3L_6DO3_train1_chunk50/flags_params_train1_0_159.flags
Saved: /lus/eagle/projects/marP_TB_VLS/WC/williamhconrad4/OpenVS-main/experiments/E3L_6DO3/screening/inputs/train1set/E3L_6DO3_train1_chunk50/tar_params_train1_0_160.tar
Saved: /lus/eagle/projects/marP_TB_VLS/WC/williamhconrad4/OpenVS-main/experiments/E3L_6DO3/screening/inputs/train1set/E3L_6DO3_train1_chunk50/ligands_list_train1_0_160.txt
Saved: /lus/eagle/projects/marP_TB_VLS/WC/williamhconrad4/OpenVS-main/experiments/E3L_6DO3/screening/inputs/train1set/E3L_6DO3_train1_chunk50/flags_params_train1_0_160.flags
Saved: /lus/eagle/projects/marP_TB_VLS/WC/williamhconrad4/OpenVS-main/experiments/E3L_6DO3/screening/inputs/train1set/E3L_6DO3_train1_chunk50/tar_params_train1_0_161.tar
Saved: /lus/eagle/projects/marP_TB_VLS/WC/williamhconrad4/OpenVS-main/experiments/E3L_6DO3/screening/inputs/train1set/E3L_6DO3_train1_chunk50/ligands_list_train1_0_161.txt
Saved: /lus/eagle/projects/marP_TB_VLS/WC/williamhconrad4/OpenVS-main/experiments/E3L_6DO3/screening/inputs/train1set/E3L_6DO3_train1_chunk50/flags_params_train1_0_161.flags
Saved: /lus/eagle/projects/marP_TB_VLS/WC/williamhconrad4/OpenVS-main/experiments/E3L_6DO3/screening/inputs/train1set/E3L_6DO3_train1_chunk50/tar_params_train1_0_162.tar
Saved: /lus/eagle/projects/marP_TB_VLS/WC/williamhconrad4/OpenVS-main/experiments/E3L_6DO3/screening/inputs/train1set/E3L_6DO3_train1_chunk50/ligands_list_train1_0_162.txt
Saved: /lus/eagle/projects/marP_TB_VLS/WC/williamhconrad4/OpenVS-main/experiments/E3L_6DO3/screening/inputs/train1set/E3L_6DO3_train1_chunk50/flags_params_train1_0_162.flags
Saved: /lus/eagle/projects/marP_TB_VLS/WC/williamhconrad4/OpenVS-main/experiments/E3L_6DO3/screening/inputs/train1set/E3L_6DO3_train1_chunk50/tar_params_train1_0_163.tar
Saved: /lus/eagle/projects/marP_TB_VLS/WC/williamhconrad4/OpenVS-main/experiments/E3L_6DO3/screening/inputs/train1set/E3L_6DO3_train1_chunk50/ligands_list_train1_0_163.txt
Saved: /lus/eagle/projects/marP_TB_VLS/WC/williamhconrad4/OpenVS-main/experiments/E3L_6DO3/screening/inputs/train1set/E3L_6DO3_train1_chunk50/flags_params_train1_0_163.flags
Saved: /lus/eagle/projects/marP_TB_VLS/WC/williamhconrad4/OpenVS-main/experiments/E3L_6DO3/screening/inputs/train1set/E3L_6DO3_train1_chunk50/tar_params_train1_0_164.tar
Saved: /lus/eagle/projects/marP_TB_VLS/WC/williamhconrad4/OpenVS-main/experiments/E3L_6DO3/screening/inputs/train1set/E3L_6DO3_train1_chunk50/ligands_list_train1_0_164.txt
Saved: /lus/eagle/projects/marP_TB_VLS/WC/williamhconrad4/OpenVS-main/experiments/E3L_6DO3/screening/inputs/train1set/E3L_6DO3_train1_chunk50/flags_params_train1_0_164.flags
Saved: /lus/eagle/projects/marP_TB_VLS/WC/williamhconrad4/OpenVS-main/experiments/E3L_6DO3/screening/inputs/train1set/E3L_6DO3_train1_chunk50/tar_params_train1_0_165.tar
Saved: /lus/eagle/projects/marP_TB_VLS/WC/williamhconrad4/OpenVS-main/experiments/E3L_6DO3/screening/inputs/train1set/E3L_6DO3_train1_chunk50/ligands_list_train1_0_165.txt
Saved: /lus/eagle/projects/marP_TB_VLS/WC/williamhconrad4/OpenVS-main/experiments/E3L_6DO3/screening/inputs/train1set/E3L_6DO3_train1_chunk50/flags_params_train1_0_165.flags
Saved: /lus/eagle/projects/marP_TB_VLS/WC/williamhconrad4/OpenVS-main/experiments/E3L_6DO3/screening/inputs/train1set/E3L_6DO3_train1_chunk50/tar_params_train1_0_166.tar
Saved: /lus/eagle/projects/marP_TB_VLS/WC/williamhconrad4/OpenVS-main/experiments/E3L_6DO3/screening/inputs/train1set/E3L_6DO3_train1_chunk50/ligands_list_train1_0_166.txt
Saved: /lus/eagle/projects/marP_TB_VLS/WC/williamhconrad4/OpenVS-main/experiments/E3L_6DO3/screening/inputs/train1set/E3L_6DO3_train1_chunk50/flags_params_train1_0_166.flags
Saved: /lus/eagle/projects/marP_TB_VLS/WC/williamhconrad4/OpenVS-main/experiments/E3L_6DO3/screening/inputs/train1set/E3L_6DO3_train1_chunk50/tar_params_train1_0_167.tar
Saved: /lus/eagle/projects/marP_TB_VLS/WC/williamhconrad4/OpenVS-main/experiments/E3L_6DO3/screening/inputs/train1set/E3L_6DO3_train1_chunk50/ligands_list_train1_0_167.txt
Saved: /lus/eagle/projects/marP_TB_VLS/WC/williamhconrad4/OpenVS-main/experiments/E3L_6DO3/screening/inputs/train1set/E3L_6DO3_train1_chunk50/flags_params_train1_0_167.flags
Saved: /lus/eagle/projects/marP_TB_VLS/WC/williamhconrad4/OpenVS-main/experiments/E3L_6DO3/screening/inputs/train1set/E3L_6DO3_train1_chunk50/tar_params_train1_0_168.tar
Saved: /lus/eagle/projects/marP_TB_VLS/WC/williamhconrad4/OpenVS-main/experiments/E3L_6DO3/screening/inputs/train1set/E3L_6DO3_train1_chunk50/ligands_list_train1_0_168.txt
Saved: /lus/eagle/projects/marP_TB_VLS/WC/williamhconrad4/OpenVS-main/experiments/E3L_6DO3/screening/inputs/train1set/E3L_6DO3_train1_chunk50/flags_params_train1_0_168.flags
Saved: /lus/eagle/projects/marP_TB_VLS/WC/williamhconrad4/OpenVS-main/experiments/E3L_6DO3/screening/inputs/train1set/E3L_6DO3_train1_chunk50/tar_params_train1_0_169.tar
Saved: /lus/eagle/projects/marP_TB_VLS/WC/williamhconrad4/OpenVS-main/experiments/E3L_6DO3/screening/inputs/train1set/E3L_6DO3_train1_chunk50/ligands_list_train1_0_169.txt
Saved: /lus/eagle/projects/marP_TB_VLS/WC/williamhconrad4/OpenVS-main/experiments/E3L_6DO3/screening/inputs/train1set/E3L_6DO3_train1_chunk50/flags_params_train1_0_169.flags
Saved: /lus/eagle/projects/marP_TB_VLS/WC/williamhconrad4/OpenVS-main/experiments/E3L_6DO3/screening/inputs/train1set/E3L_6DO3_train1_chunk50/tar_params_train1_0_170.tar
Saved: /lus/eagle/projects/marP_TB_VLS/WC/williamhconrad4/OpenVS-main/experiments/E3L_6DO3/screening/inputs/train1set/E3L_6DO3_train1_chunk50/ligands_list_train1_0_170.txt
Saved: /lus/eagle/projects/marP_TB_VLS/WC/williamhconrad4/OpenVS-main/experiments/E3L_6DO3/screening/inputs/train1set/E3L_6DO3_train1_chunk50/flags_params_train1_0_170.flags
Saved: /lus/eagle/projects/marP_TB_VLS/WC/williamhconrad4/OpenVS-main/experiments/E3L_6DO3/screening/inputs/train1set/E3L_6DO3_train1_chunk50/tar_params_train1_0_171.tar
Saved: /lus/eagle/projects/marP_TB_VLS/WC/williamhconrad4/OpenVS-main/experiments/E3L_6DO3/screening/inputs/train1set/E3L_6DO3_train1_chunk50/ligands_list_train1_0_171.txt
Saved: /lus/eagle/projects/marP_TB_VLS/WC/williamhconrad4/OpenVS-main/experiments/E3L_6DO3/screening/inputs/train1set/E3L_6DO3_train1_chunk50/flags_params_train1_0_171.flags
Saved: /lus/eagle/projects/marP_TB_VLS/WC/williamhconrad4/OpenVS-main/experiments/E3L_6DO3/screening/inputs/train1set/E3L_6DO3_train1_chunk50/tar_params_train1_0_172.tar
Saved: /lus/eagle/projects/marP_TB_VLS/WC/williamhconrad4/OpenVS-main/experiments/E3L_6DO3/screening/inputs/train1set/E3L_6DO3_train1_chunk50/ligands_list_train1_0_172.txt
Saved: /lus/eagle/projects/marP_TB_VLS/WC/williamhconrad4/OpenVS-main/experiments/E3L_6DO3/screening/inputs/train1set/E3L_6DO3_train1_chunk50/flags_params_train1_0_172.flags
Saved: /lus/eagle/projects/marP_TB_VLS/WC/williamhconrad4/OpenVS-main/experiments/E3L_6DO3/screening/inputs/train1set/E3L_6DO3_train1_chunk50/tar_params_train1_0_173.tar
Saved: /lus/eagle/projects/marP_TB_VLS/WC/williamhconrad4/OpenVS-main/experiments/E3L_6DO3/screening/inputs/train1set/E3L_6DO3_train1_chunk50/ligands_list_train1_0_173.txt
Saved: /lus/eagle/projects/marP_TB_VLS/WC/williamhconrad4/OpenVS-main/experiments/E3L_6DO3/screening/inputs/train1set/E3L_6DO3_train1_chunk50/flags_params_train1_0_173.flags
Saved: /lus/eagle/projects/marP_TB_VLS/WC/williamhconrad4/OpenVS-main/experiments/E3L_6DO3/screening/inputs/train1set/E3L_6DO3_train1_chunk50/tar_params_train1_0_174.tar
Saved: /lus/eagle/projects/marP_TB_VLS/WC/williamhconrad4/OpenVS-main/experiments/E3L_6DO3/screening/inputs/train1set/E3L_6DO3_train1_chunk50/ligands_list_train1_0_174.txt
Saved: /lus/eagle/projects/marP_TB_VLS/WC/williamhconrad4/OpenVS-main/experiments/E3L_6DO3/screening/inputs/train1set/E3L_6DO3_train1_chunk50/flags_params_train1_0_174.flags
Saved: /lus/eagle/projects/marP_TB_VLS/WC/williamhconrad4/OpenVS-main/experiments/E3L_6DO3/screening/inputs/train1set/E3L_6DO3_train1_chunk50/tar_params_train1_0_175.tar
Saved: /lus/eagle/projects/marP_TB_VLS/WC/williamhconrad4/OpenVS-main/experiments/E3L_6DO3/screening/inputs/train1set/E3L_6DO3_train1_chunk50/ligands_list_train1_0_175.txt
Saved: /lus/eagle/projects/marP_TB_VLS/WC/williamhconrad4/OpenVS-main/experiments/E3L_6DO3/screening/inputs/train1set/E3L_6DO3_train1_chunk50/flags_params_train1_0_175.flags
Saved: /lus/eagle/projects/marP_TB_VLS/WC/williamhconrad4/OpenVS-main/experiments/E3L_6DO3/screening/inputs/train1set/E3L_6DO3_train1_chunk50/tar_params_train1_0_176.tar
Saved: /lus/eagle/projects/marP_TB_VLS/WC/williamhconrad4/OpenVS-main/experiments/E3L_6DO3/screening/inputs/train1set/E3L_6DO3_train1_chunk50/ligands_list_train1_0_176.txt
Saved: /lus/eagle/projects/marP_TB_VLS/WC/williamhconrad4/OpenVS-main/experiments/E3L_6DO3/screening/inputs/train1set/E3L_6DO3_train1_chunk50/flags_params_train1_0_176.flags
Saved: /lus/eagle/projects/marP_TB_VLS/WC/williamhconrad4/OpenVS-main/experiments/E3L_6DO3/screening/inputs/train1set/E3L_6DO3_train1_chunk50/tar_params_train1_0_177.tar
Saved: /lus/eagle/projects/marP_TB_VLS/WC/williamhconrad4/OpenVS-main/experiments/E3L_6DO3/screening/inputs/train1set/E3L_6DO3_train1_chunk50/ligands_list_train1_0_177.txt
Saved: /lus/eagle/projects/marP_TB_VLS/WC/williamhconrad4/OpenVS-main/experiments/E3L_6DO3/screening/inputs/train1set/E3L_6DO3_train1_chunk50/flags_params_train1_0_177.flags
Saved: /lus/eagle/projects/marP_TB_VLS/WC/williamhconrad4/OpenVS-main/experiments/E3L_6DO3/screening/inputs/train1set/E3L_6DO3_train1_chunk50/tar_params_train1_0_178.tar
Saved: /lus/eagle/projects/marP_TB_VLS/WC/williamhconrad4/OpenVS-main/experiments/E3L_6DO3/screening/inputs/train1set/E3L_6DO3_train1_chunk50/ligands_list_train1_0_178.txt
Saved: /lus/eagle/projects/marP_TB_VLS/WC/williamhconrad4/OpenVS-main/experiments/E3L_6DO3/screening/inputs/train1set/E3L_6DO3_train1_chunk50/flags_params_train1_0_178.flags
Saved: /lus/eagle/projects/marP_TB_VLS/WC/williamhconrad4/OpenVS-main/experiments/E3L_6DO3/screening/inputs/train1set/E3L_6DO3_train1_chunk50/tar_params_train1_0_179.tar
Saved: /lus/eagle/projects/marP_TB_VLS/WC/williamhconrad4/OpenVS-main/experiments/E3L_6DO3/screening/inputs/train1set/E3L_6DO3_train1_chunk50/ligands_list_train1_0_179.txt
Saved: /lus/eagle/projects/marP_TB_VLS/WC/williamhconrad4/OpenVS-main/experiments/E3L_6DO3/screening/inputs/train1set/E3L_6DO3_train1_chunk50/flags_params_train1_0_179.flags
Saved: /lus/eagle/projects/marP_TB_VLS/WC/williamhconrad4/OpenVS-main/experiments/E3L_6DO3/screening/inputs/train1set/E3L_6DO3_train1_chunk50/tar_params_train1_0_180.tar
Saved: /lus/eagle/projects/marP_TB_VLS/WC/williamhconrad4/OpenVS-main/experiments/E3L_6DO3/screening/inputs/train1set/E3L_6DO3_train1_chunk50/ligands_list_train1_0_180.txt
Saved: /lus/eagle/projects/marP_TB_VLS/WC/williamhconrad4/OpenVS-main/experiments/E3L_6DO3/screening/inputs/train1set/E3L_6DO3_train1_chunk50/flags_params_train1_0_180.flags
Saved: /lus/eagle/projects/marP_TB_VLS/WC/williamhconrad4/OpenVS-main/experiments/E3L_6DO3/screening/inputs/train1set/E3L_6DO3_train1_chunk50/tar_params_train1_0_181.tar
Saved: /lus/eagle/projects/marP_TB_VLS/WC/williamhconrad4/OpenVS-main/experiments/E3L_6DO3/screening/inputs/train1set/E3L_6DO3_train1_chunk50/ligands_list_train1_0_181.txt
Saved: /lus/eagle/projects/marP_TB_VLS/WC/williamhconrad4/OpenVS-main/experiments/E3L_6DO3/screening/inputs/train1set/E3L_6DO3_train1_chunk50/flags_params_train1_0_181.flags
Saved: /lus/eagle/projects/marP_TB_VLS/WC/williamhconrad4/OpenVS-main/experiments/E3L_6DO3/screening/inputs/train1set/E3L_6DO3_train1_chunk50/tar_params_train1_0_182.tar
Saved: /lus/eagle/projects/marP_TB_VLS/WC/williamhconrad4/OpenVS-main/experiments/E3L_6DO3/screening/inputs/train1set/E3L_6DO3_train1_chunk50/ligands_list_train1_0_182.txt
Saved: /lus/eagle/projects/marP_TB_VLS/WC/williamhconrad4/OpenVS-main/experiments/E3L_6DO3/screening/inputs/train1set/E3L_6DO3_train1_chunk50/flags_params_train1_0_182.flags
Saved: /lus/eagle/projects/marP_TB_VLS/WC/williamhconrad4/OpenVS-main/experiments/E3L_6DO3/screening/inputs/train1set/E3L_6DO3_train1_chunk50/tar_params_train1_0_183.tar
Saved: /lus/eagle/projects/marP_TB_VLS/WC/williamhconrad4/OpenVS-main/experiments/E3L_6DO3/screening/inputs/train1set/E3L_6DO3_train1_chunk50/ligands_list_train1_0_183.txt
Saved: /lus/eagle/projects/marP_TB_VLS/WC/williamhconrad4/OpenVS-main/experiments/E3L_6DO3/screening/inputs/train1set/E3L_6DO3_train1_chunk50/flags_params_train1_0_183.flags
Saved: /lus/eagle/projects/marP_TB_VLS/WC/williamhconrad4/OpenVS-main/experiments/E3L_6DO3/screening/inputs/train1set/E3L_6DO3_train1_chunk50/tar_params_train1_0_184.tar
Saved: /lus/eagle/projects/marP_TB_VLS/WC/williamhconrad4/OpenVS-main/experiments/E3L_6DO3/screening/inputs/train1set/E3L_6DO3_train1_chunk50/ligands_list_train1_0_184.txt
Saved: /lus/eagle/projects/marP_TB_VLS/WC/williamhconrad4/OpenVS-main/experiments/E3L_6DO3/screening/inputs/train1set/E3L_6DO3_train1_chunk50/flags_params_train1_0_184.flags
Saved: /lus/eagle/projects/marP_TB_VLS/WC/williamhconrad4/OpenVS-main/experiments/E3L_6DO3/screening/inputs/train1set/E3L_6DO3_train1_chunk50/tar_params_train1_0_185.tar
Saved: /lus/eagle/projects/marP_TB_VLS/WC/williamhconrad4/OpenVS-main/experiments/E3L_6DO3/screening/inputs/train1set/E3L_6DO3_train1_chunk50/ligands_list_train1_0_185.txt
Saved: /lus/eagle/projects/marP_TB_VLS/WC/williamhconrad4/OpenVS-main/experiments/E3L_6DO3/screening/inputs/train1set/E3L_6DO3_train1_chunk50/flags_params_train1_0_185.flags
Saved: /lus/eagle/projects/marP_TB_VLS/WC/williamhconrad4/OpenVS-main/experiments/E3L_6DO3/screening/inputs/train1set/E3L_6DO3_train1_chunk50/tar_params_train1_0_186.tar
Saved: /lus/eagle/projects/marP_TB_VLS/WC/williamhconrad4/OpenVS-main/experiments/E3L_6DO3/screening/inputs/train1set/E3L_6DO3_train1_chunk50/ligands_list_train1_0_186.txt
Saved: /lus/eagle/projects/marP_TB_VLS/WC/williamhconrad4/OpenVS-main/experiments/E3L_6DO3/screening/inputs/train1set/E3L_6DO3_train1_chunk50/flags_params_train1_0_186.flags
Saved: /lus/eagle/projects/marP_TB_VLS/WC/williamhconrad4/OpenVS-main/experiments/E3L_6DO3/screening/inputs/train1set/E3L_6DO3_train1_chunk50/tar_params_train1_0_187.tar
Saved: /lus/eagle/projects/marP_TB_VLS/WC/williamhconrad4/OpenVS-main/experiments/E3L_6DO3/screening/inputs/train1set/E3L_6DO3_train1_chunk50/ligands_list_train1_0_187.txt
Saved: /lus/eagle/projects/marP_TB_VLS/WC/williamhconrad4/OpenVS-main/experiments/E3L_6DO3/screening/inputs/train1set/E3L_6DO3_train1_chunk50/flags_params_train1_0_187.flags
Saved: /lus/eagle/projects/marP_TB_VLS/WC/williamhconrad4/OpenVS-main/experiments/E3L_6DO3/screening/inputs/train1set/E3L_6DO3_train1_chunk50/tar_params_train1_0_188.tar
Saved: /lus/eagle/projects/marP_TB_VLS/WC/williamhconrad4/OpenVS-main/experiments/E3L_6DO3/screening/inputs/train1set/E3L_6DO3_train1_chunk50/ligands_list_train1_0_188.txt
Saved: /lus/eagle/projects/marP_TB_VLS/WC/williamhconrad4/OpenVS-main/experiments/E3L_6DO3/screening/inputs/train1set/E3L_6DO3_train1_chunk50/flags_params_train1_0_188.flags
Saved: /lus/eagle/projects/marP_TB_VLS/WC/williamhconrad4/OpenVS-main/experiments/E3L_6DO3/screening/inputs/train1set/E3L_6DO3_train1_chunk50/tar_params_train1_0_189.tar
Saved: /lus/eagle/projects/marP_TB_VLS/WC/williamhconrad4/OpenVS-main/experiments/E3L_6DO3/screening/inputs/train1set/E3L_6DO3_train1_chunk50/ligands_list_train1_0_189.txt
Saved: /lus/eagle/projects/marP_TB_VLS/WC/williamhconrad4/OpenVS-main/experiments/E3L_6DO3/screening/inputs/train1set/E3L_6DO3_train1_chunk50/flags_params_train1_0_189.flags
Saved: /lus/eagle/projects/marP_TB_VLS/WC/williamhconrad4/OpenVS-main/experiments/E3L_6DO3/screening/inputs/train1set/E3L_6DO3_train1_chunk50/tar_params_train1_0_190.tar
Saved: /lus/eagle/projects/marP_TB_VLS/WC/williamhconrad4/OpenVS-main/experiments/E3L_6DO3/screening/inputs/train1set/E3L_6DO3_train1_chunk50/ligands_list_train1_0_190.txt
Saved: /lus/eagle/projects/marP_TB_VLS/WC/williamhconrad4/OpenVS-main/experiments/E3L_6DO3/screening/inputs/train1set/E3L_6DO3_train1_chunk50/flags_params_train1_0_190.flags
Saved: /lus/eagle/projects/marP_TB_VLS/WC/williamhconrad4/OpenVS-main/experiments/E3L_6DO3/screening/inputs/train1set/E3L_6DO3_train1_chunk50/tar_params_train1_0_191.tar
Saved: /lus/eagle/projects/marP_TB_VLS/WC/williamhconrad4/OpenVS-main/experiments/E3L_6DO3/screening/inputs/train1set/E3L_6DO3_train1_chunk50/ligands_list_train1_0_191.txt
Saved: /lus/eagle/projects/marP_TB_VLS/WC/williamhconrad4/OpenVS-main/experiments/E3L_6DO3/screening/inputs/train1set/E3L_6DO3_train1_chunk50/flags_params_train1_0_191.flags
Saved: /lus/eagle/projects/marP_TB_VLS/WC/williamhconrad4/OpenVS-main/experiments/E3L_6DO3/screening/inputs/train1set/E3L_6DO3_train1_chunk50/tar_params_train1_0_192.tar
Saved: /lus/eagle/projects/marP_TB_VLS/WC/williamhconrad4/OpenVS-main/experiments/E3L_6DO3/screening/inputs/train1set/E3L_6DO3_train1_chunk50/ligands_list_train1_0_192.txt
Saved: /lus/eagle/projects/marP_TB_VLS/WC/williamhconrad4/OpenVS-main/experiments/E3L_6DO3/screening/inputs/train1set/E3L_6DO3_train1_chunk50/flags_params_train1_0_192.flags
Saved: /lus/eagle/projects/marP_TB_VLS/WC/williamhconrad4/OpenVS-main/experiments/E3L_6DO3/screening/inputs/train1set/E3L_6DO3_train1_chunk50/tar_params_train1_0_193.tar
Saved: /lus/eagle/projects/marP_TB_VLS/WC/williamhconrad4/OpenVS-main/experiments/E3L_6DO3/screening/inputs/train1set/E3L_6DO3_train1_chunk50/ligands_list_train1_0_193.txt
Saved: /lus/eagle/projects/marP_TB_VLS/WC/williamhconrad4/OpenVS-main/experiments/E3L_6DO3/screening/inputs/train1set/E3L_6DO3_train1_chunk50/flags_params_train1_0_193.flags
Saved: /lus/eagle/projects/marP_TB_VLS/WC/williamhconrad4/OpenVS-main/experiments/E3L_6DO3/screening/inputs/train1set/E3L_6DO3_train1_chunk50/tar_params_train1_0_194.tar
Saved: /lus/eagle/projects/marP_TB_VLS/WC/williamhconrad4/OpenVS-main/experiments/E3L_6DO3/screening/inputs/train1set/E3L_6DO3_train1_chunk50/ligands_list_train1_0_194.txt
Saved: /lus/eagle/projects/marP_TB_VLS/WC/williamhconrad4/OpenVS-main/experiments/E3L_6DO3/screening/inputs/train1set/E3L_6DO3_train1_chunk50/flags_params_train1_0_194.flags
Saved: /lus/eagle/projects/marP_TB_VLS/WC/williamhconrad4/OpenVS-main/experiments/E3L_6DO3/screening/inputs/train1set/E3L_6DO3_train1_chunk50/tar_params_train1_0_195.tar
Saved: /lus/eagle/projects/marP_TB_VLS/WC/williamhconrad4/OpenVS-main/experiments/E3L_6DO3/screening/inputs/train1set/E3L_6DO3_train1_chunk50/ligands_list_train1_0_195.txt
Saved: /lus/eagle/projects/marP_TB_VLS/WC/williamhconrad4/OpenVS-main/experiments/E3L_6DO3/screening/inputs/train1set/E3L_6DO3_train1_chunk50/flags_params_train1_0_195.flags
Saved: /lus/eagle/projects/marP_TB_VLS/WC/williamhconrad4/OpenVS-main/experiments/E3L_6DO3/screening/inputs/train1set/E3L_6DO3_train1_chunk50/tar_params_train1_0_196.tar
Saved: /lus/eagle/projects/marP_TB_VLS/WC/williamhconrad4/OpenVS-main/experiments/E3L_6DO3/screening/inputs/train1set/E3L_6DO3_train1_chunk50/ligands_list_train1_0_196.txt
Saved: /lus/eagle/projects/marP_TB_VLS/WC/williamhconrad4/OpenVS-main/experiments/E3L_6DO3/screening/inputs/train1set/E3L_6DO3_train1_chunk50/flags_params_train1_0_196.flags
Saved: /lus/eagle/projects/marP_TB_VLS/WC/williamhconrad4/OpenVS-main/experiments/E3L_6DO3/screening/inputs/train1set/E3L_6DO3_train1_chunk50/tar_params_train1_0_197.tar
Saved: /lus/eagle/projects/marP_TB_VLS/WC/williamhconrad4/OpenVS-main/experiments/E3L_6DO3/screening/inputs/train1set/E3L_6DO3_train1_chunk50/ligands_list_train1_0_197.txt
Saved: /lus/eagle/projects/marP_TB_VLS/WC/williamhconrad4/OpenVS-main/experiments/E3L_6DO3/screening/inputs/train1set/E3L_6DO3_train1_chunk50/flags_params_train1_0_197.flags
Saved: /lus/eagle/projects/marP_TB_VLS/WC/williamhconrad4/OpenVS-main/experiments/E3L_6DO3/screening/inputs/train1set/E3L_6DO3_train1_chunk50/tar_params_train1_0_198.tar
Saved: /lus/eagle/projects/marP_TB_VLS/WC/williamhconrad4/OpenVS-main/experiments/E3L_6DO3/screening/inputs/train1set/E3L_6DO3_train1_chunk50/ligands_list_train1_0_198.txt
Saved: /lus/eagle/projects/marP_TB_VLS/WC/williamhconrad4/OpenVS-main/experiments/E3L_6DO3/screening/inputs/train1set/E3L_6DO3_train1_chunk50/flags_params_train1_0_198.flags
Saved: /lus/eagle/projects/marP_TB_VLS/WC/williamhconrad4/OpenVS-main/experiments/E3L_6DO3/screening/inputs/train1set/E3L_6DO3_train1_chunk50/tar_params_train1_0_199.tar
Saved: /lus/eagle/projects/marP_TB_VLS/WC/williamhconrad4/OpenVS-main/experiments/E3L_6DO3/screening/inputs/train1set/E3L_6DO3_train1_chunk50/ligands_list_train1_0_199.txt
Saved: /lus/eagle/projects/marP_TB_VLS/WC/williamhconrad4/OpenVS-main/experiments/E3L_6DO3/screening/inputs/train1set/E3L_6DO3_train1_chunk50/flags_params_train1_0_199.flags
Saved: /lus/eagle/projects/marP_TB_VLS/WC/williamhconrad4/OpenVS-main/experiments/E3L_6DO3/screening/inputs/train1set/E3L_6DO3_train1_chunk50/tar_params_train1_0_200.tar
Saved: /lus/eagle/projects/marP_TB_VLS/WC/williamhconrad4/OpenVS-main/experiments/E3L_6DO3/screening/inputs/train1set/E3L_6DO3_train1_chunk50/ligands_list_train1_0_200.txt
Saved: /lus/eagle/projects/marP_TB_VLS/WC/williamhconrad4/OpenVS-main/experiments/E3L_6DO3/screening/inputs/train1set/E3L_6DO3_train1_chunk50/flags_params_train1_0_200.flags
Saved: /lus/eagle/projects/marP_TB_VLS/WC/williamhconrad4/OpenVS-main/experiments/E3L_6DO3/screening/inputs/train1set/E3L_6DO3_train1_chunk50/tar_params_train1_0_201.tar
Saved: /lus/eagle/projects/marP_TB_VLS/WC/williamhconrad4/OpenVS-main/experiments/E3L_6DO3/screening/inputs/train1set/E3L_6DO3_train1_chunk50/ligands_list_train1_0_201.txt
Saved: /lus/eagle/projects/marP_TB_VLS/WC/williamhconrad4/OpenVS-main/experiments/E3L_6DO3/screening/inputs/train1set/E3L_6DO3_train1_chunk50/flags_params_train1_0_201.flags
Saved: /lus/eagle/projects/marP_TB_VLS/WC/williamhconrad4/OpenVS-main/experiments/E3L_6DO3/screening/inputs/train1set/E3L_6DO3_train1_chunk50/tar_params_train1_0_202.tar
Saved: /lus/eagle/projects/marP_TB_VLS/WC/williamhconrad4/OpenVS-main/experiments/E3L_6DO3/screening/inputs/train1set/E3L_6DO3_train1_chunk50/ligands_list_train1_0_202.txt
Saved: /lus/eagle/projects/marP_TB_VLS/WC/williamhconrad4/OpenVS-main/experiments/E3L_6DO3/screening/inputs/train1set/E3L_6DO3_train1_chunk50/flags_params_train1_0_202.flags
Saved: /lus/eagle/projects/marP_TB_VLS/WC/williamhconrad4/OpenVS-main/experiments/E3L_6DO3/screening/inputs/train1set/E3L_6DO3_train1_chunk50/tar_params_train1_0_203.tar
Saved: /lus/eagle/projects/marP_TB_VLS/WC/williamhconrad4/OpenVS-main/experiments/E3L_6DO3/screening/inputs/train1set/E3L_6DO3_train1_chunk50/ligands_list_train1_0_203.txt
Saved: /lus/eagle/projects/marP_TB_VLS/WC/williamhconrad4/OpenVS-main/experiments/E3L_6DO3/screening/inputs/train1set/E3L_6DO3_train1_chunk50/flags_params_train1_0_203.flags
Saved: /lus/eagle/projects/marP_TB_VLS/WC/williamhconrad4/OpenVS-main/experiments/E3L_6DO3/screening/inputs/train1set/E3L_6DO3_train1_chunk50/tar_params_train1_0_204.tar
Saved: /lus/eagle/projects/marP_TB_VLS/WC/williamhconrad4/OpenVS-main/experiments/E3L_6DO3/screening/inputs/train1set/E3L_6DO3_train1_chunk50/ligands_list_train1_0_204.txt
Saved: /lus/eagle/projects/marP_TB_VLS/WC/williamhconrad4/OpenVS-main/experiments/E3L_6DO3/screening/inputs/train1set/E3L_6DO3_train1_chunk50/flags_params_train1_0_204.flags
Saved: /lus/eagle/projects/marP_TB_VLS/WC/williamhconrad4/OpenVS-main/experiments/E3L_6DO3/screening/inputs/train1set/E3L_6DO3_train1_chunk50/tar_params_train1_0_205.tar
Saved: /lus/eagle/projects/marP_TB_VLS/WC/williamhconrad4/OpenVS-main/experiments/E3L_6DO3/screening/inputs/train1set/E3L_6DO3_train1_chunk50/ligands_list_train1_0_205.txt
Saved: /lus/eagle/projects/marP_TB_VLS/WC/williamhconrad4/OpenVS-main/experiments/E3L_6DO3/screening/inputs/train1set/E3L_6DO3_train1_chunk50/flags_params_train1_0_205.flags
Saved: /lus/eagle/projects/marP_TB_VLS/WC/williamhconrad4/OpenVS-main/experiments/E3L_6DO3/screening/inputs/train1set/E3L_6DO3_train1_chunk50/tar_params_train1_0_206.tar
Saved: /lus/eagle/projects/marP_TB_VLS/WC/williamhconrad4/OpenVS-main/experiments/E3L_6DO3/screening/inputs/train1set/E3L_6DO3_train1_chunk50/ligands_list_train1_0_206.txt
Saved: /lus/eagle/projects/marP_TB_VLS/WC/williamhconrad4/OpenVS-main/experiments/E3L_6DO3/screening/inputs/train1set/E3L_6DO3_train1_chunk50/flags_params_train1_0_206.flags
Saved: /lus/eagle/projects/marP_TB_VLS/WC/williamhconrad4/OpenVS-main/experiments/E3L_6DO3/screening/inputs/train1set/E3L_6DO3_train1_chunk50/tar_params_train1_0_207.tar
Saved: /lus/eagle/projects/marP_TB_VLS/WC/williamhconrad4/OpenVS-main/experiments/E3L_6DO3/screening/inputs/train1set/E3L_6DO3_train1_chunk50/ligands_list_train1_0_207.txt
Saved: /lus/eagle/projects/marP_TB_VLS/WC/williamhconrad4/OpenVS-main/experiments/E3L_6DO3/screening/inputs/train1set/E3L_6DO3_train1_chunk50/flags_params_train1_0_207.flags
Saved: /lus/eagle/projects/marP_TB_VLS/WC/williamhconrad4/OpenVS-main/experiments/E3L_6DO3/screening/inputs/train1set/E3L_6DO3_train1_chunk50/tar_params_train1_0_208.tar
Saved: /lus/eagle/projects/marP_TB_VLS/WC/williamhconrad4/OpenVS-main/experiments/E3L_6DO3/screening/inputs/train1set/E3L_6DO3_train1_chunk50/ligands_list_train1_0_208.txt
Saved: /lus/eagle/projects/marP_TB_VLS/WC/williamhconrad4/OpenVS-main/experiments/E3L_6DO3/screening/inputs/train1set/E3L_6DO3_train1_chunk50/flags_params_train1_0_208.flags
Saved: /lus/eagle/projects/marP_TB_VLS/WC/williamhconrad4/OpenVS-main/experiments/E3L_6DO3/screening/inputs/train1set/E3L_6DO3_train1_chunk50/tar_params_train1_0_209.tar
Saved: /lus/eagle/projects/marP_TB_VLS/WC/williamhconrad4/OpenVS-main/experiments/E3L_6DO3/screening/inputs/train1set/E3L_6DO3_train1_chunk50/ligands_list_train1_0_209.txt
Saved: /lus/eagle/projects/marP_TB_VLS/WC/williamhconrad4/OpenVS-main/experiments/E3L_6DO3/screening/inputs/train1set/E3L_6DO3_train1_chunk50/flags_params_train1_0_209.flags
Saved: /lus/eagle/projects/marP_TB_VLS/WC/williamhconrad4/OpenVS-main/experiments/E3L_6DO3/screening/inputs/train1set/E3L_6DO3_train1_chunk50/tar_params_train1_0_210.tar
Saved: /lus/eagle/projects/marP_TB_VLS/WC/williamhconrad4/OpenVS-main/experiments/E3L_6DO3/screening/inputs/train1set/E3L_6DO3_train1_chunk50/ligands_list_train1_0_210.txt
Saved: /lus/eagle/projects/marP_TB_VLS/WC/williamhconrad4/OpenVS-main/experiments/E3L_6DO3/screening/inputs/train1set/E3L_6DO3_train1_chunk50/flags_params_train1_0_210.flags
Saved: /lus/eagle/projects/marP_TB_VLS/WC/williamhconrad4/OpenVS-main/experiments/E3L_6DO3/screening/inputs/train1set/E3L_6DO3_train1_chunk50/tar_params_train1_0_211.tar
Saved: /lus/eagle/projects/marP_TB_VLS/WC/williamhconrad4/OpenVS-main/experiments/E3L_6DO3/screening/inputs/train1set/E3L_6DO3_train1_chunk50/ligands_list_train1_0_211.txt
Saved: /lus/eagle/projects/marP_TB_VLS/WC/williamhconrad4/OpenVS-main/experiments/E3L_6DO3/screening/inputs/train1set/E3L_6DO3_train1_chunk50/flags_params_train1_0_211.flags
Saved: /lus/eagle/projects/marP_TB_VLS/WC/williamhconrad4/OpenVS-main/experiments/E3L_6DO3/screening/inputs/train1set/E3L_6DO3_train1_chunk50/tar_params_train1_0_212.tar
Saved: /lus/eagle/projects/marP_TB_VLS/WC/williamhconrad4/OpenVS-main/experiments/E3L_6DO3/screening/inputs/train1set/E3L_6DO3_train1_chunk50/ligands_list_train1_0_212.txt
Saved: /lus/eagle/projects/marP_TB_VLS/WC/williamhconrad4/OpenVS-main/experiments/E3L_6DO3/screening/inputs/train1set/E3L_6DO3_train1_chunk50/flags_params_train1_0_212.flags
Saved: /lus/eagle/projects/marP_TB_VLS/WC/williamhconrad4/OpenVS-main/experiments/E3L_6DO3/screening/inputs/train1set/E3L_6DO3_train1_chunk50/tar_params_train1_0_213.tar
Saved: /lus/eagle/projects/marP_TB_VLS/WC/williamhconrad4/OpenVS-main/experiments/E3L_6DO3/screening/inputs/train1set/E3L_6DO3_train1_chunk50/ligands_list_train1_0_213.txt
Saved: /lus/eagle/projects/marP_TB_VLS/WC/williamhconrad4/OpenVS-main/experiments/E3L_6DO3/screening/inputs/train1set/E3L_6DO3_train1_chunk50/flags_params_train1_0_213.flags
Saved: /lus/eagle/projects/marP_TB_VLS/WC/williamhconrad4/OpenVS-main/experiments/E3L_6DO3/screening/inputs/train1set/E3L_6DO3_train1_chunk50/tar_params_train1_0_214.tar
Saved: /lus/eagle/projects/marP_TB_VLS/WC/williamhconrad4/OpenVS-main/experiments/E3L_6DO3/screening/inputs/train1set/E3L_6DO3_train1_chunk50/ligands_list_train1_0_214.txt
Saved: /lus/eagle/projects/marP_TB_VLS/WC/williamhconrad4/OpenVS-main/experiments/E3L_6DO3/screening/inputs/train1set/E3L_6DO3_train1_chunk50/flags_params_train1_0_214.flags
Saved: /lus/eagle/projects/marP_TB_VLS/WC/williamhconrad4/OpenVS-main/experiments/E3L_6DO3/screening/inputs/train1set/E3L_6DO3_train1_chunk50/tar_params_train1_0_215.tar
Saved: /lus/eagle/projects/marP_TB_VLS/WC/williamhconrad4/OpenVS-main/experiments/E3L_6DO3/screening/inputs/train1set/E3L_6DO3_train1_chunk50/ligands_list_train1_0_215.txt
Saved: /lus/eagle/projects/marP_TB_VLS/WC/williamhconrad4/OpenVS-main/experiments/E3L_6DO3/screening/inputs/train1set/E3L_6DO3_train1_chunk50/flags_params_train1_0_215.flags
Saved: /lus/eagle/projects/marP_TB_VLS/WC/williamhconrad4/OpenVS-main/experiments/E3L_6DO3/screening/inputs/train1set/E3L_6DO3_train1_chunk50/tar_params_train1_0_216.tar
Saved: /lus/eagle/projects/marP_TB_VLS/WC/williamhconrad4/OpenVS-main/experiments/E3L_6DO3/screening/inputs/train1set/E3L_6DO3_train1_chunk50/ligands_list_train1_0_216.txt
Saved: /lus/eagle/projects/marP_TB_VLS/WC/williamhconrad4/OpenVS-main/experiments/E3L_6DO3/screening/inputs/train1set/E3L_6DO3_train1_chunk50/flags_params_train1_0_216.flags
Saved: /lus/eagle/projects/marP_TB_VLS/WC/williamhconrad4/OpenVS-main/experiments/E3L_6DO3/screening/inputs/train1set/E3L_6DO3_train1_chunk50/tar_params_train1_0_217.tar
Saved: /lus/eagle/projects/marP_TB_VLS/WC/williamhconrad4/OpenVS-main/experiments/E3L_6DO3/screening/inputs/train1set/E3L_6DO3_train1_chunk50/ligands_list_train1_0_217.txt
Saved: /lus/eagle/projects/marP_TB_VLS/WC/williamhconrad4/OpenVS-main/experiments/E3L_6DO3/screening/inputs/train1set/E3L_6DO3_train1_chunk50/flags_params_train1_0_217.flags
Saved: /lus/eagle/projects/marP_TB_VLS/WC/williamhconrad4/OpenVS-main/experiments/E3L_6DO3/screening/inputs/train1set/E3L_6DO3_train1_chunk50/tar_params_train1_0_218.tar
Saved: /lus/eagle/projects/marP_TB_VLS/WC/williamhconrad4/OpenVS-main/experiments/E3L_6DO3/screening/inputs/train1set/E3L_6DO3_train1_chunk50/ligands_list_train1_0_218.txt
Saved: /lus/eagle/projects/marP_TB_VLS/WC/williamhconrad4/OpenVS-main/experiments/E3L_6DO3/screening/inputs/train1set/E3L_6DO3_train1_chunk50/flags_params_train1_0_218.flags
Saved: /lus/eagle/projects/marP_TB_VLS/WC/williamhconrad4/OpenVS-main/experiments/E3L_6DO3/screening/inputs/train1set/E3L_6DO3_train1_chunk50/tar_params_train1_0_219.tar
Saved: /lus/eagle/projects/marP_TB_VLS/WC/williamhconrad4/OpenVS-main/experiments/E3L_6DO3/screening/inputs/train1set/E3L_6DO3_train1_chunk50/ligands_list_train1_0_219.txt
Saved: /lus/eagle/projects/marP_TB_VLS/WC/williamhconrad4/OpenVS-main/experiments/E3L_6DO3/screening/inputs/train1set/E3L_6DO3_train1_chunk50/flags_params_train1_0_219.flags
Saved: /lus/eagle/projects/marP_TB_VLS/WC/williamhconrad4/OpenVS-main/experiments/E3L_6DO3/screening/inputs/train1set/E3L_6DO3_train1_chunk50/tar_params_train1_0_220.tar
Saved: /lus/eagle/projects/marP_TB_VLS/WC/williamhconrad4/OpenVS-main/experiments/E3L_6DO3/screening/inputs/train1set/E3L_6DO3_train1_chunk50/ligands_list_train1_0_220.txt
Saved: /lus/eagle/projects/marP_TB_VLS/WC/williamhconrad4/OpenVS-main/experiments/E3L_6DO3/screening/inputs/train1set/E3L_6DO3_train1_chunk50/flags_params_train1_0_220.flags
Saved: /lus/eagle/projects/marP_TB_VLS/WC/williamhconrad4/OpenVS-main/experiments/E3L_6DO3/screening/inputs/train1set/E3L_6DO3_train1_chunk50/tar_params_train1_0_221.tar
Saved: /lus/eagle/projects/marP_TB_VLS/WC/williamhconrad4/OpenVS-main/experiments/E3L_6DO3/screening/inputs/train1set/E3L_6DO3_train1_chunk50/ligands_list_train1_0_221.txt
Saved: /lus/eagle/projects/marP_TB_VLS/WC/williamhconrad4/OpenVS-main/experiments/E3L_6DO3/screening/inputs/train1set/E3L_6DO3_train1_chunk50/flags_params_train1_0_221.flags
Saved: /lus/eagle/projects/marP_TB_VLS/WC/williamhconrad4/OpenVS-main/experiments/E3L_6DO3/screening/inputs/train1set/E3L_6DO3_train1_chunk50/tar_params_train1_0_222.tar
Saved: /lus/eagle/projects/marP_TB_VLS/WC/williamhconrad4/OpenVS-main/experiments/E3L_6DO3/screening/inputs/train1set/E3L_6DO3_train1_chunk50/ligands_list_train1_0_222.txt
Saved: /lus/eagle/projects/marP_TB_VLS/WC/williamhconrad4/OpenVS-main/experiments/E3L_6DO3/screening/inputs/train1set/E3L_6DO3_train1_chunk50/flags_params_train1_0_222.flags
Saved: /lus/eagle/projects/marP_TB_VLS/WC/williamhconrad4/OpenVS-main/experiments/E3L_6DO3/screening/inputs/train1set/E3L_6DO3_train1_chunk50/tar_params_train1_0_223.tar
Saved: /lus/eagle/projects/marP_TB_VLS/WC/williamhconrad4/OpenVS-main/experiments/E3L_6DO3/screening/inputs/train1set/E3L_6DO3_train1_chunk50/ligands_list_train1_0_223.txt
Saved: /lus/eagle/projects/marP_TB_VLS/WC/williamhconrad4/OpenVS-main/experiments/E3L_6DO3/screening/inputs/train1set/E3L_6DO3_train1_chunk50/flags_params_train1_0_223.flags
Saved: /lus/eagle/projects/marP_TB_VLS/WC/williamhconrad4/OpenVS-main/experiments/E3L_6DO3/screening/inputs/train1set/E3L_6DO3_train1_chunk50/tar_params_train1_0_224.tar
Saved: /lus/eagle/projects/marP_TB_VLS/WC/williamhconrad4/OpenVS-main/experiments/E3L_6DO3/screening/inputs/train1set/E3L_6DO3_train1_chunk50/ligands_list_train1_0_224.txt
Saved: /lus/eagle/projects/marP_TB_VLS/WC/williamhconrad4/OpenVS-main/experiments/E3L_6DO3/screening/inputs/train1set/E3L_6DO3_train1_chunk50/flags_params_train1_0_224.flags
Saved: /lus/eagle/projects/marP_TB_VLS/WC/williamhconrad4/OpenVS-main/experiments/E3L_6DO3/screening/inputs/train1set/E3L_6DO3_train1_chunk50/tar_params_train1_0_225.tar
Saved: /lus/eagle/projects/marP_TB_VLS/WC/williamhconrad4/OpenVS-main/experiments/E3L_6DO3/screening/inputs/train1set/E3L_6DO3_train1_chunk50/ligands_list_train1_0_225.txt
Saved: /lus/eagle/projects/marP_TB_VLS/WC/williamhconrad4/OpenVS-main/experiments/E3L_6DO3/screening/inputs/train1set/E3L_6DO3_train1_chunk50/flags_params_train1_0_225.flags
Saved: /lus/eagle/projects/marP_TB_VLS/WC/williamhconrad4/OpenVS-main/experiments/E3L_6DO3/screening/inputs/train1set/E3L_6DO3_train1_chunk50/tar_params_train1_0_226.tar
Saved: /lus/eagle/projects/marP_TB_VLS/WC/williamhconrad4/OpenVS-main/experiments/E3L_6DO3/screening/inputs/train1set/E3L_6DO3_train1_chunk50/ligands_list_train1_0_226.txt
Saved: /lus/eagle/projects/marP_TB_VLS/WC/williamhconrad4/OpenVS-main/experiments/E3L_6DO3/screening/inputs/train1set/E3L_6DO3_train1_chunk50/flags_params_train1_0_226.flags
Saved: /lus/eagle/projects/marP_TB_VLS/WC/williamhconrad4/OpenVS-main/experiments/E3L_6DO3/screening/inputs/train1set/E3L_6DO3_train1_chunk50/tar_params_train1_0_227.tar
Saved: /lus/eagle/projects/marP_TB_VLS/WC/williamhconrad4/OpenVS-main/experiments/E3L_6DO3/screening/inputs/train1set/E3L_6DO3_train1_chunk50/ligands_list_train1_0_227.txt
Saved: /lus/eagle/projects/marP_TB_VLS/WC/williamhconrad4/OpenVS-main/experiments/E3L_6DO3/screening/inputs/train1set/E3L_6DO3_train1_chunk50/flags_params_train1_0_227.flags
Saved: /lus/eagle/projects/marP_TB_VLS/WC/williamhconrad4/OpenVS-main/experiments/E3L_6DO3/screening/inputs/train1set/E3L_6DO3_train1_chunk50/tar_params_train1_0_228.tar
Saved: /lus/eagle/projects/marP_TB_VLS/WC/williamhconrad4/OpenVS-main/experiments/E3L_6DO3/screening/inputs/train1set/E3L_6DO3_train1_chunk50/ligands_list_train1_0_228.txt
Saved: /lus/eagle/projects/marP_TB_VLS/WC/williamhconrad4/OpenVS-main/experiments/E3L_6DO3/screening/inputs/train1set/E3L_6DO3_train1_chunk50/flags_params_train1_0_228.flags
Saved: /lus/eagle/projects/marP_TB_VLS/WC/williamhconrad4/OpenVS-main/experiments/E3L_6DO3/screening/inputs/train1set/E3L_6DO3_train1_chunk50/tar_params_train1_0_229.tar
Saved: /lus/eagle/projects/marP_TB_VLS/WC/williamhconrad4/OpenVS-main/experiments/E3L_6DO3/screening/inputs/train1set/E3L_6DO3_train1_chunk50/ligands_list_train1_0_229.txt
Saved: /lus/eagle/projects/marP_TB_VLS/WC/williamhconrad4/OpenVS-main/experiments/E3L_6DO3/screening/inputs/train1set/E3L_6DO3_train1_chunk50/flags_params_train1_0_229.flags
Saved: /lus/eagle/projects/marP_TB_VLS/WC/williamhconrad4/OpenVS-main/experiments/E3L_6DO3/screening/inputs/train1set/E3L_6DO3_train1_chunk50/tar_params_train1_0_230.tar
Saved: /lus/eagle/projects/marP_TB_VLS/WC/williamhconrad4/OpenVS-main/experiments/E3L_6DO3/screening/inputs/train1set/E3L_6DO3_train1_chunk50/ligands_list_train1_0_230.txt
Saved: /lus/eagle/projects/marP_TB_VLS/WC/williamhconrad4/OpenVS-main/experiments/E3L_6DO3/screening/inputs/train1set/E3L_6DO3_train1_chunk50/flags_params_train1_0_230.flags
Saved: /lus/eagle/projects/marP_TB_VLS/WC/williamhconrad4/OpenVS-main/experiments/E3L_6DO3/screening/inputs/train1set/E3L_6DO3_train1_chunk50/tar_params_train1_0_231.tar
Saved: /lus/eagle/projects/marP_TB_VLS/WC/williamhconrad4/OpenVS-main/experiments/E3L_6DO3/screening/inputs/train1set/E3L_6DO3_train1_chunk50/ligands_list_train1_0_231.txt
Saved: /lus/eagle/projects/marP_TB_VLS/WC/williamhconrad4/OpenVS-main/experiments/E3L_6DO3/screening/inputs/train1set/E3L_6DO3_train1_chunk50/flags_params_train1_0_231.flags
Saved: /lus/eagle/projects/marP_TB_VLS/WC/williamhconrad4/OpenVS-main/experiments/E3L_6DO3/screening/inputs/train1set/E3L_6DO3_train1_chunk50/tar_params_train1_0_232.tar
Saved: /lus/eagle/projects/marP_TB_VLS/WC/williamhconrad4/OpenVS-main/experiments/E3L_6DO3/screening/inputs/train1set/E3L_6DO3_train1_chunk50/ligands_list_train1_0_232.txt
Saved: /lus/eagle/projects/marP_TB_VLS/WC/williamhconrad4/OpenVS-main/experiments/E3L_6DO3/screening/inputs/train1set/E3L_6DO3_train1_chunk50/flags_params_train1_0_232.flags
Saved: /lus/eagle/projects/marP_TB_VLS/WC/williamhconrad4/OpenVS-main/experiments/E3L_6DO3/screening/inputs/train1set/E3L_6DO3_train1_chunk50/tar_params_train1_0_233.tar
Saved: /lus/eagle/projects/marP_TB_VLS/WC/williamhconrad4/OpenVS-main/experiments/E3L_6DO3/screening/inputs/train1set/E3L_6DO3_train1_chunk50/ligands_list_train1_0_233.txt
Saved: /lus/eagle/projects/marP_TB_VLS/WC/williamhconrad4/OpenVS-main/experiments/E3L_6DO3/screening/inputs/train1set/E3L_6DO3_train1_chunk50/flags_params_train1_0_233.flags
Saved: /lus/eagle/projects/marP_TB_VLS/WC/williamhconrad4/OpenVS-main/experiments/E3L_6DO3/screening/inputs/train1set/E3L_6DO3_train1_chunk50/tar_params_train1_0_234.tar
Saved: /lus/eagle/projects/marP_TB_VLS/WC/williamhconrad4/OpenVS-main/experiments/E3L_6DO3/screening/inputs/train1set/E3L_6DO3_train1_chunk50/ligands_list_train1_0_234.txt
Saved: /lus/eagle/projects/marP_TB_VLS/WC/williamhconrad4/OpenVS-main/experiments/E3L_6DO3/screening/inputs/train1set/E3L_6DO3_train1_chunk50/flags_params_train1_0_234.flags
Saved: /lus/eagle/projects/marP_TB_VLS/WC/williamhconrad4/OpenVS-main/experiments/E3L_6DO3/screening/inputs/train1set/E3L_6DO3_train1_chunk50/tar_params_train1_0_235.tar
Saved: /lus/eagle/projects/marP_TB_VLS/WC/williamhconrad4/OpenVS-main/experiments/E3L_6DO3/screening/inputs/train1set/E3L_6DO3_train1_chunk50/ligands_list_train1_0_235.txt
Saved: /lus/eagle/projects/marP_TB_VLS/WC/williamhconrad4/OpenVS-main/experiments/E3L_6DO3/screening/inputs/train1set/E3L_6DO3_train1_chunk50/flags_params_train1_0_235.flags
Saved: /lus/eagle/projects/marP_TB_VLS/WC/williamhconrad4/OpenVS-main/experiments/E3L_6DO3/screening/inputs/train1set/E3L_6DO3_train1_chunk50/tar_params_train1_0_236.tar
Saved: /lus/eagle/projects/marP_TB_VLS/WC/williamhconrad4/OpenVS-main/experiments/E3L_6DO3/screening/inputs/train1set/E3L_6DO3_train1_chunk50/ligands_list_train1_0_236.txt
Saved: /lus/eagle/projects/marP_TB_VLS/WC/williamhconrad4/OpenVS-main/experiments/E3L_6DO3/screening/inputs/train1set/E3L_6DO3_train1_chunk50/flags_params_train1_0_236.flags
Saved: /lus/eagle/projects/marP_TB_VLS/WC/williamhconrad4/OpenVS-main/experiments/E3L_6DO3/screening/inputs/train1set/E3L_6DO3_train1_chunk50/tar_params_train1_0_237.tar
Saved: /lus/eagle/projects/marP_TB_VLS/WC/williamhconrad4/OpenVS-main/experiments/E3L_6DO3/screening/inputs/train1set/E3L_6DO3_train1_chunk50/ligands_list_train1_0_237.txt
Saved: /lus/eagle/projects/marP_TB_VLS/WC/williamhconrad4/OpenVS-main/experiments/E3L_6DO3/screening/inputs/train1set/E3L_6DO3_train1_chunk50/flags_params_train1_0_237.flags
Saved: /lus/eagle/projects/marP_TB_VLS/WC/williamhconrad4/OpenVS-main/experiments/E3L_6DO3/screening/inputs/train1set/E3L_6DO3_train1_chunk50/tar_params_train1_0_238.tar
Saved: /lus/eagle/projects/marP_TB_VLS/WC/williamhconrad4/OpenVS-main/experiments/E3L_6DO3/screening/inputs/train1set/E3L_6DO3_train1_chunk50/ligands_list_train1_0_238.txt
Saved: /lus/eagle/projects/marP_TB_VLS/WC/williamhconrad4/OpenVS-main/experiments/E3L_6DO3/screening/inputs/train1set/E3L_6DO3_train1_chunk50/flags_params_train1_0_238.flags
Saved: /lus/eagle/projects/marP_TB_VLS/WC/williamhconrad4/OpenVS-main/experiments/E3L_6DO3/screening/inputs/train1set/E3L_6DO3_train1_chunk50/tar_params_train1_0_239.tar
Saved: /lus/eagle/projects/marP_TB_VLS/WC/williamhconrad4/OpenVS-main/experiments/E3L_6DO3/screening/inputs/train1set/E3L_6DO3_train1_chunk50/ligands_list_train1_0_239.txt
Saved: /lus/eagle/projects/marP_TB_VLS/WC/williamhconrad4/OpenVS-main/experiments/E3L_6DO3/screening/inputs/train1set/E3L_6DO3_train1_chunk50/flags_params_train1_0_239.flags
Saved: /lus/eagle/projects/marP_TB_VLS/WC/williamhconrad4/OpenVS-main/experiments/E3L_6DO3/screening/inputs/train1set/E3L_6DO3_train1_chunk50/tar_params_train1_0_240.tar
Saved: /lus/eagle/projects/marP_TB_VLS/WC/williamhconrad4/OpenVS-main/experiments/E3L_6DO3/screening/inputs/train1set/E3L_6DO3_train1_chunk50/ligands_list_train1_0_240.txt
Saved: /lus/eagle/projects/marP_TB_VLS/WC/williamhconrad4/OpenVS-main/experiments/E3L_6DO3/screening/inputs/train1set/E3L_6DO3_train1_chunk50/flags_params_train1_0_240.flags
Saved: /lus/eagle/projects/marP_TB_VLS/WC/williamhconrad4/OpenVS-main/experiments/E3L_6DO3/screening/inputs/train1set/E3L_6DO3_train1_chunk50/tar_params_train1_0_241.tar
Saved: /lus/eagle/projects/marP_TB_VLS/WC/williamhconrad4/OpenVS-main/experiments/E3L_6DO3/screening/inputs/train1set/E3L_6DO3_train1_chunk50/ligands_list_train1_0_241.txt
Saved: /lus/eagle/projects/marP_TB_VLS/WC/williamhconrad4/OpenVS-main/experiments/E3L_6DO3/screening/inputs/train1set/E3L_6DO3_train1_chunk50/flags_params_train1_0_241.flags
Saved: /lus/eagle/projects/marP_TB_VLS/WC/williamhconrad4/OpenVS-main/experiments/E3L_6DO3/screening/inputs/train1set/E3L_6DO3_train1_chunk50/tar_params_train1_0_242.tar
Saved: /lus/eagle/projects/marP_TB_VLS/WC/williamhconrad4/OpenVS-main/experiments/E3L_6DO3/screening/inputs/train1set/E3L_6DO3_train1_chunk50/ligands_list_train1_0_242.txt
Saved: /lus/eagle/projects/marP_TB_VLS/WC/williamhconrad4/OpenVS-main/experiments/E3L_6DO3/screening/inputs/train1set/E3L_6DO3_train1_chunk50/flags_params_train1_0_242.flags
Saved: /lus/eagle/projects/marP_TB_VLS/WC/williamhconrad4/OpenVS-main/experiments/E3L_6DO3/screening/inputs/train1set/E3L_6DO3_train1_chunk50/tar_params_train1_0_243.tar
Saved: /lus/eagle/projects/marP_TB_VLS/WC/williamhconrad4/OpenVS-main/experiments/E3L_6DO3/screening/inputs/train1set/E3L_6DO3_train1_chunk50/ligands_list_train1_0_243.txt
Saved: /lus/eagle/projects/marP_TB_VLS/WC/williamhconrad4/OpenVS-main/experiments/E3L_6DO3/screening/inputs/train1set/E3L_6DO3_train1_chunk50/flags_params_train1_0_243.flags
Saved: /lus/eagle/projects/marP_TB_VLS/WC/williamhconrad4/OpenVS-main/experiments/E3L_6DO3/screening/inputs/train1set/E3L_6DO3_train1_chunk50/tar_params_train1_0_244.tar
Saved: /lus/eagle/projects/marP_TB_VLS/WC/williamhconrad4/OpenVS-main/experiments/E3L_6DO3/screening/inputs/train1set/E3L_6DO3_train1_chunk50/ligands_list_train1_0_244.txt
Saved: /lus/eagle/projects/marP_TB_VLS/WC/williamhconrad4/OpenVS-main/experiments/E3L_6DO3/screening/inputs/train1set/E3L_6DO3_train1_chunk50/flags_params_train1_0_244.flags
Saved: /lus/eagle/projects/marP_TB_VLS/WC/williamhconrad4/OpenVS-main/experiments/E3L_6DO3/screening/inputs/train1set/E3L_6DO3_train1_chunk50/tar_params_train1_0_245.tar
Saved: /lus/eagle/projects/marP_TB_VLS/WC/williamhconrad4/OpenVS-main/experiments/E3L_6DO3/screening/inputs/train1set/E3L_6DO3_train1_chunk50/ligands_list_train1_0_245.txt
Saved: /lus/eagle/projects/marP_TB_VLS/WC/williamhconrad4/OpenVS-main/experiments/E3L_6DO3/screening/inputs/train1set/E3L_6DO3_train1_chunk50/flags_params_train1_0_245.flags
Saved: /lus/eagle/projects/marP_TB_VLS/WC/williamhconrad4/OpenVS-main/experiments/E3L_6DO3/screening/inputs/train1set/E3L_6DO3_train1_chunk50/tar_params_train1_0_246.tar
Saved: /lus/eagle/projects/marP_TB_VLS/WC/williamhconrad4/OpenVS-main/experiments/E3L_6DO3/screening/inputs/train1set/E3L_6DO3_train1_chunk50/ligands_list_train1_0_246.txt
Saved: /lus/eagle/projects/marP_TB_VLS/WC/williamhconrad4/OpenVS-main/experiments/E3L_6DO3/screening/inputs/train1set/E3L_6DO3_train1_chunk50/flags_params_train1_0_246.flags
Saved: /lus/eagle/projects/marP_TB_VLS/WC/williamhconrad4/OpenVS-main/experiments/E3L_6DO3/screening/inputs/train1set/E3L_6DO3_train1_chunk50/tar_params_train1_0_247.tar
Saved: /lus/eagle/projects/marP_TB_VLS/WC/williamhconrad4/OpenVS-main/experiments/E3L_6DO3/screening/inputs/train1set/E3L_6DO3_train1_chunk50/ligands_list_train1_0_247.txt
Saved: /lus/eagle/projects/marP_TB_VLS/WC/williamhconrad4/OpenVS-main/experiments/E3L_6DO3/screening/inputs/train1set/E3L_6DO3_train1_chunk50/flags_params_train1_0_247.flags
Saved: /lus/eagle/projects/marP_TB_VLS/WC/williamhconrad4/OpenVS-main/experiments/E3L_6DO3/screening/inputs/train1set/E3L_6DO3_train1_chunk50/tar_params_train1_0_248.tar
Saved: /lus/eagle/projects/marP_TB_VLS/WC/williamhconrad4/OpenVS-main/experiments/E3L_6DO3/screening/inputs/train1set/E3L_6DO3_train1_chunk50/ligands_list_train1_0_248.txt
Saved: /lus/eagle/projects/marP_TB_VLS/WC/williamhconrad4/OpenVS-main/experiments/E3L_6DO3/screening/inputs/train1set/E3L_6DO3_train1_chunk50/flags_params_train1_0_248.flags
Saved: /lus/eagle/projects/marP_TB_VLS/WC/williamhconrad4/OpenVS-main/experiments/E3L_6DO3/screening/inputs/train1set/E3L_6DO3_train1_chunk50/tar_params_train1_0_249.tar
Saved: /lus/eagle/projects/marP_TB_VLS/WC/williamhconrad4/OpenVS-main/experiments/E3L_6DO3/screening/inputs/train1set/E3L_6DO3_train1_chunk50/ligands_list_train1_0_249.txt
Saved: /lus/eagle/projects/marP_TB_VLS/WC/williamhconrad4/OpenVS-main/experiments/E3L_6DO3/screening/inputs/train1set/E3L_6DO3_train1_chunk50/flags_params_train1_0_249.flags
Saved: /lus/eagle/projects/marP_TB_VLS/WC/williamhconrad4/OpenVS-main/experiments/E3L_6DO3/screening/inputs/train1set/E3L_6DO3_train1_chunk50/tar_params_train1_0_250.tar
Saved: /lus/eagle/projects/marP_TB_VLS/WC/williamhconrad4/OpenVS-main/experiments/E3L_6DO3/screening/inputs/train1set/E3L_6DO3_train1_chunk50/ligands_list_train1_0_250.txt
Saved: /lus/eagle/projects/marP_TB_VLS/WC/williamhconrad4/OpenVS-main/experiments/E3L_6DO3/screening/inputs/train1set/E3L_6DO3_train1_chunk50/flags_params_train1_0_250.flags
Saved: /lus/eagle/projects/marP_TB_VLS/WC/williamhconrad4/OpenVS-main/experiments/E3L_6DO3/screening/inputs/train1set/E3L_6DO3_train1_chunk50/tar_params_train1_0_251.tar
Saved: /lus/eagle/projects/marP_TB_VLS/WC/williamhconrad4/OpenVS-main/experiments/E3L_6DO3/screening/inputs/train1set/E3L_6DO3_train1_chunk50/ligands_list_train1_0_251.txt
Saved: /lus/eagle/projects/marP_TB_VLS/WC/williamhconrad4/OpenVS-main/experiments/E3L_6DO3/screening/inputs/train1set/E3L_6DO3_train1_chunk50/flags_params_train1_0_251.flags
Saved: /lus/eagle/projects/marP_TB_VLS/WC/williamhconrad4/OpenVS-main/experiments/E3L_6DO3/screening/inputs/train1set/E3L_6DO3_train1_chunk50/tar_params_train1_0_252.tar
Saved: /lus/eagle/projects/marP_TB_VLS/WC/williamhconrad4/OpenVS-main/experiments/E3L_6DO3/screening/inputs/train1set/E3L_6DO3_train1_chunk50/ligands_list_train1_0_252.txt
Saved: /lus/eagle/projects/marP_TB_VLS/WC/williamhconrad4/OpenVS-main/experiments/E3L_6DO3/screening/inputs/train1set/E3L_6DO3_train1_chunk50/flags_params_train1_0_252.flags
Saved: /lus/eagle/projects/marP_TB_VLS/WC/williamhconrad4/OpenVS-main/experiments/E3L_6DO3/screening/inputs/train1set/E3L_6DO3_train1_chunk50/tar_params_train1_0_253.tar
Saved: /lus/eagle/projects/marP_TB_VLS/WC/williamhconrad4/OpenVS-main/experiments/E3L_6DO3/screening/inputs/train1set/E3L_6DO3_train1_chunk50/ligands_list_train1_0_253.txt
Saved: /lus/eagle/projects/marP_TB_VLS/WC/williamhconrad4/OpenVS-main/experiments/E3L_6DO3/screening/inputs/train1set/E3L_6DO3_train1_chunk50/flags_params_train1_0_253.flags
Saved: /lus/eagle/projects/marP_TB_VLS/WC/williamhconrad4/OpenVS-main/experiments/E3L_6DO3/screening/inputs/train1set/E3L_6DO3_train1_chunk50/tar_params_train1_0_254.tar
Saved: /lus/eagle/projects/marP_TB_VLS/WC/williamhconrad4/OpenVS-main/experiments/E3L_6DO3/screening/inputs/train1set/E3L_6DO3_train1_chunk50/ligands_list_train1_0_254.txt
Saved: /lus/eagle/projects/marP_TB_VLS/WC/williamhconrad4/OpenVS-main/experiments/E3L_6DO3/screening/inputs/train1set/E3L_6DO3_train1_chunk50/flags_params_train1_0_254.flags
Saved: /lus/eagle/projects/marP_TB_VLS/WC/williamhconrad4/OpenVS-main/experiments/E3L_6DO3/screening/inputs/train1set/E3L_6DO3_train1_chunk50/tar_params_train1_0_255.tar
Saved: /lus/eagle/projects/marP_TB_VLS/WC/williamhconrad4/OpenVS-main/experiments/E3L_6DO3/screening/inputs/train1set/E3L_6DO3_train1_chunk50/ligands_list_train1_0_255.txt
Saved: /lus/eagle/projects/marP_TB_VLS/WC/williamhconrad4/OpenVS-main/experiments/E3L_6DO3/screening/inputs/train1set/E3L_6DO3_train1_chunk50/flags_params_train1_0_255.flags
Saved: /lus/eagle/projects/marP_TB_VLS/WC/williamhconrad4/OpenVS-main/experiments/E3L_6DO3/screening/inputs/train1set/E3L_6DO3_train1_chunk50/tar_params_train1_0_256.tar
Saved: /lus/eagle/projects/marP_TB_VLS/WC/williamhconrad4/OpenVS-main/experiments/E3L_6DO3/screening/inputs/train1set/E3L_6DO3_train1_chunk50/ligands_list_train1_0_256.txt
Saved: /lus/eagle/projects/marP_TB_VLS/WC/williamhconrad4/OpenVS-main/experiments/E3L_6DO3/screening/inputs/train1set/E3L_6DO3_train1_chunk50/flags_params_train1_0_256.flags
Saved: /lus/eagle/projects/marP_TB_VLS/WC/williamhconrad4/OpenVS-main/experiments/E3L_6DO3/screening/inputs/train1set/E3L_6DO3_train1_chunk50/tar_params_train1_0_257.tar
Saved: /lus/eagle/projects/marP_TB_VLS/WC/williamhconrad4/OpenVS-main/experiments/E3L_6DO3/screening/inputs/train1set/E3L_6DO3_train1_chunk50/ligands_list_train1_0_257.txt
Saved: /lus/eagle/projects/marP_TB_VLS/WC/williamhconrad4/OpenVS-main/experiments/E3L_6DO3/screening/inputs/train1set/E3L_6DO3_train1_chunk50/flags_params_train1_0_257.flags
Saved: /lus/eagle/projects/marP_TB_VLS/WC/williamhconrad4/OpenVS-main/experiments/E3L_6DO3/screening/inputs/train1set/E3L_6DO3_train1_chunk50/tar_params_train1_0_258.tar
Saved: /lus/eagle/projects/marP_TB_VLS/WC/williamhconrad4/OpenVS-main/experiments/E3L_6DO3/screening/inputs/train1set/E3L_6DO3_train1_chunk50/ligands_list_train1_0_258.txt
Saved: /lus/eagle/projects/marP_TB_VLS/WC/williamhconrad4/OpenVS-main/experiments/E3L_6DO3/screening/inputs/train1set/E3L_6DO3_train1_chunk50/flags_params_train1_0_258.flags
Saved: /lus/eagle/projects/marP_TB_VLS/WC/williamhconrad4/OpenVS-main/experiments/E3L_6DO3/screening/inputs/train1set/E3L_6DO3_train1_chunk50/tar_params_train1_0_259.tar
Saved: /lus/eagle/projects/marP_TB_VLS/WC/williamhconrad4/OpenVS-main/experiments/E3L_6DO3/screening/inputs/train1set/E3L_6DO3_train1_chunk50/ligands_list_train1_0_259.txt
Saved: /lus/eagle/projects/marP_TB_VLS/WC/williamhconrad4/OpenVS-main/experiments/E3L_6DO3/screening/inputs/train1set/E3L_6DO3_train1_chunk50/flags_params_train1_0_259.flags
Saved: /lus/eagle/projects/marP_TB_VLS/WC/williamhconrad4/OpenVS-main/experiments/E3L_6DO3/screening/inputs/train1set/E3L_6DO3_train1_chunk50/tar_params_train1_0_260.tar
Saved: /lus/eagle/projects/marP_TB_VLS/WC/williamhconrad4/OpenVS-main/experiments/E3L_6DO3/screening/inputs/train1set/E3L_6DO3_train1_chunk50/ligands_list_train1_0_260.txt
Saved: /lus/eagle/projects/marP_TB_VLS/WC/williamhconrad4/OpenVS-main/experiments/E3L_6DO3/screening/inputs/train1set/E3L_6DO3_train1_chunk50/flags_params_train1_0_260.flags
Saved: /lus/eagle/projects/marP_TB_VLS/WC/williamhconrad4/OpenVS-main/experiments/E3L_6DO3/screening/inputs/train1set/E3L_6DO3_train1_chunk50/tar_params_train1_0_261.tar
Saved: /lus/eagle/projects/marP_TB_VLS/WC/williamhconrad4/OpenVS-main/experiments/E3L_6DO3/screening/inputs/train1set/E3L_6DO3_train1_chunk50/ligands_list_train1_0_261.txt
Saved: /lus/eagle/projects/marP_TB_VLS/WC/williamhconrad4/OpenVS-main/experiments/E3L_6DO3/screening/inputs/train1set/E3L_6DO3_train1_chunk50/flags_params_train1_0_261.flags
Saved: /lus/eagle/projects/marP_TB_VLS/WC/williamhconrad4/OpenVS-main/experiments/E3L_6DO3/screening/inputs/train1set/E3L_6DO3_train1_chunk50/tar_params_train1_0_262.tar
Saved: /lus/eagle/projects/marP_TB_VLS/WC/williamhconrad4/OpenVS-main/experiments/E3L_6DO3/screening/inputs/train1set/E3L_6DO3_train1_chunk50/ligands_list_train1_0_262.txt
Saved: /lus/eagle/projects/marP_TB_VLS/WC/williamhconrad4/OpenVS-main/experiments/E3L_6DO3/screening/inputs/train1set/E3L_6DO3_train1_chunk50/flags_params_train1_0_262.flags
Saved: /lus/eagle/projects/marP_TB_VLS/WC/williamhconrad4/OpenVS-main/experiments/E3L_6DO3/screening/inputs/train1set/E3L_6DO3_train1_chunk50/tar_params_train1_0_263.tar
Saved: /lus/eagle/projects/marP_TB_VLS/WC/williamhconrad4/OpenVS-main/experiments/E3L_6DO3/screening/inputs/train1set/E3L_6DO3_train1_chunk50/ligands_list_train1_0_263.txt
Saved: /lus/eagle/projects/marP_TB_VLS/WC/williamhconrad4/OpenVS-main/experiments/E3L_6DO3/screening/inputs/train1set/E3L_6DO3_train1_chunk50/flags_params_train1_0_263.flags
Saved: /lus/eagle/projects/marP_TB_VLS/WC/williamhconrad4/OpenVS-main/experiments/E3L_6DO3/screening/inputs/train1set/E3L_6DO3_train1_chunk50/tar_params_train1_0_264.tar
Saved: /lus/eagle/projects/marP_TB_VLS/WC/williamhconrad4/OpenVS-main/experiments/E3L_6DO3/screening/inputs/train1set/E3L_6DO3_train1_chunk50/ligands_list_train1_0_264.txt
Saved: /lus/eagle/projects/marP_TB_VLS/WC/williamhconrad4/OpenVS-main/experiments/E3L_6DO3/screening/inputs/train1set/E3L_6DO3_train1_chunk50/flags_params_train1_0_264.flags
Saved: /lus/eagle/projects/marP_TB_VLS/WC/williamhconrad4/OpenVS-main/experiments/E3L_6DO3/screening/inputs/train1set/E3L_6DO3_train1_chunk50/tar_params_train1_0_265.tar
Saved: /lus/eagle/projects/marP_TB_VLS/WC/williamhconrad4/OpenVS-main/experiments/E3L_6DO3/screening/inputs/train1set/E3L_6DO3_train1_chunk50/ligands_list_train1_0_265.txt
Saved: /lus/eagle/projects/marP_TB_VLS/WC/williamhconrad4/OpenVS-main/experiments/E3L_6DO3/screening/inputs/train1set/E3L_6DO3_train1_chunk50/flags_params_train1_0_265.flags
Saved: /lus/eagle/projects/marP_TB_VLS/WC/williamhconrad4/OpenVS-main/experiments/E3L_6DO3/screening/inputs/train1set/E3L_6DO3_train1_chunk50/tar_params_train1_0_266.tar
Saved: /lus/eagle/projects/marP_TB_VLS/WC/williamhconrad4/OpenVS-main/experiments/E3L_6DO3/screening/inputs/train1set/E3L_6DO3_train1_chunk50/ligands_list_train1_0_266.txt
Saved: /lus/eagle/projects/marP_TB_VLS/WC/williamhconrad4/OpenVS-main/experiments/E3L_6DO3/screening/inputs/train1set/E3L_6DO3_train1_chunk50/flags_params_train1_0_266.flags
Saved: /lus/eagle/projects/marP_TB_VLS/WC/williamhconrad4/OpenVS-main/experiments/E3L_6DO3/screening/inputs/train1set/E3L_6DO3_train1_chunk50/tar_params_train1_0_267.tar
Saved: /lus/eagle/projects/marP_TB_VLS/WC/williamhconrad4/OpenVS-main/experiments/E3L_6DO3/screening/inputs/train1set/E3L_6DO3_train1_chunk50/ligands_list_train1_0_267.txt
Saved: /lus/eagle/projects/marP_TB_VLS/WC/williamhconrad4/OpenVS-main/experiments/E3L_6DO3/screening/inputs/train1set/E3L_6DO3_train1_chunk50/flags_params_train1_0_267.flags
Saved: /lus/eagle/projects/marP_TB_VLS/WC/williamhconrad4/OpenVS-main/experiments/E3L_6DO3/screening/inputs/train1set/E3L_6DO3_train1_chunk50/tar_params_train1_0_268.tar
Saved: /lus/eagle/projects/marP_TB_VLS/WC/williamhconrad4/OpenVS-main/experiments/E3L_6DO3/screening/inputs/train1set/E3L_6DO3_train1_chunk50/ligands_list_train1_0_268.txt
Saved: /lus/eagle/projects/marP_TB_VLS/WC/williamhconrad4/OpenVS-main/experiments/E3L_6DO3/screening/inputs/train1set/E3L_6DO3_train1_chunk50/flags_params_train1_0_268.flags
Saved: /lus/eagle/projects/marP_TB_VLS/WC/williamhconrad4/OpenVS-main/experiments/E3L_6DO3/screening/inputs/train1set/E3L_6DO3_train1_chunk50/tar_params_train1_0_269.tar
Saved: /lus/eagle/projects/marP_TB_VLS/WC/williamhconrad4/OpenVS-main/experiments/E3L_6DO3/screening/inputs/train1set/E3L_6DO3_train1_chunk50/ligands_list_train1_0_269.txt
Saved: /lus/eagle/projects/marP_TB_VLS/WC/williamhconrad4/OpenVS-main/experiments/E3L_6DO3/screening/inputs/train1set/E3L_6DO3_train1_chunk50/flags_params_train1_0_269.flags
Saved: /lus/eagle/projects/marP_TB_VLS/WC/williamhconrad4/OpenVS-main/experiments/E3L_6DO3/screening/inputs/train1set/E3L_6DO3_train1_chunk50/tar_params_train1_0_270.tar
Saved: /lus/eagle/projects/marP_TB_VLS/WC/williamhconrad4/OpenVS-main/experiments/E3L_6DO3/screening/inputs/train1set/E3L_6DO3_train1_chunk50/ligands_list_train1_0_270.txt
Saved: /lus/eagle/projects/marP_TB_VLS/WC/williamhconrad4/OpenVS-main/experiments/E3L_6DO3/screening/inputs/train1set/E3L_6DO3_train1_chunk50/flags_params_train1_0_270.flags
Saved: /lus/eagle/projects/marP_TB_VLS/WC/williamhconrad4/OpenVS-main/experiments/E3L_6DO3/screening/inputs/train1set/E3L_6DO3_train1_chunk50/tar_params_train1_0_271.tar
Saved: /lus/eagle/projects/marP_TB_VLS/WC/williamhconrad4/OpenVS-main/experiments/E3L_6DO3/screening/inputs/train1set/E3L_6DO3_train1_chunk50/ligands_list_train1_0_271.txt
Saved: /lus/eagle/projects/marP_TB_VLS/WC/williamhconrad4/OpenVS-main/experiments/E3L_6DO3/screening/inputs/train1set/E3L_6DO3_train1_chunk50/flags_params_train1_0_271.flags
Saved: /lus/eagle/projects/marP_TB_VLS/WC/williamhconrad4/OpenVS-main/experiments/E3L_6DO3/screening/inputs/train1set/E3L_6DO3_train1_chunk50/tar_params_train1_0_272.tar
Saved: /lus/eagle/projects/marP_TB_VLS/WC/williamhconrad4/OpenVS-main/experiments/E3L_6DO3/screening/inputs/train1set/E3L_6DO3_train1_chunk50/ligands_list_train1_0_272.txt
Saved: /lus/eagle/projects/marP_TB_VLS/WC/williamhconrad4/OpenVS-main/experiments/E3L_6DO3/screening/inputs/train1set/E3L_6DO3_train1_chunk50/flags_params_train1_0_272.flags
Saved: /lus/eagle/projects/marP_TB_VLS/WC/williamhconrad4/OpenVS-main/experiments/E3L_6DO3/screening/inputs/train1set/E3L_6DO3_train1_chunk50/tar_params_train1_0_273.tar
Saved: /lus/eagle/projects/marP_TB_VLS/WC/williamhconrad4/OpenVS-main/experiments/E3L_6DO3/screening/inputs/train1set/E3L_6DO3_train1_chunk50/ligands_list_train1_0_273.txt
Saved: /lus/eagle/projects/marP_TB_VLS/WC/williamhconrad4/OpenVS-main/experiments/E3L_6DO3/screening/inputs/train1set/E3L_6DO3_train1_chunk50/flags_params_train1_0_273.flags
Saved: /lus/eagle/projects/marP_TB_VLS/WC/williamhconrad4/OpenVS-main/experiments/E3L_6DO3/screening/inputs/train1set/E3L_6DO3_train1_chunk50/tar_params_train1_0_274.tar
Saved: /lus/eagle/projects/marP_TB_VLS/WC/williamhconrad4/OpenVS-main/experiments/E3L_6DO3/screening/inputs/train1set/E3L_6DO3_train1_chunk50/ligands_list_train1_0_274.txt
Saved: /lus/eagle/projects/marP_TB_VLS/WC/williamhconrad4/OpenVS-main/experiments/E3L_6DO3/screening/inputs/train1set/E3L_6DO3_train1_chunk50/flags_params_train1_0_274.flags
Saved: /lus/eagle/projects/marP_TB_VLS/WC/williamhconrad4/OpenVS-main/experiments/E3L_6DO3/screening/inputs/train1set/E3L_6DO3_train1_chunk50/tar_params_train1_0_275.tar
Saved: /lus/eagle/projects/marP_TB_VLS/WC/williamhconrad4/OpenVS-main/experiments/E3L_6DO3/screening/inputs/train1set/E3L_6DO3_train1_chunk50/ligands_list_train1_0_275.txt
Saved: /lus/eagle/projects/marP_TB_VLS/WC/williamhconrad4/OpenVS-main/experiments/E3L_6DO3/screening/inputs/train1set/E3L_6DO3_train1_chunk50/flags_params_train1_0_275.flags
Saved: /lus/eagle/projects/marP_TB_VLS/WC/williamhconrad4/OpenVS-main/experiments/E3L_6DO3/screening/inputs/train1set/E3L_6DO3_train1_chunk50/tar_params_train1_0_276.tar
Saved: /lus/eagle/projects/marP_TB_VLS/WC/williamhconrad4/OpenVS-main/experiments/E3L_6DO3/screening/inputs/train1set/E3L_6DO3_train1_chunk50/ligands_list_train1_0_276.txt
Saved: /lus/eagle/projects/marP_TB_VLS/WC/williamhconrad4/OpenVS-main/experiments/E3L_6DO3/screening/inputs/train1set/E3L_6DO3_train1_chunk50/flags_params_train1_0_276.flags
Saved: /lus/eagle/projects/marP_TB_VLS/WC/williamhconrad4/OpenVS-main/experiments/E3L_6DO3/screening/inputs/train1set/E3L_6DO3_train1_chunk50/tar_params_train1_0_277.tar
Saved: /lus/eagle/projects/marP_TB_VLS/WC/williamhconrad4/OpenVS-main/experiments/E3L_6DO3/screening/inputs/train1set/E3L_6DO3_train1_chunk50/ligands_list_train1_0_277.txt
Saved: /lus/eagle/projects/marP_TB_VLS/WC/williamhconrad4/OpenVS-main/experiments/E3L_6DO3/screening/inputs/train1set/E3L_6DO3_train1_chunk50/flags_params_train1_0_277.flags
Saved: /lus/eagle/projects/marP_TB_VLS/WC/williamhconrad4/OpenVS-main/experiments/E3L_6DO3/screening/inputs/train1set/E3L_6DO3_train1_chunk50/tar_params_train1_0_278.tar
Saved: /lus/eagle/projects/marP_TB_VLS/WC/williamhconrad4/OpenVS-main/experiments/E3L_6DO3/screening/inputs/train1set/E3L_6DO3_train1_chunk50/ligands_list_train1_0_278.txt
Saved: /lus/eagle/projects/marP_TB_VLS/WC/williamhconrad4/OpenVS-main/experiments/E3L_6DO3/screening/inputs/train1set/E3L_6DO3_train1_chunk50/flags_params_train1_0_278.flags
Saved: /lus/eagle/projects/marP_TB_VLS/WC/williamhconrad4/OpenVS-main/experiments/E3L_6DO3/screening/inputs/train1set/E3L_6DO3_train1_chunk50/tar_params_train1_0_279.tar
Saved: /lus/eagle/projects/marP_TB_VLS/WC/williamhconrad4/OpenVS-main/experiments/E3L_6DO3/screening/inputs/train1set/E3L_6DO3_train1_chunk50/ligands_list_train1_0_279.txt
Saved: /lus/eagle/projects/marP_TB_VLS/WC/williamhconrad4/OpenVS-main/experiments/E3L_6DO3/screening/inputs/train1set/E3L_6DO3_train1_chunk50/flags_params_train1_0_279.flags
Saved: /lus/eagle/projects/marP_TB_VLS/WC/williamhconrad4/OpenVS-main/experiments/E3L_6DO3/screening/inputs/train1set/E3L_6DO3_train1_chunk50/tar_params_train1_0_280.tar
Saved: /lus/eagle/projects/marP_TB_VLS/WC/williamhconrad4/OpenVS-main/experiments/E3L_6DO3/screening/inputs/train1set/E3L_6DO3_train1_chunk50/ligands_list_train1_0_280.txt
Saved: /lus/eagle/projects/marP_TB_VLS/WC/williamhconrad4/OpenVS-main/experiments/E3L_6DO3/screening/inputs/train1set/E3L_6DO3_train1_chunk50/flags_params_train1_0_280.flags
Saved: /lus/eagle/projects/marP_TB_VLS/WC/williamhconrad4/OpenVS-main/experiments/E3L_6DO3/screening/inputs/train1set/E3L_6DO3_train1_chunk50/tar_params_train1_0_281.tar
Saved: /lus/eagle/projects/marP_TB_VLS/WC/williamhconrad4/OpenVS-main/experiments/E3L_6DO3/screening/inputs/train1set/E3L_6DO3_train1_chunk50/ligands_list_train1_0_281.txt
Saved: /lus/eagle/projects/marP_TB_VLS/WC/williamhconrad4/OpenVS-main/experiments/E3L_6DO3/screening/inputs/train1set/E3L_6DO3_train1_chunk50/flags_params_train1_0_281.flags
Saved: /lus/eagle/projects/marP_TB_VLS/WC/williamhconrad4/OpenVS-main/experiments/E3L_6DO3/screening/inputs/train1set/E3L_6DO3_train1_chunk50/tar_params_train1_0_282.tar
Saved: /lus/eagle/projects/marP_TB_VLS/WC/williamhconrad4/OpenVS-main/experiments/E3L_6DO3/screening/inputs/train1set/E3L_6DO3_train1_chunk50/ligands_list_train1_0_282.txt
Saved: /lus/eagle/projects/marP_TB_VLS/WC/williamhconrad4/OpenVS-main/experiments/E3L_6DO3/screening/inputs/train1set/E3L_6DO3_train1_chunk50/flags_params_train1_0_282.flags
Saved: /lus/eagle/projects/marP_TB_VLS/WC/williamhconrad4/OpenVS-main/experiments/E3L_6DO3/screening/inputs/train1set/E3L_6DO3_train1_chunk50/tar_params_train1_0_283.tar
Saved: /lus/eagle/projects/marP_TB_VLS/WC/williamhconrad4/OpenVS-main/experiments/E3L_6DO3/screening/inputs/train1set/E3L_6DO3_train1_chunk50/ligands_list_train1_0_283.txt
Saved: /lus/eagle/projects/marP_TB_VLS/WC/williamhconrad4/OpenVS-main/experiments/E3L_6DO3/screening/inputs/train1set/E3L_6DO3_train1_chunk50/flags_params_train1_0_283.flags
Saved: /lus/eagle/projects/marP_TB_VLS/WC/williamhconrad4/OpenVS-main/experiments/E3L_6DO3/screening/inputs/train1set/E3L_6DO3_train1_chunk50/tar_params_train1_0_284.tar
Saved: /lus/eagle/projects/marP_TB_VLS/WC/williamhconrad4/OpenVS-main/experiments/E3L_6DO3/screening/inputs/train1set/E3L_6DO3_train1_chunk50/ligands_list_train1_0_284.txt
Saved: /lus/eagle/projects/marP_TB_VLS/WC/williamhconrad4/OpenVS-main/experiments/E3L_6DO3/screening/inputs/train1set/E3L_6DO3_train1_chunk50/flags_params_train1_0_284.flags
Saved: /lus/eagle/projects/marP_TB_VLS/WC/williamhconrad4/OpenVS-main/experiments/E3L_6DO3/screening/inputs/train1set/E3L_6DO3_train1_chunk50/tar_params_train1_0_285.tar
Saved: /lus/eagle/projects/marP_TB_VLS/WC/williamhconrad4/OpenVS-main/experiments/E3L_6DO3/screening/inputs/train1set/E3L_6DO3_train1_chunk50/ligands_list_train1_0_285.txt
Saved: /lus/eagle/projects/marP_TB_VLS/WC/williamhconrad4/OpenVS-main/experiments/E3L_6DO3/screening/inputs/train1set/E3L_6DO3_train1_chunk50/flags_params_train1_0_285.flags
Saved: /lus/eagle/projects/marP_TB_VLS/WC/williamhconrad4/OpenVS-main/experiments/E3L_6DO3/screening/inputs/train1set/E3L_6DO3_train1_chunk50/tar_params_train1_0_286.tar
Saved: /lus/eagle/projects/marP_TB_VLS/WC/williamhconrad4/OpenVS-main/experiments/E3L_6DO3/screening/inputs/train1set/E3L_6DO3_train1_chunk50/ligands_list_train1_0_286.txt
Saved: /lus/eagle/projects/marP_TB_VLS/WC/williamhconrad4/OpenVS-main/experiments/E3L_6DO3/screening/inputs/train1set/E3L_6DO3_train1_chunk50/flags_params_train1_0_286.flags
Saved: /lus/eagle/projects/marP_TB_VLS/WC/williamhconrad4/OpenVS-main/experiments/E3L_6DO3/screening/inputs/train1set/E3L_6DO3_train1_chunk50/tar_params_train1_0_287.tar
Saved: /lus/eagle/projects/marP_TB_VLS/WC/williamhconrad4/OpenVS-main/experiments/E3L_6DO3/screening/inputs/train1set/E3L_6DO3_train1_chunk50/ligands_list_train1_0_287.txt
Saved: /lus/eagle/projects/marP_TB_VLS/WC/williamhconrad4/OpenVS-main/experiments/E3L_6DO3/screening/inputs/train1set/E3L_6DO3_train1_chunk50/flags_params_train1_0_287.flags
Saved: /lus/eagle/projects/marP_TB_VLS/WC/williamhconrad4/OpenVS-main/experiments/E3L_6DO3/screening/inputs/train1set/E3L_6DO3_train1_chunk50/tar_params_train1_0_288.tar
Saved: /lus/eagle/projects/marP_TB_VLS/WC/williamhconrad4/OpenVS-main/experiments/E3L_6DO3/screening/inputs/train1set/E3L_6DO3_train1_chunk50/ligands_list_train1_0_288.txt
Saved: /lus/eagle/projects/marP_TB_VLS/WC/williamhconrad4/OpenVS-main/experiments/E3L_6DO3/screening/inputs/train1set/E3L_6DO3_train1_chunk50/flags_params_train1_0_288.flags
Saved: /lus/eagle/projects/marP_TB_VLS/WC/williamhconrad4/OpenVS-main/experiments/E3L_6DO3/screening/inputs/train1set/E3L_6DO3_train1_chunk50/tar_params_train1_0_289.tar
Saved: /lus/eagle/projects/marP_TB_VLS/WC/williamhconrad4/OpenVS-main/experiments/E3L_6DO3/screening/inputs/train1set/E3L_6DO3_train1_chunk50/ligands_list_train1_0_289.txt
Saved: /lus/eagle/projects/marP_TB_VLS/WC/williamhconrad4/OpenVS-main/experiments/E3L_6DO3/screening/inputs/train1set/E3L_6DO3_train1_chunk50/flags_params_train1_0_289.flags
Saved: /lus/eagle/projects/marP_TB_VLS/WC/williamhconrad4/OpenVS-main/experiments/E3L_6DO3/screening/inputs/train1set/E3L_6DO3_train1_chunk50/tar_params_train1_0_290.tar
Saved: /lus/eagle/projects/marP_TB_VLS/WC/williamhconrad4/OpenVS-main/experiments/E3L_6DO3/screening/inputs/train1set/E3L_6DO3_train1_chunk50/ligands_list_train1_0_290.txt
Saved: /lus/eagle/projects/marP_TB_VLS/WC/williamhconrad4/OpenVS-main/experiments/E3L_6DO3/screening/inputs/train1set/E3L_6DO3_train1_chunk50/flags_params_train1_0_290.flags
Saved: /lus/eagle/projects/marP_TB_VLS/WC/williamhconrad4/OpenVS-main/experiments/E3L_6DO3/screening/inputs/train1set/E3L_6DO3_train1_chunk50/tar_params_train1_0_291.tar
Saved: /lus/eagle/projects/marP_TB_VLS/WC/williamhconrad4/OpenVS-main/experiments/E3L_6DO3/screening/inputs/train1set/E3L_6DO3_train1_chunk50/ligands_list_train1_0_291.txt
Saved: /lus/eagle/projects/marP_TB_VLS/WC/williamhconrad4/OpenVS-main/experiments/E3L_6DO3/screening/inputs/train1set/E3L_6DO3_train1_chunk50/flags_params_train1_0_291.flags
Saved: /lus/eagle/projects/marP_TB_VLS/WC/williamhconrad4/OpenVS-main/experiments/E3L_6DO3/screening/inputs/train1set/E3L_6DO3_train1_chunk50/tar_params_train1_0_292.tar
Saved: /lus/eagle/projects/marP_TB_VLS/WC/williamhconrad4/OpenVS-main/experiments/E3L_6DO3/screening/inputs/train1set/E3L_6DO3_train1_chunk50/ligands_list_train1_0_292.txt
Saved: /lus/eagle/projects/marP_TB_VLS/WC/williamhconrad4/OpenVS-main/experiments/E3L_6DO3/screening/inputs/train1set/E3L_6DO3_train1_chunk50/flags_params_train1_0_292.flags
Saved: /lus/eagle/projects/marP_TB_VLS/WC/williamhconrad4/OpenVS-main/experiments/E3L_6DO3/screening/inputs/train1set/E3L_6DO3_train1_chunk50/tar_params_train1_0_293.tar
Saved: /lus/eagle/projects/marP_TB_VLS/WC/williamhconrad4/OpenVS-main/experiments/E3L_6DO3/screening/inputs/train1set/E3L_6DO3_train1_chunk50/ligands_list_train1_0_293.txt
Saved: /lus/eagle/projects/marP_TB_VLS/WC/williamhconrad4/OpenVS-main/experiments/E3L_6DO3/screening/inputs/train1set/E3L_6DO3_train1_chunk50/flags_params_train1_0_293.flags
Saved: /lus/eagle/projects/marP_TB_VLS/WC/williamhconrad4/OpenVS-main/experiments/E3L_6DO3/screening/inputs/train1set/E3L_6DO3_train1_chunk50/tar_params_train1_0_294.tar
Saved: /lus/eagle/projects/marP_TB_VLS/WC/williamhconrad4/OpenVS-main/experiments/E3L_6DO3/screening/inputs/train1set/E3L_6DO3_train1_chunk50/ligands_list_train1_0_294.txt
Saved: /lus/eagle/projects/marP_TB_VLS/WC/williamhconrad4/OpenVS-main/experiments/E3L_6DO3/screening/inputs/train1set/E3L_6DO3_train1_chunk50/flags_params_train1_0_294.flags
Saved: /lus/eagle/projects/marP_TB_VLS/WC/williamhconrad4/OpenVS-main/experiments/E3L_6DO3/screening/inputs/train1set/E3L_6DO3_train1_chunk50/tar_params_train1_0_295.tar
Saved: /lus/eagle/projects/marP_TB_VLS/WC/williamhconrad4/OpenVS-main/experiments/E3L_6DO3/screening/inputs/train1set/E3L_6DO3_train1_chunk50/ligands_list_train1_0_295.txt
Saved: /lus/eagle/projects/marP_TB_VLS/WC/williamhconrad4/OpenVS-main/experiments/E3L_6DO3/screening/inputs/train1set/E3L_6DO3_train1_chunk50/flags_params_train1_0_295.flags
Saved: /lus/eagle/projects/marP_TB_VLS/WC/williamhconrad4/OpenVS-main/experiments/E3L_6DO3/screening/inputs/train1set/E3L_6DO3_train1_chunk50/tar_params_train1_0_296.tar
Saved: /lus/eagle/projects/marP_TB_VLS/WC/williamhconrad4/OpenVS-main/experiments/E3L_6DO3/screening/inputs/train1set/E3L_6DO3_train1_chunk50/ligands_list_train1_0_296.txt
Saved: /lus/eagle/projects/marP_TB_VLS/WC/williamhconrad4/OpenVS-main/experiments/E3L_6DO3/screening/inputs/train1set/E3L_6DO3_train1_chunk50/flags_params_train1_0_296.flags
Saved: /lus/eagle/projects/marP_TB_VLS/WC/williamhconrad4/OpenVS-main/experiments/E3L_6DO3/screening/inputs/train1set/E3L_6DO3_train1_chunk50/tar_params_train1_0_297.tar
Saved: /lus/eagle/projects/marP_TB_VLS/WC/williamhconrad4/OpenVS-main/experiments/E3L_6DO3/screening/inputs/train1set/E3L_6DO3_train1_chunk50/ligands_list_train1_0_297.txt
Saved: /lus/eagle/projects/marP_TB_VLS/WC/williamhconrad4/OpenVS-main/experiments/E3L_6DO3/screening/inputs/train1set/E3L_6DO3_train1_chunk50/flags_params_train1_0_297.flags
Saved: /lus/eagle/projects/marP_TB_VLS/WC/williamhconrad4/OpenVS-main/experiments/E3L_6DO3/screening/inputs/train1set/E3L_6DO3_train1_chunk50/tar_params_train1_0_298.tar
Saved: /lus/eagle/projects/marP_TB_VLS/WC/williamhconrad4/OpenVS-main/experiments/E3L_6DO3/screening/inputs/train1set/E3L_6DO3_train1_chunk50/ligands_list_train1_0_298.txt
Saved: /lus/eagle/projects/marP_TB_VLS/WC/williamhconrad4/OpenVS-main/experiments/E3L_6DO3/screening/inputs/train1set/E3L_6DO3_train1_chunk50/flags_params_train1_0_298.flags
Saved: /lus/eagle/projects/marP_TB_VLS/WC/williamhconrad4/OpenVS-main/experiments/E3L_6DO3/screening/inputs/train1set/E3L_6DO3_train1_chunk50/tar_params_train1_0_299.tar
Saved: /lus/eagle/projects/marP_TB_VLS/WC/williamhconrad4/OpenVS-main/experiments/E3L_6DO3/screening/inputs/train1set/E3L_6DO3_train1_chunk50/ligands_list_train1_0_299.txt
Saved: /lus/eagle/projects/marP_TB_VLS/WC/williamhconrad4/OpenVS-main/experiments/E3L_6DO3/screening/inputs/train1set/E3L_6DO3_train1_chunk50/flags_params_train1_0_299.flags
Saved: /lus/eagle/projects/marP_TB_VLS/WC/williamhconrad4/OpenVS-main/experiments/E3L_6DO3/screening/inputs/train1set/E3L_6DO3_train1_chunk50/tar_params_train1_0_300.tar
Saved: /lus/eagle/projects/marP_TB_VLS/WC/williamhconrad4/OpenVS-main/experiments/E3L_6DO3/screening/inputs/train1set/E3L_6DO3_train1_chunk50/ligands_list_train1_0_300.txt
Saved: /lus/eagle/projects/marP_TB_VLS/WC/williamhconrad4/OpenVS-main/experiments/E3L_6DO3/screening/inputs/train1set/E3L_6DO3_train1_chunk50/flags_params_train1_0_300.flags
Saved: /lus/eagle/projects/marP_TB_VLS/WC/williamhconrad4/OpenVS-main/experiments/E3L_6DO3/screening/inputs/train1set/E3L_6DO3_train1_chunk50/tar_params_train1_0_301.tar
Saved: /lus/eagle/projects/marP_TB_VLS/WC/williamhconrad4/OpenVS-main/experiments/E3L_6DO3/screening/inputs/train1set/E3L_6DO3_train1_chunk50/ligands_list_train1_0_301.txt
Saved: /lus/eagle/projects/marP_TB_VLS/WC/williamhconrad4/OpenVS-main/experiments/E3L_6DO3/screening/inputs/train1set/E3L_6DO3_train1_chunk50/flags_params_train1_0_301.flags
Saved: /lus/eagle/projects/marP_TB_VLS/WC/williamhconrad4/OpenVS-main/experiments/E3L_6DO3/screening/inputs/train1set/E3L_6DO3_train1_chunk50/tar_params_train1_0_302.tar
Saved: /lus/eagle/projects/marP_TB_VLS/WC/williamhconrad4/OpenVS-main/experiments/E3L_6DO3/screening/inputs/train1set/E3L_6DO3_train1_chunk50/ligands_list_train1_0_302.txt
Saved: /lus/eagle/projects/marP_TB_VLS/WC/williamhconrad4/OpenVS-main/experiments/E3L_6DO3/screening/inputs/train1set/E3L_6DO3_train1_chunk50/flags_params_train1_0_302.flags
Saved: /lus/eagle/projects/marP_TB_VLS/WC/williamhconrad4/OpenVS-main/experiments/E3L_6DO3/screening/inputs/train1set/E3L_6DO3_train1_chunk50/tar_params_train1_0_303.tar
Saved: /lus/eagle/projects/marP_TB_VLS/WC/williamhconrad4/OpenVS-main/experiments/E3L_6DO3/screening/inputs/train1set/E3L_6DO3_train1_chunk50/ligands_list_train1_0_303.txt
Saved: /lus/eagle/projects/marP_TB_VLS/WC/williamhconrad4/OpenVS-main/experiments/E3L_6DO3/screening/inputs/train1set/E3L_6DO3_train1_chunk50/flags_params_train1_0_303.flags
Saved: /lus/eagle/projects/marP_TB_VLS/WC/williamhconrad4/OpenVS-main/experiments/E3L_6DO3/screening/inputs/train1set/E3L_6DO3_train1_chunk50/tar_params_train1_0_304.tar
Saved: /lus/eagle/projects/marP_TB_VLS/WC/williamhconrad4/OpenVS-main/experiments/E3L_6DO3/screening/inputs/train1set/E3L_6DO3_train1_chunk50/ligands_list_train1_0_304.txt
Saved: /lus/eagle/projects/marP_TB_VLS/WC/williamhconrad4/OpenVS-main/experiments/E3L_6DO3/screening/inputs/train1set/E3L_6DO3_train1_chunk50/flags_params_train1_0_304.flags
Saved: /lus/eagle/projects/marP_TB_VLS/WC/williamhconrad4/OpenVS-main/experiments/E3L_6DO3/screening/inputs/train1set/E3L_6DO3_train1_chunk50/tar_params_train1_0_305.tar
Saved: /lus/eagle/projects/marP_TB_VLS/WC/williamhconrad4/OpenVS-main/experiments/E3L_6DO3/screening/inputs/train1set/E3L_6DO3_train1_chunk50/ligands_list_train1_0_305.txt
Saved: /lus/eagle/projects/marP_TB_VLS/WC/williamhconrad4/OpenVS-main/experiments/E3L_6DO3/screening/inputs/train1set/E3L_6DO3_train1_chunk50/flags_params_train1_0_305.flags
Saved: /lus/eagle/projects/marP_TB_VLS/WC/williamhconrad4/OpenVS-main/experiments/E3L_6DO3/screening/inputs/train1set/E3L_6DO3_train1_chunk50/tar_params_train1_0_306.tar
Saved: /lus/eagle/projects/marP_TB_VLS/WC/williamhconrad4/OpenVS-main/experiments/E3L_6DO3/screening/inputs/train1set/E3L_6DO3_train1_chunk50/ligands_list_train1_0_306.txt
Saved: /lus/eagle/projects/marP_TB_VLS/WC/williamhconrad4/OpenVS-main/experiments/E3L_6DO3/screening/inputs/train1set/E3L_6DO3_train1_chunk50/flags_params_train1_0_306.flags
Saved: /lus/eagle/projects/marP_TB_VLS/WC/williamhconrad4/OpenVS-main/experiments/E3L_6DO3/screening/inputs/train1set/E3L_6DO3_train1_chunk50/tar_params_train1_0_307.tar
Saved: /lus/eagle/projects/marP_TB_VLS/WC/williamhconrad4/OpenVS-main/experiments/E3L_6DO3/screening/inputs/train1set/E3L_6DO3_train1_chunk50/ligands_list_train1_0_307.txt
Saved: /lus/eagle/projects/marP_TB_VLS/WC/williamhconrad4/OpenVS-main/experiments/E3L_6DO3/screening/inputs/train1set/E3L_6DO3_train1_chunk50/flags_params_train1_0_307.flags
Saved: /lus/eagle/projects/marP_TB_VLS/WC/williamhconrad4/OpenVS-main/experiments/E3L_6DO3/screening/inputs/train1set/E3L_6DO3_train1_chunk50/tar_params_train1_0_308.tar
Saved: /lus/eagle/projects/marP_TB_VLS/WC/williamhconrad4/OpenVS-main/experiments/E3L_6DO3/screening/inputs/train1set/E3L_6DO3_train1_chunk50/ligands_list_train1_0_308.txt
Saved: /lus/eagle/projects/marP_TB_VLS/WC/williamhconrad4/OpenVS-main/experiments/E3L_6DO3/screening/inputs/train1set/E3L_6DO3_train1_chunk50/flags_params_train1_0_308.flags
Saved: /lus/eagle/projects/marP_TB_VLS/WC/williamhconrad4/OpenVS-main/experiments/E3L_6DO3/screening/inputs/train1set/E3L_6DO3_train1_chunk50/tar_params_train1_0_309.tar
Saved: /lus/eagle/projects/marP_TB_VLS/WC/williamhconrad4/OpenVS-main/experiments/E3L_6DO3/screening/inputs/train1set/E3L_6DO3_train1_chunk50/ligands_list_train1_0_309.txt
Saved: /lus/eagle/projects/marP_TB_VLS/WC/williamhconrad4/OpenVS-main/experiments/E3L_6DO3/screening/inputs/train1set/E3L_6DO3_train1_chunk50/flags_params_train1_0_309.flags
Saved: /lus/eagle/projects/marP_TB_VLS/WC/williamhconrad4/OpenVS-main/experiments/E3L_6DO3/screening/inputs/train1set/E3L_6DO3_train1_chunk50/tar_params_train1_0_310.tar
Saved: /lus/eagle/projects/marP_TB_VLS/WC/williamhconrad4/OpenVS-main/experiments/E3L_6DO3/screening/inputs/train1set/E3L_6DO3_train1_chunk50/ligands_list_train1_0_310.txt
Saved: /lus/eagle/projects/marP_TB_VLS/WC/williamhconrad4/OpenVS-main/experiments/E3L_6DO3/screening/inputs/train1set/E3L_6DO3_train1_chunk50/flags_params_train1_0_310.flags
Saved: /lus/eagle/projects/marP_TB_VLS/WC/williamhconrad4/OpenVS-main/experiments/E3L_6DO3/screening/inputs/train1set/E3L_6DO3_train1_chunk50/tar_params_train1_0_311.tar
Saved: /lus/eagle/projects/marP_TB_VLS/WC/williamhconrad4/OpenVS-main/experiments/E3L_6DO3/screening/inputs/train1set/E3L_6DO3_train1_chunk50/ligands_list_train1_0_311.txt
Saved: /lus/eagle/projects/marP_TB_VLS/WC/williamhconrad4/OpenVS-main/experiments/E3L_6DO3/screening/inputs/train1set/E3L_6DO3_train1_chunk50/flags_params_train1_0_311.flags
Saved: /lus/eagle/projects/marP_TB_VLS/WC/williamhconrad4/OpenVS-main/experiments/E3L_6DO3/screening/inputs/train1set/E3L_6DO3_train1_chunk50/tar_params_train1_0_312.tar
Saved: /lus/eagle/projects/marP_TB_VLS/WC/williamhconrad4/OpenVS-main/experiments/E3L_6DO3/screening/inputs/train1set/E3L_6DO3_train1_chunk50/ligands_list_train1_0_312.txt
Saved: /lus/eagle/projects/marP_TB_VLS/WC/williamhconrad4/OpenVS-main/experiments/E3L_6DO3/screening/inputs/train1set/E3L_6DO3_train1_chunk50/flags_params_train1_0_312.flags
Saved: /lus/eagle/projects/marP_TB_VLS/WC/williamhconrad4/OpenVS-main/experiments/E3L_6DO3/screening/inputs/train1set/E3L_6DO3_train1_chunk50/tar_params_train1_0_313.tar
Saved: /lus/eagle/projects/marP_TB_VLS/WC/williamhconrad4/OpenVS-main/experiments/E3L_6DO3/screening/inputs/train1set/E3L_6DO3_train1_chunk50/ligands_list_train1_0_313.txt
Saved: /lus/eagle/projects/marP_TB_VLS/WC/williamhconrad4/OpenVS-main/experiments/E3L_6DO3/screening/inputs/train1set/E3L_6DO3_train1_chunk50/flags_params_train1_0_313.flags
Saved: /lus/eagle/projects/marP_TB_VLS/WC/williamhconrad4/OpenVS-main/experiments/E3L_6DO3/screening/inputs/train1set/E3L_6DO3_train1_chunk50/tar_params_train1_0_314.tar
Saved: /lus/eagle/projects/marP_TB_VLS/WC/williamhconrad4/OpenVS-main/experiments/E3L_6DO3/screening/inputs/train1set/E3L_6DO3_train1_chunk50/ligands_list_train1_0_314.txt
Saved: /lus/eagle/projects/marP_TB_VLS/WC/williamhconrad4/OpenVS-main/experiments/E3L_6DO3/screening/inputs/train1set/E3L_6DO3_train1_chunk50/flags_params_train1_0_314.flags
Saved: /lus/eagle/projects/marP_TB_VLS/WC/williamhconrad4/OpenVS-main/experiments/E3L_6DO3/screening/inputs/train1set/E3L_6DO3_train1_chunk50/tar_params_train1_0_315.tar
Saved: /lus/eagle/projects/marP_TB_VLS/WC/williamhconrad4/OpenVS-main/experiments/E3L_6DO3/screening/inputs/train1set/E3L_6DO3_train1_chunk50/ligands_list_train1_0_315.txt
Saved: /lus/eagle/projects/marP_TB_VLS/WC/williamhconrad4/OpenVS-main/experiments/E3L_6DO3/screening/inputs/train1set/E3L_6DO3_train1_chunk50/flags_params_train1_0_315.flags
Saved: /lus/eagle/projects/marP_TB_VLS/WC/williamhconrad4/OpenVS-main/experiments/E3L_6DO3/screening/inputs/train1set/E3L_6DO3_train1_chunk50/tar_params_train1_0_316.tar
Saved: /lus/eagle/projects/marP_TB_VLS/WC/williamhconrad4/OpenVS-main/experiments/E3L_6DO3/screening/inputs/train1set/E3L_6DO3_train1_chunk50/ligands_list_train1_0_316.txt
Saved: /lus/eagle/projects/marP_TB_VLS/WC/williamhconrad4/OpenVS-main/experiments/E3L_6DO3/screening/inputs/train1set/E3L_6DO3_train1_chunk50/flags_params_train1_0_316.flags
Saved: /lus/eagle/projects/marP_TB_VLS/WC/williamhconrad4/OpenVS-main/experiments/E3L_6DO3/screening/inputs/train1set/E3L_6DO3_train1_chunk50/tar_params_train1_0_317.tar
Saved: /lus/eagle/projects/marP_TB_VLS/WC/williamhconrad4/OpenVS-main/experiments/E3L_6DO3/screening/inputs/train1set/E3L_6DO3_train1_chunk50/ligands_list_train1_0_317.txt
Saved: /lus/eagle/projects/marP_TB_VLS/WC/williamhconrad4/OpenVS-main/experiments/E3L_6DO3/screening/inputs/train1set/E3L_6DO3_train1_chunk50/flags_params_train1_0_317.flags
Saved: /lus/eagle/projects/marP_TB_VLS/WC/williamhconrad4/OpenVS-main/experiments/E3L_6DO3/screening/inputs/train1set/E3L_6DO3_train1_chunk50/tar_params_train1_0_318.tar
Saved: /lus/eagle/projects/marP_TB_VLS/WC/williamhconrad4/OpenVS-main/experiments/E3L_6DO3/screening/inputs/train1set/E3L_6DO3_train1_chunk50/ligands_list_train1_0_318.txt
Saved: /lus/eagle/projects/marP_TB_VLS/WC/williamhconrad4/OpenVS-main/experiments/E3L_6DO3/screening/inputs/train1set/E3L_6DO3_train1_chunk50/flags_params_train1_0_318.flags
Saved: /lus/eagle/projects/marP_TB_VLS/WC/williamhconrad4/OpenVS-main/experiments/E3L_6DO3/screening/inputs/train1set/E3L_6DO3_train1_chunk50/tar_params_train1_0_319.tar
Saved: /lus/eagle/projects/marP_TB_VLS/WC/williamhconrad4/OpenVS-main/experiments/E3L_6DO3/screening/inputs/train1set/E3L_6DO3_train1_chunk50/ligands_list_train1_0_319.txt
Saved: /lus/eagle/projects/marP_TB_VLS/WC/williamhconrad4/OpenVS-main/experiments/E3L_6DO3/screening/inputs/train1set/E3L_6DO3_train1_chunk50/flags_params_train1_0_319.flags
/lus/eagle/projects/marP_TB_VLS/WC/williamhconrad4/OpenVS-main/experiments/E3L_6DO3/screening
input dir: /lus/eagle/projects/marP_TB_VLS/WC/williamhconrad4/OpenVS-main/experiments/E3L_6DO3/screening/inputs/train1set/E3L_6DO3_train1_chunk50
result dir: /lus/eagle/projects/marP_TB_VLS/WC/williamhconrad4/OpenVS-main/experiments/E3L_6DO3/screening/outputs/E3L_6DO3_train1
rm /lus/eagle/projects/marP_TB_VLS/WC/williamhconrad4/OpenVS-main/experiments/E3L_6DO3/screening/train1/E3L_6DO3_cmdlistfn/*.cmdlist
Wrote: /lus/eagle/projects/marP_TB_VLS/WC/williamhconrad4/OpenVS-main/experiments/E3L_6DO3/screening/train1/E3L_6DO3_cmdlistfn/E3L_6DO3_0.cmdlist
Wrote: /lus/eagle/projects/marP_TB_VLS/WC/williamhconrad4/OpenVS-main/experiments/E3L_6DO3/screening/train1/E3L_6DO3_cmdlistfn/E3L_6DO3_1.cmdlist
Wrote: /lus/eagle/projects/marP_TB_VLS/WC/williamhconrad4/OpenVS-main/experiments/E3L_6DO3/screening/train1/E3L_6DO3_cmdlistfn/E3L_6DO3_2.cmdlist
Wrote: /lus/eagle/projects/marP_TB_VLS/WC/williamhconrad4/OpenVS-main/experiments/E3L_6DO3/screening/train1/E3L_6DO3_cmdlistfn/E3L_6DO3_3.cmdlist
Wrote: /lus/eagle/projects/marP_TB_VLS/WC/williamhconrad4/OpenVS-main/experiments/E3L_6DO3/screening/train1/E3L_6DO3_cmdlistfn/E3L_6DO3_4.cmdlist
parallel ::::  /lus/eagle/projects/marP_TB_VLS/WC/williamhconrad4/OpenVS-main/experiments/E3L_6DO3/screening/train1/E3L_6DO3_cmdlistfn/E3L_6DO3_0.cmdlist
parallel ::::  /lus/eagle/projects/marP_TB_VLS/WC/williamhconrad4/OpenVS-main/experiments/E3L_6DO3/screening/train1/E3L_6DO3_cmdlistfn/E3L_6DO3_1.cmdlist
parallel ::::  /lus/eagle/projects/marP_TB_VLS/WC/williamhconrad4/OpenVS-main/experiments/E3L_6DO3/screening/train1/E3L_6DO3_cmdlistfn/E3L_6DO3_2.cmdlist
parallel ::::  /lus/eagle/projects/marP_TB_VLS/WC/williamhconrad4/OpenVS-main/experiments/E3L_6DO3/screening/train1/E3L_6DO3_cmdlistfn/E3L_6DO3_3.cmdlist
parallel ::::  /lus/eagle/projects/marP_TB_VLS/WC/williamhconrad4/OpenVS-main/experiments/E3L_6DO3/screening/train1/E3L_6DO3_cmdlistfn/E3L_6DO3_4.cmdlist
Wrote: ./E3L_6DO3_dock.joblist
Wrote: ./sbatch_dock_arrayjobs.sh
Wrote: ./submit_arrayjobs.sh
[2026-08-14 14:38:01] train1 -> 5 array tasks
[2026-08-14 14:38:01] submitting: qsub -r y -J 1-5%10 sbatch_dock_arrayjobs.sh
[2026-08-14 14:38:03] job id: 246722[].crux-pbs-0001.head.cm.crux.alcf.anl.gov
[2026-08-14 14:38:03] waiting on job 246722 (polling every 120s)
[2026-08-14 17:16:37]   job 246722 finished
[2026-08-14 17:16:38] train1 complete: 320 score files written
[2026-08-14 17:16:38] ================ test ================
[2026-08-14 17:16:38] prefix set to test
Saved: /lus/eagle/projects/marP_TB_VLS/WC/williamhconrad4/OpenVS-main/experiments/E3L_6DO3/screening/inputs/testset/E3L_6DO3_test_chunk50/tar_params_test_0_0.tar
Saved: /lus/eagle/projects/marP_TB_VLS/WC/williamhconrad4/OpenVS-main/experiments/E3L_6DO3/screening/inputs/testset/E3L_6DO3_test_chunk50/ligands_list_test_0_0.txt
Saved: /lus/eagle/projects/marP_TB_VLS/WC/williamhconrad4/OpenVS-main/experiments/E3L_6DO3/screening/inputs/testset/E3L_6DO3_test_chunk50/flags_params_test_0_0.flags
Saved: /lus/eagle/projects/marP_TB_VLS/WC/williamhconrad4/OpenVS-main/experiments/E3L_6DO3/screening/inputs/testset/E3L_6DO3_test_chunk50/tar_params_test_0_1.tar
Saved: /lus/eagle/projects/marP_TB_VLS/WC/williamhconrad4/OpenVS-main/experiments/E3L_6DO3/screening/inputs/testset/E3L_6DO3_test_chunk50/ligands_list_test_0_1.txt
Saved: /lus/eagle/projects/marP_TB_VLS/WC/williamhconrad4/OpenVS-main/experiments/E3L_6DO3/screening/inputs/testset/E3L_6DO3_test_chunk50/flags_params_test_0_1.flags
Saved: /lus/eagle/projects/marP_TB_VLS/WC/williamhconrad4/OpenVS-main/experiments/E3L_6DO3/screening/inputs/testset/E3L_6DO3_test_chunk50/tar_params_test_0_2.tar
Saved: /lus/eagle/projects/marP_TB_VLS/WC/williamhconrad4/OpenVS-main/experiments/E3L_6DO3/screening/inputs/testset/E3L_6DO3_test_chunk50/ligands_list_test_0_2.txt
Saved: /lus/eagle/projects/marP_TB_VLS/WC/williamhconrad4/OpenVS-main/experiments/E3L_6DO3/screening/inputs/testset/E3L_6DO3_test_chunk50/flags_params_test_0_2.flags
Saved: /lus/eagle/projects/marP_TB_VLS/WC/williamhconrad4/OpenVS-main/experiments/E3L_6DO3/screening/inputs/testset/E3L_6DO3_test_chunk50/tar_params_test_0_3.tar
Saved: /lus/eagle/projects/marP_TB_VLS/WC/williamhconrad4/OpenVS-main/experiments/E3L_6DO3/screening/inputs/testset/E3L_6DO3_test_chunk50/ligands_list_test_0_3.txt
Saved: /lus/eagle/projects/marP_TB_VLS/WC/williamhconrad4/OpenVS-main/experiments/E3L_6DO3/screening/inputs/testset/E3L_6DO3_test_chunk50/flags_params_test_0_3.flags
Saved: /lus/eagle/projects/marP_TB_VLS/WC/williamhconrad4/OpenVS-main/experiments/E3L_6DO3/screening/inputs/testset/E3L_6DO3_test_chunk50/tar_params_test_0_4.tar
Saved: /lus/eagle/projects/marP_TB_VLS/WC/williamhconrad4/OpenVS-main/experiments/E3L_6DO3/screening/inputs/testset/E3L_6DO3_test_chunk50/ligands_list_test_0_4.txt
Saved: /lus/eagle/projects/marP_TB_VLS/WC/williamhconrad4/OpenVS-main/experiments/E3L_6DO3/screening/inputs/testset/E3L_6DO3_test_chunk50/flags_params_test_0_4.flags
Saved: /lus/eagle/projects/marP_TB_VLS/WC/williamhconrad4/OpenVS-main/experiments/E3L_6DO3/screening/inputs/testset/E3L_6DO3_test_chunk50/tar_params_test_0_5.tar
Saved: /lus/eagle/projects/marP_TB_VLS/WC/williamhconrad4/OpenVS-main/experiments/E3L_6DO3/screening/inputs/testset/E3L_6DO3_test_chunk50/ligands_list_test_0_5.txt
Saved: /lus/eagle/projects/marP_TB_VLS/WC/williamhconrad4/OpenVS-main/experiments/E3L_6DO3/screening/inputs/testset/E3L_6DO3_test_chunk50/flags_params_test_0_5.flags
Saved: /lus/eagle/projects/marP_TB_VLS/WC/williamhconrad4/OpenVS-main/experiments/E3L_6DO3/screening/inputs/testset/E3L_6DO3_test_chunk50/tar_params_test_0_6.tar
Saved: /lus/eagle/projects/marP_TB_VLS/WC/williamhconrad4/OpenVS-main/experiments/E3L_6DO3/screening/inputs/testset/E3L_6DO3_test_chunk50/ligands_list_test_0_6.txt
Saved: /lus/eagle/projects/marP_TB_VLS/WC/williamhconrad4/OpenVS-main/experiments/E3L_6DO3/screening/inputs/testset/E3L_6DO3_test_chunk50/flags_params_test_0_6.flags
Saved: /lus/eagle/projects/marP_TB_VLS/WC/williamhconrad4/OpenVS-main/experiments/E3L_6DO3/screening/inputs/testset/E3L_6DO3_test_chunk50/tar_params_test_0_7.tar
Saved: /lus/eagle/projects/marP_TB_VLS/WC/williamhconrad4/OpenVS-main/experiments/E3L_6DO3/screening/inputs/testset/E3L_6DO3_test_chunk50/ligands_list_test_0_7.txt
Saved: /lus/eagle/projects/marP_TB_VLS/WC/williamhconrad4/OpenVS-main/experiments/E3L_6DO3/screening/inputs/testset/E3L_6DO3_test_chunk50/flags_params_test_0_7.flags
Saved: /lus/eagle/projects/marP_TB_VLS/WC/williamhconrad4/OpenVS-main/experiments/E3L_6DO3/screening/inputs/testset/E3L_6DO3_test_chunk50/tar_params_test_0_8.tar
Saved: /lus/eagle/projects/marP_TB_VLS/WC/williamhconrad4/OpenVS-main/experiments/E3L_6DO3/screening/inputs/testset/E3L_6DO3_test_chunk50/ligands_list_test_0_8.txt
Saved: /lus/eagle/projects/marP_TB_VLS/WC/williamhconrad4/OpenVS-main/experiments/E3L_6DO3/screening/inputs/testset/E3L_6DO3_test_chunk50/flags_params_test_0_8.flags
Saved: /lus/eagle/projects/marP_TB_VLS/WC/williamhconrad4/OpenVS-main/experiments/E3L_6DO3/screening/inputs/testset/E3L_6DO3_test_chunk50/tar_params_test_0_9.tar
Saved: /lus/eagle/projects/marP_TB_VLS/WC/williamhconrad4/OpenVS-main/experiments/E3L_6DO3/screening/inputs/testset/E3L_6DO3_test_chunk50/ligands_list_test_0_9.txt
Saved: /lus/eagle/projects/marP_TB_VLS/WC/williamhconrad4/OpenVS-main/experiments/E3L_6DO3/screening/inputs/testset/E3L_6DO3_test_chunk50/flags_params_test_0_9.flags
Saved: /lus/eagle/projects/marP_TB_VLS/WC/williamhconrad4/OpenVS-main/experiments/E3L_6DO3/screening/inputs/testset/E3L_6DO3_test_chunk50/tar_params_test_0_10.tar
Saved: /lus/eagle/projects/marP_TB_VLS/WC/williamhconrad4/OpenVS-main/experiments/E3L_6DO3/screening/inputs/testset/E3L_6DO3_test_chunk50/ligands_list_test_0_10.txt
Saved: /lus/eagle/projects/marP_TB_VLS/WC/williamhconrad4/OpenVS-main/experiments/E3L_6DO3/screening/inputs/testset/E3L_6DO3_test_chunk50/flags_params_test_0_10.flags
Saved: /lus/eagle/projects/marP_TB_VLS/WC/williamhconrad4/OpenVS-main/experiments/E3L_6DO3/screening/inputs/testset/E3L_6DO3_test_chunk50/tar_params_test_0_11.tar
Saved: /lus/eagle/projects/marP_TB_VLS/WC/williamhconrad4/OpenVS-main/experiments/E3L_6DO3/screening/inputs/testset/E3L_6DO3_test_chunk50/ligands_list_test_0_11.txt
Saved: /lus/eagle/projects/marP_TB_VLS/WC/williamhconrad4/OpenVS-main/experiments/E3L_6DO3/screening/inputs/testset/E3L_6DO3_test_chunk50/flags_params_test_0_11.flags
Saved: /lus/eagle/projects/marP_TB_VLS/WC/williamhconrad4/OpenVS-main/experiments/E3L_6DO3/screening/inputs/testset/E3L_6DO3_test_chunk50/tar_params_test_0_12.tar
Saved: /lus/eagle/projects/marP_TB_VLS/WC/williamhconrad4/OpenVS-main/experiments/E3L_6DO3/screening/inputs/testset/E3L_6DO3_test_chunk50/ligands_list_test_0_12.txt
Saved: /lus/eagle/projects/marP_TB_VLS/WC/williamhconrad4/OpenVS-main/experiments/E3L_6DO3/screening/inputs/testset/E3L_6DO3_test_chunk50/flags_params_test_0_12.flags
Saved: /lus/eagle/projects/marP_TB_VLS/WC/williamhconrad4/OpenVS-main/experiments/E3L_6DO3/screening/inputs/testset/E3L_6DO3_test_chunk50/tar_params_test_0_13.tar
Saved: /lus/eagle/projects/marP_TB_VLS/WC/williamhconrad4/OpenVS-main/experiments/E3L_6DO3/screening/inputs/testset/E3L_6DO3_test_chunk50/ligands_list_test_0_13.txt
Saved: /lus/eagle/projects/marP_TB_VLS/WC/williamhconrad4/OpenVS-main/experiments/E3L_6DO3/screening/inputs/testset/E3L_6DO3_test_chunk50/flags_params_test_0_13.flags
Saved: /lus/eagle/projects/marP_TB_VLS/WC/williamhconrad4/OpenVS-main/experiments/E3L_6DO3/screening/inputs/testset/E3L_6DO3_test_chunk50/tar_params_test_0_14.tar
Saved: /lus/eagle/projects/marP_TB_VLS/WC/williamhconrad4/OpenVS-main/experiments/E3L_6DO3/screening/inputs/testset/E3L_6DO3_test_chunk50/ligands_list_test_0_14.txt
Saved: /lus/eagle/projects/marP_TB_VLS/WC/williamhconrad4/OpenVS-main/experiments/E3L_6DO3/screening/inputs/testset/E3L_6DO3_test_chunk50/flags_params_test_0_14.flags
Saved: /lus/eagle/projects/marP_TB_VLS/WC/williamhconrad4/OpenVS-main/experiments/E3L_6DO3/screening/inputs/testset/E3L_6DO3_test_chunk50/tar_params_test_0_15.tar
Saved: /lus/eagle/projects/marP_TB_VLS/WC/williamhconrad4/OpenVS-main/experiments/E3L_6DO3/screening/inputs/testset/E3L_6DO3_test_chunk50/ligands_list_test_0_15.txt
Saved: /lus/eagle/projects/marP_TB_VLS/WC/williamhconrad4/OpenVS-main/experiments/E3L_6DO3/screening/inputs/testset/E3L_6DO3_test_chunk50/flags_params_test_0_15.flags
Saved: /lus/eagle/projects/marP_TB_VLS/WC/williamhconrad4/OpenVS-main/experiments/E3L_6DO3/screening/inputs/testset/E3L_6DO3_test_chunk50/tar_params_test_0_16.tar
Saved: /lus/eagle/projects/marP_TB_VLS/WC/williamhconrad4/OpenVS-main/experiments/E3L_6DO3/screening/inputs/testset/E3L_6DO3_test_chunk50/ligands_list_test_0_16.txt
Saved: /lus/eagle/projects/marP_TB_VLS/WC/williamhconrad4/OpenVS-main/experiments/E3L_6DO3/screening/inputs/testset/E3L_6DO3_test_chunk50/flags_params_test_0_16.flags
Saved: /lus/eagle/projects/marP_TB_VLS/WC/williamhconrad4/OpenVS-main/experiments/E3L_6DO3/screening/inputs/testset/E3L_6DO3_test_chunk50/tar_params_test_0_17.tar
Saved: /lus/eagle/projects/marP_TB_VLS/WC/williamhconrad4/OpenVS-main/experiments/E3L_6DO3/screening/inputs/testset/E3L_6DO3_test_chunk50/ligands_list_test_0_17.txt
Saved: /lus/eagle/projects/marP_TB_VLS/WC/williamhconrad4/OpenVS-main/experiments/E3L_6DO3/screening/inputs/testset/E3L_6DO3_test_chunk50/flags_params_test_0_17.flags
Saved: /lus/eagle/projects/marP_TB_VLS/WC/williamhconrad4/OpenVS-main/experiments/E3L_6DO3/screening/inputs/testset/E3L_6DO3_test_chunk50/tar_params_test_0_18.tar
Saved: /lus/eagle/projects/marP_TB_VLS/WC/williamhconrad4/OpenVS-main/experiments/E3L_6DO3/screening/inputs/testset/E3L_6DO3_test_chunk50/ligands_list_test_0_18.txt
Saved: /lus/eagle/projects/marP_TB_VLS/WC/williamhconrad4/OpenVS-main/experiments/E3L_6DO3/screening/inputs/testset/E3L_6DO3_test_chunk50/flags_params_test_0_18.flags
Saved: /lus/eagle/projects/marP_TB_VLS/WC/williamhconrad4/OpenVS-main/experiments/E3L_6DO3/screening/inputs/testset/E3L_6DO3_test_chunk50/tar_params_test_0_19.tar
Saved: /lus/eagle/projects/marP_TB_VLS/WC/williamhconrad4/OpenVS-main/experiments/E3L_6DO3/screening/inputs/testset/E3L_6DO3_test_chunk50/ligands_list_test_0_19.txt
Saved: /lus/eagle/projects/marP_TB_VLS/WC/williamhconrad4/OpenVS-main/experiments/E3L_6DO3/screening/inputs/testset/E3L_6DO3_test_chunk50/flags_params_test_0_19.flags
Saved: /lus/eagle/projects/marP_TB_VLS/WC/williamhconrad4/OpenVS-main/experiments/E3L_6DO3/screening/inputs/testset/E3L_6DO3_test_chunk50/tar_params_test_0_20.tar
Saved: /lus/eagle/projects/marP_TB_VLS/WC/williamhconrad4/OpenVS-main/experiments/E3L_6DO3/screening/inputs/testset/E3L_6DO3_test_chunk50/ligands_list_test_0_20.txt
Saved: /lus/eagle/projects/marP_TB_VLS/WC/williamhconrad4/OpenVS-main/experiments/E3L_6DO3/screening/inputs/testset/E3L_6DO3_test_chunk50/flags_params_test_0_20.flags
Saved: /lus/eagle/projects/marP_TB_VLS/WC/williamhconrad4/OpenVS-main/experiments/E3L_6DO3/screening/inputs/testset/E3L_6DO3_test_chunk50/tar_params_test_0_21.tar
Saved: /lus/eagle/projects/marP_TB_VLS/WC/williamhconrad4/OpenVS-main/experiments/E3L_6DO3/screening/inputs/testset/E3L_6DO3_test_chunk50/ligands_list_test_0_21.txt
Saved: /lus/eagle/projects/marP_TB_VLS/WC/williamhconrad4/OpenVS-main/experiments/E3L_6DO3/screening/inputs/testset/E3L_6DO3_test_chunk50/flags_params_test_0_21.flags
Saved: /lus/eagle/projects/marP_TB_VLS/WC/williamhconrad4/OpenVS-main/experiments/E3L_6DO3/screening/inputs/testset/E3L_6DO3_test_chunk50/tar_params_test_0_22.tar
Saved: /lus/eagle/projects/marP_TB_VLS/WC/williamhconrad4/OpenVS-main/experiments/E3L_6DO3/screening/inputs/testset/E3L_6DO3_test_chunk50/ligands_list_test_0_22.txt
Saved: /lus/eagle/projects/marP_TB_VLS/WC/williamhconrad4/OpenVS-main/experiments/E3L_6DO3/screening/inputs/testset/E3L_6DO3_test_chunk50/flags_params_test_0_22.flags
Saved: /lus/eagle/projects/marP_TB_VLS/WC/williamhconrad4/OpenVS-main/experiments/E3L_6DO3/screening/inputs/testset/E3L_6DO3_test_chunk50/tar_params_test_0_23.tar
Saved: /lus/eagle/projects/marP_TB_VLS/WC/williamhconrad4/OpenVS-main/experiments/E3L_6DO3/screening/inputs/testset/E3L_6DO3_test_chunk50/ligands_list_test_0_23.txt
Saved: /lus/eagle/projects/marP_TB_VLS/WC/williamhconrad4/OpenVS-main/experiments/E3L_6DO3/screening/inputs/testset/E3L_6DO3_test_chunk50/flags_params_test_0_23.flags
Saved: /lus/eagle/projects/marP_TB_VLS/WC/williamhconrad4/OpenVS-main/experiments/E3L_6DO3/screening/inputs/testset/E3L_6DO3_test_chunk50/tar_params_test_0_24.tar
Saved: /lus/eagle/projects/marP_TB_VLS/WC/williamhconrad4/OpenVS-main/experiments/E3L_6DO3/screening/inputs/testset/E3L_6DO3_test_chunk50/ligands_list_test_0_24.txt
Saved: /lus/eagle/projects/marP_TB_VLS/WC/williamhconrad4/OpenVS-main/experiments/E3L_6DO3/screening/inputs/testset/E3L_6DO3_test_chunk50/flags_params_test_0_24.flags
Saved: /lus/eagle/projects/marP_TB_VLS/WC/williamhconrad4/OpenVS-main/experiments/E3L_6DO3/screening/inputs/testset/E3L_6DO3_test_chunk50/tar_params_test_0_25.tar
Saved: /lus/eagle/projects/marP_TB_VLS/WC/williamhconrad4/OpenVS-main/experiments/E3L_6DO3/screening/inputs/testset/E3L_6DO3_test_chunk50/ligands_list_test_0_25.txt
Saved: /lus/eagle/projects/marP_TB_VLS/WC/williamhconrad4/OpenVS-main/experiments/E3L_6DO3/screening/inputs/testset/E3L_6DO3_test_chunk50/flags_params_test_0_25.flags
Saved: /lus/eagle/projects/marP_TB_VLS/WC/williamhconrad4/OpenVS-main/experiments/E3L_6DO3/screening/inputs/testset/E3L_6DO3_test_chunk50/tar_params_test_0_26.tar
Saved: /lus/eagle/projects/marP_TB_VLS/WC/williamhconrad4/OpenVS-main/experiments/E3L_6DO3/screening/inputs/testset/E3L_6DO3_test_chunk50/ligands_list_test_0_26.txt
Saved: /lus/eagle/projects/marP_TB_VLS/WC/williamhconrad4/OpenVS-main/experiments/E3L_6DO3/screening/inputs/testset/E3L_6DO3_test_chunk50/flags_params_test_0_26.flags
Saved: /lus/eagle/projects/marP_TB_VLS/WC/williamhconrad4/OpenVS-main/experiments/E3L_6DO3/screening/inputs/testset/E3L_6DO3_test_chunk50/tar_params_test_0_27.tar
Saved: /lus/eagle/projects/marP_TB_VLS/WC/williamhconrad4/OpenVS-main/experiments/E3L_6DO3/screening/inputs/testset/E3L_6DO3_test_chunk50/ligands_list_test_0_27.txt
Saved: /lus/eagle/projects/marP_TB_VLS/WC/williamhconrad4/OpenVS-main/experiments/E3L_6DO3/screening/inputs/testset/E3L_6DO3_test_chunk50/flags_params_test_0_27.flags
Saved: /lus/eagle/projects/marP_TB_VLS/WC/williamhconrad4/OpenVS-main/experiments/E3L_6DO3/screening/inputs/testset/E3L_6DO3_test_chunk50/tar_params_test_0_28.tar
Saved: /lus/eagle/projects/marP_TB_VLS/WC/williamhconrad4/OpenVS-main/experiments/E3L_6DO3/screening/inputs/testset/E3L_6DO3_test_chunk50/ligands_list_test_0_28.txt
Saved: /lus/eagle/projects/marP_TB_VLS/WC/williamhconrad4/OpenVS-main/experiments/E3L_6DO3/screening/inputs/testset/E3L_6DO3_test_chunk50/flags_params_test_0_28.flags
Saved: /lus/eagle/projects/marP_TB_VLS/WC/williamhconrad4/OpenVS-main/experiments/E3L_6DO3/screening/inputs/testset/E3L_6DO3_test_chunk50/tar_params_test_0_29.tar
Saved: /lus/eagle/projects/marP_TB_VLS/WC/williamhconrad4/OpenVS-main/experiments/E3L_6DO3/screening/inputs/testset/E3L_6DO3_test_chunk50/ligands_list_test_0_29.txt
Saved: /lus/eagle/projects/marP_TB_VLS/WC/williamhconrad4/OpenVS-main/experiments/E3L_6DO3/screening/inputs/testset/E3L_6DO3_test_chunk50/flags_params_test_0_29.flags
Saved: /lus/eagle/projects/marP_TB_VLS/WC/williamhconrad4/OpenVS-main/experiments/E3L_6DO3/screening/inputs/testset/E3L_6DO3_test_chunk50/tar_params_test_0_30.tar
Saved: /lus/eagle/projects/marP_TB_VLS/WC/williamhconrad4/OpenVS-main/experiments/E3L_6DO3/screening/inputs/testset/E3L_6DO3_test_chunk50/ligands_list_test_0_30.txt
Saved: /lus/eagle/projects/marP_TB_VLS/WC/williamhconrad4/OpenVS-main/experiments/E3L_6DO3/screening/inputs/testset/E3L_6DO3_test_chunk50/flags_params_test_0_30.flags
Saved: /lus/eagle/projects/marP_TB_VLS/WC/williamhconrad4/OpenVS-main/experiments/E3L_6DO3/screening/inputs/testset/E3L_6DO3_test_chunk50/tar_params_test_0_31.tar
Saved: /lus/eagle/projects/marP_TB_VLS/WC/williamhconrad4/OpenVS-main/experiments/E3L_6DO3/screening/inputs/testset/E3L_6DO3_test_chunk50/ligands_list_test_0_31.txt
Saved: /lus/eagle/projects/marP_TB_VLS/WC/williamhconrad4/OpenVS-main/experiments/E3L_6DO3/screening/inputs/testset/E3L_6DO3_test_chunk50/flags_params_test_0_31.flags
Saved: /lus/eagle/projects/marP_TB_VLS/WC/williamhconrad4/OpenVS-main/experiments/E3L_6DO3/screening/inputs/testset/E3L_6DO3_test_chunk50/tar_params_test_0_32.tar
Saved: /lus/eagle/projects/marP_TB_VLS/WC/williamhconrad4/OpenVS-main/experiments/E3L_6DO3/screening/inputs/testset/E3L_6DO3_test_chunk50/ligands_list_test_0_32.txt
Saved: /lus/eagle/projects/marP_TB_VLS/WC/williamhconrad4/OpenVS-main/experiments/E3L_6DO3/screening/inputs/testset/E3L_6DO3_test_chunk50/flags_params_test_0_32.flags
Saved: /lus/eagle/projects/marP_TB_VLS/WC/williamhconrad4/OpenVS-main/experiments/E3L_6DO3/screening/inputs/testset/E3L_6DO3_test_chunk50/tar_params_test_0_33.tar
Saved: /lus/eagle/projects/marP_TB_VLS/WC/williamhconrad4/OpenVS-main/experiments/E3L_6DO3/screening/inputs/testset/E3L_6DO3_test_chunk50/ligands_list_test_0_33.txt
Saved: /lus/eagle/projects/marP_TB_VLS/WC/williamhconrad4/OpenVS-main/experiments/E3L_6DO3/screening/inputs/testset/E3L_6DO3_test_chunk50/flags_params_test_0_33.flags
Saved: /lus/eagle/projects/marP_TB_VLS/WC/williamhconrad4/OpenVS-main/experiments/E3L_6DO3/screening/inputs/testset/E3L_6DO3_test_chunk50/tar_params_test_0_34.tar
Saved: /lus/eagle/projects/marP_TB_VLS/WC/williamhconrad4/OpenVS-main/experiments/E3L_6DO3/screening/inputs/testset/E3L_6DO3_test_chunk50/ligands_list_test_0_34.txt
Saved: /lus/eagle/projects/marP_TB_VLS/WC/williamhconrad4/OpenVS-main/experiments/E3L_6DO3/screening/inputs/testset/E3L_6DO3_test_chunk50/flags_params_test_0_34.flags
Saved: /lus/eagle/projects/marP_TB_VLS/WC/williamhconrad4/OpenVS-main/experiments/E3L_6DO3/screening/inputs/testset/E3L_6DO3_test_chunk50/tar_params_test_0_35.tar
Saved: /lus/eagle/projects/marP_TB_VLS/WC/williamhconrad4/OpenVS-main/experiments/E3L_6DO3/screening/inputs/testset/E3L_6DO3_test_chunk50/ligands_list_test_0_35.txt
Saved: /lus/eagle/projects/marP_TB_VLS/WC/williamhconrad4/OpenVS-main/experiments/E3L_6DO3/screening/inputs/testset/E3L_6DO3_test_chunk50/flags_params_test_0_35.flags
Saved: /lus/eagle/projects/marP_TB_VLS/WC/williamhconrad4/OpenVS-main/experiments/E3L_6DO3/screening/inputs/testset/E3L_6DO3_test_chunk50/tar_params_test_0_36.tar
Saved: /lus/eagle/projects/marP_TB_VLS/WC/williamhconrad4/OpenVS-main/experiments/E3L_6DO3/screening/inputs/testset/E3L_6DO3_test_chunk50/ligands_list_test_0_36.txt
Saved: /lus/eagle/projects/marP_TB_VLS/WC/williamhconrad4/OpenVS-main/experiments/E3L_6DO3/screening/inputs/testset/E3L_6DO3_test_chunk50/flags_params_test_0_36.flags
Saved: /lus/eagle/projects/marP_TB_VLS/WC/williamhconrad4/OpenVS-main/experiments/E3L_6DO3/screening/inputs/testset/E3L_6DO3_test_chunk50/tar_params_test_0_37.tar
Saved: /lus/eagle/projects/marP_TB_VLS/WC/williamhconrad4/OpenVS-main/experiments/E3L_6DO3/screening/inputs/testset/E3L_6DO3_test_chunk50/ligands_list_test_0_37.txt
Saved: /lus/eagle/projects/marP_TB_VLS/WC/williamhconrad4/OpenVS-main/experiments/E3L_6DO3/screening/inputs/testset/E3L_6DO3_test_chunk50/flags_params_test_0_37.flags
Saved: /lus/eagle/projects/marP_TB_VLS/WC/williamhconrad4/OpenVS-main/experiments/E3L_6DO3/screening/inputs/testset/E3L_6DO3_test_chunk50/tar_params_test_0_38.tar
Saved: /lus/eagle/projects/marP_TB_VLS/WC/williamhconrad4/OpenVS-main/experiments/E3L_6DO3/screening/inputs/testset/E3L_6DO3_test_chunk50/ligands_list_test_0_38.txt
Saved: /lus/eagle/projects/marP_TB_VLS/WC/williamhconrad4/OpenVS-main/experiments/E3L_6DO3/screening/inputs/testset/E3L_6DO3_test_chunk50/flags_params_test_0_38.flags
Saved: /lus/eagle/projects/marP_TB_VLS/WC/williamhconrad4/OpenVS-main/experiments/E3L_6DO3/screening/inputs/testset/E3L_6DO3_test_chunk50/tar_params_test_0_39.tar
Saved: /lus/eagle/projects/marP_TB_VLS/WC/williamhconrad4/OpenVS-main/experiments/E3L_6DO3/screening/inputs/testset/E3L_6DO3_test_chunk50/ligands_list_test_0_39.txt
Saved: /lus/eagle/projects/marP_TB_VLS/WC/williamhconrad4/OpenVS-main/experiments/E3L_6DO3/screening/inputs/testset/E3L_6DO3_test_chunk50/flags_params_test_0_39.flags
Saved: /lus/eagle/projects/marP_TB_VLS/WC/williamhconrad4/OpenVS-main/experiments/E3L_6DO3/screening/inputs/testset/E3L_6DO3_test_chunk50/tar_params_test_0_40.tar
Saved: /lus/eagle/projects/marP_TB_VLS/WC/williamhconrad4/OpenVS-main/experiments/E3L_6DO3/screening/inputs/testset/E3L_6DO3_test_chunk50/ligands_list_test_0_40.txt
Saved: /lus/eagle/projects/marP_TB_VLS/WC/williamhconrad4/OpenVS-main/experiments/E3L_6DO3/screening/inputs/testset/E3L_6DO3_test_chunk50/flags_params_test_0_40.flags
Saved: /lus/eagle/projects/marP_TB_VLS/WC/williamhconrad4/OpenVS-main/experiments/E3L_6DO3/screening/inputs/testset/E3L_6DO3_test_chunk50/tar_params_test_0_41.tar
Saved: /lus/eagle/projects/marP_TB_VLS/WC/williamhconrad4/OpenVS-main/experiments/E3L_6DO3/screening/inputs/testset/E3L_6DO3_test_chunk50/ligands_list_test_0_41.txt
Saved: /lus/eagle/projects/marP_TB_VLS/WC/williamhconrad4/OpenVS-main/experiments/E3L_6DO3/screening/inputs/testset/E3L_6DO3_test_chunk50/flags_params_test_0_41.flags
Saved: /lus/eagle/projects/marP_TB_VLS/WC/williamhconrad4/OpenVS-main/experiments/E3L_6DO3/screening/inputs/testset/E3L_6DO3_test_chunk50/tar_params_test_0_42.tar
Saved: /lus/eagle/projects/marP_TB_VLS/WC/williamhconrad4/OpenVS-main/experiments/E3L_6DO3/screening/inputs/testset/E3L_6DO3_test_chunk50/ligands_list_test_0_42.txt
Saved: /lus/eagle/projects/marP_TB_VLS/WC/williamhconrad4/OpenVS-main/experiments/E3L_6DO3/screening/inputs/testset/E3L_6DO3_test_chunk50/flags_params_test_0_42.flags
Saved: /lus/eagle/projects/marP_TB_VLS/WC/williamhconrad4/OpenVS-main/experiments/E3L_6DO3/screening/inputs/testset/E3L_6DO3_test_chunk50/tar_params_test_0_43.tar
Saved: /lus/eagle/projects/marP_TB_VLS/WC/williamhconrad4/OpenVS-main/experiments/E3L_6DO3/screening/inputs/testset/E3L_6DO3_test_chunk50/ligands_list_test_0_43.txt
Saved: /lus/eagle/projects/marP_TB_VLS/WC/williamhconrad4/OpenVS-main/experiments/E3L_6DO3/screening/inputs/testset/E3L_6DO3_test_chunk50/flags_params_test_0_43.flags
Saved: /lus/eagle/projects/marP_TB_VLS/WC/williamhconrad4/OpenVS-main/experiments/E3L_6DO3/screening/inputs/testset/E3L_6DO3_test_chunk50/tar_params_test_0_44.tar
Saved: /lus/eagle/projects/marP_TB_VLS/WC/williamhconrad4/OpenVS-main/experiments/E3L_6DO3/screening/inputs/testset/E3L_6DO3_test_chunk50/ligands_list_test_0_44.txt
Saved: /lus/eagle/projects/marP_TB_VLS/WC/williamhconrad4/OpenVS-main/experiments/E3L_6DO3/screening/inputs/testset/E3L_6DO3_test_chunk50/flags_params_test_0_44.flags
Saved: /lus/eagle/projects/marP_TB_VLS/WC/williamhconrad4/OpenVS-main/experiments/E3L_6DO3/screening/inputs/testset/E3L_6DO3_test_chunk50/tar_params_test_0_45.tar
Saved: /lus/eagle/projects/marP_TB_VLS/WC/williamhconrad4/OpenVS-main/experiments/E3L_6DO3/screening/inputs/testset/E3L_6DO3_test_chunk50/ligands_list_test_0_45.txt
Saved: /lus/eagle/projects/marP_TB_VLS/WC/williamhconrad4/OpenVS-main/experiments/E3L_6DO3/screening/inputs/testset/E3L_6DO3_test_chunk50/flags_params_test_0_45.flags
Saved: /lus/eagle/projects/marP_TB_VLS/WC/williamhconrad4/OpenVS-main/experiments/E3L_6DO3/screening/inputs/testset/E3L_6DO3_test_chunk50/tar_params_test_0_46.tar
Saved: /lus/eagle/projects/marP_TB_VLS/WC/williamhconrad4/OpenVS-main/experiments/E3L_6DO3/screening/inputs/testset/E3L_6DO3_test_chunk50/ligands_list_test_0_46.txt
Saved: /lus/eagle/projects/marP_TB_VLS/WC/williamhconrad4/OpenVS-main/experiments/E3L_6DO3/screening/inputs/testset/E3L_6DO3_test_chunk50/flags_params_test_0_46.flags
Saved: /lus/eagle/projects/marP_TB_VLS/WC/williamhconrad4/OpenVS-main/experiments/E3L_6DO3/screening/inputs/testset/E3L_6DO3_test_chunk50/tar_params_test_0_47.tar
Saved: /lus/eagle/projects/marP_TB_VLS/WC/williamhconrad4/OpenVS-main/experiments/E3L_6DO3/screening/inputs/testset/E3L_6DO3_test_chunk50/ligands_list_test_0_47.txt
Saved: /lus/eagle/projects/marP_TB_VLS/WC/williamhconrad4/OpenVS-main/experiments/E3L_6DO3/screening/inputs/testset/E3L_6DO3_test_chunk50/flags_params_test_0_47.flags
Saved: /lus/eagle/projects/marP_TB_VLS/WC/williamhconrad4/OpenVS-main/experiments/E3L_6DO3/screening/inputs/testset/E3L_6DO3_test_chunk50/tar_params_test_0_48.tar
Saved: /lus/eagle/projects/marP_TB_VLS/WC/williamhconrad4/OpenVS-main/experiments/E3L_6DO3/screening/inputs/testset/E3L_6DO3_test_chunk50/ligands_list_test_0_48.txt
Saved: /lus/eagle/projects/marP_TB_VLS/WC/williamhconrad4/OpenVS-main/experiments/E3L_6DO3/screening/inputs/testset/E3L_6DO3_test_chunk50/flags_params_test_0_48.flags
Saved: /lus/eagle/projects/marP_TB_VLS/WC/williamhconrad4/OpenVS-main/experiments/E3L_6DO3/screening/inputs/testset/E3L_6DO3_test_chunk50/tar_params_test_0_49.tar
Saved: /lus/eagle/projects/marP_TB_VLS/WC/williamhconrad4/OpenVS-main/experiments/E3L_6DO3/screening/inputs/testset/E3L_6DO3_test_chunk50/ligands_list_test_0_49.txt
Saved: /lus/eagle/projects/marP_TB_VLS/WC/williamhconrad4/OpenVS-main/experiments/E3L_6DO3/screening/inputs/testset/E3L_6DO3_test_chunk50/flags_params_test_0_49.flags
Saved: /lus/eagle/projects/marP_TB_VLS/WC/williamhconrad4/OpenVS-main/experiments/E3L_6DO3/screening/inputs/testset/E3L_6DO3_test_chunk50/tar_params_test_0_50.tar
Saved: /lus/eagle/projects/marP_TB_VLS/WC/williamhconrad4/OpenVS-main/experiments/E3L_6DO3/screening/inputs/testset/E3L_6DO3_test_chunk50/ligands_list_test_0_50.txt
Saved: /lus/eagle/projects/marP_TB_VLS/WC/williamhconrad4/OpenVS-main/experiments/E3L_6DO3/screening/inputs/testset/E3L_6DO3_test_chunk50/flags_params_test_0_50.flags
Saved: /lus/eagle/projects/marP_TB_VLS/WC/williamhconrad4/OpenVS-main/experiments/E3L_6DO3/screening/inputs/testset/E3L_6DO3_test_chunk50/tar_params_test_0_51.tar
Saved: /lus/eagle/projects/marP_TB_VLS/WC/williamhconrad4/OpenVS-main/experiments/E3L_6DO3/screening/inputs/testset/E3L_6DO3_test_chunk50/ligands_list_test_0_51.txt
Saved: /lus/eagle/projects/marP_TB_VLS/WC/williamhconrad4/OpenVS-main/experiments/E3L_6DO3/screening/inputs/testset/E3L_6DO3_test_chunk50/flags_params_test_0_51.flags
Saved: /lus/eagle/projects/marP_TB_VLS/WC/williamhconrad4/OpenVS-main/experiments/E3L_6DO3/screening/inputs/testset/E3L_6DO3_test_chunk50/tar_params_test_0_52.tar
Saved: /lus/eagle/projects/marP_TB_VLS/WC/williamhconrad4/OpenVS-main/experiments/E3L_6DO3/screening/inputs/testset/E3L_6DO3_test_chunk50/ligands_list_test_0_52.txt
Saved: /lus/eagle/projects/marP_TB_VLS/WC/williamhconrad4/OpenVS-main/experiments/E3L_6DO3/screening/inputs/testset/E3L_6DO3_test_chunk50/flags_params_test_0_52.flags
Saved: /lus/eagle/projects/marP_TB_VLS/WC/williamhconrad4/OpenVS-main/experiments/E3L_6DO3/screening/inputs/testset/E3L_6DO3_test_chunk50/tar_params_test_0_53.tar
Saved: /lus/eagle/projects/marP_TB_VLS/WC/williamhconrad4/OpenVS-main/experiments/E3L_6DO3/screening/inputs/testset/E3L_6DO3_test_chunk50/ligands_list_test_0_53.txt
Saved: /lus/eagle/projects/marP_TB_VLS/WC/williamhconrad4/OpenVS-main/experiments/E3L_6DO3/screening/inputs/testset/E3L_6DO3_test_chunk50/flags_params_test_0_53.flags
Saved: /lus/eagle/projects/marP_TB_VLS/WC/williamhconrad4/OpenVS-main/experiments/E3L_6DO3/screening/inputs/testset/E3L_6DO3_test_chunk50/tar_params_test_0_54.tar
Saved: /lus/eagle/projects/marP_TB_VLS/WC/williamhconrad4/OpenVS-main/experiments/E3L_6DO3/screening/inputs/testset/E3L_6DO3_test_chunk50/ligands_list_test_0_54.txt
Saved: /lus/eagle/projects/marP_TB_VLS/WC/williamhconrad4/OpenVS-main/experiments/E3L_6DO3/screening/inputs/testset/E3L_6DO3_test_chunk50/flags_params_test_0_54.flags
Saved: /lus/eagle/projects/marP_TB_VLS/WC/williamhconrad4/OpenVS-main/experiments/E3L_6DO3/screening/inputs/testset/E3L_6DO3_test_chunk50/tar_params_test_0_55.tar
Saved: /lus/eagle/projects/marP_TB_VLS/WC/williamhconrad4/OpenVS-main/experiments/E3L_6DO3/screening/inputs/testset/E3L_6DO3_test_chunk50/ligands_list_test_0_55.txt
Saved: /lus/eagle/projects/marP_TB_VLS/WC/williamhconrad4/OpenVS-main/experiments/E3L_6DO3/screening/inputs/testset/E3L_6DO3_test_chunk50/flags_params_test_0_55.flags
Saved: /lus/eagle/projects/marP_TB_VLS/WC/williamhconrad4/OpenVS-main/experiments/E3L_6DO3/screening/inputs/testset/E3L_6DO3_test_chunk50/tar_params_test_0_56.tar
Saved: /lus/eagle/projects/marP_TB_VLS/WC/williamhconrad4/OpenVS-main/experiments/E3L_6DO3/screening/inputs/testset/E3L_6DO3_test_chunk50/ligands_list_test_0_56.txt
Saved: /lus/eagle/projects/marP_TB_VLS/WC/williamhconrad4/OpenVS-main/experiments/E3L_6DO3/screening/inputs/testset/E3L_6DO3_test_chunk50/flags_params_test_0_56.flags
Saved: /lus/eagle/projects/marP_TB_VLS/WC/williamhconrad4/OpenVS-main/experiments/E3L_6DO3/screening/inputs/testset/E3L_6DO3_test_chunk50/tar_params_test_0_57.tar
Saved: /lus/eagle/projects/marP_TB_VLS/WC/williamhconrad4/OpenVS-main/experiments/E3L_6DO3/screening/inputs/testset/E3L_6DO3_test_chunk50/ligands_list_test_0_57.txt
Saved: /lus/eagle/projects/marP_TB_VLS/WC/williamhconrad4/OpenVS-main/experiments/E3L_6DO3/screening/inputs/testset/E3L_6DO3_test_chunk50/flags_params_test_0_57.flags
Saved: /lus/eagle/projects/marP_TB_VLS/WC/williamhconrad4/OpenVS-main/experiments/E3L_6DO3/screening/inputs/testset/E3L_6DO3_test_chunk50/tar_params_test_0_58.tar
Saved: /lus/eagle/projects/marP_TB_VLS/WC/williamhconrad4/OpenVS-main/experiments/E3L_6DO3/screening/inputs/testset/E3L_6DO3_test_chunk50/ligands_list_test_0_58.txt
Saved: /lus/eagle/projects/marP_TB_VLS/WC/williamhconrad4/OpenVS-main/experiments/E3L_6DO3/screening/inputs/testset/E3L_6DO3_test_chunk50/flags_params_test_0_58.flags
Saved: /lus/eagle/projects/marP_TB_VLS/WC/williamhconrad4/OpenVS-main/experiments/E3L_6DO3/screening/inputs/testset/E3L_6DO3_test_chunk50/tar_params_test_0_59.tar
Saved: /lus/eagle/projects/marP_TB_VLS/WC/williamhconrad4/OpenVS-main/experiments/E3L_6DO3/screening/inputs/testset/E3L_6DO3_test_chunk50/ligands_list_test_0_59.txt
Saved: /lus/eagle/projects/marP_TB_VLS/WC/williamhconrad4/OpenVS-main/experiments/E3L_6DO3/screening/inputs/testset/E3L_6DO3_test_chunk50/flags_params_test_0_59.flags
Saved: /lus/eagle/projects/marP_TB_VLS/WC/williamhconrad4/OpenVS-main/experiments/E3L_6DO3/screening/inputs/testset/E3L_6DO3_test_chunk50/tar_params_test_0_60.tar
Saved: /lus/eagle/projects/marP_TB_VLS/WC/williamhconrad4/OpenVS-main/experiments/E3L_6DO3/screening/inputs/testset/E3L_6DO3_test_chunk50/ligands_list_test_0_60.txt
Saved: /lus/eagle/projects/marP_TB_VLS/WC/williamhconrad4/OpenVS-main/experiments/E3L_6DO3/screening/inputs/testset/E3L_6DO3_test_chunk50/flags_params_test_0_60.flags
Saved: /lus/eagle/projects/marP_TB_VLS/WC/williamhconrad4/OpenVS-main/experiments/E3L_6DO3/screening/inputs/testset/E3L_6DO3_test_chunk50/tar_params_test_0_61.tar
Saved: /lus/eagle/projects/marP_TB_VLS/WC/williamhconrad4/OpenVS-main/experiments/E3L_6DO3/screening/inputs/testset/E3L_6DO3_test_chunk50/ligands_list_test_0_61.txt
Saved: /lus/eagle/projects/marP_TB_VLS/WC/williamhconrad4/OpenVS-main/experiments/E3L_6DO3/screening/inputs/testset/E3L_6DO3_test_chunk50/flags_params_test_0_61.flags
Saved: /lus/eagle/projects/marP_TB_VLS/WC/williamhconrad4/OpenVS-main/experiments/E3L_6DO3/screening/inputs/testset/E3L_6DO3_test_chunk50/tar_params_test_0_62.tar
Saved: /lus/eagle/projects/marP_TB_VLS/WC/williamhconrad4/OpenVS-main/experiments/E3L_6DO3/screening/inputs/testset/E3L_6DO3_test_chunk50/ligands_list_test_0_62.txt
Saved: /lus/eagle/projects/marP_TB_VLS/WC/williamhconrad4/OpenVS-main/experiments/E3L_6DO3/screening/inputs/testset/E3L_6DO3_test_chunk50/flags_params_test_0_62.flags
Saved: /lus/eagle/projects/marP_TB_VLS/WC/williamhconrad4/OpenVS-main/experiments/E3L_6DO3/screening/inputs/testset/E3L_6DO3_test_chunk50/tar_params_test_0_63.tar
Saved: /lus/eagle/projects/marP_TB_VLS/WC/williamhconrad4/OpenVS-main/experiments/E3L_6DO3/screening/inputs/testset/E3L_6DO3_test_chunk50/ligands_list_test_0_63.txt
Saved: /lus/eagle/projects/marP_TB_VLS/WC/williamhconrad4/OpenVS-main/experiments/E3L_6DO3/screening/inputs/testset/E3L_6DO3_test_chunk50/flags_params_test_0_63.flags
Saved: /lus/eagle/projects/marP_TB_VLS/WC/williamhconrad4/OpenVS-main/experiments/E3L_6DO3/screening/inputs/testset/E3L_6DO3_test_chunk50/tar_params_test_0_64.tar
Saved: /lus/eagle/projects/marP_TB_VLS/WC/williamhconrad4/OpenVS-main/experiments/E3L_6DO3/screening/inputs/testset/E3L_6DO3_test_chunk50/ligands_list_test_0_64.txt
Saved: /lus/eagle/projects/marP_TB_VLS/WC/williamhconrad4/OpenVS-main/experiments/E3L_6DO3/screening/inputs/testset/E3L_6DO3_test_chunk50/flags_params_test_0_64.flags
Saved: /lus/eagle/projects/marP_TB_VLS/WC/williamhconrad4/OpenVS-main/experiments/E3L_6DO3/screening/inputs/testset/E3L_6DO3_test_chunk50/tar_params_test_0_65.tar
Saved: /lus/eagle/projects/marP_TB_VLS/WC/williamhconrad4/OpenVS-main/experiments/E3L_6DO3/screening/inputs/testset/E3L_6DO3_test_chunk50/ligands_list_test_0_65.txt
Saved: /lus/eagle/projects/marP_TB_VLS/WC/williamhconrad4/OpenVS-main/experiments/E3L_6DO3/screening/inputs/testset/E3L_6DO3_test_chunk50/flags_params_test_0_65.flags
Saved: /lus/eagle/projects/marP_TB_VLS/WC/williamhconrad4/OpenVS-main/experiments/E3L_6DO3/screening/inputs/testset/E3L_6DO3_test_chunk50/tar_params_test_0_66.tar
Saved: /lus/eagle/projects/marP_TB_VLS/WC/williamhconrad4/OpenVS-main/experiments/E3L_6DO3/screening/inputs/testset/E3L_6DO3_test_chunk50/ligands_list_test_0_66.txt
Saved: /lus/eagle/projects/marP_TB_VLS/WC/williamhconrad4/OpenVS-main/experiments/E3L_6DO3/screening/inputs/testset/E3L_6DO3_test_chunk50/flags_params_test_0_66.flags
Saved: /lus/eagle/projects/marP_TB_VLS/WC/williamhconrad4/OpenVS-main/experiments/E3L_6DO3/screening/inputs/testset/E3L_6DO3_test_chunk50/tar_params_test_0_67.tar
Saved: /lus/eagle/projects/marP_TB_VLS/WC/williamhconrad4/OpenVS-main/experiments/E3L_6DO3/screening/inputs/testset/E3L_6DO3_test_chunk50/ligands_list_test_0_67.txt
Saved: /lus/eagle/projects/marP_TB_VLS/WC/williamhconrad4/OpenVS-main/experiments/E3L_6DO3/screening/inputs/testset/E3L_6DO3_test_chunk50/flags_params_test_0_67.flags
Saved: /lus/eagle/projects/marP_TB_VLS/WC/williamhconrad4/OpenVS-main/experiments/E3L_6DO3/screening/inputs/testset/E3L_6DO3_test_chunk50/tar_params_test_0_68.tar
Saved: /lus/eagle/projects/marP_TB_VLS/WC/williamhconrad4/OpenVS-main/experiments/E3L_6DO3/screening/inputs/testset/E3L_6DO3_test_chunk50/ligands_list_test_0_68.txt
Saved: /lus/eagle/projects/marP_TB_VLS/WC/williamhconrad4/OpenVS-main/experiments/E3L_6DO3/screening/inputs/testset/E3L_6DO3_test_chunk50/flags_params_test_0_68.flags
Saved: /lus/eagle/projects/marP_TB_VLS/WC/williamhconrad4/OpenVS-main/experiments/E3L_6DO3/screening/inputs/testset/E3L_6DO3_test_chunk50/tar_params_test_0_69.tar
Saved: /lus/eagle/projects/marP_TB_VLS/WC/williamhconrad4/OpenVS-main/experiments/E3L_6DO3/screening/inputs/testset/E3L_6DO3_test_chunk50/ligands_list_test_0_69.txt
Saved: /lus/eagle/projects/marP_TB_VLS/WC/williamhconrad4/OpenVS-main/experiments/E3L_6DO3/screening/inputs/testset/E3L_6DO3_test_chunk50/flags_params_test_0_69.flags
Saved: /lus/eagle/projects/marP_TB_VLS/WC/williamhconrad4/OpenVS-main/experiments/E3L_6DO3/screening/inputs/testset/E3L_6DO3_test_chunk50/tar_params_test_0_70.tar
Saved: /lus/eagle/projects/marP_TB_VLS/WC/williamhconrad4/OpenVS-main/experiments/E3L_6DO3/screening/inputs/testset/E3L_6DO3_test_chunk50/ligands_list_test_0_70.txt
Saved: /lus/eagle/projects/marP_TB_VLS/WC/williamhconrad4/OpenVS-main/experiments/E3L_6DO3/screening/inputs/testset/E3L_6DO3_test_chunk50/flags_params_test_0_70.flags
Saved: /lus/eagle/projects/marP_TB_VLS/WC/williamhconrad4/OpenVS-main/experiments/E3L_6DO3/screening/inputs/testset/E3L_6DO3_test_chunk50/tar_params_test_0_71.tar
Saved: /lus/eagle/projects/marP_TB_VLS/WC/williamhconrad4/OpenVS-main/experiments/E3L_6DO3/screening/inputs/testset/E3L_6DO3_test_chunk50/ligands_list_test_0_71.txt
Saved: /lus/eagle/projects/marP_TB_VLS/WC/williamhconrad4/OpenVS-main/experiments/E3L_6DO3/screening/inputs/testset/E3L_6DO3_test_chunk50/flags_params_test_0_71.flags
Saved: /lus/eagle/projects/marP_TB_VLS/WC/williamhconrad4/OpenVS-main/experiments/E3L_6DO3/screening/inputs/testset/E3L_6DO3_test_chunk50/tar_params_test_0_72.tar
Saved: /lus/eagle/projects/marP_TB_VLS/WC/williamhconrad4/OpenVS-main/experiments/E3L_6DO3/screening/inputs/testset/E3L_6DO3_test_chunk50/ligands_list_test_0_72.txt
Saved: /lus/eagle/projects/marP_TB_VLS/WC/williamhconrad4/OpenVS-main/experiments/E3L_6DO3/screening/inputs/testset/E3L_6DO3_test_chunk50/flags_params_test_0_72.flags
Saved: /lus/eagle/projects/marP_TB_VLS/WC/williamhconrad4/OpenVS-main/experiments/E3L_6DO3/screening/inputs/testset/E3L_6DO3_test_chunk50/tar_params_test_0_73.tar
Saved: /lus/eagle/projects/marP_TB_VLS/WC/williamhconrad4/OpenVS-main/experiments/E3L_6DO3/screening/inputs/testset/E3L_6DO3_test_chunk50/ligands_list_test_0_73.txt
Saved: /lus/eagle/projects/marP_TB_VLS/WC/williamhconrad4/OpenVS-main/experiments/E3L_6DO3/screening/inputs/testset/E3L_6DO3_test_chunk50/flags_params_test_0_73.flags
Saved: /lus/eagle/projects/marP_TB_VLS/WC/williamhconrad4/OpenVS-main/experiments/E3L_6DO3/screening/inputs/testset/E3L_6DO3_test_chunk50/tar_params_test_0_74.tar
Saved: /lus/eagle/projects/marP_TB_VLS/WC/williamhconrad4/OpenVS-main/experiments/E3L_6DO3/screening/inputs/testset/E3L_6DO3_test_chunk50/ligands_list_test_0_74.txt
Saved: /lus/eagle/projects/marP_TB_VLS/WC/williamhconrad4/OpenVS-main/experiments/E3L_6DO3/screening/inputs/testset/E3L_6DO3_test_chunk50/flags_params_test_0_74.flags
Saved: /lus/eagle/projects/marP_TB_VLS/WC/williamhconrad4/OpenVS-main/experiments/E3L_6DO3/screening/inputs/testset/E3L_6DO3_test_chunk50/tar_params_test_0_75.tar
Saved: /lus/eagle/projects/marP_TB_VLS/WC/williamhconrad4/OpenVS-main/experiments/E3L_6DO3/screening/inputs/testset/E3L_6DO3_test_chunk50/ligands_list_test_0_75.txt
Saved: /lus/eagle/projects/marP_TB_VLS/WC/williamhconrad4/OpenVS-main/experiments/E3L_6DO3/screening/inputs/testset/E3L_6DO3_test_chunk50/flags_params_test_0_75.flags
Saved: /lus/eagle/projects/marP_TB_VLS/WC/williamhconrad4/OpenVS-main/experiments/E3L_6DO3/screening/inputs/testset/E3L_6DO3_test_chunk50/tar_params_test_0_76.tar
Saved: /lus/eagle/projects/marP_TB_VLS/WC/williamhconrad4/OpenVS-main/experiments/E3L_6DO3/screening/inputs/testset/E3L_6DO3_test_chunk50/ligands_list_test_0_76.txt
Saved: /lus/eagle/projects/marP_TB_VLS/WC/williamhconrad4/OpenVS-main/experiments/E3L_6DO3/screening/inputs/testset/E3L_6DO3_test_chunk50/flags_params_test_0_76.flags
Saved: /lus/eagle/projects/marP_TB_VLS/WC/williamhconrad4/OpenVS-main/experiments/E3L_6DO3/screening/inputs/testset/E3L_6DO3_test_chunk50/tar_params_test_0_77.tar
Saved: /lus/eagle/projects/marP_TB_VLS/WC/williamhconrad4/OpenVS-main/experiments/E3L_6DO3/screening/inputs/testset/E3L_6DO3_test_chunk50/ligands_list_test_0_77.txt
Saved: /lus/eagle/projects/marP_TB_VLS/WC/williamhconrad4/OpenVS-main/experiments/E3L_6DO3/screening/inputs/testset/E3L_6DO3_test_chunk50/flags_params_test_0_77.flags
Saved: /lus/eagle/projects/marP_TB_VLS/WC/williamhconrad4/OpenVS-main/experiments/E3L_6DO3/screening/inputs/testset/E3L_6DO3_test_chunk50/tar_params_test_0_78.tar
Saved: /lus/eagle/projects/marP_TB_VLS/WC/williamhconrad4/OpenVS-main/experiments/E3L_6DO3/screening/inputs/testset/E3L_6DO3_test_chunk50/ligands_list_test_0_78.txt
Saved: /lus/eagle/projects/marP_TB_VLS/WC/williamhconrad4/OpenVS-main/experiments/E3L_6DO3/screening/inputs/testset/E3L_6DO3_test_chunk50/flags_params_test_0_78.flags
Saved: /lus/eagle/projects/marP_TB_VLS/WC/williamhconrad4/OpenVS-main/experiments/E3L_6DO3/screening/inputs/testset/E3L_6DO3_test_chunk50/tar_params_test_0_79.tar
Saved: /lus/eagle/projects/marP_TB_VLS/WC/williamhconrad4/OpenVS-main/experiments/E3L_6DO3/screening/inputs/testset/E3L_6DO3_test_chunk50/ligands_list_test_0_79.txt
Saved: /lus/eagle/projects/marP_TB_VLS/WC/williamhconrad4/OpenVS-main/experiments/E3L_6DO3/screening/inputs/testset/E3L_6DO3_test_chunk50/flags_params_test_0_79.flags
Saved: /lus/eagle/projects/marP_TB_VLS/WC/williamhconrad4/OpenVS-main/experiments/E3L_6DO3/screening/inputs/testset/E3L_6DO3_test_chunk50/tar_params_test_0_80.tar
Saved: /lus/eagle/projects/marP_TB_VLS/WC/williamhconrad4/OpenVS-main/experiments/E3L_6DO3/screening/inputs/testset/E3L_6DO3_test_chunk50/ligands_list_test_0_80.txt
Saved: /lus/eagle/projects/marP_TB_VLS/WC/williamhconrad4/OpenVS-main/experiments/E3L_6DO3/screening/inputs/testset/E3L_6DO3_test_chunk50/flags_params_test_0_80.flags
Saved: /lus/eagle/projects/marP_TB_VLS/WC/williamhconrad4/OpenVS-main/experiments/E3L_6DO3/screening/inputs/testset/E3L_6DO3_test_chunk50/tar_params_test_0_81.tar
Saved: /lus/eagle/projects/marP_TB_VLS/WC/williamhconrad4/OpenVS-main/experiments/E3L_6DO3/screening/inputs/testset/E3L_6DO3_test_chunk50/ligands_list_test_0_81.txt
Saved: /lus/eagle/projects/marP_TB_VLS/WC/williamhconrad4/OpenVS-main/experiments/E3L_6DO3/screening/inputs/testset/E3L_6DO3_test_chunk50/flags_params_test_0_81.flags
Saved: /lus/eagle/projects/marP_TB_VLS/WC/williamhconrad4/OpenVS-main/experiments/E3L_6DO3/screening/inputs/testset/E3L_6DO3_test_chunk50/tar_params_test_0_82.tar
Saved: /lus/eagle/projects/marP_TB_VLS/WC/williamhconrad4/OpenVS-main/experiments/E3L_6DO3/screening/inputs/testset/E3L_6DO3_test_chunk50/ligands_list_test_0_82.txt
Saved: /lus/eagle/projects/marP_TB_VLS/WC/williamhconrad4/OpenVS-main/experiments/E3L_6DO3/screening/inputs/testset/E3L_6DO3_test_chunk50/flags_params_test_0_82.flags
Saved: /lus/eagle/projects/marP_TB_VLS/WC/williamhconrad4/OpenVS-main/experiments/E3L_6DO3/screening/inputs/testset/E3L_6DO3_test_chunk50/tar_params_test_0_83.tar
Saved: /lus/eagle/projects/marP_TB_VLS/WC/williamhconrad4/OpenVS-main/experiments/E3L_6DO3/screening/inputs/testset/E3L_6DO3_test_chunk50/ligands_list_test_0_83.txt
Saved: /lus/eagle/projects/marP_TB_VLS/WC/williamhconrad4/OpenVS-main/experiments/E3L_6DO3/screening/inputs/testset/E3L_6DO3_test_chunk50/flags_params_test_0_83.flags
Saved: /lus/eagle/projects/marP_TB_VLS/WC/williamhconrad4/OpenVS-main/experiments/E3L_6DO3/screening/inputs/testset/E3L_6DO3_test_chunk50/tar_params_test_0_84.tar
Saved: /lus/eagle/projects/marP_TB_VLS/WC/williamhconrad4/OpenVS-main/experiments/E3L_6DO3/screening/inputs/testset/E3L_6DO3_test_chunk50/ligands_list_test_0_84.txt
Saved: /lus/eagle/projects/marP_TB_VLS/WC/williamhconrad4/OpenVS-main/experiments/E3L_6DO3/screening/inputs/testset/E3L_6DO3_test_chunk50/flags_params_test_0_84.flags
Saved: /lus/eagle/projects/marP_TB_VLS/WC/williamhconrad4/OpenVS-main/experiments/E3L_6DO3/screening/inputs/testset/E3L_6DO3_test_chunk50/tar_params_test_0_85.tar
Saved: /lus/eagle/projects/marP_TB_VLS/WC/williamhconrad4/OpenVS-main/experiments/E3L_6DO3/screening/inputs/testset/E3L_6DO3_test_chunk50/ligands_list_test_0_85.txt
Saved: /lus/eagle/projects/marP_TB_VLS/WC/williamhconrad4/OpenVS-main/experiments/E3L_6DO3/screening/inputs/testset/E3L_6DO3_test_chunk50/flags_params_test_0_85.flags
Saved: /lus/eagle/projects/marP_TB_VLS/WC/williamhconrad4/OpenVS-main/experiments/E3L_6DO3/screening/inputs/testset/E3L_6DO3_test_chunk50/tar_params_test_0_86.tar
Saved: /lus/eagle/projects/marP_TB_VLS/WC/williamhconrad4/OpenVS-main/experiments/E3L_6DO3/screening/inputs/testset/E3L_6DO3_test_chunk50/ligands_list_test_0_86.txt
Saved: /lus/eagle/projects/marP_TB_VLS/WC/williamhconrad4/OpenVS-main/experiments/E3L_6DO3/screening/inputs/testset/E3L_6DO3_test_chunk50/flags_params_test_0_86.flags
Saved: /lus/eagle/projects/marP_TB_VLS/WC/williamhconrad4/OpenVS-main/experiments/E3L_6DO3/screening/inputs/testset/E3L_6DO3_test_chunk50/tar_params_test_0_87.tar
Saved: /lus/eagle/projects/marP_TB_VLS/WC/williamhconrad4/OpenVS-main/experiments/E3L_6DO3/screening/inputs/testset/E3L_6DO3_test_chunk50/ligands_list_test_0_87.txt
Saved: /lus/eagle/projects/marP_TB_VLS/WC/williamhconrad4/OpenVS-main/experiments/E3L_6DO3/screening/inputs/testset/E3L_6DO3_test_chunk50/flags_params_test_0_87.flags
Saved: /lus/eagle/projects/marP_TB_VLS/WC/williamhconrad4/OpenVS-main/experiments/E3L_6DO3/screening/inputs/testset/E3L_6DO3_test_chunk50/tar_params_test_0_88.tar
Saved: /lus/eagle/projects/marP_TB_VLS/WC/williamhconrad4/OpenVS-main/experiments/E3L_6DO3/screening/inputs/testset/E3L_6DO3_test_chunk50/ligands_list_test_0_88.txt
Saved: /lus/eagle/projects/marP_TB_VLS/WC/williamhconrad4/OpenVS-main/experiments/E3L_6DO3/screening/inputs/testset/E3L_6DO3_test_chunk50/flags_params_test_0_88.flags
Saved: /lus/eagle/projects/marP_TB_VLS/WC/williamhconrad4/OpenVS-main/experiments/E3L_6DO3/screening/inputs/testset/E3L_6DO3_test_chunk50/tar_params_test_0_89.tar
Saved: /lus/eagle/projects/marP_TB_VLS/WC/williamhconrad4/OpenVS-main/experiments/E3L_6DO3/screening/inputs/testset/E3L_6DO3_test_chunk50/ligands_list_test_0_89.txt
Saved: /lus/eagle/projects/marP_TB_VLS/WC/williamhconrad4/OpenVS-main/experiments/E3L_6DO3/screening/inputs/testset/E3L_6DO3_test_chunk50/flags_params_test_0_89.flags
Saved: /lus/eagle/projects/marP_TB_VLS/WC/williamhconrad4/OpenVS-main/experiments/E3L_6DO3/screening/inputs/testset/E3L_6DO3_test_chunk50/tar_params_test_0_90.tar
Saved: /lus/eagle/projects/marP_TB_VLS/WC/williamhconrad4/OpenVS-main/experiments/E3L_6DO3/screening/inputs/testset/E3L_6DO3_test_chunk50/ligands_list_test_0_90.txt
Saved: /lus/eagle/projects/marP_TB_VLS/WC/williamhconrad4/OpenVS-main/experiments/E3L_6DO3/screening/inputs/testset/E3L_6DO3_test_chunk50/flags_params_test_0_90.flags
Saved: /lus/eagle/projects/marP_TB_VLS/WC/williamhconrad4/OpenVS-main/experiments/E3L_6DO3/screening/inputs/testset/E3L_6DO3_test_chunk50/tar_params_test_0_91.tar
Saved: /lus/eagle/projects/marP_TB_VLS/WC/williamhconrad4/OpenVS-main/experiments/E3L_6DO3/screening/inputs/testset/E3L_6DO3_test_chunk50/ligands_list_test_0_91.txt
Saved: /lus/eagle/projects/marP_TB_VLS/WC/williamhconrad4/OpenVS-main/experiments/E3L_6DO3/screening/inputs/testset/E3L_6DO3_test_chunk50/flags_params_test_0_91.flags
Saved: /lus/eagle/projects/marP_TB_VLS/WC/williamhconrad4/OpenVS-main/experiments/E3L_6DO3/screening/inputs/testset/E3L_6DO3_test_chunk50/tar_params_test_0_92.tar
Saved: /lus/eagle/projects/marP_TB_VLS/WC/williamhconrad4/OpenVS-main/experiments/E3L_6DO3/screening/inputs/testset/E3L_6DO3_test_chunk50/ligands_list_test_0_92.txt
Saved: /lus/eagle/projects/marP_TB_VLS/WC/williamhconrad4/OpenVS-main/experiments/E3L_6DO3/screening/inputs/testset/E3L_6DO3_test_chunk50/flags_params_test_0_92.flags
Saved: /lus/eagle/projects/marP_TB_VLS/WC/williamhconrad4/OpenVS-main/experiments/E3L_6DO3/screening/inputs/testset/E3L_6DO3_test_chunk50/tar_params_test_0_93.tar
Saved: /lus/eagle/projects/marP_TB_VLS/WC/williamhconrad4/OpenVS-main/experiments/E3L_6DO3/screening/inputs/testset/E3L_6DO3_test_chunk50/ligands_list_test_0_93.txt
Saved: /lus/eagle/projects/marP_TB_VLS/WC/williamhconrad4/OpenVS-main/experiments/E3L_6DO3/screening/inputs/testset/E3L_6DO3_test_chunk50/flags_params_test_0_93.flags
Saved: /lus/eagle/projects/marP_TB_VLS/WC/williamhconrad4/OpenVS-main/experiments/E3L_6DO3/screening/inputs/testset/E3L_6DO3_test_chunk50/tar_params_test_0_94.tar
Saved: /lus/eagle/projects/marP_TB_VLS/WC/williamhconrad4/OpenVS-main/experiments/E3L_6DO3/screening/inputs/testset/E3L_6DO3_test_chunk50/ligands_list_test_0_94.txt
Saved: /lus/eagle/projects/marP_TB_VLS/WC/williamhconrad4/OpenVS-main/experiments/E3L_6DO3/screening/inputs/testset/E3L_6DO3_test_chunk50/flags_params_test_0_94.flags
Saved: /lus/eagle/projects/marP_TB_VLS/WC/williamhconrad4/OpenVS-main/experiments/E3L_6DO3/screening/inputs/testset/E3L_6DO3_test_chunk50/tar_params_test_0_95.tar
Saved: /lus/eagle/projects/marP_TB_VLS/WC/williamhconrad4/OpenVS-main/experiments/E3L_6DO3/screening/inputs/testset/E3L_6DO3_test_chunk50/ligands_list_test_0_95.txt
Saved: /lus/eagle/projects/marP_TB_VLS/WC/williamhconrad4/OpenVS-main/experiments/E3L_6DO3/screening/inputs/testset/E3L_6DO3_test_chunk50/flags_params_test_0_95.flags
Saved: /lus/eagle/projects/marP_TB_VLS/WC/williamhconrad4/OpenVS-main/experiments/E3L_6DO3/screening/inputs/testset/E3L_6DO3_test_chunk50/tar_params_test_0_96.tar
Saved: /lus/eagle/projects/marP_TB_VLS/WC/williamhconrad4/OpenVS-main/experiments/E3L_6DO3/screening/inputs/testset/E3L_6DO3_test_chunk50/ligands_list_test_0_96.txt
Saved: /lus/eagle/projects/marP_TB_VLS/WC/williamhconrad4/OpenVS-main/experiments/E3L_6DO3/screening/inputs/testset/E3L_6DO3_test_chunk50/flags_params_test_0_96.flags
Saved: /lus/eagle/projects/marP_TB_VLS/WC/williamhconrad4/OpenVS-main/experiments/E3L_6DO3/screening/inputs/testset/E3L_6DO3_test_chunk50/tar_params_test_0_97.tar
Saved: /lus/eagle/projects/marP_TB_VLS/WC/williamhconrad4/OpenVS-main/experiments/E3L_6DO3/screening/inputs/testset/E3L_6DO3_test_chunk50/ligands_list_test_0_97.txt
Saved: /lus/eagle/projects/marP_TB_VLS/WC/williamhconrad4/OpenVS-main/experiments/E3L_6DO3/screening/inputs/testset/E3L_6DO3_test_chunk50/flags_params_test_0_97.flags
Saved: /lus/eagle/projects/marP_TB_VLS/WC/williamhconrad4/OpenVS-main/experiments/E3L_6DO3/screening/inputs/testset/E3L_6DO3_test_chunk50/tar_params_test_0_98.tar
Saved: /lus/eagle/projects/marP_TB_VLS/WC/williamhconrad4/OpenVS-main/experiments/E3L_6DO3/screening/inputs/testset/E3L_6DO3_test_chunk50/ligands_list_test_0_98.txt
Saved: /lus/eagle/projects/marP_TB_VLS/WC/williamhconrad4/OpenVS-main/experiments/E3L_6DO3/screening/inputs/testset/E3L_6DO3_test_chunk50/flags_params_test_0_98.flags
Saved: /lus/eagle/projects/marP_TB_VLS/WC/williamhconrad4/OpenVS-main/experiments/E3L_6DO3/screening/inputs/testset/E3L_6DO3_test_chunk50/tar_params_test_0_99.tar
Saved: /lus/eagle/projects/marP_TB_VLS/WC/williamhconrad4/OpenVS-main/experiments/E3L_6DO3/screening/inputs/testset/E3L_6DO3_test_chunk50/ligands_list_test_0_99.txt
Saved: /lus/eagle/projects/marP_TB_VLS/WC/williamhconrad4/OpenVS-main/experiments/E3L_6DO3/screening/inputs/testset/E3L_6DO3_test_chunk50/flags_params_test_0_99.flags
Saved: /lus/eagle/projects/marP_TB_VLS/WC/williamhconrad4/OpenVS-main/experiments/E3L_6DO3/screening/inputs/testset/E3L_6DO3_test_chunk50/tar_params_test_0_100.tar
Saved: /lus/eagle/projects/marP_TB_VLS/WC/williamhconrad4/OpenVS-main/experiments/E3L_6DO3/screening/inputs/testset/E3L_6DO3_test_chunk50/ligands_list_test_0_100.txt
Saved: /lus/eagle/projects/marP_TB_VLS/WC/williamhconrad4/OpenVS-main/experiments/E3L_6DO3/screening/inputs/testset/E3L_6DO3_test_chunk50/flags_params_test_0_100.flags
Saved: /lus/eagle/projects/marP_TB_VLS/WC/williamhconrad4/OpenVS-main/experiments/E3L_6DO3/screening/inputs/testset/E3L_6DO3_test_chunk50/tar_params_test_0_101.tar
Saved: /lus/eagle/projects/marP_TB_VLS/WC/williamhconrad4/OpenVS-main/experiments/E3L_6DO3/screening/inputs/testset/E3L_6DO3_test_chunk50/ligands_list_test_0_101.txt
Saved: /lus/eagle/projects/marP_TB_VLS/WC/williamhconrad4/OpenVS-main/experiments/E3L_6DO3/screening/inputs/testset/E3L_6DO3_test_chunk50/flags_params_test_0_101.flags
Saved: /lus/eagle/projects/marP_TB_VLS/WC/williamhconrad4/OpenVS-main/experiments/E3L_6DO3/screening/inputs/testset/E3L_6DO3_test_chunk50/tar_params_test_0_102.tar
Saved: /lus/eagle/projects/marP_TB_VLS/WC/williamhconrad4/OpenVS-main/experiments/E3L_6DO3/screening/inputs/testset/E3L_6DO3_test_chunk50/ligands_list_test_0_102.txt
Saved: /lus/eagle/projects/marP_TB_VLS/WC/williamhconrad4/OpenVS-main/experiments/E3L_6DO3/screening/inputs/testset/E3L_6DO3_test_chunk50/flags_params_test_0_102.flags
Saved: /lus/eagle/projects/marP_TB_VLS/WC/williamhconrad4/OpenVS-main/experiments/E3L_6DO3/screening/inputs/testset/E3L_6DO3_test_chunk50/tar_params_test_0_103.tar
Saved: /lus/eagle/projects/marP_TB_VLS/WC/williamhconrad4/OpenVS-main/experiments/E3L_6DO3/screening/inputs/testset/E3L_6DO3_test_chunk50/ligands_list_test_0_103.txt
Saved: /lus/eagle/projects/marP_TB_VLS/WC/williamhconrad4/OpenVS-main/experiments/E3L_6DO3/screening/inputs/testset/E3L_6DO3_test_chunk50/flags_params_test_0_103.flags
Saved: /lus/eagle/projects/marP_TB_VLS/WC/williamhconrad4/OpenVS-main/experiments/E3L_6DO3/screening/inputs/testset/E3L_6DO3_test_chunk50/tar_params_test_0_104.tar
Saved: /lus/eagle/projects/marP_TB_VLS/WC/williamhconrad4/OpenVS-main/experiments/E3L_6DO3/screening/inputs/testset/E3L_6DO3_test_chunk50/ligands_list_test_0_104.txt
Saved: /lus/eagle/projects/marP_TB_VLS/WC/williamhconrad4/OpenVS-main/experiments/E3L_6DO3/screening/inputs/testset/E3L_6DO3_test_chunk50/flags_params_test_0_104.flags
Saved: /lus/eagle/projects/marP_TB_VLS/WC/williamhconrad4/OpenVS-main/experiments/E3L_6DO3/screening/inputs/testset/E3L_6DO3_test_chunk50/tar_params_test_0_105.tar
Saved: /lus/eagle/projects/marP_TB_VLS/WC/williamhconrad4/OpenVS-main/experiments/E3L_6DO3/screening/inputs/testset/E3L_6DO3_test_chunk50/ligands_list_test_0_105.txt
Saved: /lus/eagle/projects/marP_TB_VLS/WC/williamhconrad4/OpenVS-main/experiments/E3L_6DO3/screening/inputs/testset/E3L_6DO3_test_chunk50/flags_params_test_0_105.flags
Saved: /lus/eagle/projects/marP_TB_VLS/WC/williamhconrad4/OpenVS-main/experiments/E3L_6DO3/screening/inputs/testset/E3L_6DO3_test_chunk50/tar_params_test_0_106.tar
Saved: /lus/eagle/projects/marP_TB_VLS/WC/williamhconrad4/OpenVS-main/experiments/E3L_6DO3/screening/inputs/testset/E3L_6DO3_test_chunk50/ligands_list_test_0_106.txt
Saved: /lus/eagle/projects/marP_TB_VLS/WC/williamhconrad4/OpenVS-main/experiments/E3L_6DO3/screening/inputs/testset/E3L_6DO3_test_chunk50/flags_params_test_0_106.flags
Saved: /lus/eagle/projects/marP_TB_VLS/WC/williamhconrad4/OpenVS-main/experiments/E3L_6DO3/screening/inputs/testset/E3L_6DO3_test_chunk50/tar_params_test_0_107.tar
Saved: /lus/eagle/projects/marP_TB_VLS/WC/williamhconrad4/OpenVS-main/experiments/E3L_6DO3/screening/inputs/testset/E3L_6DO3_test_chunk50/ligands_list_test_0_107.txt
Saved: /lus/eagle/projects/marP_TB_VLS/WC/williamhconrad4/OpenVS-main/experiments/E3L_6DO3/screening/inputs/testset/E3L_6DO3_test_chunk50/flags_params_test_0_107.flags
Saved: /lus/eagle/projects/marP_TB_VLS/WC/williamhconrad4/OpenVS-main/experiments/E3L_6DO3/screening/inputs/testset/E3L_6DO3_test_chunk50/tar_params_test_0_108.tar
Saved: /lus/eagle/projects/marP_TB_VLS/WC/williamhconrad4/OpenVS-main/experiments/E3L_6DO3/screening/inputs/testset/E3L_6DO3_test_chunk50/ligands_list_test_0_108.txt
Saved: /lus/eagle/projects/marP_TB_VLS/WC/williamhconrad4/OpenVS-main/experiments/E3L_6DO3/screening/inputs/testset/E3L_6DO3_test_chunk50/flags_params_test_0_108.flags
Saved: /lus/eagle/projects/marP_TB_VLS/WC/williamhconrad4/OpenVS-main/experiments/E3L_6DO3/screening/inputs/testset/E3L_6DO3_test_chunk50/tar_params_test_0_109.tar
Saved: /lus/eagle/projects/marP_TB_VLS/WC/williamhconrad4/OpenVS-main/experiments/E3L_6DO3/screening/inputs/testset/E3L_6DO3_test_chunk50/ligands_list_test_0_109.txt
Saved: /lus/eagle/projects/marP_TB_VLS/WC/williamhconrad4/OpenVS-main/experiments/E3L_6DO3/screening/inputs/testset/E3L_6DO3_test_chunk50/flags_params_test_0_109.flags
Saved: /lus/eagle/projects/marP_TB_VLS/WC/williamhconrad4/OpenVS-main/experiments/E3L_6DO3/screening/inputs/testset/E3L_6DO3_test_chunk50/tar_params_test_0_110.tar
Saved: /lus/eagle/projects/marP_TB_VLS/WC/williamhconrad4/OpenVS-main/experiments/E3L_6DO3/screening/inputs/testset/E3L_6DO3_test_chunk50/ligands_list_test_0_110.txt
Saved: /lus/eagle/projects/marP_TB_VLS/WC/williamhconrad4/OpenVS-main/experiments/E3L_6DO3/screening/inputs/testset/E3L_6DO3_test_chunk50/flags_params_test_0_110.flags
Saved: /lus/eagle/projects/marP_TB_VLS/WC/williamhconrad4/OpenVS-main/experiments/E3L_6DO3/screening/inputs/testset/E3L_6DO3_test_chunk50/tar_params_test_0_111.tar
Saved: /lus/eagle/projects/marP_TB_VLS/WC/williamhconrad4/OpenVS-main/experiments/E3L_6DO3/screening/inputs/testset/E3L_6DO3_test_chunk50/ligands_list_test_0_111.txt
Saved: /lus/eagle/projects/marP_TB_VLS/WC/williamhconrad4/OpenVS-main/experiments/E3L_6DO3/screening/inputs/testset/E3L_6DO3_test_chunk50/flags_params_test_0_111.flags
Saved: /lus/eagle/projects/marP_TB_VLS/WC/williamhconrad4/OpenVS-main/experiments/E3L_6DO3/screening/inputs/testset/E3L_6DO3_test_chunk50/tar_params_test_0_112.tar
Saved: /lus/eagle/projects/marP_TB_VLS/WC/williamhconrad4/OpenVS-main/experiments/E3L_6DO3/screening/inputs/testset/E3L_6DO3_test_chunk50/ligands_list_test_0_112.txt
Saved: /lus/eagle/projects/marP_TB_VLS/WC/williamhconrad4/OpenVS-main/experiments/E3L_6DO3/screening/inputs/testset/E3L_6DO3_test_chunk50/flags_params_test_0_112.flags
Saved: /lus/eagle/projects/marP_TB_VLS/WC/williamhconrad4/OpenVS-main/experiments/E3L_6DO3/screening/inputs/testset/E3L_6DO3_test_chunk50/tar_params_test_0_113.tar
Saved: /lus/eagle/projects/marP_TB_VLS/WC/williamhconrad4/OpenVS-main/experiments/E3L_6DO3/screening/inputs/testset/E3L_6DO3_test_chunk50/ligands_list_test_0_113.txt
Saved: /lus/eagle/projects/marP_TB_VLS/WC/williamhconrad4/OpenVS-main/experiments/E3L_6DO3/screening/inputs/testset/E3L_6DO3_test_chunk50/flags_params_test_0_113.flags
Saved: /lus/eagle/projects/marP_TB_VLS/WC/williamhconrad4/OpenVS-main/experiments/E3L_6DO3/screening/inputs/testset/E3L_6DO3_test_chunk50/tar_params_test_0_114.tar
Saved: /lus/eagle/projects/marP_TB_VLS/WC/williamhconrad4/OpenVS-main/experiments/E3L_6DO3/screening/inputs/testset/E3L_6DO3_test_chunk50/ligands_list_test_0_114.txt
Saved: /lus/eagle/projects/marP_TB_VLS/WC/williamhconrad4/OpenVS-main/experiments/E3L_6DO3/screening/inputs/testset/E3L_6DO3_test_chunk50/flags_params_test_0_114.flags
Saved: /lus/eagle/projects/marP_TB_VLS/WC/williamhconrad4/OpenVS-main/experiments/E3L_6DO3/screening/inputs/testset/E3L_6DO3_test_chunk50/tar_params_test_0_115.tar
Saved: /lus/eagle/projects/marP_TB_VLS/WC/williamhconrad4/OpenVS-main/experiments/E3L_6DO3/screening/inputs/testset/E3L_6DO3_test_chunk50/ligands_list_test_0_115.txt
Saved: /lus/eagle/projects/marP_TB_VLS/WC/williamhconrad4/OpenVS-main/experiments/E3L_6DO3/screening/inputs/testset/E3L_6DO3_test_chunk50/flags_params_test_0_115.flags
Saved: /lus/eagle/projects/marP_TB_VLS/WC/williamhconrad4/OpenVS-main/experiments/E3L_6DO3/screening/inputs/testset/E3L_6DO3_test_chunk50/tar_params_test_0_116.tar
Saved: /lus/eagle/projects/marP_TB_VLS/WC/williamhconrad4/OpenVS-main/experiments/E3L_6DO3/screening/inputs/testset/E3L_6DO3_test_chunk50/ligands_list_test_0_116.txt
Saved: /lus/eagle/projects/marP_TB_VLS/WC/williamhconrad4/OpenVS-main/experiments/E3L_6DO3/screening/inputs/testset/E3L_6DO3_test_chunk50/flags_params_test_0_116.flags
Saved: /lus/eagle/projects/marP_TB_VLS/WC/williamhconrad4/OpenVS-main/experiments/E3L_6DO3/screening/inputs/testset/E3L_6DO3_test_chunk50/tar_params_test_0_117.tar
Saved: /lus/eagle/projects/marP_TB_VLS/WC/williamhconrad4/OpenVS-main/experiments/E3L_6DO3/screening/inputs/testset/E3L_6DO3_test_chunk50/ligands_list_test_0_117.txt
Saved: /lus/eagle/projects/marP_TB_VLS/WC/williamhconrad4/OpenVS-main/experiments/E3L_6DO3/screening/inputs/testset/E3L_6DO3_test_chunk50/flags_params_test_0_117.flags
Saved: /lus/eagle/projects/marP_TB_VLS/WC/williamhconrad4/OpenVS-main/experiments/E3L_6DO3/screening/inputs/testset/E3L_6DO3_test_chunk50/tar_params_test_0_118.tar
Saved: /lus/eagle/projects/marP_TB_VLS/WC/williamhconrad4/OpenVS-main/experiments/E3L_6DO3/screening/inputs/testset/E3L_6DO3_test_chunk50/ligands_list_test_0_118.txt
Saved: /lus/eagle/projects/marP_TB_VLS/WC/williamhconrad4/OpenVS-main/experiments/E3L_6DO3/screening/inputs/testset/E3L_6DO3_test_chunk50/flags_params_test_0_118.flags
Saved: /lus/eagle/projects/marP_TB_VLS/WC/williamhconrad4/OpenVS-main/experiments/E3L_6DO3/screening/inputs/testset/E3L_6DO3_test_chunk50/tar_params_test_0_119.tar
Saved: /lus/eagle/projects/marP_TB_VLS/WC/williamhconrad4/OpenVS-main/experiments/E3L_6DO3/screening/inputs/testset/E3L_6DO3_test_chunk50/ligands_list_test_0_119.txt
Saved: /lus/eagle/projects/marP_TB_VLS/WC/williamhconrad4/OpenVS-main/experiments/E3L_6DO3/screening/inputs/testset/E3L_6DO3_test_chunk50/flags_params_test_0_119.flags
Saved: /lus/eagle/projects/marP_TB_VLS/WC/williamhconrad4/OpenVS-main/experiments/E3L_6DO3/screening/inputs/testset/E3L_6DO3_test_chunk50/tar_params_test_0_120.tar
Saved: /lus/eagle/projects/marP_TB_VLS/WC/williamhconrad4/OpenVS-main/experiments/E3L_6DO3/screening/inputs/testset/E3L_6DO3_test_chunk50/ligands_list_test_0_120.txt
Saved: /lus/eagle/projects/marP_TB_VLS/WC/williamhconrad4/OpenVS-main/experiments/E3L_6DO3/screening/inputs/testset/E3L_6DO3_test_chunk50/flags_params_test_0_120.flags
Saved: /lus/eagle/projects/marP_TB_VLS/WC/williamhconrad4/OpenVS-main/experiments/E3L_6DO3/screening/inputs/testset/E3L_6DO3_test_chunk50/tar_params_test_0_121.tar
Saved: /lus/eagle/projects/marP_TB_VLS/WC/williamhconrad4/OpenVS-main/experiments/E3L_6DO3/screening/inputs/testset/E3L_6DO3_test_chunk50/ligands_list_test_0_121.txt
Saved: /lus/eagle/projects/marP_TB_VLS/WC/williamhconrad4/OpenVS-main/experiments/E3L_6DO3/screening/inputs/testset/E3L_6DO3_test_chunk50/flags_params_test_0_121.flags
Saved: /lus/eagle/projects/marP_TB_VLS/WC/williamhconrad4/OpenVS-main/experiments/E3L_6DO3/screening/inputs/testset/E3L_6DO3_test_chunk50/tar_params_test_0_122.tar
Saved: /lus/eagle/projects/marP_TB_VLS/WC/williamhconrad4/OpenVS-main/experiments/E3L_6DO3/screening/inputs/testset/E3L_6DO3_test_chunk50/ligands_list_test_0_122.txt
Saved: /lus/eagle/projects/marP_TB_VLS/WC/williamhconrad4/OpenVS-main/experiments/E3L_6DO3/screening/inputs/testset/E3L_6DO3_test_chunk50/flags_params_test_0_122.flags
Saved: /lus/eagle/projects/marP_TB_VLS/WC/williamhconrad4/OpenVS-main/experiments/E3L_6DO3/screening/inputs/testset/E3L_6DO3_test_chunk50/tar_params_test_0_123.tar
Saved: /lus/eagle/projects/marP_TB_VLS/WC/williamhconrad4/OpenVS-main/experiments/E3L_6DO3/screening/inputs/testset/E3L_6DO3_test_chunk50/ligands_list_test_0_123.txt
Saved: /lus/eagle/projects/marP_TB_VLS/WC/williamhconrad4/OpenVS-main/experiments/E3L_6DO3/screening/inputs/testset/E3L_6DO3_test_chunk50/flags_params_test_0_123.flags
Saved: /lus/eagle/projects/marP_TB_VLS/WC/williamhconrad4/OpenVS-main/experiments/E3L_6DO3/screening/inputs/testset/E3L_6DO3_test_chunk50/tar_params_test_0_124.tar
Saved: /lus/eagle/projects/marP_TB_VLS/WC/williamhconrad4/OpenVS-main/experiments/E3L_6DO3/screening/inputs/testset/E3L_6DO3_test_chunk50/ligands_list_test_0_124.txt
Saved: /lus/eagle/projects/marP_TB_VLS/WC/williamhconrad4/OpenVS-main/experiments/E3L_6DO3/screening/inputs/testset/E3L_6DO3_test_chunk50/flags_params_test_0_124.flags
Saved: /lus/eagle/projects/marP_TB_VLS/WC/williamhconrad4/OpenVS-main/experiments/E3L_6DO3/screening/inputs/testset/E3L_6DO3_test_chunk50/tar_params_test_0_125.tar
Saved: /lus/eagle/projects/marP_TB_VLS/WC/williamhconrad4/OpenVS-main/experiments/E3L_6DO3/screening/inputs/testset/E3L_6DO3_test_chunk50/ligands_list_test_0_125.txt
Saved: /lus/eagle/projects/marP_TB_VLS/WC/williamhconrad4/OpenVS-main/experiments/E3L_6DO3/screening/inputs/testset/E3L_6DO3_test_chunk50/flags_params_test_0_125.flags
Saved: /lus/eagle/projects/marP_TB_VLS/WC/williamhconrad4/OpenVS-main/experiments/E3L_6DO3/screening/inputs/testset/E3L_6DO3_test_chunk50/tar_params_test_0_126.tar
Saved: /lus/eagle/projects/marP_TB_VLS/WC/williamhconrad4/OpenVS-main/experiments/E3L_6DO3/screening/inputs/testset/E3L_6DO3_test_chunk50/ligands_list_test_0_126.txt
Saved: /lus/eagle/projects/marP_TB_VLS/WC/williamhconrad4/OpenVS-main/experiments/E3L_6DO3/screening/inputs/testset/E3L_6DO3_test_chunk50/flags_params_test_0_126.flags
Saved: /lus/eagle/projects/marP_TB_VLS/WC/williamhconrad4/OpenVS-main/experiments/E3L_6DO3/screening/inputs/testset/E3L_6DO3_test_chunk50/tar_params_test_0_127.tar
Saved: /lus/eagle/projects/marP_TB_VLS/WC/williamhconrad4/OpenVS-main/experiments/E3L_6DO3/screening/inputs/testset/E3L_6DO3_test_chunk50/ligands_list_test_0_127.txt
Saved: /lus/eagle/projects/marP_TB_VLS/WC/williamhconrad4/OpenVS-main/experiments/E3L_6DO3/screening/inputs/testset/E3L_6DO3_test_chunk50/flags_params_test_0_127.flags
Saved: /lus/eagle/projects/marP_TB_VLS/WC/williamhconrad4/OpenVS-main/experiments/E3L_6DO3/screening/inputs/testset/E3L_6DO3_test_chunk50/tar_params_test_0_128.tar
Saved: /lus/eagle/projects/marP_TB_VLS/WC/williamhconrad4/OpenVS-main/experiments/E3L_6DO3/screening/inputs/testset/E3L_6DO3_test_chunk50/ligands_list_test_0_128.txt
Saved: /lus/eagle/projects/marP_TB_VLS/WC/williamhconrad4/OpenVS-main/experiments/E3L_6DO3/screening/inputs/testset/E3L_6DO3_test_chunk50/flags_params_test_0_128.flags
Saved: /lus/eagle/projects/marP_TB_VLS/WC/williamhconrad4/OpenVS-main/experiments/E3L_6DO3/screening/inputs/testset/E3L_6DO3_test_chunk50/tar_params_test_0_129.tar
Saved: /lus/eagle/projects/marP_TB_VLS/WC/williamhconrad4/OpenVS-main/experiments/E3L_6DO3/screening/inputs/testset/E3L_6DO3_test_chunk50/ligands_list_test_0_129.txt
Saved: /lus/eagle/projects/marP_TB_VLS/WC/williamhconrad4/OpenVS-main/experiments/E3L_6DO3/screening/inputs/testset/E3L_6DO3_test_chunk50/flags_params_test_0_129.flags
Saved: /lus/eagle/projects/marP_TB_VLS/WC/williamhconrad4/OpenVS-main/experiments/E3L_6DO3/screening/inputs/testset/E3L_6DO3_test_chunk50/tar_params_test_0_130.tar
Saved: /lus/eagle/projects/marP_TB_VLS/WC/williamhconrad4/OpenVS-main/experiments/E3L_6DO3/screening/inputs/testset/E3L_6DO3_test_chunk50/ligands_list_test_0_130.txt
Saved: /lus/eagle/projects/marP_TB_VLS/WC/williamhconrad4/OpenVS-main/experiments/E3L_6DO3/screening/inputs/testset/E3L_6DO3_test_chunk50/flags_params_test_0_130.flags
Saved: /lus/eagle/projects/marP_TB_VLS/WC/williamhconrad4/OpenVS-main/experiments/E3L_6DO3/screening/inputs/testset/E3L_6DO3_test_chunk50/tar_params_test_0_131.tar
Saved: /lus/eagle/projects/marP_TB_VLS/WC/williamhconrad4/OpenVS-main/experiments/E3L_6DO3/screening/inputs/testset/E3L_6DO3_test_chunk50/ligands_list_test_0_131.txt
Saved: /lus/eagle/projects/marP_TB_VLS/WC/williamhconrad4/OpenVS-main/experiments/E3L_6DO3/screening/inputs/testset/E3L_6DO3_test_chunk50/flags_params_test_0_131.flags
Saved: /lus/eagle/projects/marP_TB_VLS/WC/williamhconrad4/OpenVS-main/experiments/E3L_6DO3/screening/inputs/testset/E3L_6DO3_test_chunk50/tar_params_test_0_132.tar
Saved: /lus/eagle/projects/marP_TB_VLS/WC/williamhconrad4/OpenVS-main/experiments/E3L_6DO3/screening/inputs/testset/E3L_6DO3_test_chunk50/ligands_list_test_0_132.txt
Saved: /lus/eagle/projects/marP_TB_VLS/WC/williamhconrad4/OpenVS-main/experiments/E3L_6DO3/screening/inputs/testset/E3L_6DO3_test_chunk50/flags_params_test_0_132.flags
Saved: /lus/eagle/projects/marP_TB_VLS/WC/williamhconrad4/OpenVS-main/experiments/E3L_6DO3/screening/inputs/testset/E3L_6DO3_test_chunk50/tar_params_test_0_133.tar
Saved: /lus/eagle/projects/marP_TB_VLS/WC/williamhconrad4/OpenVS-main/experiments/E3L_6DO3/screening/inputs/testset/E3L_6DO3_test_chunk50/ligands_list_test_0_133.txt
Saved: /lus/eagle/projects/marP_TB_VLS/WC/williamhconrad4/OpenVS-main/experiments/E3L_6DO3/screening/inputs/testset/E3L_6DO3_test_chunk50/flags_params_test_0_133.flags
Saved: /lus/eagle/projects/marP_TB_VLS/WC/williamhconrad4/OpenVS-main/experiments/E3L_6DO3/screening/inputs/testset/E3L_6DO3_test_chunk50/tar_params_test_0_134.tar
Saved: /lus/eagle/projects/marP_TB_VLS/WC/williamhconrad4/OpenVS-main/experiments/E3L_6DO3/screening/inputs/testset/E3L_6DO3_test_chunk50/ligands_list_test_0_134.txt
Saved: /lus/eagle/projects/marP_TB_VLS/WC/williamhconrad4/OpenVS-main/experiments/E3L_6DO3/screening/inputs/testset/E3L_6DO3_test_chunk50/flags_params_test_0_134.flags
Saved: /lus/eagle/projects/marP_TB_VLS/WC/williamhconrad4/OpenVS-main/experiments/E3L_6DO3/screening/inputs/testset/E3L_6DO3_test_chunk50/tar_params_test_0_135.tar
Saved: /lus/eagle/projects/marP_TB_VLS/WC/williamhconrad4/OpenVS-main/experiments/E3L_6DO3/screening/inputs/testset/E3L_6DO3_test_chunk50/ligands_list_test_0_135.txt
Saved: /lus/eagle/projects/marP_TB_VLS/WC/williamhconrad4/OpenVS-main/experiments/E3L_6DO3/screening/inputs/testset/E3L_6DO3_test_chunk50/flags_params_test_0_135.flags
Saved: /lus/eagle/projects/marP_TB_VLS/WC/williamhconrad4/OpenVS-main/experiments/E3L_6DO3/screening/inputs/testset/E3L_6DO3_test_chunk50/tar_params_test_0_136.tar
Saved: /lus/eagle/projects/marP_TB_VLS/WC/williamhconrad4/OpenVS-main/experiments/E3L_6DO3/screening/inputs/testset/E3L_6DO3_test_chunk50/ligands_list_test_0_136.txt
Saved: /lus/eagle/projects/marP_TB_VLS/WC/williamhconrad4/OpenVS-main/experiments/E3L_6DO3/screening/inputs/testset/E3L_6DO3_test_chunk50/flags_params_test_0_136.flags
Saved: /lus/eagle/projects/marP_TB_VLS/WC/williamhconrad4/OpenVS-main/experiments/E3L_6DO3/screening/inputs/testset/E3L_6DO3_test_chunk50/tar_params_test_0_137.tar
Saved: /lus/eagle/projects/marP_TB_VLS/WC/williamhconrad4/OpenVS-main/experiments/E3L_6DO3/screening/inputs/testset/E3L_6DO3_test_chunk50/ligands_list_test_0_137.txt
Saved: /lus/eagle/projects/marP_TB_VLS/WC/williamhconrad4/OpenVS-main/experiments/E3L_6DO3/screening/inputs/testset/E3L_6DO3_test_chunk50/flags_params_test_0_137.flags
Saved: /lus/eagle/projects/marP_TB_VLS/WC/williamhconrad4/OpenVS-main/experiments/E3L_6DO3/screening/inputs/testset/E3L_6DO3_test_chunk50/tar_params_test_0_138.tar
Saved: /lus/eagle/projects/marP_TB_VLS/WC/williamhconrad4/OpenVS-main/experiments/E3L_6DO3/screening/inputs/testset/E3L_6DO3_test_chunk50/ligands_list_test_0_138.txt
Saved: /lus/eagle/projects/marP_TB_VLS/WC/williamhconrad4/OpenVS-main/experiments/E3L_6DO3/screening/inputs/testset/E3L_6DO3_test_chunk50/flags_params_test_0_138.flags
Saved: /lus/eagle/projects/marP_TB_VLS/WC/williamhconrad4/OpenVS-main/experiments/E3L_6DO3/screening/inputs/testset/E3L_6DO3_test_chunk50/tar_params_test_0_139.tar
Saved: /lus/eagle/projects/marP_TB_VLS/WC/williamhconrad4/OpenVS-main/experiments/E3L_6DO3/screening/inputs/testset/E3L_6DO3_test_chunk50/ligands_list_test_0_139.txt
Saved: /lus/eagle/projects/marP_TB_VLS/WC/williamhconrad4/OpenVS-main/experiments/E3L_6DO3/screening/inputs/testset/E3L_6DO3_test_chunk50/flags_params_test_0_139.flags
Saved: /lus/eagle/projects/marP_TB_VLS/WC/williamhconrad4/OpenVS-main/experiments/E3L_6DO3/screening/inputs/testset/E3L_6DO3_test_chunk50/tar_params_test_0_140.tar
Saved: /lus/eagle/projects/marP_TB_VLS/WC/williamhconrad4/OpenVS-main/experiments/E3L_6DO3/screening/inputs/testset/E3L_6DO3_test_chunk50/ligands_list_test_0_140.txt
Saved: /lus/eagle/projects/marP_TB_VLS/WC/williamhconrad4/OpenVS-main/experiments/E3L_6DO3/screening/inputs/testset/E3L_6DO3_test_chunk50/flags_params_test_0_140.flags
Saved: /lus/eagle/projects/marP_TB_VLS/WC/williamhconrad4/OpenVS-main/experiments/E3L_6DO3/screening/inputs/testset/E3L_6DO3_test_chunk50/tar_params_test_0_141.tar
Saved: /lus/eagle/projects/marP_TB_VLS/WC/williamhconrad4/OpenVS-main/experiments/E3L_6DO3/screening/inputs/testset/E3L_6DO3_test_chunk50/ligands_list_test_0_141.txt
Saved: /lus/eagle/projects/marP_TB_VLS/WC/williamhconrad4/OpenVS-main/experiments/E3L_6DO3/screening/inputs/testset/E3L_6DO3_test_chunk50/flags_params_test_0_141.flags
Saved: /lus/eagle/projects/marP_TB_VLS/WC/williamhconrad4/OpenVS-main/experiments/E3L_6DO3/screening/inputs/testset/E3L_6DO3_test_chunk50/tar_params_test_0_142.tar
Saved: /lus/eagle/projects/marP_TB_VLS/WC/williamhconrad4/OpenVS-main/experiments/E3L_6DO3/screening/inputs/testset/E3L_6DO3_test_chunk50/ligands_list_test_0_142.txt
Saved: /lus/eagle/projects/marP_TB_VLS/WC/williamhconrad4/OpenVS-main/experiments/E3L_6DO3/screening/inputs/testset/E3L_6DO3_test_chunk50/flags_params_test_0_142.flags
Saved: /lus/eagle/projects/marP_TB_VLS/WC/williamhconrad4/OpenVS-main/experiments/E3L_6DO3/screening/inputs/testset/E3L_6DO3_test_chunk50/tar_params_test_0_143.tar
Saved: /lus/eagle/projects/marP_TB_VLS/WC/williamhconrad4/OpenVS-main/experiments/E3L_6DO3/screening/inputs/testset/E3L_6DO3_test_chunk50/ligands_list_test_0_143.txt
Saved: /lus/eagle/projects/marP_TB_VLS/WC/williamhconrad4/OpenVS-main/experiments/E3L_6DO3/screening/inputs/testset/E3L_6DO3_test_chunk50/flags_params_test_0_143.flags
Saved: /lus/eagle/projects/marP_TB_VLS/WC/williamhconrad4/OpenVS-main/experiments/E3L_6DO3/screening/inputs/testset/E3L_6DO3_test_chunk50/tar_params_test_0_144.tar
Saved: /lus/eagle/projects/marP_TB_VLS/WC/williamhconrad4/OpenVS-main/experiments/E3L_6DO3/screening/inputs/testset/E3L_6DO3_test_chunk50/ligands_list_test_0_144.txt
Saved: /lus/eagle/projects/marP_TB_VLS/WC/williamhconrad4/OpenVS-main/experiments/E3L_6DO3/screening/inputs/testset/E3L_6DO3_test_chunk50/flags_params_test_0_144.flags
Saved: /lus/eagle/projects/marP_TB_VLS/WC/williamhconrad4/OpenVS-main/experiments/E3L_6DO3/screening/inputs/testset/E3L_6DO3_test_chunk50/tar_params_test_0_145.tar
Saved: /lus/eagle/projects/marP_TB_VLS/WC/williamhconrad4/OpenVS-main/experiments/E3L_6DO3/screening/inputs/testset/E3L_6DO3_test_chunk50/ligands_list_test_0_145.txt
Saved: /lus/eagle/projects/marP_TB_VLS/WC/williamhconrad4/OpenVS-main/experiments/E3L_6DO3/screening/inputs/testset/E3L_6DO3_test_chunk50/flags_params_test_0_145.flags
Saved: /lus/eagle/projects/marP_TB_VLS/WC/williamhconrad4/OpenVS-main/experiments/E3L_6DO3/screening/inputs/testset/E3L_6DO3_test_chunk50/tar_params_test_0_146.tar
Saved: /lus/eagle/projects/marP_TB_VLS/WC/williamhconrad4/OpenVS-main/experiments/E3L_6DO3/screening/inputs/testset/E3L_6DO3_test_chunk50/ligands_list_test_0_146.txt
Saved: /lus/eagle/projects/marP_TB_VLS/WC/williamhconrad4/OpenVS-main/experiments/E3L_6DO3/screening/inputs/testset/E3L_6DO3_test_chunk50/flags_params_test_0_146.flags
Saved: /lus/eagle/projects/marP_TB_VLS/WC/williamhconrad4/OpenVS-main/experiments/E3L_6DO3/screening/inputs/testset/E3L_6DO3_test_chunk50/tar_params_test_0_147.tar
Saved: /lus/eagle/projects/marP_TB_VLS/WC/williamhconrad4/OpenVS-main/experiments/E3L_6DO3/screening/inputs/testset/E3L_6DO3_test_chunk50/ligands_list_test_0_147.txt
Saved: /lus/eagle/projects/marP_TB_VLS/WC/williamhconrad4/OpenVS-main/experiments/E3L_6DO3/screening/inputs/testset/E3L_6DO3_test_chunk50/flags_params_test_0_147.flags
Saved: /lus/eagle/projects/marP_TB_VLS/WC/williamhconrad4/OpenVS-main/experiments/E3L_6DO3/screening/inputs/testset/E3L_6DO3_test_chunk50/tar_params_test_0_148.tar
Saved: /lus/eagle/projects/marP_TB_VLS/WC/williamhconrad4/OpenVS-main/experiments/E3L_6DO3/screening/inputs/testset/E3L_6DO3_test_chunk50/ligands_list_test_0_148.txt
Saved: /lus/eagle/projects/marP_TB_VLS/WC/williamhconrad4/OpenVS-main/experiments/E3L_6DO3/screening/inputs/testset/E3L_6DO3_test_chunk50/flags_params_test_0_148.flags
Saved: /lus/eagle/projects/marP_TB_VLS/WC/williamhconrad4/OpenVS-main/experiments/E3L_6DO3/screening/inputs/testset/E3L_6DO3_test_chunk50/tar_params_test_0_149.tar
Saved: /lus/eagle/projects/marP_TB_VLS/WC/williamhconrad4/OpenVS-main/experiments/E3L_6DO3/screening/inputs/testset/E3L_6DO3_test_chunk50/ligands_list_test_0_149.txt
Saved: /lus/eagle/projects/marP_TB_VLS/WC/williamhconrad4/OpenVS-main/experiments/E3L_6DO3/screening/inputs/testset/E3L_6DO3_test_chunk50/flags_params_test_0_149.flags
Saved: /lus/eagle/projects/marP_TB_VLS/WC/williamhconrad4/OpenVS-main/experiments/E3L_6DO3/screening/inputs/testset/E3L_6DO3_test_chunk50/tar_params_test_0_150.tar
Saved: /lus/eagle/projects/marP_TB_VLS/WC/williamhconrad4/OpenVS-main/experiments/E3L_6DO3/screening/inputs/testset/E3L_6DO3_test_chunk50/ligands_list_test_0_150.txt
Saved: /lus/eagle/projects/marP_TB_VLS/WC/williamhconrad4/OpenVS-main/experiments/E3L_6DO3/screening/inputs/testset/E3L_6DO3_test_chunk50/flags_params_test_0_150.flags
Saved: /lus/eagle/projects/marP_TB_VLS/WC/williamhconrad4/OpenVS-main/experiments/E3L_6DO3/screening/inputs/testset/E3L_6DO3_test_chunk50/tar_params_test_0_151.tar
Saved: /lus/eagle/projects/marP_TB_VLS/WC/williamhconrad4/OpenVS-main/experiments/E3L_6DO3/screening/inputs/testset/E3L_6DO3_test_chunk50/ligands_list_test_0_151.txt
Saved: /lus/eagle/projects/marP_TB_VLS/WC/williamhconrad4/OpenVS-main/experiments/E3L_6DO3/screening/inputs/testset/E3L_6DO3_test_chunk50/flags_params_test_0_151.flags
Saved: /lus/eagle/projects/marP_TB_VLS/WC/williamhconrad4/OpenVS-main/experiments/E3L_6DO3/screening/inputs/testset/E3L_6DO3_test_chunk50/tar_params_test_0_152.tar
Saved: /lus/eagle/projects/marP_TB_VLS/WC/williamhconrad4/OpenVS-main/experiments/E3L_6DO3/screening/inputs/testset/E3L_6DO3_test_chunk50/ligands_list_test_0_152.txt
Saved: /lus/eagle/projects/marP_TB_VLS/WC/williamhconrad4/OpenVS-main/experiments/E3L_6DO3/screening/inputs/testset/E3L_6DO3_test_chunk50/flags_params_test_0_152.flags
Saved: /lus/eagle/projects/marP_TB_VLS/WC/williamhconrad4/OpenVS-main/experiments/E3L_6DO3/screening/inputs/testset/E3L_6DO3_test_chunk50/tar_params_test_0_153.tar
Saved: /lus/eagle/projects/marP_TB_VLS/WC/williamhconrad4/OpenVS-main/experiments/E3L_6DO3/screening/inputs/testset/E3L_6DO3_test_chunk50/ligands_list_test_0_153.txt
Saved: /lus/eagle/projects/marP_TB_VLS/WC/williamhconrad4/OpenVS-main/experiments/E3L_6DO3/screening/inputs/testset/E3L_6DO3_test_chunk50/flags_params_test_0_153.flags
Saved: /lus/eagle/projects/marP_TB_VLS/WC/williamhconrad4/OpenVS-main/experiments/E3L_6DO3/screening/inputs/testset/E3L_6DO3_test_chunk50/tar_params_test_0_154.tar
Saved: /lus/eagle/projects/marP_TB_VLS/WC/williamhconrad4/OpenVS-main/experiments/E3L_6DO3/screening/inputs/testset/E3L_6DO3_test_chunk50/ligands_list_test_0_154.txt
Saved: /lus/eagle/projects/marP_TB_VLS/WC/williamhconrad4/OpenVS-main/experiments/E3L_6DO3/screening/inputs/testset/E3L_6DO3_test_chunk50/flags_params_test_0_154.flags
Saved: /lus/eagle/projects/marP_TB_VLS/WC/williamhconrad4/OpenVS-main/experiments/E3L_6DO3/screening/inputs/testset/E3L_6DO3_test_chunk50/tar_params_test_0_155.tar
Saved: /lus/eagle/projects/marP_TB_VLS/WC/williamhconrad4/OpenVS-main/experiments/E3L_6DO3/screening/inputs/testset/E3L_6DO3_test_chunk50/ligands_list_test_0_155.txt
Saved: /lus/eagle/projects/marP_TB_VLS/WC/williamhconrad4/OpenVS-main/experiments/E3L_6DO3/screening/inputs/testset/E3L_6DO3_test_chunk50/flags_params_test_0_155.flags
Saved: /lus/eagle/projects/marP_TB_VLS/WC/williamhconrad4/OpenVS-main/experiments/E3L_6DO3/screening/inputs/testset/E3L_6DO3_test_chunk50/tar_params_test_0_156.tar
Saved: /lus/eagle/projects/marP_TB_VLS/WC/williamhconrad4/OpenVS-main/experiments/E3L_6DO3/screening/inputs/testset/E3L_6DO3_test_chunk50/ligands_list_test_0_156.txt
Saved: /lus/eagle/projects/marP_TB_VLS/WC/williamhconrad4/OpenVS-main/experiments/E3L_6DO3/screening/inputs/testset/E3L_6DO3_test_chunk50/flags_params_test_0_156.flags
Saved: /lus/eagle/projects/marP_TB_VLS/WC/williamhconrad4/OpenVS-main/experiments/E3L_6DO3/screening/inputs/testset/E3L_6DO3_test_chunk50/tar_params_test_0_157.tar
Saved: /lus/eagle/projects/marP_TB_VLS/WC/williamhconrad4/OpenVS-main/experiments/E3L_6DO3/screening/inputs/testset/E3L_6DO3_test_chunk50/ligands_list_test_0_157.txt
Saved: /lus/eagle/projects/marP_TB_VLS/WC/williamhconrad4/OpenVS-main/experiments/E3L_6DO3/screening/inputs/testset/E3L_6DO3_test_chunk50/flags_params_test_0_157.flags
Saved: /lus/eagle/projects/marP_TB_VLS/WC/williamhconrad4/OpenVS-main/experiments/E3L_6DO3/screening/inputs/testset/E3L_6DO3_test_chunk50/tar_params_test_0_158.tar
Saved: /lus/eagle/projects/marP_TB_VLS/WC/williamhconrad4/OpenVS-main/experiments/E3L_6DO3/screening/inputs/testset/E3L_6DO3_test_chunk50/ligands_list_test_0_158.txt
Saved: /lus/eagle/projects/marP_TB_VLS/WC/williamhconrad4/OpenVS-main/experiments/E3L_6DO3/screening/inputs/testset/E3L_6DO3_test_chunk50/flags_params_test_0_158.flags
Saved: /lus/eagle/projects/marP_TB_VLS/WC/williamhconrad4/OpenVS-main/experiments/E3L_6DO3/screening/inputs/testset/E3L_6DO3_test_chunk50/tar_params_test_0_159.tar
Saved: /lus/eagle/projects/marP_TB_VLS/WC/williamhconrad4/OpenVS-main/experiments/E3L_6DO3/screening/inputs/testset/E3L_6DO3_test_chunk50/ligands_list_test_0_159.txt
Saved: /lus/eagle/projects/marP_TB_VLS/WC/williamhconrad4/OpenVS-main/experiments/E3L_6DO3/screening/inputs/testset/E3L_6DO3_test_chunk50/flags_params_test_0_159.flags
Saved: /lus/eagle/projects/marP_TB_VLS/WC/williamhconrad4/OpenVS-main/experiments/E3L_6DO3/screening/inputs/testset/E3L_6DO3_test_chunk50/tar_params_test_0_160.tar
Saved: /lus/eagle/projects/marP_TB_VLS/WC/williamhconrad4/OpenVS-main/experiments/E3L_6DO3/screening/inputs/testset/E3L_6DO3_test_chunk50/ligands_list_test_0_160.txt
Saved: /lus/eagle/projects/marP_TB_VLS/WC/williamhconrad4/OpenVS-main/experiments/E3L_6DO3/screening/inputs/testset/E3L_6DO3_test_chunk50/flags_params_test_0_160.flags
Saved: /lus/eagle/projects/marP_TB_VLS/WC/williamhconrad4/OpenVS-main/experiments/E3L_6DO3/screening/inputs/testset/E3L_6DO3_test_chunk50/tar_params_test_0_161.tar
Saved: /lus/eagle/projects/marP_TB_VLS/WC/williamhconrad4/OpenVS-main/experiments/E3L_6DO3/screening/inputs/testset/E3L_6DO3_test_chunk50/ligands_list_test_0_161.txt
Saved: /lus/eagle/projects/marP_TB_VLS/WC/williamhconrad4/OpenVS-main/experiments/E3L_6DO3/screening/inputs/testset/E3L_6DO3_test_chunk50/flags_params_test_0_161.flags
Saved: /lus/eagle/projects/marP_TB_VLS/WC/williamhconrad4/OpenVS-main/experiments/E3L_6DO3/screening/inputs/testset/E3L_6DO3_test_chunk50/tar_params_test_0_162.tar
Saved: /lus/eagle/projects/marP_TB_VLS/WC/williamhconrad4/OpenVS-main/experiments/E3L_6DO3/screening/inputs/testset/E3L_6DO3_test_chunk50/ligands_list_test_0_162.txt
Saved: /lus/eagle/projects/marP_TB_VLS/WC/williamhconrad4/OpenVS-main/experiments/E3L_6DO3/screening/inputs/testset/E3L_6DO3_test_chunk50/flags_params_test_0_162.flags
Saved: /lus/eagle/projects/marP_TB_VLS/WC/williamhconrad4/OpenVS-main/experiments/E3L_6DO3/screening/inputs/testset/E3L_6DO3_test_chunk50/tar_params_test_0_163.tar
Saved: /lus/eagle/projects/marP_TB_VLS/WC/williamhconrad4/OpenVS-main/experiments/E3L_6DO3/screening/inputs/testset/E3L_6DO3_test_chunk50/ligands_list_test_0_163.txt
Saved: /lus/eagle/projects/marP_TB_VLS/WC/williamhconrad4/OpenVS-main/experiments/E3L_6DO3/screening/inputs/testset/E3L_6DO3_test_chunk50/flags_params_test_0_163.flags
Saved: /lus/eagle/projects/marP_TB_VLS/WC/williamhconrad4/OpenVS-main/experiments/E3L_6DO3/screening/inputs/testset/E3L_6DO3_test_chunk50/tar_params_test_0_164.tar
Saved: /lus/eagle/projects/marP_TB_VLS/WC/williamhconrad4/OpenVS-main/experiments/E3L_6DO3/screening/inputs/testset/E3L_6DO3_test_chunk50/ligands_list_test_0_164.txt
Saved: /lus/eagle/projects/marP_TB_VLS/WC/williamhconrad4/OpenVS-main/experiments/E3L_6DO3/screening/inputs/testset/E3L_6DO3_test_chunk50/flags_params_test_0_164.flags
Saved: /lus/eagle/projects/marP_TB_VLS/WC/williamhconrad4/OpenVS-main/experiments/E3L_6DO3/screening/inputs/testset/E3L_6DO3_test_chunk50/tar_params_test_0_165.tar
Saved: /lus/eagle/projects/marP_TB_VLS/WC/williamhconrad4/OpenVS-main/experiments/E3L_6DO3/screening/inputs/testset/E3L_6DO3_test_chunk50/ligands_list_test_0_165.txt
Saved: /lus/eagle/projects/marP_TB_VLS/WC/williamhconrad4/OpenVS-main/experiments/E3L_6DO3/screening/inputs/testset/E3L_6DO3_test_chunk50/flags_params_test_0_165.flags
Saved: /lus/eagle/projects/marP_TB_VLS/WC/williamhconrad4/OpenVS-main/experiments/E3L_6DO3/screening/inputs/testset/E3L_6DO3_test_chunk50/tar_params_test_0_166.tar
Saved: /lus/eagle/projects/marP_TB_VLS/WC/williamhconrad4/OpenVS-main/experiments/E3L_6DO3/screening/inputs/testset/E3L_6DO3_test_chunk50/ligands_list_test_0_166.txt
Saved: /lus/eagle/projects/marP_TB_VLS/WC/williamhconrad4/OpenVS-main/experiments/E3L_6DO3/screening/inputs/testset/E3L_6DO3_test_chunk50/flags_params_test_0_166.flags
Saved: /lus/eagle/projects/marP_TB_VLS/WC/williamhconrad4/OpenVS-main/experiments/E3L_6DO3/screening/inputs/testset/E3L_6DO3_test_chunk50/tar_params_test_0_167.tar
Saved: /lus/eagle/projects/marP_TB_VLS/WC/williamhconrad4/OpenVS-main/experiments/E3L_6DO3/screening/inputs/testset/E3L_6DO3_test_chunk50/ligands_list_test_0_167.txt
Saved: /lus/eagle/projects/marP_TB_VLS/WC/williamhconrad4/OpenVS-main/experiments/E3L_6DO3/screening/inputs/testset/E3L_6DO3_test_chunk50/flags_params_test_0_167.flags
Saved: /lus/eagle/projects/marP_TB_VLS/WC/williamhconrad4/OpenVS-main/experiments/E3L_6DO3/screening/inputs/testset/E3L_6DO3_test_chunk50/tar_params_test_0_168.tar
Saved: /lus/eagle/projects/marP_TB_VLS/WC/williamhconrad4/OpenVS-main/experiments/E3L_6DO3/screening/inputs/testset/E3L_6DO3_test_chunk50/ligands_list_test_0_168.txt
Saved: /lus/eagle/projects/marP_TB_VLS/WC/williamhconrad4/OpenVS-main/experiments/E3L_6DO3/screening/inputs/testset/E3L_6DO3_test_chunk50/flags_params_test_0_168.flags
Saved: /lus/eagle/projects/marP_TB_VLS/WC/williamhconrad4/OpenVS-main/experiments/E3L_6DO3/screening/inputs/testset/E3L_6DO3_test_chunk50/tar_params_test_0_169.tar
Saved: /lus/eagle/projects/marP_TB_VLS/WC/williamhconrad4/OpenVS-main/experiments/E3L_6DO3/screening/inputs/testset/E3L_6DO3_test_chunk50/ligands_list_test_0_169.txt
Saved: /lus/eagle/projects/marP_TB_VLS/WC/williamhconrad4/OpenVS-main/experiments/E3L_6DO3/screening/inputs/testset/E3L_6DO3_test_chunk50/flags_params_test_0_169.flags
Saved: /lus/eagle/projects/marP_TB_VLS/WC/williamhconrad4/OpenVS-main/experiments/E3L_6DO3/screening/inputs/testset/E3L_6DO3_test_chunk50/tar_params_test_0_170.tar
Saved: /lus/eagle/projects/marP_TB_VLS/WC/williamhconrad4/OpenVS-main/experiments/E3L_6DO3/screening/inputs/testset/E3L_6DO3_test_chunk50/ligands_list_test_0_170.txt
Saved: /lus/eagle/projects/marP_TB_VLS/WC/williamhconrad4/OpenVS-main/experiments/E3L_6DO3/screening/inputs/testset/E3L_6DO3_test_chunk50/flags_params_test_0_170.flags
Saved: /lus/eagle/projects/marP_TB_VLS/WC/williamhconrad4/OpenVS-main/experiments/E3L_6DO3/screening/inputs/testset/E3L_6DO3_test_chunk50/tar_params_test_0_171.tar
Saved: /lus/eagle/projects/marP_TB_VLS/WC/williamhconrad4/OpenVS-main/experiments/E3L_6DO3/screening/inputs/testset/E3L_6DO3_test_chunk50/ligands_list_test_0_171.txt
Saved: /lus/eagle/projects/marP_TB_VLS/WC/williamhconrad4/OpenVS-main/experiments/E3L_6DO3/screening/inputs/testset/E3L_6DO3_test_chunk50/flags_params_test_0_171.flags
Saved: /lus/eagle/projects/marP_TB_VLS/WC/williamhconrad4/OpenVS-main/experiments/E3L_6DO3/screening/inputs/testset/E3L_6DO3_test_chunk50/tar_params_test_0_172.tar
Saved: /lus/eagle/projects/marP_TB_VLS/WC/williamhconrad4/OpenVS-main/experiments/E3L_6DO3/screening/inputs/testset/E3L_6DO3_test_chunk50/ligands_list_test_0_172.txt
Saved: /lus/eagle/projects/marP_TB_VLS/WC/williamhconrad4/OpenVS-main/experiments/E3L_6DO3/screening/inputs/testset/E3L_6DO3_test_chunk50/flags_params_test_0_172.flags
Saved: /lus/eagle/projects/marP_TB_VLS/WC/williamhconrad4/OpenVS-main/experiments/E3L_6DO3/screening/inputs/testset/E3L_6DO3_test_chunk50/tar_params_test_0_173.tar
Saved: /lus/eagle/projects/marP_TB_VLS/WC/williamhconrad4/OpenVS-main/experiments/E3L_6DO3/screening/inputs/testset/E3L_6DO3_test_chunk50/ligands_list_test_0_173.txt
Saved: /lus/eagle/projects/marP_TB_VLS/WC/williamhconrad4/OpenVS-main/experiments/E3L_6DO3/screening/inputs/testset/E3L_6DO3_test_chunk50/flags_params_test_0_173.flags
Saved: /lus/eagle/projects/marP_TB_VLS/WC/williamhconrad4/OpenVS-main/experiments/E3L_6DO3/screening/inputs/testset/E3L_6DO3_test_chunk50/tar_params_test_0_174.tar
Saved: /lus/eagle/projects/marP_TB_VLS/WC/williamhconrad4/OpenVS-main/experiments/E3L_6DO3/screening/inputs/testset/E3L_6DO3_test_chunk50/ligands_list_test_0_174.txt
Saved: /lus/eagle/projects/marP_TB_VLS/WC/williamhconrad4/OpenVS-main/experiments/E3L_6DO3/screening/inputs/testset/E3L_6DO3_test_chunk50/flags_params_test_0_174.flags
Saved: /lus/eagle/projects/marP_TB_VLS/WC/williamhconrad4/OpenVS-main/experiments/E3L_6DO3/screening/inputs/testset/E3L_6DO3_test_chunk50/tar_params_test_0_175.tar
Saved: /lus/eagle/projects/marP_TB_VLS/WC/williamhconrad4/OpenVS-main/experiments/E3L_6DO3/screening/inputs/testset/E3L_6DO3_test_chunk50/ligands_list_test_0_175.txt
Saved: /lus/eagle/projects/marP_TB_VLS/WC/williamhconrad4/OpenVS-main/experiments/E3L_6DO3/screening/inputs/testset/E3L_6DO3_test_chunk50/flags_params_test_0_175.flags
Saved: /lus/eagle/projects/marP_TB_VLS/WC/williamhconrad4/OpenVS-main/experiments/E3L_6DO3/screening/inputs/testset/E3L_6DO3_test_chunk50/tar_params_test_0_176.tar
Saved: /lus/eagle/projects/marP_TB_VLS/WC/williamhconrad4/OpenVS-main/experiments/E3L_6DO3/screening/inputs/testset/E3L_6DO3_test_chunk50/ligands_list_test_0_176.txt
Saved: /lus/eagle/projects/marP_TB_VLS/WC/williamhconrad4/OpenVS-main/experiments/E3L_6DO3/screening/inputs/testset/E3L_6DO3_test_chunk50/flags_params_test_0_176.flags
Saved: /lus/eagle/projects/marP_TB_VLS/WC/williamhconrad4/OpenVS-main/experiments/E3L_6DO3/screening/inputs/testset/E3L_6DO3_test_chunk50/tar_params_test_0_177.tar
Saved: /lus/eagle/projects/marP_TB_VLS/WC/williamhconrad4/OpenVS-main/experiments/E3L_6DO3/screening/inputs/testset/E3L_6DO3_test_chunk50/ligands_list_test_0_177.txt
Saved: /lus/eagle/projects/marP_TB_VLS/WC/williamhconrad4/OpenVS-main/experiments/E3L_6DO3/screening/inputs/testset/E3L_6DO3_test_chunk50/flags_params_test_0_177.flags
Saved: /lus/eagle/projects/marP_TB_VLS/WC/williamhconrad4/OpenVS-main/experiments/E3L_6DO3/screening/inputs/testset/E3L_6DO3_test_chunk50/tar_params_test_0_178.tar
Saved: /lus/eagle/projects/marP_TB_VLS/WC/williamhconrad4/OpenVS-main/experiments/E3L_6DO3/screening/inputs/testset/E3L_6DO3_test_chunk50/ligands_list_test_0_178.txt
Saved: /lus/eagle/projects/marP_TB_VLS/WC/williamhconrad4/OpenVS-main/experiments/E3L_6DO3/screening/inputs/testset/E3L_6DO3_test_chunk50/flags_params_test_0_178.flags
Saved: /lus/eagle/projects/marP_TB_VLS/WC/williamhconrad4/OpenVS-main/experiments/E3L_6DO3/screening/inputs/testset/E3L_6DO3_test_chunk50/tar_params_test_0_179.tar
Saved: /lus/eagle/projects/marP_TB_VLS/WC/williamhconrad4/OpenVS-main/experiments/E3L_6DO3/screening/inputs/testset/E3L_6DO3_test_chunk50/ligands_list_test_0_179.txt
Saved: /lus/eagle/projects/marP_TB_VLS/WC/williamhconrad4/OpenVS-main/experiments/E3L_6DO3/screening/inputs/testset/E3L_6DO3_test_chunk50/flags_params_test_0_179.flags
Saved: /lus/eagle/projects/marP_TB_VLS/WC/williamhconrad4/OpenVS-main/experiments/E3L_6DO3/screening/inputs/testset/E3L_6DO3_test_chunk50/tar_params_test_0_180.tar
Saved: /lus/eagle/projects/marP_TB_VLS/WC/williamhconrad4/OpenVS-main/experiments/E3L_6DO3/screening/inputs/testset/E3L_6DO3_test_chunk50/ligands_list_test_0_180.txt
Saved: /lus/eagle/projects/marP_TB_VLS/WC/williamhconrad4/OpenVS-main/experiments/E3L_6DO3/screening/inputs/testset/E3L_6DO3_test_chunk50/flags_params_test_0_180.flags
Saved: /lus/eagle/projects/marP_TB_VLS/WC/williamhconrad4/OpenVS-main/experiments/E3L_6DO3/screening/inputs/testset/E3L_6DO3_test_chunk50/tar_params_test_0_181.tar
Saved: /lus/eagle/projects/marP_TB_VLS/WC/williamhconrad4/OpenVS-main/experiments/E3L_6DO3/screening/inputs/testset/E3L_6DO3_test_chunk50/ligands_list_test_0_181.txt
Saved: /lus/eagle/projects/marP_TB_VLS/WC/williamhconrad4/OpenVS-main/experiments/E3L_6DO3/screening/inputs/testset/E3L_6DO3_test_chunk50/flags_params_test_0_181.flags
Saved: /lus/eagle/projects/marP_TB_VLS/WC/williamhconrad4/OpenVS-main/experiments/E3L_6DO3/screening/inputs/testset/E3L_6DO3_test_chunk50/tar_params_test_0_182.tar
Saved: /lus/eagle/projects/marP_TB_VLS/WC/williamhconrad4/OpenVS-main/experiments/E3L_6DO3/screening/inputs/testset/E3L_6DO3_test_chunk50/ligands_list_test_0_182.txt
Saved: /lus/eagle/projects/marP_TB_VLS/WC/williamhconrad4/OpenVS-main/experiments/E3L_6DO3/screening/inputs/testset/E3L_6DO3_test_chunk50/flags_params_test_0_182.flags
Saved: /lus/eagle/projects/marP_TB_VLS/WC/williamhconrad4/OpenVS-main/experiments/E3L_6DO3/screening/inputs/testset/E3L_6DO3_test_chunk50/tar_params_test_0_183.tar
Saved: /lus/eagle/projects/marP_TB_VLS/WC/williamhconrad4/OpenVS-main/experiments/E3L_6DO3/screening/inputs/testset/E3L_6DO3_test_chunk50/ligands_list_test_0_183.txt
Saved: /lus/eagle/projects/marP_TB_VLS/WC/williamhconrad4/OpenVS-main/experiments/E3L_6DO3/screening/inputs/testset/E3L_6DO3_test_chunk50/flags_params_test_0_183.flags
Saved: /lus/eagle/projects/marP_TB_VLS/WC/williamhconrad4/OpenVS-main/experiments/E3L_6DO3/screening/inputs/testset/E3L_6DO3_test_chunk50/tar_params_test_0_184.tar
Saved: /lus/eagle/projects/marP_TB_VLS/WC/williamhconrad4/OpenVS-main/experiments/E3L_6DO3/screening/inputs/testset/E3L_6DO3_test_chunk50/ligands_list_test_0_184.txt
Saved: /lus/eagle/projects/marP_TB_VLS/WC/williamhconrad4/OpenVS-main/experiments/E3L_6DO3/screening/inputs/testset/E3L_6DO3_test_chunk50/flags_params_test_0_184.flags
Saved: /lus/eagle/projects/marP_TB_VLS/WC/williamhconrad4/OpenVS-main/experiments/E3L_6DO3/screening/inputs/testset/E3L_6DO3_test_chunk50/tar_params_test_0_185.tar
Saved: /lus/eagle/projects/marP_TB_VLS/WC/williamhconrad4/OpenVS-main/experiments/E3L_6DO3/screening/inputs/testset/E3L_6DO3_test_chunk50/ligands_list_test_0_185.txt
Saved: /lus/eagle/projects/marP_TB_VLS/WC/williamhconrad4/OpenVS-main/experiments/E3L_6DO3/screening/inputs/testset/E3L_6DO3_test_chunk50/flags_params_test_0_185.flags
Saved: /lus/eagle/projects/marP_TB_VLS/WC/williamhconrad4/OpenVS-main/experiments/E3L_6DO3/screening/inputs/testset/E3L_6DO3_test_chunk50/tar_params_test_0_186.tar
Saved: /lus/eagle/projects/marP_TB_VLS/WC/williamhconrad4/OpenVS-main/experiments/E3L_6DO3/screening/inputs/testset/E3L_6DO3_test_chunk50/ligands_list_test_0_186.txt
Saved: /lus/eagle/projects/marP_TB_VLS/WC/williamhconrad4/OpenVS-main/experiments/E3L_6DO3/screening/inputs/testset/E3L_6DO3_test_chunk50/flags_params_test_0_186.flags
Saved: /lus/eagle/projects/marP_TB_VLS/WC/williamhconrad4/OpenVS-main/experiments/E3L_6DO3/screening/inputs/testset/E3L_6DO3_test_chunk50/tar_params_test_0_187.tar
Saved: /lus/eagle/projects/marP_TB_VLS/WC/williamhconrad4/OpenVS-main/experiments/E3L_6DO3/screening/inputs/testset/E3L_6DO3_test_chunk50/ligands_list_test_0_187.txt
Saved: /lus/eagle/projects/marP_TB_VLS/WC/williamhconrad4/OpenVS-main/experiments/E3L_6DO3/screening/inputs/testset/E3L_6DO3_test_chunk50/flags_params_test_0_187.flags
Saved: /lus/eagle/projects/marP_TB_VLS/WC/williamhconrad4/OpenVS-main/experiments/E3L_6DO3/screening/inputs/testset/E3L_6DO3_test_chunk50/tar_params_test_0_188.tar
Saved: /lus/eagle/projects/marP_TB_VLS/WC/williamhconrad4/OpenVS-main/experiments/E3L_6DO3/screening/inputs/testset/E3L_6DO3_test_chunk50/ligands_list_test_0_188.txt
Saved: /lus/eagle/projects/marP_TB_VLS/WC/williamhconrad4/OpenVS-main/experiments/E3L_6DO3/screening/inputs/testset/E3L_6DO3_test_chunk50/flags_params_test_0_188.flags
Saved: /lus/eagle/projects/marP_TB_VLS/WC/williamhconrad4/OpenVS-main/experiments/E3L_6DO3/screening/inputs/testset/E3L_6DO3_test_chunk50/tar_params_test_0_189.tar
Saved: /lus/eagle/projects/marP_TB_VLS/WC/williamhconrad4/OpenVS-main/experiments/E3L_6DO3/screening/inputs/testset/E3L_6DO3_test_chunk50/ligands_list_test_0_189.txt
Saved: /lus/eagle/projects/marP_TB_VLS/WC/williamhconrad4/OpenVS-main/experiments/E3L_6DO3/screening/inputs/testset/E3L_6DO3_test_chunk50/flags_params_test_0_189.flags
Saved: /lus/eagle/projects/marP_TB_VLS/WC/williamhconrad4/OpenVS-main/experiments/E3L_6DO3/screening/inputs/testset/E3L_6DO3_test_chunk50/tar_params_test_0_190.tar
Saved: /lus/eagle/projects/marP_TB_VLS/WC/williamhconrad4/OpenVS-main/experiments/E3L_6DO3/screening/inputs/testset/E3L_6DO3_test_chunk50/ligands_list_test_0_190.txt
Saved: /lus/eagle/projects/marP_TB_VLS/WC/williamhconrad4/OpenVS-main/experiments/E3L_6DO3/screening/inputs/testset/E3L_6DO3_test_chunk50/flags_params_test_0_190.flags
Saved: /lus/eagle/projects/marP_TB_VLS/WC/williamhconrad4/OpenVS-main/experiments/E3L_6DO3/screening/inputs/testset/E3L_6DO3_test_chunk50/tar_params_test_0_191.tar
Saved: /lus/eagle/projects/marP_TB_VLS/WC/williamhconrad4/OpenVS-main/experiments/E3L_6DO3/screening/inputs/testset/E3L_6DO3_test_chunk50/ligands_list_test_0_191.txt
Saved: /lus/eagle/projects/marP_TB_VLS/WC/williamhconrad4/OpenVS-main/experiments/E3L_6DO3/screening/inputs/testset/E3L_6DO3_test_chunk50/flags_params_test_0_191.flags
Saved: /lus/eagle/projects/marP_TB_VLS/WC/williamhconrad4/OpenVS-main/experiments/E3L_6DO3/screening/inputs/testset/E3L_6DO3_test_chunk50/tar_params_test_0_192.tar
Saved: /lus/eagle/projects/marP_TB_VLS/WC/williamhconrad4/OpenVS-main/experiments/E3L_6DO3/screening/inputs/testset/E3L_6DO3_test_chunk50/ligands_list_test_0_192.txt
Saved: /lus/eagle/projects/marP_TB_VLS/WC/williamhconrad4/OpenVS-main/experiments/E3L_6DO3/screening/inputs/testset/E3L_6DO3_test_chunk50/flags_params_test_0_192.flags
Saved: /lus/eagle/projects/marP_TB_VLS/WC/williamhconrad4/OpenVS-main/experiments/E3L_6DO3/screening/inputs/testset/E3L_6DO3_test_chunk50/tar_params_test_0_193.tar
Saved: /lus/eagle/projects/marP_TB_VLS/WC/williamhconrad4/OpenVS-main/experiments/E3L_6DO3/screening/inputs/testset/E3L_6DO3_test_chunk50/ligands_list_test_0_193.txt
Saved: /lus/eagle/projects/marP_TB_VLS/WC/williamhconrad4/OpenVS-main/experiments/E3L_6DO3/screening/inputs/testset/E3L_6DO3_test_chunk50/flags_params_test_0_193.flags
Saved: /lus/eagle/projects/marP_TB_VLS/WC/williamhconrad4/OpenVS-main/experiments/E3L_6DO3/screening/inputs/testset/E3L_6DO3_test_chunk50/tar_params_test_0_194.tar
Saved: /lus/eagle/projects/marP_TB_VLS/WC/williamhconrad4/OpenVS-main/experiments/E3L_6DO3/screening/inputs/testset/E3L_6DO3_test_chunk50/ligands_list_test_0_194.txt
Saved: /lus/eagle/projects/marP_TB_VLS/WC/williamhconrad4/OpenVS-main/experiments/E3L_6DO3/screening/inputs/testset/E3L_6DO3_test_chunk50/flags_params_test_0_194.flags
Saved: /lus/eagle/projects/marP_TB_VLS/WC/williamhconrad4/OpenVS-main/experiments/E3L_6DO3/screening/inputs/testset/E3L_6DO3_test_chunk50/tar_params_test_0_195.tar
Saved: /lus/eagle/projects/marP_TB_VLS/WC/williamhconrad4/OpenVS-main/experiments/E3L_6DO3/screening/inputs/testset/E3L_6DO3_test_chunk50/ligands_list_test_0_195.txt
Saved: /lus/eagle/projects/marP_TB_VLS/WC/williamhconrad4/OpenVS-main/experiments/E3L_6DO3/screening/inputs/testset/E3L_6DO3_test_chunk50/flags_params_test_0_195.flags
Saved: /lus/eagle/projects/marP_TB_VLS/WC/williamhconrad4/OpenVS-main/experiments/E3L_6DO3/screening/inputs/testset/E3L_6DO3_test_chunk50/tar_params_test_0_196.tar
Saved: /lus/eagle/projects/marP_TB_VLS/WC/williamhconrad4/OpenVS-main/experiments/E3L_6DO3/screening/inputs/testset/E3L_6DO3_test_chunk50/ligands_list_test_0_196.txt
Saved: /lus/eagle/projects/marP_TB_VLS/WC/williamhconrad4/OpenVS-main/experiments/E3L_6DO3/screening/inputs/testset/E3L_6DO3_test_chunk50/flags_params_test_0_196.flags
Saved: /lus/eagle/projects/marP_TB_VLS/WC/williamhconrad4/OpenVS-main/experiments/E3L_6DO3/screening/inputs/testset/E3L_6DO3_test_chunk50/tar_params_test_0_197.tar
Saved: /lus/eagle/projects/marP_TB_VLS/WC/williamhconrad4/OpenVS-main/experiments/E3L_6DO3/screening/inputs/testset/E3L_6DO3_test_chunk50/ligands_list_test_0_197.txt
Saved: /lus/eagle/projects/marP_TB_VLS/WC/williamhconrad4/OpenVS-main/experiments/E3L_6DO3/screening/inputs/testset/E3L_6DO3_test_chunk50/flags_params_test_0_197.flags
Saved: /lus/eagle/projects/marP_TB_VLS/WC/williamhconrad4/OpenVS-main/experiments/E3L_6DO3/screening/inputs/testset/E3L_6DO3_test_chunk50/tar_params_test_0_198.tar
Saved: /lus/eagle/projects/marP_TB_VLS/WC/williamhconrad4/OpenVS-main/experiments/E3L_6DO3/screening/inputs/testset/E3L_6DO3_test_chunk50/ligands_list_test_0_198.txt
Saved: /lus/eagle/projects/marP_TB_VLS/WC/williamhconrad4/OpenVS-main/experiments/E3L_6DO3/screening/inputs/testset/E3L_6DO3_test_chunk50/flags_params_test_0_198.flags
Saved: /lus/eagle/projects/marP_TB_VLS/WC/williamhconrad4/OpenVS-main/experiments/E3L_6DO3/screening/inputs/testset/E3L_6DO3_test_chunk50/tar_params_test_0_199.tar
Saved: /lus/eagle/projects/marP_TB_VLS/WC/williamhconrad4/OpenVS-main/experiments/E3L_6DO3/screening/inputs/testset/E3L_6DO3_test_chunk50/ligands_list_test_0_199.txt
Saved: /lus/eagle/projects/marP_TB_VLS/WC/williamhconrad4/OpenVS-main/experiments/E3L_6DO3/screening/inputs/testset/E3L_6DO3_test_chunk50/flags_params_test_0_199.flags
Saved: /lus/eagle/projects/marP_TB_VLS/WC/williamhconrad4/OpenVS-main/experiments/E3L_6DO3/screening/inputs/testset/E3L_6DO3_test_chunk50/tar_params_test_0_200.tar
Saved: /lus/eagle/projects/marP_TB_VLS/WC/williamhconrad4/OpenVS-main/experiments/E3L_6DO3/screening/inputs/testset/E3L_6DO3_test_chunk50/ligands_list_test_0_200.txt
Saved: /lus/eagle/projects/marP_TB_VLS/WC/williamhconrad4/OpenVS-main/experiments/E3L_6DO3/screening/inputs/testset/E3L_6DO3_test_chunk50/flags_params_test_0_200.flags
Saved: /lus/eagle/projects/marP_TB_VLS/WC/williamhconrad4/OpenVS-main/experiments/E3L_6DO3/screening/inputs/testset/E3L_6DO3_test_chunk50/tar_params_test_0_201.tar
Saved: /lus/eagle/projects/marP_TB_VLS/WC/williamhconrad4/OpenVS-main/experiments/E3L_6DO3/screening/inputs/testset/E3L_6DO3_test_chunk50/ligands_list_test_0_201.txt
Saved: /lus/eagle/projects/marP_TB_VLS/WC/williamhconrad4/OpenVS-main/experiments/E3L_6DO3/screening/inputs/testset/E3L_6DO3_test_chunk50/flags_params_test_0_201.flags
Saved: /lus/eagle/projects/marP_TB_VLS/WC/williamhconrad4/OpenVS-main/experiments/E3L_6DO3/screening/inputs/testset/E3L_6DO3_test_chunk50/tar_params_test_0_202.tar
Saved: /lus/eagle/projects/marP_TB_VLS/WC/williamhconrad4/OpenVS-main/experiments/E3L_6DO3/screening/inputs/testset/E3L_6DO3_test_chunk50/ligands_list_test_0_202.txt
Saved: /lus/eagle/projects/marP_TB_VLS/WC/williamhconrad4/OpenVS-main/experiments/E3L_6DO3/screening/inputs/testset/E3L_6DO3_test_chunk50/flags_params_test_0_202.flags
Saved: /lus/eagle/projects/marP_TB_VLS/WC/williamhconrad4/OpenVS-main/experiments/E3L_6DO3/screening/inputs/testset/E3L_6DO3_test_chunk50/tar_params_test_0_203.tar
Saved: /lus/eagle/projects/marP_TB_VLS/WC/williamhconrad4/OpenVS-main/experiments/E3L_6DO3/screening/inputs/testset/E3L_6DO3_test_chunk50/ligands_list_test_0_203.txt
Saved: /lus/eagle/projects/marP_TB_VLS/WC/williamhconrad4/OpenVS-main/experiments/E3L_6DO3/screening/inputs/testset/E3L_6DO3_test_chunk50/flags_params_test_0_203.flags
Saved: /lus/eagle/projects/marP_TB_VLS/WC/williamhconrad4/OpenVS-main/experiments/E3L_6DO3/screening/inputs/testset/E3L_6DO3_test_chunk50/tar_params_test_0_204.tar
Saved: /lus/eagle/projects/marP_TB_VLS/WC/williamhconrad4/OpenVS-main/experiments/E3L_6DO3/screening/inputs/testset/E3L_6DO3_test_chunk50/ligands_list_test_0_204.txt
Saved: /lus/eagle/projects/marP_TB_VLS/WC/williamhconrad4/OpenVS-main/experiments/E3L_6DO3/screening/inputs/testset/E3L_6DO3_test_chunk50/flags_params_test_0_204.flags
Saved: /lus/eagle/projects/marP_TB_VLS/WC/williamhconrad4/OpenVS-main/experiments/E3L_6DO3/screening/inputs/testset/E3L_6DO3_test_chunk50/tar_params_test_0_205.tar
Saved: /lus/eagle/projects/marP_TB_VLS/WC/williamhconrad4/OpenVS-main/experiments/E3L_6DO3/screening/inputs/testset/E3L_6DO3_test_chunk50/ligands_list_test_0_205.txt
Saved: /lus/eagle/projects/marP_TB_VLS/WC/williamhconrad4/OpenVS-main/experiments/E3L_6DO3/screening/inputs/testset/E3L_6DO3_test_chunk50/flags_params_test_0_205.flags
Saved: /lus/eagle/projects/marP_TB_VLS/WC/williamhconrad4/OpenVS-main/experiments/E3L_6DO3/screening/inputs/testset/E3L_6DO3_test_chunk50/tar_params_test_0_206.tar
Saved: /lus/eagle/projects/marP_TB_VLS/WC/williamhconrad4/OpenVS-main/experiments/E3L_6DO3/screening/inputs/testset/E3L_6DO3_test_chunk50/ligands_list_test_0_206.txt
Saved: /lus/eagle/projects/marP_TB_VLS/WC/williamhconrad4/OpenVS-main/experiments/E3L_6DO3/screening/inputs/testset/E3L_6DO3_test_chunk50/flags_params_test_0_206.flags
Saved: /lus/eagle/projects/marP_TB_VLS/WC/williamhconrad4/OpenVS-main/experiments/E3L_6DO3/screening/inputs/testset/E3L_6DO3_test_chunk50/tar_params_test_0_207.tar
Saved: /lus/eagle/projects/marP_TB_VLS/WC/williamhconrad4/OpenVS-main/experiments/E3L_6DO3/screening/inputs/testset/E3L_6DO3_test_chunk50/ligands_list_test_0_207.txt
Saved: /lus/eagle/projects/marP_TB_VLS/WC/williamhconrad4/OpenVS-main/experiments/E3L_6DO3/screening/inputs/testset/E3L_6DO3_test_chunk50/flags_params_test_0_207.flags
Saved: /lus/eagle/projects/marP_TB_VLS/WC/williamhconrad4/OpenVS-main/experiments/E3L_6DO3/screening/inputs/testset/E3L_6DO3_test_chunk50/tar_params_test_0_208.tar
Saved: /lus/eagle/projects/marP_TB_VLS/WC/williamhconrad4/OpenVS-main/experiments/E3L_6DO3/screening/inputs/testset/E3L_6DO3_test_chunk50/ligands_list_test_0_208.txt
Saved: /lus/eagle/projects/marP_TB_VLS/WC/williamhconrad4/OpenVS-main/experiments/E3L_6DO3/screening/inputs/testset/E3L_6DO3_test_chunk50/flags_params_test_0_208.flags
Saved: /lus/eagle/projects/marP_TB_VLS/WC/williamhconrad4/OpenVS-main/experiments/E3L_6DO3/screening/inputs/testset/E3L_6DO3_test_chunk50/tar_params_test_0_209.tar
Saved: /lus/eagle/projects/marP_TB_VLS/WC/williamhconrad4/OpenVS-main/experiments/E3L_6DO3/screening/inputs/testset/E3L_6DO3_test_chunk50/ligands_list_test_0_209.txt
Saved: /lus/eagle/projects/marP_TB_VLS/WC/williamhconrad4/OpenVS-main/experiments/E3L_6DO3/screening/inputs/testset/E3L_6DO3_test_chunk50/flags_params_test_0_209.flags
Saved: /lus/eagle/projects/marP_TB_VLS/WC/williamhconrad4/OpenVS-main/experiments/E3L_6DO3/screening/inputs/testset/E3L_6DO3_test_chunk50/tar_params_test_0_210.tar
Saved: /lus/eagle/projects/marP_TB_VLS/WC/williamhconrad4/OpenVS-main/experiments/E3L_6DO3/screening/inputs/testset/E3L_6DO3_test_chunk50/ligands_list_test_0_210.txt
Saved: /lus/eagle/projects/marP_TB_VLS/WC/williamhconrad4/OpenVS-main/experiments/E3L_6DO3/screening/inputs/testset/E3L_6DO3_test_chunk50/flags_params_test_0_210.flags
Saved: /lus/eagle/projects/marP_TB_VLS/WC/williamhconrad4/OpenVS-main/experiments/E3L_6DO3/screening/inputs/testset/E3L_6DO3_test_chunk50/tar_params_test_0_211.tar
Saved: /lus/eagle/projects/marP_TB_VLS/WC/williamhconrad4/OpenVS-main/experiments/E3L_6DO3/screening/inputs/testset/E3L_6DO3_test_chunk50/ligands_list_test_0_211.txt
Saved: /lus/eagle/projects/marP_TB_VLS/WC/williamhconrad4/OpenVS-main/experiments/E3L_6DO3/screening/inputs/testset/E3L_6DO3_test_chunk50/flags_params_test_0_211.flags
Saved: /lus/eagle/projects/marP_TB_VLS/WC/williamhconrad4/OpenVS-main/experiments/E3L_6DO3/screening/inputs/testset/E3L_6DO3_test_chunk50/tar_params_test_0_212.tar
Saved: /lus/eagle/projects/marP_TB_VLS/WC/williamhconrad4/OpenVS-main/experiments/E3L_6DO3/screening/inputs/testset/E3L_6DO3_test_chunk50/ligands_list_test_0_212.txt
Saved: /lus/eagle/projects/marP_TB_VLS/WC/williamhconrad4/OpenVS-main/experiments/E3L_6DO3/screening/inputs/testset/E3L_6DO3_test_chunk50/flags_params_test_0_212.flags
Saved: /lus/eagle/projects/marP_TB_VLS/WC/williamhconrad4/OpenVS-main/experiments/E3L_6DO3/screening/inputs/testset/E3L_6DO3_test_chunk50/tar_params_test_0_213.tar
Saved: /lus/eagle/projects/marP_TB_VLS/WC/williamhconrad4/OpenVS-main/experiments/E3L_6DO3/screening/inputs/testset/E3L_6DO3_test_chunk50/ligands_list_test_0_213.txt
Saved: /lus/eagle/projects/marP_TB_VLS/WC/williamhconrad4/OpenVS-main/experiments/E3L_6DO3/screening/inputs/testset/E3L_6DO3_test_chunk50/flags_params_test_0_213.flags
Saved: /lus/eagle/projects/marP_TB_VLS/WC/williamhconrad4/OpenVS-main/experiments/E3L_6DO3/screening/inputs/testset/E3L_6DO3_test_chunk50/tar_params_test_0_214.tar
Saved: /lus/eagle/projects/marP_TB_VLS/WC/williamhconrad4/OpenVS-main/experiments/E3L_6DO3/screening/inputs/testset/E3L_6DO3_test_chunk50/ligands_list_test_0_214.txt
Saved: /lus/eagle/projects/marP_TB_VLS/WC/williamhconrad4/OpenVS-main/experiments/E3L_6DO3/screening/inputs/testset/E3L_6DO3_test_chunk50/flags_params_test_0_214.flags
Saved: /lus/eagle/projects/marP_TB_VLS/WC/williamhconrad4/OpenVS-main/experiments/E3L_6DO3/screening/inputs/testset/E3L_6DO3_test_chunk50/tar_params_test_0_215.tar
Saved: /lus/eagle/projects/marP_TB_VLS/WC/williamhconrad4/OpenVS-main/experiments/E3L_6DO3/screening/inputs/testset/E3L_6DO3_test_chunk50/ligands_list_test_0_215.txt
Saved: /lus/eagle/projects/marP_TB_VLS/WC/williamhconrad4/OpenVS-main/experiments/E3L_6DO3/screening/inputs/testset/E3L_6DO3_test_chunk50/flags_params_test_0_215.flags
Saved: /lus/eagle/projects/marP_TB_VLS/WC/williamhconrad4/OpenVS-main/experiments/E3L_6DO3/screening/inputs/testset/E3L_6DO3_test_chunk50/tar_params_test_0_216.tar
Saved: /lus/eagle/projects/marP_TB_VLS/WC/williamhconrad4/OpenVS-main/experiments/E3L_6DO3/screening/inputs/testset/E3L_6DO3_test_chunk50/ligands_list_test_0_216.txt
Saved: /lus/eagle/projects/marP_TB_VLS/WC/williamhconrad4/OpenVS-main/experiments/E3L_6DO3/screening/inputs/testset/E3L_6DO3_test_chunk50/flags_params_test_0_216.flags
Saved: /lus/eagle/projects/marP_TB_VLS/WC/williamhconrad4/OpenVS-main/experiments/E3L_6DO3/screening/inputs/testset/E3L_6DO3_test_chunk50/tar_params_test_0_217.tar
Saved: /lus/eagle/projects/marP_TB_VLS/WC/williamhconrad4/OpenVS-main/experiments/E3L_6DO3/screening/inputs/testset/E3L_6DO3_test_chunk50/ligands_list_test_0_217.txt
Saved: /lus/eagle/projects/marP_TB_VLS/WC/williamhconrad4/OpenVS-main/experiments/E3L_6DO3/screening/inputs/testset/E3L_6DO3_test_chunk50/flags_params_test_0_217.flags
Saved: /lus/eagle/projects/marP_TB_VLS/WC/williamhconrad4/OpenVS-main/experiments/E3L_6DO3/screening/inputs/testset/E3L_6DO3_test_chunk50/tar_params_test_0_218.tar
Saved: /lus/eagle/projects/marP_TB_VLS/WC/williamhconrad4/OpenVS-main/experiments/E3L_6DO3/screening/inputs/testset/E3L_6DO3_test_chunk50/ligands_list_test_0_218.txt
Saved: /lus/eagle/projects/marP_TB_VLS/WC/williamhconrad4/OpenVS-main/experiments/E3L_6DO3/screening/inputs/testset/E3L_6DO3_test_chunk50/flags_params_test_0_218.flags
Saved: /lus/eagle/projects/marP_TB_VLS/WC/williamhconrad4/OpenVS-main/experiments/E3L_6DO3/screening/inputs/testset/E3L_6DO3_test_chunk50/tar_params_test_0_219.tar
Saved: /lus/eagle/projects/marP_TB_VLS/WC/williamhconrad4/OpenVS-main/experiments/E3L_6DO3/screening/inputs/testset/E3L_6DO3_test_chunk50/ligands_list_test_0_219.txt
Saved: /lus/eagle/projects/marP_TB_VLS/WC/williamhconrad4/OpenVS-main/experiments/E3L_6DO3/screening/inputs/testset/E3L_6DO3_test_chunk50/flags_params_test_0_219.flags
Saved: /lus/eagle/projects/marP_TB_VLS/WC/williamhconrad4/OpenVS-main/experiments/E3L_6DO3/screening/inputs/testset/E3L_6DO3_test_chunk50/tar_params_test_0_220.tar
Saved: /lus/eagle/projects/marP_TB_VLS/WC/williamhconrad4/OpenVS-main/experiments/E3L_6DO3/screening/inputs/testset/E3L_6DO3_test_chunk50/ligands_list_test_0_220.txt
Saved: /lus/eagle/projects/marP_TB_VLS/WC/williamhconrad4/OpenVS-main/experiments/E3L_6DO3/screening/inputs/testset/E3L_6DO3_test_chunk50/flags_params_test_0_220.flags
Saved: /lus/eagle/projects/marP_TB_VLS/WC/williamhconrad4/OpenVS-main/experiments/E3L_6DO3/screening/inputs/testset/E3L_6DO3_test_chunk50/tar_params_test_0_221.tar
Saved: /lus/eagle/projects/marP_TB_VLS/WC/williamhconrad4/OpenVS-main/experiments/E3L_6DO3/screening/inputs/testset/E3L_6DO3_test_chunk50/ligands_list_test_0_221.txt
Saved: /lus/eagle/projects/marP_TB_VLS/WC/williamhconrad4/OpenVS-main/experiments/E3L_6DO3/screening/inputs/testset/E3L_6DO3_test_chunk50/flags_params_test_0_221.flags
Saved: /lus/eagle/projects/marP_TB_VLS/WC/williamhconrad4/OpenVS-main/experiments/E3L_6DO3/screening/inputs/testset/E3L_6DO3_test_chunk50/tar_params_test_0_222.tar
Saved: /lus/eagle/projects/marP_TB_VLS/WC/williamhconrad4/OpenVS-main/experiments/E3L_6DO3/screening/inputs/testset/E3L_6DO3_test_chunk50/ligands_list_test_0_222.txt
Saved: /lus/eagle/projects/marP_TB_VLS/WC/williamhconrad4/OpenVS-main/experiments/E3L_6DO3/screening/inputs/testset/E3L_6DO3_test_chunk50/flags_params_test_0_222.flags
Saved: /lus/eagle/projects/marP_TB_VLS/WC/williamhconrad4/OpenVS-main/experiments/E3L_6DO3/screening/inputs/testset/E3L_6DO3_test_chunk50/tar_params_test_0_223.tar
Saved: /lus/eagle/projects/marP_TB_VLS/WC/williamhconrad4/OpenVS-main/experiments/E3L_6DO3/screening/inputs/testset/E3L_6DO3_test_chunk50/ligands_list_test_0_223.txt
Saved: /lus/eagle/projects/marP_TB_VLS/WC/williamhconrad4/OpenVS-main/experiments/E3L_6DO3/screening/inputs/testset/E3L_6DO3_test_chunk50/flags_params_test_0_223.flags
Saved: /lus/eagle/projects/marP_TB_VLS/WC/williamhconrad4/OpenVS-main/experiments/E3L_6DO3/screening/inputs/testset/E3L_6DO3_test_chunk50/tar_params_test_0_224.tar
Saved: /lus/eagle/projects/marP_TB_VLS/WC/williamhconrad4/OpenVS-main/experiments/E3L_6DO3/screening/inputs/testset/E3L_6DO3_test_chunk50/ligands_list_test_0_224.txt
Saved: /lus/eagle/projects/marP_TB_VLS/WC/williamhconrad4/OpenVS-main/experiments/E3L_6DO3/screening/inputs/testset/E3L_6DO3_test_chunk50/flags_params_test_0_224.flags
Saved: /lus/eagle/projects/marP_TB_VLS/WC/williamhconrad4/OpenVS-main/experiments/E3L_6DO3/screening/inputs/testset/E3L_6DO3_test_chunk50/tar_params_test_0_225.tar
Saved: /lus/eagle/projects/marP_TB_VLS/WC/williamhconrad4/OpenVS-main/experiments/E3L_6DO3/screening/inputs/testset/E3L_6DO3_test_chunk50/ligands_list_test_0_225.txt
Saved: /lus/eagle/projects/marP_TB_VLS/WC/williamhconrad4/OpenVS-main/experiments/E3L_6DO3/screening/inputs/testset/E3L_6DO3_test_chunk50/flags_params_test_0_225.flags
Saved: /lus/eagle/projects/marP_TB_VLS/WC/williamhconrad4/OpenVS-main/experiments/E3L_6DO3/screening/inputs/testset/E3L_6DO3_test_chunk50/tar_params_test_0_226.tar
Saved: /lus/eagle/projects/marP_TB_VLS/WC/williamhconrad4/OpenVS-main/experiments/E3L_6DO3/screening/inputs/testset/E3L_6DO3_test_chunk50/ligands_list_test_0_226.txt
Saved: /lus/eagle/projects/marP_TB_VLS/WC/williamhconrad4/OpenVS-main/experiments/E3L_6DO3/screening/inputs/testset/E3L_6DO3_test_chunk50/flags_params_test_0_226.flags
Saved: /lus/eagle/projects/marP_TB_VLS/WC/williamhconrad4/OpenVS-main/experiments/E3L_6DO3/screening/inputs/testset/E3L_6DO3_test_chunk50/tar_params_test_0_227.tar
Saved: /lus/eagle/projects/marP_TB_VLS/WC/williamhconrad4/OpenVS-main/experiments/E3L_6DO3/screening/inputs/testset/E3L_6DO3_test_chunk50/ligands_list_test_0_227.txt
Saved: /lus/eagle/projects/marP_TB_VLS/WC/williamhconrad4/OpenVS-main/experiments/E3L_6DO3/screening/inputs/testset/E3L_6DO3_test_chunk50/flags_params_test_0_227.flags
Saved: /lus/eagle/projects/marP_TB_VLS/WC/williamhconrad4/OpenVS-main/experiments/E3L_6DO3/screening/inputs/testset/E3L_6DO3_test_chunk50/tar_params_test_0_228.tar
Saved: /lus/eagle/projects/marP_TB_VLS/WC/williamhconrad4/OpenVS-main/experiments/E3L_6DO3/screening/inputs/testset/E3L_6DO3_test_chunk50/ligands_list_test_0_228.txt
Saved: /lus/eagle/projects/marP_TB_VLS/WC/williamhconrad4/OpenVS-main/experiments/E3L_6DO3/screening/inputs/testset/E3L_6DO3_test_chunk50/flags_params_test_0_228.flags
Saved: /lus/eagle/projects/marP_TB_VLS/WC/williamhconrad4/OpenVS-main/experiments/E3L_6DO3/screening/inputs/testset/E3L_6DO3_test_chunk50/tar_params_test_0_229.tar
Saved: /lus/eagle/projects/marP_TB_VLS/WC/williamhconrad4/OpenVS-main/experiments/E3L_6DO3/screening/inputs/testset/E3L_6DO3_test_chunk50/ligands_list_test_0_229.txt
Saved: /lus/eagle/projects/marP_TB_VLS/WC/williamhconrad4/OpenVS-main/experiments/E3L_6DO3/screening/inputs/testset/E3L_6DO3_test_chunk50/flags_params_test_0_229.flags
Saved: /lus/eagle/projects/marP_TB_VLS/WC/williamhconrad4/OpenVS-main/experiments/E3L_6DO3/screening/inputs/testset/E3L_6DO3_test_chunk50/tar_params_test_0_230.tar
Saved: /lus/eagle/projects/marP_TB_VLS/WC/williamhconrad4/OpenVS-main/experiments/E3L_6DO3/screening/inputs/testset/E3L_6DO3_test_chunk50/ligands_list_test_0_230.txt
Saved: /lus/eagle/projects/marP_TB_VLS/WC/williamhconrad4/OpenVS-main/experiments/E3L_6DO3/screening/inputs/testset/E3L_6DO3_test_chunk50/flags_params_test_0_230.flags
Saved: /lus/eagle/projects/marP_TB_VLS/WC/williamhconrad4/OpenVS-main/experiments/E3L_6DO3/screening/inputs/testset/E3L_6DO3_test_chunk50/tar_params_test_0_231.tar
Saved: /lus/eagle/projects/marP_TB_VLS/WC/williamhconrad4/OpenVS-main/experiments/E3L_6DO3/screening/inputs/testset/E3L_6DO3_test_chunk50/ligands_list_test_0_231.txt
Saved: /lus/eagle/projects/marP_TB_VLS/WC/williamhconrad4/OpenVS-main/experiments/E3L_6DO3/screening/inputs/testset/E3L_6DO3_test_chunk50/flags_params_test_0_231.flags
Saved: /lus/eagle/projects/marP_TB_VLS/WC/williamhconrad4/OpenVS-main/experiments/E3L_6DO3/screening/inputs/testset/E3L_6DO3_test_chunk50/tar_params_test_0_232.tar
Saved: /lus/eagle/projects/marP_TB_VLS/WC/williamhconrad4/OpenVS-main/experiments/E3L_6DO3/screening/inputs/testset/E3L_6DO3_test_chunk50/ligands_list_test_0_232.txt
Saved: /lus/eagle/projects/marP_TB_VLS/WC/williamhconrad4/OpenVS-main/experiments/E3L_6DO3/screening/inputs/testset/E3L_6DO3_test_chunk50/flags_params_test_0_232.flags
Saved: /lus/eagle/projects/marP_TB_VLS/WC/williamhconrad4/OpenVS-main/experiments/E3L_6DO3/screening/inputs/testset/E3L_6DO3_test_chunk50/tar_params_test_0_233.tar
Saved: /lus/eagle/projects/marP_TB_VLS/WC/williamhconrad4/OpenVS-main/experiments/E3L_6DO3/screening/inputs/testset/E3L_6DO3_test_chunk50/ligands_list_test_0_233.txt
Saved: /lus/eagle/projects/marP_TB_VLS/WC/williamhconrad4/OpenVS-main/experiments/E3L_6DO3/screening/inputs/testset/E3L_6DO3_test_chunk50/flags_params_test_0_233.flags
Saved: /lus/eagle/projects/marP_TB_VLS/WC/williamhconrad4/OpenVS-main/experiments/E3L_6DO3/screening/inputs/testset/E3L_6DO3_test_chunk50/tar_params_test_0_234.tar
Saved: /lus/eagle/projects/marP_TB_VLS/WC/williamhconrad4/OpenVS-main/experiments/E3L_6DO3/screening/inputs/testset/E3L_6DO3_test_chunk50/ligands_list_test_0_234.txt
Saved: /lus/eagle/projects/marP_TB_VLS/WC/williamhconrad4/OpenVS-main/experiments/E3L_6DO3/screening/inputs/testset/E3L_6DO3_test_chunk50/flags_params_test_0_234.flags
Saved: /lus/eagle/projects/marP_TB_VLS/WC/williamhconrad4/OpenVS-main/experiments/E3L_6DO3/screening/inputs/testset/E3L_6DO3_test_chunk50/tar_params_test_0_235.tar
Saved: /lus/eagle/projects/marP_TB_VLS/WC/williamhconrad4/OpenVS-main/experiments/E3L_6DO3/screening/inputs/testset/E3L_6DO3_test_chunk50/ligands_list_test_0_235.txt
Saved: /lus/eagle/projects/marP_TB_VLS/WC/williamhconrad4/OpenVS-main/experiments/E3L_6DO3/screening/inputs/testset/E3L_6DO3_test_chunk50/flags_params_test_0_235.flags
Saved: /lus/eagle/projects/marP_TB_VLS/WC/williamhconrad4/OpenVS-main/experiments/E3L_6DO3/screening/inputs/testset/E3L_6DO3_test_chunk50/tar_params_test_0_236.tar
Saved: /lus/eagle/projects/marP_TB_VLS/WC/williamhconrad4/OpenVS-main/experiments/E3L_6DO3/screening/inputs/testset/E3L_6DO3_test_chunk50/ligands_list_test_0_236.txt
Saved: /lus/eagle/projects/marP_TB_VLS/WC/williamhconrad4/OpenVS-main/experiments/E3L_6DO3/screening/inputs/testset/E3L_6DO3_test_chunk50/flags_params_test_0_236.flags
Saved: /lus/eagle/projects/marP_TB_VLS/WC/williamhconrad4/OpenVS-main/experiments/E3L_6DO3/screening/inputs/testset/E3L_6DO3_test_chunk50/tar_params_test_0_237.tar
Saved: /lus/eagle/projects/marP_TB_VLS/WC/williamhconrad4/OpenVS-main/experiments/E3L_6DO3/screening/inputs/testset/E3L_6DO3_test_chunk50/ligands_list_test_0_237.txt
Saved: /lus/eagle/projects/marP_TB_VLS/WC/williamhconrad4/OpenVS-main/experiments/E3L_6DO3/screening/inputs/testset/E3L_6DO3_test_chunk50/flags_params_test_0_237.flags
Saved: /lus/eagle/projects/marP_TB_VLS/WC/williamhconrad4/OpenVS-main/experiments/E3L_6DO3/screening/inputs/testset/E3L_6DO3_test_chunk50/tar_params_test_0_238.tar
Saved: /lus/eagle/projects/marP_TB_VLS/WC/williamhconrad4/OpenVS-main/experiments/E3L_6DO3/screening/inputs/testset/E3L_6DO3_test_chunk50/ligands_list_test_0_238.txt
Saved: /lus/eagle/projects/marP_TB_VLS/WC/williamhconrad4/OpenVS-main/experiments/E3L_6DO3/screening/inputs/testset/E3L_6DO3_test_chunk50/flags_params_test_0_238.flags
Saved: /lus/eagle/projects/marP_TB_VLS/WC/williamhconrad4/OpenVS-main/experiments/E3L_6DO3/screening/inputs/testset/E3L_6DO3_test_chunk50/tar_params_test_0_239.tar
Saved: /lus/eagle/projects/marP_TB_VLS/WC/williamhconrad4/OpenVS-main/experiments/E3L_6DO3/screening/inputs/testset/E3L_6DO3_test_chunk50/ligands_list_test_0_239.txt
Saved: /lus/eagle/projects/marP_TB_VLS/WC/williamhconrad4/OpenVS-main/experiments/E3L_6DO3/screening/inputs/testset/E3L_6DO3_test_chunk50/flags_params_test_0_239.flags
Saved: /lus/eagle/projects/marP_TB_VLS/WC/williamhconrad4/OpenVS-main/experiments/E3L_6DO3/screening/inputs/testset/E3L_6DO3_test_chunk50/tar_params_test_0_240.tar
Saved: /lus/eagle/projects/marP_TB_VLS/WC/williamhconrad4/OpenVS-main/experiments/E3L_6DO3/screening/inputs/testset/E3L_6DO3_test_chunk50/ligands_list_test_0_240.txt
Saved: /lus/eagle/projects/marP_TB_VLS/WC/williamhconrad4/OpenVS-main/experiments/E3L_6DO3/screening/inputs/testset/E3L_6DO3_test_chunk50/flags_params_test_0_240.flags
Saved: /lus/eagle/projects/marP_TB_VLS/WC/williamhconrad4/OpenVS-main/experiments/E3L_6DO3/screening/inputs/testset/E3L_6DO3_test_chunk50/tar_params_test_0_241.tar
Saved: /lus/eagle/projects/marP_TB_VLS/WC/williamhconrad4/OpenVS-main/experiments/E3L_6DO3/screening/inputs/testset/E3L_6DO3_test_chunk50/ligands_list_test_0_241.txt
Saved: /lus/eagle/projects/marP_TB_VLS/WC/williamhconrad4/OpenVS-main/experiments/E3L_6DO3/screening/inputs/testset/E3L_6DO3_test_chunk50/flags_params_test_0_241.flags
Saved: /lus/eagle/projects/marP_TB_VLS/WC/williamhconrad4/OpenVS-main/experiments/E3L_6DO3/screening/inputs/testset/E3L_6DO3_test_chunk50/tar_params_test_0_242.tar
Saved: /lus/eagle/projects/marP_TB_VLS/WC/williamhconrad4/OpenVS-main/experiments/E3L_6DO3/screening/inputs/testset/E3L_6DO3_test_chunk50/ligands_list_test_0_242.txt
Saved: /lus/eagle/projects/marP_TB_VLS/WC/williamhconrad4/OpenVS-main/experiments/E3L_6DO3/screening/inputs/testset/E3L_6DO3_test_chunk50/flags_params_test_0_242.flags
Saved: /lus/eagle/projects/marP_TB_VLS/WC/williamhconrad4/OpenVS-main/experiments/E3L_6DO3/screening/inputs/testset/E3L_6DO3_test_chunk50/tar_params_test_0_243.tar
Saved: /lus/eagle/projects/marP_TB_VLS/WC/williamhconrad4/OpenVS-main/experiments/E3L_6DO3/screening/inputs/testset/E3L_6DO3_test_chunk50/ligands_list_test_0_243.txt
Saved: /lus/eagle/projects/marP_TB_VLS/WC/williamhconrad4/OpenVS-main/experiments/E3L_6DO3/screening/inputs/testset/E3L_6DO3_test_chunk50/flags_params_test_0_243.flags
Saved: /lus/eagle/projects/marP_TB_VLS/WC/williamhconrad4/OpenVS-main/experiments/E3L_6DO3/screening/inputs/testset/E3L_6DO3_test_chunk50/tar_params_test_0_244.tar
Saved: /lus/eagle/projects/marP_TB_VLS/WC/williamhconrad4/OpenVS-main/experiments/E3L_6DO3/screening/inputs/testset/E3L_6DO3_test_chunk50/ligands_list_test_0_244.txt
Saved: /lus/eagle/projects/marP_TB_VLS/WC/williamhconrad4/OpenVS-main/experiments/E3L_6DO3/screening/inputs/testset/E3L_6DO3_test_chunk50/flags_params_test_0_244.flags
Saved: /lus/eagle/projects/marP_TB_VLS/WC/williamhconrad4/OpenVS-main/experiments/E3L_6DO3/screening/inputs/testset/E3L_6DO3_test_chunk50/tar_params_test_0_245.tar
Saved: /lus/eagle/projects/marP_TB_VLS/WC/williamhconrad4/OpenVS-main/experiments/E3L_6DO3/screening/inputs/testset/E3L_6DO3_test_chunk50/ligands_list_test_0_245.txt
Saved: /lus/eagle/projects/marP_TB_VLS/WC/williamhconrad4/OpenVS-main/experiments/E3L_6DO3/screening/inputs/testset/E3L_6DO3_test_chunk50/flags_params_test_0_245.flags
Saved: /lus/eagle/projects/marP_TB_VLS/WC/williamhconrad4/OpenVS-main/experiments/E3L_6DO3/screening/inputs/testset/E3L_6DO3_test_chunk50/tar_params_test_0_246.tar
Saved: /lus/eagle/projects/marP_TB_VLS/WC/williamhconrad4/OpenVS-main/experiments/E3L_6DO3/screening/inputs/testset/E3L_6DO3_test_chunk50/ligands_list_test_0_246.txt
Saved: /lus/eagle/projects/marP_TB_VLS/WC/williamhconrad4/OpenVS-main/experiments/E3L_6DO3/screening/inputs/testset/E3L_6DO3_test_chunk50/flags_params_test_0_246.flags
Saved: /lus/eagle/projects/marP_TB_VLS/WC/williamhconrad4/OpenVS-main/experiments/E3L_6DO3/screening/inputs/testset/E3L_6DO3_test_chunk50/tar_params_test_0_247.tar
Saved: /lus/eagle/projects/marP_TB_VLS/WC/williamhconrad4/OpenVS-main/experiments/E3L_6DO3/screening/inputs/testset/E3L_6DO3_test_chunk50/ligands_list_test_0_247.txt
Saved: /lus/eagle/projects/marP_TB_VLS/WC/williamhconrad4/OpenVS-main/experiments/E3L_6DO3/screening/inputs/testset/E3L_6DO3_test_chunk50/flags_params_test_0_247.flags
Saved: /lus/eagle/projects/marP_TB_VLS/WC/williamhconrad4/OpenVS-main/experiments/E3L_6DO3/screening/inputs/testset/E3L_6DO3_test_chunk50/tar_params_test_0_248.tar
Saved: /lus/eagle/projects/marP_TB_VLS/WC/williamhconrad4/OpenVS-main/experiments/E3L_6DO3/screening/inputs/testset/E3L_6DO3_test_chunk50/ligands_list_test_0_248.txt
Saved: /lus/eagle/projects/marP_TB_VLS/WC/williamhconrad4/OpenVS-main/experiments/E3L_6DO3/screening/inputs/testset/E3L_6DO3_test_chunk50/flags_params_test_0_248.flags
Saved: /lus/eagle/projects/marP_TB_VLS/WC/williamhconrad4/OpenVS-main/experiments/E3L_6DO3/screening/inputs/testset/E3L_6DO3_test_chunk50/tar_params_test_0_249.tar
Saved: /lus/eagle/projects/marP_TB_VLS/WC/williamhconrad4/OpenVS-main/experiments/E3L_6DO3/screening/inputs/testset/E3L_6DO3_test_chunk50/ligands_list_test_0_249.txt
Saved: /lus/eagle/projects/marP_TB_VLS/WC/williamhconrad4/OpenVS-main/experiments/E3L_6DO3/screening/inputs/testset/E3L_6DO3_test_chunk50/flags_params_test_0_249.flags
Saved: /lus/eagle/projects/marP_TB_VLS/WC/williamhconrad4/OpenVS-main/experiments/E3L_6DO3/screening/inputs/testset/E3L_6DO3_test_chunk50/tar_params_test_0_250.tar
Saved: /lus/eagle/projects/marP_TB_VLS/WC/williamhconrad4/OpenVS-main/experiments/E3L_6DO3/screening/inputs/testset/E3L_6DO3_test_chunk50/ligands_list_test_0_250.txt
Saved: /lus/eagle/projects/marP_TB_VLS/WC/williamhconrad4/OpenVS-main/experiments/E3L_6DO3/screening/inputs/testset/E3L_6DO3_test_chunk50/flags_params_test_0_250.flags
Saved: /lus/eagle/projects/marP_TB_VLS/WC/williamhconrad4/OpenVS-main/experiments/E3L_6DO3/screening/inputs/testset/E3L_6DO3_test_chunk50/tar_params_test_0_251.tar
Saved: /lus/eagle/projects/marP_TB_VLS/WC/williamhconrad4/OpenVS-main/experiments/E3L_6DO3/screening/inputs/testset/E3L_6DO3_test_chunk50/ligands_list_test_0_251.txt
Saved: /lus/eagle/projects/marP_TB_VLS/WC/williamhconrad4/OpenVS-main/experiments/E3L_6DO3/screening/inputs/testset/E3L_6DO3_test_chunk50/flags_params_test_0_251.flags
Saved: /lus/eagle/projects/marP_TB_VLS/WC/williamhconrad4/OpenVS-main/experiments/E3L_6DO3/screening/inputs/testset/E3L_6DO3_test_chunk50/tar_params_test_0_252.tar
Saved: /lus/eagle/projects/marP_TB_VLS/WC/williamhconrad4/OpenVS-main/experiments/E3L_6DO3/screening/inputs/testset/E3L_6DO3_test_chunk50/ligands_list_test_0_252.txt
Saved: /lus/eagle/projects/marP_TB_VLS/WC/williamhconrad4/OpenVS-main/experiments/E3L_6DO3/screening/inputs/testset/E3L_6DO3_test_chunk50/flags_params_test_0_252.flags
Saved: /lus/eagle/projects/marP_TB_VLS/WC/williamhconrad4/OpenVS-main/experiments/E3L_6DO3/screening/inputs/testset/E3L_6DO3_test_chunk50/tar_params_test_0_253.tar
Saved: /lus/eagle/projects/marP_TB_VLS/WC/williamhconrad4/OpenVS-main/experiments/E3L_6DO3/screening/inputs/testset/E3L_6DO3_test_chunk50/ligands_list_test_0_253.txt
Saved: /lus/eagle/projects/marP_TB_VLS/WC/williamhconrad4/OpenVS-main/experiments/E3L_6DO3/screening/inputs/testset/E3L_6DO3_test_chunk50/flags_params_test_0_253.flags
Saved: /lus/eagle/projects/marP_TB_VLS/WC/williamhconrad4/OpenVS-main/experiments/E3L_6DO3/screening/inputs/testset/E3L_6DO3_test_chunk50/tar_params_test_0_254.tar
Saved: /lus/eagle/projects/marP_TB_VLS/WC/williamhconrad4/OpenVS-main/experiments/E3L_6DO3/screening/inputs/testset/E3L_6DO3_test_chunk50/ligands_list_test_0_254.txt
Saved: /lus/eagle/projects/marP_TB_VLS/WC/williamhconrad4/OpenVS-main/experiments/E3L_6DO3/screening/inputs/testset/E3L_6DO3_test_chunk50/flags_params_test_0_254.flags
Saved: /lus/eagle/projects/marP_TB_VLS/WC/williamhconrad4/OpenVS-main/experiments/E3L_6DO3/screening/inputs/testset/E3L_6DO3_test_chunk50/tar_params_test_0_255.tar
Saved: /lus/eagle/projects/marP_TB_VLS/WC/williamhconrad4/OpenVS-main/experiments/E3L_6DO3/screening/inputs/testset/E3L_6DO3_test_chunk50/ligands_list_test_0_255.txt
Saved: /lus/eagle/projects/marP_TB_VLS/WC/williamhconrad4/OpenVS-main/experiments/E3L_6DO3/screening/inputs/testset/E3L_6DO3_test_chunk50/flags_params_test_0_255.flags
Saved: /lus/eagle/projects/marP_TB_VLS/WC/williamhconrad4/OpenVS-main/experiments/E3L_6DO3/screening/inputs/testset/E3L_6DO3_test_chunk50/tar_params_test_0_256.tar
Saved: /lus/eagle/projects/marP_TB_VLS/WC/williamhconrad4/OpenVS-main/experiments/E3L_6DO3/screening/inputs/testset/E3L_6DO3_test_chunk50/ligands_list_test_0_256.txt
Saved: /lus/eagle/projects/marP_TB_VLS/WC/williamhconrad4/OpenVS-main/experiments/E3L_6DO3/screening/inputs/testset/E3L_6DO3_test_chunk50/flags_params_test_0_256.flags
Saved: /lus/eagle/projects/marP_TB_VLS/WC/williamhconrad4/OpenVS-main/experiments/E3L_6DO3/screening/inputs/testset/E3L_6DO3_test_chunk50/tar_params_test_0_257.tar
Saved: /lus/eagle/projects/marP_TB_VLS/WC/williamhconrad4/OpenVS-main/experiments/E3L_6DO3/screening/inputs/testset/E3L_6DO3_test_chunk50/ligands_list_test_0_257.txt
Saved: /lus/eagle/projects/marP_TB_VLS/WC/williamhconrad4/OpenVS-main/experiments/E3L_6DO3/screening/inputs/testset/E3L_6DO3_test_chunk50/flags_params_test_0_257.flags
Saved: /lus/eagle/projects/marP_TB_VLS/WC/williamhconrad4/OpenVS-main/experiments/E3L_6DO3/screening/inputs/testset/E3L_6DO3_test_chunk50/tar_params_test_0_258.tar
Saved: /lus/eagle/projects/marP_TB_VLS/WC/williamhconrad4/OpenVS-main/experiments/E3L_6DO3/screening/inputs/testset/E3L_6DO3_test_chunk50/ligands_list_test_0_258.txt
Saved: /lus/eagle/projects/marP_TB_VLS/WC/williamhconrad4/OpenVS-main/experiments/E3L_6DO3/screening/inputs/testset/E3L_6DO3_test_chunk50/flags_params_test_0_258.flags
Saved: /lus/eagle/projects/marP_TB_VLS/WC/williamhconrad4/OpenVS-main/experiments/E3L_6DO3/screening/inputs/testset/E3L_6DO3_test_chunk50/tar_params_test_0_259.tar
Saved: /lus/eagle/projects/marP_TB_VLS/WC/williamhconrad4/OpenVS-main/experiments/E3L_6DO3/screening/inputs/testset/E3L_6DO3_test_chunk50/ligands_list_test_0_259.txt
Saved: /lus/eagle/projects/marP_TB_VLS/WC/williamhconrad4/OpenVS-main/experiments/E3L_6DO3/screening/inputs/testset/E3L_6DO3_test_chunk50/flags_params_test_0_259.flags
Saved: /lus/eagle/projects/marP_TB_VLS/WC/williamhconrad4/OpenVS-main/experiments/E3L_6DO3/screening/inputs/testset/E3L_6DO3_test_chunk50/tar_params_test_0_260.tar
Saved: /lus/eagle/projects/marP_TB_VLS/WC/williamhconrad4/OpenVS-main/experiments/E3L_6DO3/screening/inputs/testset/E3L_6DO3_test_chunk50/ligands_list_test_0_260.txt
Saved: /lus/eagle/projects/marP_TB_VLS/WC/williamhconrad4/OpenVS-main/experiments/E3L_6DO3/screening/inputs/testset/E3L_6DO3_test_chunk50/flags_params_test_0_260.flags
Saved: /lus/eagle/projects/marP_TB_VLS/WC/williamhconrad4/OpenVS-main/experiments/E3L_6DO3/screening/inputs/testset/E3L_6DO3_test_chunk50/tar_params_test_0_261.tar
Saved: /lus/eagle/projects/marP_TB_VLS/WC/williamhconrad4/OpenVS-main/experiments/E3L_6DO3/screening/inputs/testset/E3L_6DO3_test_chunk50/ligands_list_test_0_261.txt
Saved: /lus/eagle/projects/marP_TB_VLS/WC/williamhconrad4/OpenVS-main/experiments/E3L_6DO3/screening/inputs/testset/E3L_6DO3_test_chunk50/flags_params_test_0_261.flags
Saved: /lus/eagle/projects/marP_TB_VLS/WC/williamhconrad4/OpenVS-main/experiments/E3L_6DO3/screening/inputs/testset/E3L_6DO3_test_chunk50/tar_params_test_0_262.tar
Saved: /lus/eagle/projects/marP_TB_VLS/WC/williamhconrad4/OpenVS-main/experiments/E3L_6DO3/screening/inputs/testset/E3L_6DO3_test_chunk50/ligands_list_test_0_262.txt
Saved: /lus/eagle/projects/marP_TB_VLS/WC/williamhconrad4/OpenVS-main/experiments/E3L_6DO3/screening/inputs/testset/E3L_6DO3_test_chunk50/flags_params_test_0_262.flags
Saved: /lus/eagle/projects/marP_TB_VLS/WC/williamhconrad4/OpenVS-main/experiments/E3L_6DO3/screening/inputs/testset/E3L_6DO3_test_chunk50/tar_params_test_0_263.tar
Saved: /lus/eagle/projects/marP_TB_VLS/WC/williamhconrad4/OpenVS-main/experiments/E3L_6DO3/screening/inputs/testset/E3L_6DO3_test_chunk50/ligands_list_test_0_263.txt
Saved: /lus/eagle/projects/marP_TB_VLS/WC/williamhconrad4/OpenVS-main/experiments/E3L_6DO3/screening/inputs/testset/E3L_6DO3_test_chunk50/flags_params_test_0_263.flags
Saved: /lus/eagle/projects/marP_TB_VLS/WC/williamhconrad4/OpenVS-main/experiments/E3L_6DO3/screening/inputs/testset/E3L_6DO3_test_chunk50/tar_params_test_0_264.tar
Saved: /lus/eagle/projects/marP_TB_VLS/WC/williamhconrad4/OpenVS-main/experiments/E3L_6DO3/screening/inputs/testset/E3L_6DO3_test_chunk50/ligands_list_test_0_264.txt
Saved: /lus/eagle/projects/marP_TB_VLS/WC/williamhconrad4/OpenVS-main/experiments/E3L_6DO3/screening/inputs/testset/E3L_6DO3_test_chunk50/flags_params_test_0_264.flags
Saved: /lus/eagle/projects/marP_TB_VLS/WC/williamhconrad4/OpenVS-main/experiments/E3L_6DO3/screening/inputs/testset/E3L_6DO3_test_chunk50/tar_params_test_0_265.tar
Saved: /lus/eagle/projects/marP_TB_VLS/WC/williamhconrad4/OpenVS-main/experiments/E3L_6DO3/screening/inputs/testset/E3L_6DO3_test_chunk50/ligands_list_test_0_265.txt
Saved: /lus/eagle/projects/marP_TB_VLS/WC/williamhconrad4/OpenVS-main/experiments/E3L_6DO3/screening/inputs/testset/E3L_6DO3_test_chunk50/flags_params_test_0_265.flags
Saved: /lus/eagle/projects/marP_TB_VLS/WC/williamhconrad4/OpenVS-main/experiments/E3L_6DO3/screening/inputs/testset/E3L_6DO3_test_chunk50/tar_params_test_0_266.tar
Saved: /lus/eagle/projects/marP_TB_VLS/WC/williamhconrad4/OpenVS-main/experiments/E3L_6DO3/screening/inputs/testset/E3L_6DO3_test_chunk50/ligands_list_test_0_266.txt
Saved: /lus/eagle/projects/marP_TB_VLS/WC/williamhconrad4/OpenVS-main/experiments/E3L_6DO3/screening/inputs/testset/E3L_6DO3_test_chunk50/flags_params_test_0_266.flags
Saved: /lus/eagle/projects/marP_TB_VLS/WC/williamhconrad4/OpenVS-main/experiments/E3L_6DO3/screening/inputs/testset/E3L_6DO3_test_chunk50/tar_params_test_0_267.tar
Saved: /lus/eagle/projects/marP_TB_VLS/WC/williamhconrad4/OpenVS-main/experiments/E3L_6DO3/screening/inputs/testset/E3L_6DO3_test_chunk50/ligands_list_test_0_267.txt
Saved: /lus/eagle/projects/marP_TB_VLS/WC/williamhconrad4/OpenVS-main/experiments/E3L_6DO3/screening/inputs/testset/E3L_6DO3_test_chunk50/flags_params_test_0_267.flags
Saved: /lus/eagle/projects/marP_TB_VLS/WC/williamhconrad4/OpenVS-main/experiments/E3L_6DO3/screening/inputs/testset/E3L_6DO3_test_chunk50/tar_params_test_0_268.tar
Saved: /lus/eagle/projects/marP_TB_VLS/WC/williamhconrad4/OpenVS-main/experiments/E3L_6DO3/screening/inputs/testset/E3L_6DO3_test_chunk50/ligands_list_test_0_268.txt
Saved: /lus/eagle/projects/marP_TB_VLS/WC/williamhconrad4/OpenVS-main/experiments/E3L_6DO3/screening/inputs/testset/E3L_6DO3_test_chunk50/flags_params_test_0_268.flags
Saved: /lus/eagle/projects/marP_TB_VLS/WC/williamhconrad4/OpenVS-main/experiments/E3L_6DO3/screening/inputs/testset/E3L_6DO3_test_chunk50/tar_params_test_0_269.tar
Saved: /lus/eagle/projects/marP_TB_VLS/WC/williamhconrad4/OpenVS-main/experiments/E3L_6DO3/screening/inputs/testset/E3L_6DO3_test_chunk50/ligands_list_test_0_269.txt
Saved: /lus/eagle/projects/marP_TB_VLS/WC/williamhconrad4/OpenVS-main/experiments/E3L_6DO3/screening/inputs/testset/E3L_6DO3_test_chunk50/flags_params_test_0_269.flags
Saved: /lus/eagle/projects/marP_TB_VLS/WC/williamhconrad4/OpenVS-main/experiments/E3L_6DO3/screening/inputs/testset/E3L_6DO3_test_chunk50/tar_params_test_0_270.tar
Saved: /lus/eagle/projects/marP_TB_VLS/WC/williamhconrad4/OpenVS-main/experiments/E3L_6DO3/screening/inputs/testset/E3L_6DO3_test_chunk50/ligands_list_test_0_270.txt
Saved: /lus/eagle/projects/marP_TB_VLS/WC/williamhconrad4/OpenVS-main/experiments/E3L_6DO3/screening/inputs/testset/E3L_6DO3_test_chunk50/flags_params_test_0_270.flags
Saved: /lus/eagle/projects/marP_TB_VLS/WC/williamhconrad4/OpenVS-main/experiments/E3L_6DO3/screening/inputs/testset/E3L_6DO3_test_chunk50/tar_params_test_0_271.tar
Saved: /lus/eagle/projects/marP_TB_VLS/WC/williamhconrad4/OpenVS-main/experiments/E3L_6DO3/screening/inputs/testset/E3L_6DO3_test_chunk50/ligands_list_test_0_271.txt
Saved: /lus/eagle/projects/marP_TB_VLS/WC/williamhconrad4/OpenVS-main/experiments/E3L_6DO3/screening/inputs/testset/E3L_6DO3_test_chunk50/flags_params_test_0_271.flags
Saved: /lus/eagle/projects/marP_TB_VLS/WC/williamhconrad4/OpenVS-main/experiments/E3L_6DO3/screening/inputs/testset/E3L_6DO3_test_chunk50/tar_params_test_0_272.tar
Saved: /lus/eagle/projects/marP_TB_VLS/WC/williamhconrad4/OpenVS-main/experiments/E3L_6DO3/screening/inputs/testset/E3L_6DO3_test_chunk50/ligands_list_test_0_272.txt
Saved: /lus/eagle/projects/marP_TB_VLS/WC/williamhconrad4/OpenVS-main/experiments/E3L_6DO3/screening/inputs/testset/E3L_6DO3_test_chunk50/flags_params_test_0_272.flags
Saved: /lus/eagle/projects/marP_TB_VLS/WC/williamhconrad4/OpenVS-main/experiments/E3L_6DO3/screening/inputs/testset/E3L_6DO3_test_chunk50/tar_params_test_0_273.tar
Saved: /lus/eagle/projects/marP_TB_VLS/WC/williamhconrad4/OpenVS-main/experiments/E3L_6DO3/screening/inputs/testset/E3L_6DO3_test_chunk50/ligands_list_test_0_273.txt
Saved: /lus/eagle/projects/marP_TB_VLS/WC/williamhconrad4/OpenVS-main/experiments/E3L_6DO3/screening/inputs/testset/E3L_6DO3_test_chunk50/flags_params_test_0_273.flags
Saved: /lus/eagle/projects/marP_TB_VLS/WC/williamhconrad4/OpenVS-main/experiments/E3L_6DO3/screening/inputs/testset/E3L_6DO3_test_chunk50/tar_params_test_0_274.tar
Saved: /lus/eagle/projects/marP_TB_VLS/WC/williamhconrad4/OpenVS-main/experiments/E3L_6DO3/screening/inputs/testset/E3L_6DO3_test_chunk50/ligands_list_test_0_274.txt
Saved: /lus/eagle/projects/marP_TB_VLS/WC/williamhconrad4/OpenVS-main/experiments/E3L_6DO3/screening/inputs/testset/E3L_6DO3_test_chunk50/flags_params_test_0_274.flags
Saved: /lus/eagle/projects/marP_TB_VLS/WC/williamhconrad4/OpenVS-main/experiments/E3L_6DO3/screening/inputs/testset/E3L_6DO3_test_chunk50/tar_params_test_0_275.tar
Saved: /lus/eagle/projects/marP_TB_VLS/WC/williamhconrad4/OpenVS-main/experiments/E3L_6DO3/screening/inputs/testset/E3L_6DO3_test_chunk50/ligands_list_test_0_275.txt
Saved: /lus/eagle/projects/marP_TB_VLS/WC/williamhconrad4/OpenVS-main/experiments/E3L_6DO3/screening/inputs/testset/E3L_6DO3_test_chunk50/flags_params_test_0_275.flags
Saved: /lus/eagle/projects/marP_TB_VLS/WC/williamhconrad4/OpenVS-main/experiments/E3L_6DO3/screening/inputs/testset/E3L_6DO3_test_chunk50/tar_params_test_0_276.tar
Saved: /lus/eagle/projects/marP_TB_VLS/WC/williamhconrad4/OpenVS-main/experiments/E3L_6DO3/screening/inputs/testset/E3L_6DO3_test_chunk50/ligands_list_test_0_276.txt
Saved: /lus/eagle/projects/marP_TB_VLS/WC/williamhconrad4/OpenVS-main/experiments/E3L_6DO3/screening/inputs/testset/E3L_6DO3_test_chunk50/flags_params_test_0_276.flags
Saved: /lus/eagle/projects/marP_TB_VLS/WC/williamhconrad4/OpenVS-main/experiments/E3L_6DO3/screening/inputs/testset/E3L_6DO3_test_chunk50/tar_params_test_0_277.tar
Saved: /lus/eagle/projects/marP_TB_VLS/WC/williamhconrad4/OpenVS-main/experiments/E3L_6DO3/screening/inputs/testset/E3L_6DO3_test_chunk50/ligands_list_test_0_277.txt
Saved: /lus/eagle/projects/marP_TB_VLS/WC/williamhconrad4/OpenVS-main/experiments/E3L_6DO3/screening/inputs/testset/E3L_6DO3_test_chunk50/flags_params_test_0_277.flags
Saved: /lus/eagle/projects/marP_TB_VLS/WC/williamhconrad4/OpenVS-main/experiments/E3L_6DO3/screening/inputs/testset/E3L_6DO3_test_chunk50/tar_params_test_0_278.tar
Saved: /lus/eagle/projects/marP_TB_VLS/WC/williamhconrad4/OpenVS-main/experiments/E3L_6DO3/screening/inputs/testset/E3L_6DO3_test_chunk50/ligands_list_test_0_278.txt
Saved: /lus/eagle/projects/marP_TB_VLS/WC/williamhconrad4/OpenVS-main/experiments/E3L_6DO3/screening/inputs/testset/E3L_6DO3_test_chunk50/flags_params_test_0_278.flags
Saved: /lus/eagle/projects/marP_TB_VLS/WC/williamhconrad4/OpenVS-main/experiments/E3L_6DO3/screening/inputs/testset/E3L_6DO3_test_chunk50/tar_params_test_0_279.tar
Saved: /lus/eagle/projects/marP_TB_VLS/WC/williamhconrad4/OpenVS-main/experiments/E3L_6DO3/screening/inputs/testset/E3L_6DO3_test_chunk50/ligands_list_test_0_279.txt
Saved: /lus/eagle/projects/marP_TB_VLS/WC/williamhconrad4/OpenVS-main/experiments/E3L_6DO3/screening/inputs/testset/E3L_6DO3_test_chunk50/flags_params_test_0_279.flags
Saved: /lus/eagle/projects/marP_TB_VLS/WC/williamhconrad4/OpenVS-main/experiments/E3L_6DO3/screening/inputs/testset/E3L_6DO3_test_chunk50/tar_params_test_0_280.tar
Saved: /lus/eagle/projects/marP_TB_VLS/WC/williamhconrad4/OpenVS-main/experiments/E3L_6DO3/screening/inputs/testset/E3L_6DO3_test_chunk50/ligands_list_test_0_280.txt
Saved: /lus/eagle/projects/marP_TB_VLS/WC/williamhconrad4/OpenVS-main/experiments/E3L_6DO3/screening/inputs/testset/E3L_6DO3_test_chunk50/flags_params_test_0_280.flags
Saved: /lus/eagle/projects/marP_TB_VLS/WC/williamhconrad4/OpenVS-main/experiments/E3L_6DO3/screening/inputs/testset/E3L_6DO3_test_chunk50/tar_params_test_0_281.tar
Saved: /lus/eagle/projects/marP_TB_VLS/WC/williamhconrad4/OpenVS-main/experiments/E3L_6DO3/screening/inputs/testset/E3L_6DO3_test_chunk50/ligands_list_test_0_281.txt
Saved: /lus/eagle/projects/marP_TB_VLS/WC/williamhconrad4/OpenVS-main/experiments/E3L_6DO3/screening/inputs/testset/E3L_6DO3_test_chunk50/flags_params_test_0_281.flags
Saved: /lus/eagle/projects/marP_TB_VLS/WC/williamhconrad4/OpenVS-main/experiments/E3L_6DO3/screening/inputs/testset/E3L_6DO3_test_chunk50/tar_params_test_0_282.tar
Saved: /lus/eagle/projects/marP_TB_VLS/WC/williamhconrad4/OpenVS-main/experiments/E3L_6DO3/screening/inputs/testset/E3L_6DO3_test_chunk50/ligands_list_test_0_282.txt
Saved: /lus/eagle/projects/marP_TB_VLS/WC/williamhconrad4/OpenVS-main/experiments/E3L_6DO3/screening/inputs/testset/E3L_6DO3_test_chunk50/flags_params_test_0_282.flags
Saved: /lus/eagle/projects/marP_TB_VLS/WC/williamhconrad4/OpenVS-main/experiments/E3L_6DO3/screening/inputs/testset/E3L_6DO3_test_chunk50/tar_params_test_0_283.tar
Saved: /lus/eagle/projects/marP_TB_VLS/WC/williamhconrad4/OpenVS-main/experiments/E3L_6DO3/screening/inputs/testset/E3L_6DO3_test_chunk50/ligands_list_test_0_283.txt
Saved: /lus/eagle/projects/marP_TB_VLS/WC/williamhconrad4/OpenVS-main/experiments/E3L_6DO3/screening/inputs/testset/E3L_6DO3_test_chunk50/flags_params_test_0_283.flags
Saved: /lus/eagle/projects/marP_TB_VLS/WC/williamhconrad4/OpenVS-main/experiments/E3L_6DO3/screening/inputs/testset/E3L_6DO3_test_chunk50/tar_params_test_0_284.tar
Saved: /lus/eagle/projects/marP_TB_VLS/WC/williamhconrad4/OpenVS-main/experiments/E3L_6DO3/screening/inputs/testset/E3L_6DO3_test_chunk50/ligands_list_test_0_284.txt
Saved: /lus/eagle/projects/marP_TB_VLS/WC/williamhconrad4/OpenVS-main/experiments/E3L_6DO3/screening/inputs/testset/E3L_6DO3_test_chunk50/flags_params_test_0_284.flags
Saved: /lus/eagle/projects/marP_TB_VLS/WC/williamhconrad4/OpenVS-main/experiments/E3L_6DO3/screening/inputs/testset/E3L_6DO3_test_chunk50/tar_params_test_0_285.tar
Saved: /lus/eagle/projects/marP_TB_VLS/WC/williamhconrad4/OpenVS-main/experiments/E3L_6DO3/screening/inputs/testset/E3L_6DO3_test_chunk50/ligands_list_test_0_285.txt
Saved: /lus/eagle/projects/marP_TB_VLS/WC/williamhconrad4/OpenVS-main/experiments/E3L_6DO3/screening/inputs/testset/E3L_6DO3_test_chunk50/flags_params_test_0_285.flags
Saved: /lus/eagle/projects/marP_TB_VLS/WC/williamhconrad4/OpenVS-main/experiments/E3L_6DO3/screening/inputs/testset/E3L_6DO3_test_chunk50/tar_params_test_0_286.tar
Saved: /lus/eagle/projects/marP_TB_VLS/WC/williamhconrad4/OpenVS-main/experiments/E3L_6DO3/screening/inputs/testset/E3L_6DO3_test_chunk50/ligands_list_test_0_286.txt
Saved: /lus/eagle/projects/marP_TB_VLS/WC/williamhconrad4/OpenVS-main/experiments/E3L_6DO3/screening/inputs/testset/E3L_6DO3_test_chunk50/flags_params_test_0_286.flags
Saved: /lus/eagle/projects/marP_TB_VLS/WC/williamhconrad4/OpenVS-main/experiments/E3L_6DO3/screening/inputs/testset/E3L_6DO3_test_chunk50/tar_params_test_0_287.tar
Saved: /lus/eagle/projects/marP_TB_VLS/WC/williamhconrad4/OpenVS-main/experiments/E3L_6DO3/screening/inputs/testset/E3L_6DO3_test_chunk50/ligands_list_test_0_287.txt
Saved: /lus/eagle/projects/marP_TB_VLS/WC/williamhconrad4/OpenVS-main/experiments/E3L_6DO3/screening/inputs/testset/E3L_6DO3_test_chunk50/flags_params_test_0_287.flags
Saved: /lus/eagle/projects/marP_TB_VLS/WC/williamhconrad4/OpenVS-main/experiments/E3L_6DO3/screening/inputs/testset/E3L_6DO3_test_chunk50/tar_params_test_0_288.tar
Saved: /lus/eagle/projects/marP_TB_VLS/WC/williamhconrad4/OpenVS-main/experiments/E3L_6DO3/screening/inputs/testset/E3L_6DO3_test_chunk50/ligands_list_test_0_288.txt
Saved: /lus/eagle/projects/marP_TB_VLS/WC/williamhconrad4/OpenVS-main/experiments/E3L_6DO3/screening/inputs/testset/E3L_6DO3_test_chunk50/flags_params_test_0_288.flags
Saved: /lus/eagle/projects/marP_TB_VLS/WC/williamhconrad4/OpenVS-main/experiments/E3L_6DO3/screening/inputs/testset/E3L_6DO3_test_chunk50/tar_params_test_0_289.tar
Saved: /lus/eagle/projects/marP_TB_VLS/WC/williamhconrad4/OpenVS-main/experiments/E3L_6DO3/screening/inputs/testset/E3L_6DO3_test_chunk50/ligands_list_test_0_289.txt
Saved: /lus/eagle/projects/marP_TB_VLS/WC/williamhconrad4/OpenVS-main/experiments/E3L_6DO3/screening/inputs/testset/E3L_6DO3_test_chunk50/flags_params_test_0_289.flags
Saved: /lus/eagle/projects/marP_TB_VLS/WC/williamhconrad4/OpenVS-main/experiments/E3L_6DO3/screening/inputs/testset/E3L_6DO3_test_chunk50/tar_params_test_0_290.tar
Saved: /lus/eagle/projects/marP_TB_VLS/WC/williamhconrad4/OpenVS-main/experiments/E3L_6DO3/screening/inputs/testset/E3L_6DO3_test_chunk50/ligands_list_test_0_290.txt
Saved: /lus/eagle/projects/marP_TB_VLS/WC/williamhconrad4/OpenVS-main/experiments/E3L_6DO3/screening/inputs/testset/E3L_6DO3_test_chunk50/flags_params_test_0_290.flags
Saved: /lus/eagle/projects/marP_TB_VLS/WC/williamhconrad4/OpenVS-main/experiments/E3L_6DO3/screening/inputs/testset/E3L_6DO3_test_chunk50/tar_params_test_0_291.tar
Saved: /lus/eagle/projects/marP_TB_VLS/WC/williamhconrad4/OpenVS-main/experiments/E3L_6DO3/screening/inputs/testset/E3L_6DO3_test_chunk50/ligands_list_test_0_291.txt
Saved: /lus/eagle/projects/marP_TB_VLS/WC/williamhconrad4/OpenVS-main/experiments/E3L_6DO3/screening/inputs/testset/E3L_6DO3_test_chunk50/flags_params_test_0_291.flags
Saved: /lus/eagle/projects/marP_TB_VLS/WC/williamhconrad4/OpenVS-main/experiments/E3L_6DO3/screening/inputs/testset/E3L_6DO3_test_chunk50/tar_params_test_0_292.tar
Saved: /lus/eagle/projects/marP_TB_VLS/WC/williamhconrad4/OpenVS-main/experiments/E3L_6DO3/screening/inputs/testset/E3L_6DO3_test_chunk50/ligands_list_test_0_292.txt
Saved: /lus/eagle/projects/marP_TB_VLS/WC/williamhconrad4/OpenVS-main/experiments/E3L_6DO3/screening/inputs/testset/E3L_6DO3_test_chunk50/flags_params_test_0_292.flags
Saved: /lus/eagle/projects/marP_TB_VLS/WC/williamhconrad4/OpenVS-main/experiments/E3L_6DO3/screening/inputs/testset/E3L_6DO3_test_chunk50/tar_params_test_0_293.tar
Saved: /lus/eagle/projects/marP_TB_VLS/WC/williamhconrad4/OpenVS-main/experiments/E3L_6DO3/screening/inputs/testset/E3L_6DO3_test_chunk50/ligands_list_test_0_293.txt
Saved: /lus/eagle/projects/marP_TB_VLS/WC/williamhconrad4/OpenVS-main/experiments/E3L_6DO3/screening/inputs/testset/E3L_6DO3_test_chunk50/flags_params_test_0_293.flags
Saved: /lus/eagle/projects/marP_TB_VLS/WC/williamhconrad4/OpenVS-main/experiments/E3L_6DO3/screening/inputs/testset/E3L_6DO3_test_chunk50/tar_params_test_0_294.tar
Saved: /lus/eagle/projects/marP_TB_VLS/WC/williamhconrad4/OpenVS-main/experiments/E3L_6DO3/screening/inputs/testset/E3L_6DO3_test_chunk50/ligands_list_test_0_294.txt
Saved: /lus/eagle/projects/marP_TB_VLS/WC/williamhconrad4/OpenVS-main/experiments/E3L_6DO3/screening/inputs/testset/E3L_6DO3_test_chunk50/flags_params_test_0_294.flags
Saved: /lus/eagle/projects/marP_TB_VLS/WC/williamhconrad4/OpenVS-main/experiments/E3L_6DO3/screening/inputs/testset/E3L_6DO3_test_chunk50/tar_params_test_0_295.tar
Saved: /lus/eagle/projects/marP_TB_VLS/WC/williamhconrad4/OpenVS-main/experiments/E3L_6DO3/screening/inputs/testset/E3L_6DO3_test_chunk50/ligands_list_test_0_295.txt
Saved: /lus/eagle/projects/marP_TB_VLS/WC/williamhconrad4/OpenVS-main/experiments/E3L_6DO3/screening/inputs/testset/E3L_6DO3_test_chunk50/flags_params_test_0_295.flags
Saved: /lus/eagle/projects/marP_TB_VLS/WC/williamhconrad4/OpenVS-main/experiments/E3L_6DO3/screening/inputs/testset/E3L_6DO3_test_chunk50/tar_params_test_0_296.tar
Saved: /lus/eagle/projects/marP_TB_VLS/WC/williamhconrad4/OpenVS-main/experiments/E3L_6DO3/screening/inputs/testset/E3L_6DO3_test_chunk50/ligands_list_test_0_296.txt
Saved: /lus/eagle/projects/marP_TB_VLS/WC/williamhconrad4/OpenVS-main/experiments/E3L_6DO3/screening/inputs/testset/E3L_6DO3_test_chunk50/flags_params_test_0_296.flags
Saved: /lus/eagle/projects/marP_TB_VLS/WC/williamhconrad4/OpenVS-main/experiments/E3L_6DO3/screening/inputs/testset/E3L_6DO3_test_chunk50/tar_params_test_0_297.tar
Saved: /lus/eagle/projects/marP_TB_VLS/WC/williamhconrad4/OpenVS-main/experiments/E3L_6DO3/screening/inputs/testset/E3L_6DO3_test_chunk50/ligands_list_test_0_297.txt
Saved: /lus/eagle/projects/marP_TB_VLS/WC/williamhconrad4/OpenVS-main/experiments/E3L_6DO3/screening/inputs/testset/E3L_6DO3_test_chunk50/flags_params_test_0_297.flags
Saved: /lus/eagle/projects/marP_TB_VLS/WC/williamhconrad4/OpenVS-main/experiments/E3L_6DO3/screening/inputs/testset/E3L_6DO3_test_chunk50/tar_params_test_0_298.tar
Saved: /lus/eagle/projects/marP_TB_VLS/WC/williamhconrad4/OpenVS-main/experiments/E3L_6DO3/screening/inputs/testset/E3L_6DO3_test_chunk50/ligands_list_test_0_298.txt
Saved: /lus/eagle/projects/marP_TB_VLS/WC/williamhconrad4/OpenVS-main/experiments/E3L_6DO3/screening/inputs/testset/E3L_6DO3_test_chunk50/flags_params_test_0_298.flags
Saved: /lus/eagle/projects/marP_TB_VLS/WC/williamhconrad4/OpenVS-main/experiments/E3L_6DO3/screening/inputs/testset/E3L_6DO3_test_chunk50/tar_params_test_0_299.tar
Saved: /lus/eagle/projects/marP_TB_VLS/WC/williamhconrad4/OpenVS-main/experiments/E3L_6DO3/screening/inputs/testset/E3L_6DO3_test_chunk50/ligands_list_test_0_299.txt
Saved: /lus/eagle/projects/marP_TB_VLS/WC/williamhconrad4/OpenVS-main/experiments/E3L_6DO3/screening/inputs/testset/E3L_6DO3_test_chunk50/flags_params_test_0_299.flags
Saved: /lus/eagle/projects/marP_TB_VLS/WC/williamhconrad4/OpenVS-main/experiments/E3L_6DO3/screening/inputs/testset/E3L_6DO3_test_chunk50/tar_params_test_0_300.tar
Saved: /lus/eagle/projects/marP_TB_VLS/WC/williamhconrad4/OpenVS-main/experiments/E3L_6DO3/screening/inputs/testset/E3L_6DO3_test_chunk50/ligands_list_test_0_300.txt
Saved: /lus/eagle/projects/marP_TB_VLS/WC/williamhconrad4/OpenVS-main/experiments/E3L_6DO3/screening/inputs/testset/E3L_6DO3_test_chunk50/flags_params_test_0_300.flags
Saved: /lus/eagle/projects/marP_TB_VLS/WC/williamhconrad4/OpenVS-main/experiments/E3L_6DO3/screening/inputs/testset/E3L_6DO3_test_chunk50/tar_params_test_0_301.tar
Saved: /lus/eagle/projects/marP_TB_VLS/WC/williamhconrad4/OpenVS-main/experiments/E3L_6DO3/screening/inputs/testset/E3L_6DO3_test_chunk50/ligands_list_test_0_301.txt
Saved: /lus/eagle/projects/marP_TB_VLS/WC/williamhconrad4/OpenVS-main/experiments/E3L_6DO3/screening/inputs/testset/E3L_6DO3_test_chunk50/flags_params_test_0_301.flags
Saved: /lus/eagle/projects/marP_TB_VLS/WC/williamhconrad4/OpenVS-main/experiments/E3L_6DO3/screening/inputs/testset/E3L_6DO3_test_chunk50/tar_params_test_0_302.tar
Saved: /lus/eagle/projects/marP_TB_VLS/WC/williamhconrad4/OpenVS-main/experiments/E3L_6DO3/screening/inputs/testset/E3L_6DO3_test_chunk50/ligands_list_test_0_302.txt
Saved: /lus/eagle/projects/marP_TB_VLS/WC/williamhconrad4/OpenVS-main/experiments/E3L_6DO3/screening/inputs/testset/E3L_6DO3_test_chunk50/flags_params_test_0_302.flags
Saved: /lus/eagle/projects/marP_TB_VLS/WC/williamhconrad4/OpenVS-main/experiments/E3L_6DO3/screening/inputs/testset/E3L_6DO3_test_chunk50/tar_params_test_0_303.tar
Saved: /lus/eagle/projects/marP_TB_VLS/WC/williamhconrad4/OpenVS-main/experiments/E3L_6DO3/screening/inputs/testset/E3L_6DO3_test_chunk50/ligands_list_test_0_303.txt
Saved: /lus/eagle/projects/marP_TB_VLS/WC/williamhconrad4/OpenVS-main/experiments/E3L_6DO3/screening/inputs/testset/E3L_6DO3_test_chunk50/flags_params_test_0_303.flags
Saved: /lus/eagle/projects/marP_TB_VLS/WC/williamhconrad4/OpenVS-main/experiments/E3L_6DO3/screening/inputs/testset/E3L_6DO3_test_chunk50/tar_params_test_0_304.tar
Saved: /lus/eagle/projects/marP_TB_VLS/WC/williamhconrad4/OpenVS-main/experiments/E3L_6DO3/screening/inputs/testset/E3L_6DO3_test_chunk50/ligands_list_test_0_304.txt
Saved: /lus/eagle/projects/marP_TB_VLS/WC/williamhconrad4/OpenVS-main/experiments/E3L_6DO3/screening/inputs/testset/E3L_6DO3_test_chunk50/flags_params_test_0_304.flags
Saved: /lus/eagle/projects/marP_TB_VLS/WC/williamhconrad4/OpenVS-main/experiments/E3L_6DO3/screening/inputs/testset/E3L_6DO3_test_chunk50/tar_params_test_0_305.tar
Saved: /lus/eagle/projects/marP_TB_VLS/WC/williamhconrad4/OpenVS-main/experiments/E3L_6DO3/screening/inputs/testset/E3L_6DO3_test_chunk50/ligands_list_test_0_305.txt
Saved: /lus/eagle/projects/marP_TB_VLS/WC/williamhconrad4/OpenVS-main/experiments/E3L_6DO3/screening/inputs/testset/E3L_6DO3_test_chunk50/flags_params_test_0_305.flags
Saved: /lus/eagle/projects/marP_TB_VLS/WC/williamhconrad4/OpenVS-main/experiments/E3L_6DO3/screening/inputs/testset/E3L_6DO3_test_chunk50/tar_params_test_0_306.tar
Saved: /lus/eagle/projects/marP_TB_VLS/WC/williamhconrad4/OpenVS-main/experiments/E3L_6DO3/screening/inputs/testset/E3L_6DO3_test_chunk50/ligands_list_test_0_306.txt
Saved: /lus/eagle/projects/marP_TB_VLS/WC/williamhconrad4/OpenVS-main/experiments/E3L_6DO3/screening/inputs/testset/E3L_6DO3_test_chunk50/flags_params_test_0_306.flags
Saved: /lus/eagle/projects/marP_TB_VLS/WC/williamhconrad4/OpenVS-main/experiments/E3L_6DO3/screening/inputs/testset/E3L_6DO3_test_chunk50/tar_params_test_0_307.tar
Saved: /lus/eagle/projects/marP_TB_VLS/WC/williamhconrad4/OpenVS-main/experiments/E3L_6DO3/screening/inputs/testset/E3L_6DO3_test_chunk50/ligands_list_test_0_307.txt
Saved: /lus/eagle/projects/marP_TB_VLS/WC/williamhconrad4/OpenVS-main/experiments/E3L_6DO3/screening/inputs/testset/E3L_6DO3_test_chunk50/flags_params_test_0_307.flags
Saved: /lus/eagle/projects/marP_TB_VLS/WC/williamhconrad4/OpenVS-main/experiments/E3L_6DO3/screening/inputs/testset/E3L_6DO3_test_chunk50/tar_params_test_0_308.tar
Saved: /lus/eagle/projects/marP_TB_VLS/WC/williamhconrad4/OpenVS-main/experiments/E3L_6DO3/screening/inputs/testset/E3L_6DO3_test_chunk50/ligands_list_test_0_308.txt
Saved: /lus/eagle/projects/marP_TB_VLS/WC/williamhconrad4/OpenVS-main/experiments/E3L_6DO3/screening/inputs/testset/E3L_6DO3_test_chunk50/flags_params_test_0_308.flags
Saved: /lus/eagle/projects/marP_TB_VLS/WC/williamhconrad4/OpenVS-main/experiments/E3L_6DO3/screening/inputs/testset/E3L_6DO3_test_chunk50/tar_params_test_0_309.tar
Saved: /lus/eagle/projects/marP_TB_VLS/WC/williamhconrad4/OpenVS-main/experiments/E3L_6DO3/screening/inputs/testset/E3L_6DO3_test_chunk50/ligands_list_test_0_309.txt
Saved: /lus/eagle/projects/marP_TB_VLS/WC/williamhconrad4/OpenVS-main/experiments/E3L_6DO3/screening/inputs/testset/E3L_6DO3_test_chunk50/flags_params_test_0_309.flags
Saved: /lus/eagle/projects/marP_TB_VLS/WC/williamhconrad4/OpenVS-main/experiments/E3L_6DO3/screening/inputs/testset/E3L_6DO3_test_chunk50/tar_params_test_0_310.tar
Saved: /lus/eagle/projects/marP_TB_VLS/WC/williamhconrad4/OpenVS-main/experiments/E3L_6DO3/screening/inputs/testset/E3L_6DO3_test_chunk50/ligands_list_test_0_310.txt
Saved: /lus/eagle/projects/marP_TB_VLS/WC/williamhconrad4/OpenVS-main/experiments/E3L_6DO3/screening/inputs/testset/E3L_6DO3_test_chunk50/flags_params_test_0_310.flags
Saved: /lus/eagle/projects/marP_TB_VLS/WC/williamhconrad4/OpenVS-main/experiments/E3L_6DO3/screening/inputs/testset/E3L_6DO3_test_chunk50/tar_params_test_0_311.tar
Saved: /lus/eagle/projects/marP_TB_VLS/WC/williamhconrad4/OpenVS-main/experiments/E3L_6DO3/screening/inputs/testset/E3L_6DO3_test_chunk50/ligands_list_test_0_311.txt
Saved: /lus/eagle/projects/marP_TB_VLS/WC/williamhconrad4/OpenVS-main/experiments/E3L_6DO3/screening/inputs/testset/E3L_6DO3_test_chunk50/flags_params_test_0_311.flags
Saved: /lus/eagle/projects/marP_TB_VLS/WC/williamhconrad4/OpenVS-main/experiments/E3L_6DO3/screening/inputs/testset/E3L_6DO3_test_chunk50/tar_params_test_0_312.tar
Saved: /lus/eagle/projects/marP_TB_VLS/WC/williamhconrad4/OpenVS-main/experiments/E3L_6DO3/screening/inputs/testset/E3L_6DO3_test_chunk50/ligands_list_test_0_312.txt
Saved: /lus/eagle/projects/marP_TB_VLS/WC/williamhconrad4/OpenVS-main/experiments/E3L_6DO3/screening/inputs/testset/E3L_6DO3_test_chunk50/flags_params_test_0_312.flags
Saved: /lus/eagle/projects/marP_TB_VLS/WC/williamhconrad4/OpenVS-main/experiments/E3L_6DO3/screening/inputs/testset/E3L_6DO3_test_chunk50/tar_params_test_0_313.tar
Saved: /lus/eagle/projects/marP_TB_VLS/WC/williamhconrad4/OpenVS-main/experiments/E3L_6DO3/screening/inputs/testset/E3L_6DO3_test_chunk50/ligands_list_test_0_313.txt
Saved: /lus/eagle/projects/marP_TB_VLS/WC/williamhconrad4/OpenVS-main/experiments/E3L_6DO3/screening/inputs/testset/E3L_6DO3_test_chunk50/flags_params_test_0_313.flags
Saved: /lus/eagle/projects/marP_TB_VLS/WC/williamhconrad4/OpenVS-main/experiments/E3L_6DO3/screening/inputs/testset/E3L_6DO3_test_chunk50/tar_params_test_0_314.tar
Saved: /lus/eagle/projects/marP_TB_VLS/WC/williamhconrad4/OpenVS-main/experiments/E3L_6DO3/screening/inputs/testset/E3L_6DO3_test_chunk50/ligands_list_test_0_314.txt
Saved: /lus/eagle/projects/marP_TB_VLS/WC/williamhconrad4/OpenVS-main/experiments/E3L_6DO3/screening/inputs/testset/E3L_6DO3_test_chunk50/flags_params_test_0_314.flags
Saved: /lus/eagle/projects/marP_TB_VLS/WC/williamhconrad4/OpenVS-main/experiments/E3L_6DO3/screening/inputs/testset/E3L_6DO3_test_chunk50/tar_params_test_0_315.tar
Saved: /lus/eagle/projects/marP_TB_VLS/WC/williamhconrad4/OpenVS-main/experiments/E3L_6DO3/screening/inputs/testset/E3L_6DO3_test_chunk50/ligands_list_test_0_315.txt
Saved: /lus/eagle/projects/marP_TB_VLS/WC/williamhconrad4/OpenVS-main/experiments/E3L_6DO3/screening/inputs/testset/E3L_6DO3_test_chunk50/flags_params_test_0_315.flags
Saved: /lus/eagle/projects/marP_TB_VLS/WC/williamhconrad4/OpenVS-main/experiments/E3L_6DO3/screening/inputs/testset/E3L_6DO3_test_chunk50/tar_params_test_0_316.tar
Saved: /lus/eagle/projects/marP_TB_VLS/WC/williamhconrad4/OpenVS-main/experiments/E3L_6DO3/screening/inputs/testset/E3L_6DO3_test_chunk50/ligands_list_test_0_316.txt
Saved: /lus/eagle/projects/marP_TB_VLS/WC/williamhconrad4/OpenVS-main/experiments/E3L_6DO3/screening/inputs/testset/E3L_6DO3_test_chunk50/flags_params_test_0_316.flags
Saved: /lus/eagle/projects/marP_TB_VLS/WC/williamhconrad4/OpenVS-main/experiments/E3L_6DO3/screening/inputs/testset/E3L_6DO3_test_chunk50/tar_params_test_0_317.tar
Saved: /lus/eagle/projects/marP_TB_VLS/WC/williamhconrad4/OpenVS-main/experiments/E3L_6DO3/screening/inputs/testset/E3L_6DO3_test_chunk50/ligands_list_test_0_317.txt
Saved: /lus/eagle/projects/marP_TB_VLS/WC/williamhconrad4/OpenVS-main/experiments/E3L_6DO3/screening/inputs/testset/E3L_6DO3_test_chunk50/flags_params_test_0_317.flags
Saved: /lus/eagle/projects/marP_TB_VLS/WC/williamhconrad4/OpenVS-main/experiments/E3L_6DO3/screening/inputs/testset/E3L_6DO3_test_chunk50/tar_params_test_0_318.tar
Saved: /lus/eagle/projects/marP_TB_VLS/WC/williamhconrad4/OpenVS-main/experiments/E3L_6DO3/screening/inputs/testset/E3L_6DO3_test_chunk50/ligands_list_test_0_318.txt
Saved: /lus/eagle/projects/marP_TB_VLS/WC/williamhconrad4/OpenVS-main/experiments/E3L_6DO3/screening/inputs/testset/E3L_6DO3_test_chunk50/flags_params_test_0_318.flags
Saved: /lus/eagle/projects/marP_TB_VLS/WC/williamhconrad4/OpenVS-main/experiments/E3L_6DO3/screening/inputs/testset/E3L_6DO3_test_chunk50/tar_params_test_0_319.tar
Saved: /lus/eagle/projects/marP_TB_VLS/WC/williamhconrad4/OpenVS-main/experiments/E3L_6DO3/screening/inputs/testset/E3L_6DO3_test_chunk50/ligands_list_test_0_319.txt
Saved: /lus/eagle/projects/marP_TB_VLS/WC/williamhconrad4/OpenVS-main/experiments/E3L_6DO3/screening/inputs/testset/E3L_6DO3_test_chunk50/flags_params_test_0_319.flags
Saved: /lus/eagle/projects/marP_TB_VLS/WC/williamhconrad4/OpenVS-main/experiments/E3L_6DO3/screening/inputs/testset/E3L_6DO3_test_chunk50/tar_params_test_0_320.tar
Saved: /lus/eagle/projects/marP_TB_VLS/WC/williamhconrad4/OpenVS-main/experiments/E3L_6DO3/screening/inputs/testset/E3L_6DO3_test_chunk50/ligands_list_test_0_320.txt
Saved: /lus/eagle/projects/marP_TB_VLS/WC/williamhconrad4/OpenVS-main/experiments/E3L_6DO3/screening/inputs/testset/E3L_6DO3_test_chunk50/flags_params_test_0_320.flags
Saved: /lus/eagle/projects/marP_TB_VLS/WC/williamhconrad4/OpenVS-main/experiments/E3L_6DO3/screening/inputs/testset/E3L_6DO3_test_chunk50/tar_params_test_0_321.tar
Saved: /lus/eagle/projects/marP_TB_VLS/WC/williamhconrad4/OpenVS-main/experiments/E3L_6DO3/screening/inputs/testset/E3L_6DO3_test_chunk50/ligands_list_test_0_321.txt
Saved: /lus/eagle/projects/marP_TB_VLS/WC/williamhconrad4/OpenVS-main/experiments/E3L_6DO3/screening/inputs/testset/E3L_6DO3_test_chunk50/flags_params_test_0_321.flags
Saved: /lus/eagle/projects/marP_TB_VLS/WC/williamhconrad4/OpenVS-main/experiments/E3L_6DO3/screening/inputs/testset/E3L_6DO3_test_chunk50/tar_params_test_0_322.tar
Saved: /lus/eagle/projects/marP_TB_VLS/WC/williamhconrad4/OpenVS-main/experiments/E3L_6DO3/screening/inputs/testset/E3L_6DO3_test_chunk50/ligands_list_test_0_322.txt
Saved: /lus/eagle/projects/marP_TB_VLS/WC/williamhconrad4/OpenVS-main/experiments/E3L_6DO3/screening/inputs/testset/E3L_6DO3_test_chunk50/flags_params_test_0_322.flags
Saved: /lus/eagle/projects/marP_TB_VLS/WC/williamhconrad4/OpenVS-main/experiments/E3L_6DO3/screening/inputs/testset/E3L_6DO3_test_chunk50/tar_params_test_0_323.tar
Saved: /lus/eagle/projects/marP_TB_VLS/WC/williamhconrad4/OpenVS-main/experiments/E3L_6DO3/screening/inputs/testset/E3L_6DO3_test_chunk50/ligands_list_test_0_323.txt
Saved: /lus/eagle/projects/marP_TB_VLS/WC/williamhconrad4/OpenVS-main/experiments/E3L_6DO3/screening/inputs/testset/E3L_6DO3_test_chunk50/flags_params_test_0_323.flags
Saved: /lus/eagle/projects/marP_TB_VLS/WC/williamhconrad4/OpenVS-main/experiments/E3L_6DO3/screening/inputs/testset/E3L_6DO3_test_chunk50/tar_params_test_0_324.tar
Saved: /lus/eagle/projects/marP_TB_VLS/WC/williamhconrad4/OpenVS-main/experiments/E3L_6DO3/screening/inputs/testset/E3L_6DO3_test_chunk50/ligands_list_test_0_324.txt
Saved: /lus/eagle/projects/marP_TB_VLS/WC/williamhconrad4/OpenVS-main/experiments/E3L_6DO3/screening/inputs/testset/E3L_6DO3_test_chunk50/flags_params_test_0_324.flags
Saved: /lus/eagle/projects/marP_TB_VLS/WC/williamhconrad4/OpenVS-main/experiments/E3L_6DO3/screening/inputs/testset/E3L_6DO3_test_chunk50/tar_params_test_0_325.tar
Saved: /lus/eagle/projects/marP_TB_VLS/WC/williamhconrad4/OpenVS-main/experiments/E3L_6DO3/screening/inputs/testset/E3L_6DO3_test_chunk50/ligands_list_test_0_325.txt
Saved: /lus/eagle/projects/marP_TB_VLS/WC/williamhconrad4/OpenVS-main/experiments/E3L_6DO3/screening/inputs/testset/E3L_6DO3_test_chunk50/flags_params_test_0_325.flags
Saved: /lus/eagle/projects/marP_TB_VLS/WC/williamhconrad4/OpenVS-main/experiments/E3L_6DO3/screening/inputs/testset/E3L_6DO3_test_chunk50/tar_params_test_0_326.tar
Saved: /lus/eagle/projects/marP_TB_VLS/WC/williamhconrad4/OpenVS-main/experiments/E3L_6DO3/screening/inputs/testset/E3L_6DO3_test_chunk50/ligands_list_test_0_326.txt
Saved: /lus/eagle/projects/marP_TB_VLS/WC/williamhconrad4/OpenVS-main/experiments/E3L_6DO3/screening/inputs/testset/E3L_6DO3_test_chunk50/flags_params_test_0_326.flags
Saved: /lus/eagle/projects/marP_TB_VLS/WC/williamhconrad4/OpenVS-main/experiments/E3L_6DO3/screening/inputs/testset/E3L_6DO3_test_chunk50/tar_params_test_0_327.tar
Saved: /lus/eagle/projects/marP_TB_VLS/WC/williamhconrad4/OpenVS-main/experiments/E3L_6DO3/screening/inputs/testset/E3L_6DO3_test_chunk50/ligands_list_test_0_327.txt
Saved: /lus/eagle/projects/marP_TB_VLS/WC/williamhconrad4/OpenVS-main/experiments/E3L_6DO3/screening/inputs/testset/E3L_6DO3_test_chunk50/flags_params_test_0_327.flags
Saved: /lus/eagle/projects/marP_TB_VLS/WC/williamhconrad4/OpenVS-main/experiments/E3L_6DO3/screening/inputs/testset/E3L_6DO3_test_chunk50/tar_params_test_0_328.tar
Saved: /lus/eagle/projects/marP_TB_VLS/WC/williamhconrad4/OpenVS-main/experiments/E3L_6DO3/screening/inputs/testset/E3L_6DO3_test_chunk50/ligands_list_test_0_328.txt
Saved: /lus/eagle/projects/marP_TB_VLS/WC/williamhconrad4/OpenVS-main/experiments/E3L_6DO3/screening/inputs/testset/E3L_6DO3_test_chunk50/flags_params_test_0_328.flags
Saved: /lus/eagle/projects/marP_TB_VLS/WC/williamhconrad4/OpenVS-main/experiments/E3L_6DO3/screening/inputs/testset/E3L_6DO3_test_chunk50/tar_params_test_0_329.tar
Saved: /lus/eagle/projects/marP_TB_VLS/WC/williamhconrad4/OpenVS-main/experiments/E3L_6DO3/screening/inputs/testset/E3L_6DO3_test_chunk50/ligands_list_test_0_329.txt
Saved: /lus/eagle/projects/marP_TB_VLS/WC/williamhconrad4/OpenVS-main/experiments/E3L_6DO3/screening/inputs/testset/E3L_6DO3_test_chunk50/flags_params_test_0_329.flags
Saved: /lus/eagle/projects/marP_TB_VLS/WC/williamhconrad4/OpenVS-main/experiments/E3L_6DO3/screening/inputs/testset/E3L_6DO3_test_chunk50/tar_params_test_0_330.tar
Saved: /lus/eagle/projects/marP_TB_VLS/WC/williamhconrad4/OpenVS-main/experiments/E3L_6DO3/screening/inputs/testset/E3L_6DO3_test_chunk50/ligands_list_test_0_330.txt
Saved: /lus/eagle/projects/marP_TB_VLS/WC/williamhconrad4/OpenVS-main/experiments/E3L_6DO3/screening/inputs/testset/E3L_6DO3_test_chunk50/flags_params_test_0_330.flags
Saved: /lus/eagle/projects/marP_TB_VLS/WC/williamhconrad4/OpenVS-main/experiments/E3L_6DO3/screening/inputs/testset/E3L_6DO3_test_chunk50/tar_params_test_0_331.tar
Saved: /lus/eagle/projects/marP_TB_VLS/WC/williamhconrad4/OpenVS-main/experiments/E3L_6DO3/screening/inputs/testset/E3L_6DO3_test_chunk50/ligands_list_test_0_331.txt
Saved: /lus/eagle/projects/marP_TB_VLS/WC/williamhconrad4/OpenVS-main/experiments/E3L_6DO3/screening/inputs/testset/E3L_6DO3_test_chunk50/flags_params_test_0_331.flags
Saved: /lus/eagle/projects/marP_TB_VLS/WC/williamhconrad4/OpenVS-main/experiments/E3L_6DO3/screening/inputs/testset/E3L_6DO3_test_chunk50/tar_params_test_0_332.tar
Saved: /lus/eagle/projects/marP_TB_VLS/WC/williamhconrad4/OpenVS-main/experiments/E3L_6DO3/screening/inputs/testset/E3L_6DO3_test_chunk50/ligands_list_test_0_332.txt
Saved: /lus/eagle/projects/marP_TB_VLS/WC/williamhconrad4/OpenVS-main/experiments/E3L_6DO3/screening/inputs/testset/E3L_6DO3_test_chunk50/flags_params_test_0_332.flags
Saved: /lus/eagle/projects/marP_TB_VLS/WC/williamhconrad4/OpenVS-main/experiments/E3L_6DO3/screening/inputs/testset/E3L_6DO3_test_chunk50/tar_params_test_0_333.tar
Saved: /lus/eagle/projects/marP_TB_VLS/WC/williamhconrad4/OpenVS-main/experiments/E3L_6DO3/screening/inputs/testset/E3L_6DO3_test_chunk50/ligands_list_test_0_333.txt
Saved: /lus/eagle/projects/marP_TB_VLS/WC/williamhconrad4/OpenVS-main/experiments/E3L_6DO3/screening/inputs/testset/E3L_6DO3_test_chunk50/flags_params_test_0_333.flags
Saved: /lus/eagle/projects/marP_TB_VLS/WC/williamhconrad4/OpenVS-main/experiments/E3L_6DO3/screening/inputs/testset/E3L_6DO3_test_chunk50/tar_params_test_0_334.tar
Saved: /lus/eagle/projects/marP_TB_VLS/WC/williamhconrad4/OpenVS-main/experiments/E3L_6DO3/screening/inputs/testset/E3L_6DO3_test_chunk50/ligands_list_test_0_334.txt
Saved: /lus/eagle/projects/marP_TB_VLS/WC/williamhconrad4/OpenVS-main/experiments/E3L_6DO3/screening/inputs/testset/E3L_6DO3_test_chunk50/flags_params_test_0_334.flags
Saved: /lus/eagle/projects/marP_TB_VLS/WC/williamhconrad4/OpenVS-main/experiments/E3L_6DO3/screening/inputs/testset/E3L_6DO3_test_chunk50/tar_params_test_0_335.tar
Saved: /lus/eagle/projects/marP_TB_VLS/WC/williamhconrad4/OpenVS-main/experiments/E3L_6DO3/screening/inputs/testset/E3L_6DO3_test_chunk50/ligands_list_test_0_335.txt
Saved: /lus/eagle/projects/marP_TB_VLS/WC/williamhconrad4/OpenVS-main/experiments/E3L_6DO3/screening/inputs/testset/E3L_6DO3_test_chunk50/flags_params_test_0_335.flags
Saved: /lus/eagle/projects/marP_TB_VLS/WC/williamhconrad4/OpenVS-main/experiments/E3L_6DO3/screening/inputs/testset/E3L_6DO3_test_chunk50/tar_params_test_0_336.tar
Saved: /lus/eagle/projects/marP_TB_VLS/WC/williamhconrad4/OpenVS-main/experiments/E3L_6DO3/screening/inputs/testset/E3L_6DO3_test_chunk50/ligands_list_test_0_336.txt
Saved: /lus/eagle/projects/marP_TB_VLS/WC/williamhconrad4/OpenVS-main/experiments/E3L_6DO3/screening/inputs/testset/E3L_6DO3_test_chunk50/flags_params_test_0_336.flags
Saved: /lus/eagle/projects/marP_TB_VLS/WC/williamhconrad4/OpenVS-main/experiments/E3L_6DO3/screening/inputs/testset/E3L_6DO3_test_chunk50/tar_params_test_0_337.tar
Saved: /lus/eagle/projects/marP_TB_VLS/WC/williamhconrad4/OpenVS-main/experiments/E3L_6DO3/screening/inputs/testset/E3L_6DO3_test_chunk50/ligands_list_test_0_337.txt
Saved: /lus/eagle/projects/marP_TB_VLS/WC/williamhconrad4/OpenVS-main/experiments/E3L_6DO3/screening/inputs/testset/E3L_6DO3_test_chunk50/flags_params_test_0_337.flags
Saved: /lus/eagle/projects/marP_TB_VLS/WC/williamhconrad4/OpenVS-main/experiments/E3L_6DO3/screening/inputs/testset/E3L_6DO3_test_chunk50/tar_params_test_0_338.tar
Saved: /lus/eagle/projects/marP_TB_VLS/WC/williamhconrad4/OpenVS-main/experiments/E3L_6DO3/screening/inputs/testset/E3L_6DO3_test_chunk50/ligands_list_test_0_338.txt
Saved: /lus/eagle/projects/marP_TB_VLS/WC/williamhconrad4/OpenVS-main/experiments/E3L_6DO3/screening/inputs/testset/E3L_6DO3_test_chunk50/flags_params_test_0_338.flags
Saved: /lus/eagle/projects/marP_TB_VLS/WC/williamhconrad4/OpenVS-main/experiments/E3L_6DO3/screening/inputs/testset/E3L_6DO3_test_chunk50/tar_params_test_0_339.tar
Saved: /lus/eagle/projects/marP_TB_VLS/WC/williamhconrad4/OpenVS-main/experiments/E3L_6DO3/screening/inputs/testset/E3L_6DO3_test_chunk50/ligands_list_test_0_339.txt
Saved: /lus/eagle/projects/marP_TB_VLS/WC/williamhconrad4/OpenVS-main/experiments/E3L_6DO3/screening/inputs/testset/E3L_6DO3_test_chunk50/flags_params_test_0_339.flags
Saved: /lus/eagle/projects/marP_TB_VLS/WC/williamhconrad4/OpenVS-main/experiments/E3L_6DO3/screening/inputs/testset/E3L_6DO3_test_chunk50/tar_params_test_0_340.tar
Saved: /lus/eagle/projects/marP_TB_VLS/WC/williamhconrad4/OpenVS-main/experiments/E3L_6DO3/screening/inputs/testset/E3L_6DO3_test_chunk50/ligands_list_test_0_340.txt
Saved: /lus/eagle/projects/marP_TB_VLS/WC/williamhconrad4/OpenVS-main/experiments/E3L_6DO3/screening/inputs/testset/E3L_6DO3_test_chunk50/flags_params_test_0_340.flags
Saved: /lus/eagle/projects/marP_TB_VLS/WC/williamhconrad4/OpenVS-main/experiments/E3L_6DO3/screening/inputs/testset/E3L_6DO3_test_chunk50/tar_params_test_0_341.tar
Saved: /lus/eagle/projects/marP_TB_VLS/WC/williamhconrad4/OpenVS-main/experiments/E3L_6DO3/screening/inputs/testset/E3L_6DO3_test_chunk50/ligands_list_test_0_341.txt
Saved: /lus/eagle/projects/marP_TB_VLS/WC/williamhconrad4/OpenVS-main/experiments/E3L_6DO3/screening/inputs/testset/E3L_6DO3_test_chunk50/flags_params_test_0_341.flags
Saved: /lus/eagle/projects/marP_TB_VLS/WC/williamhconrad4/OpenVS-main/experiments/E3L_6DO3/screening/inputs/testset/E3L_6DO3_test_chunk50/tar_params_test_0_342.tar
Saved: /lus/eagle/projects/marP_TB_VLS/WC/williamhconrad4/OpenVS-main/experiments/E3L_6DO3/screening/inputs/testset/E3L_6DO3_test_chunk50/ligands_list_test_0_342.txt
Saved: /lus/eagle/projects/marP_TB_VLS/WC/williamhconrad4/OpenVS-main/experiments/E3L_6DO3/screening/inputs/testset/E3L_6DO3_test_chunk50/flags_params_test_0_342.flags
Saved: /lus/eagle/projects/marP_TB_VLS/WC/williamhconrad4/OpenVS-main/experiments/E3L_6DO3/screening/inputs/testset/E3L_6DO3_test_chunk50/tar_params_test_0_343.tar
Saved: /lus/eagle/projects/marP_TB_VLS/WC/williamhconrad4/OpenVS-main/experiments/E3L_6DO3/screening/inputs/testset/E3L_6DO3_test_chunk50/ligands_list_test_0_343.txt
Saved: /lus/eagle/projects/marP_TB_VLS/WC/williamhconrad4/OpenVS-main/experiments/E3L_6DO3/screening/inputs/testset/E3L_6DO3_test_chunk50/flags_params_test_0_343.flags
Saved: /lus/eagle/projects/marP_TB_VLS/WC/williamhconrad4/OpenVS-main/experiments/E3L_6DO3/screening/inputs/testset/E3L_6DO3_test_chunk50/tar_params_test_0_344.tar
Saved: /lus/eagle/projects/marP_TB_VLS/WC/williamhconrad4/OpenVS-main/experiments/E3L_6DO3/screening/inputs/testset/E3L_6DO3_test_chunk50/ligands_list_test_0_344.txt
Saved: /lus/eagle/projects/marP_TB_VLS/WC/williamhconrad4/OpenVS-main/experiments/E3L_6DO3/screening/inputs/testset/E3L_6DO3_test_chunk50/flags_params_test_0_344.flags
Saved: /lus/eagle/projects/marP_TB_VLS/WC/williamhconrad4/OpenVS-main/experiments/E3L_6DO3/screening/inputs/testset/E3L_6DO3_test_chunk50/tar_params_test_0_345.tar
Saved: /lus/eagle/projects/marP_TB_VLS/WC/williamhconrad4/OpenVS-main/experiments/E3L_6DO3/screening/inputs/testset/E3L_6DO3_test_chunk50/ligands_list_test_0_345.txt
Saved: /lus/eagle/projects/marP_TB_VLS/WC/williamhconrad4/OpenVS-main/experiments/E3L_6DO3/screening/inputs/testset/E3L_6DO3_test_chunk50/flags_params_test_0_345.flags
Saved: /lus/eagle/projects/marP_TB_VLS/WC/williamhconrad4/OpenVS-main/experiments/E3L_6DO3/screening/inputs/testset/E3L_6DO3_test_chunk50/tar_params_test_0_346.tar
Saved: /lus/eagle/projects/marP_TB_VLS/WC/williamhconrad4/OpenVS-main/experiments/E3L_6DO3/screening/inputs/testset/E3L_6DO3_test_chunk50/ligands_list_test_0_346.txt
Saved: /lus/eagle/projects/marP_TB_VLS/WC/williamhconrad4/OpenVS-main/experiments/E3L_6DO3/screening/inputs/testset/E3L_6DO3_test_chunk50/flags_params_test_0_346.flags
Saved: /lus/eagle/projects/marP_TB_VLS/WC/williamhconrad4/OpenVS-main/experiments/E3L_6DO3/screening/inputs/testset/E3L_6DO3_test_chunk50/tar_params_test_0_347.tar
Saved: /lus/eagle/projects/marP_TB_VLS/WC/williamhconrad4/OpenVS-main/experiments/E3L_6DO3/screening/inputs/testset/E3L_6DO3_test_chunk50/ligands_list_test_0_347.txt
Saved: /lus/eagle/projects/marP_TB_VLS/WC/williamhconrad4/OpenVS-main/experiments/E3L_6DO3/screening/inputs/testset/E3L_6DO3_test_chunk50/flags_params_test_0_347.flags
Saved: /lus/eagle/projects/marP_TB_VLS/WC/williamhconrad4/OpenVS-main/experiments/E3L_6DO3/screening/inputs/testset/E3L_6DO3_test_chunk50/tar_params_test_0_348.tar
Saved: /lus/eagle/projects/marP_TB_VLS/WC/williamhconrad4/OpenVS-main/experiments/E3L_6DO3/screening/inputs/testset/E3L_6DO3_test_chunk50/ligands_list_test_0_348.txt
Saved: /lus/eagle/projects/marP_TB_VLS/WC/williamhconrad4/OpenVS-main/experiments/E3L_6DO3/screening/inputs/testset/E3L_6DO3_test_chunk50/flags_params_test_0_348.flags
Saved: /lus/eagle/projects/marP_TB_VLS/WC/williamhconrad4/OpenVS-main/experiments/E3L_6DO3/screening/inputs/testset/E3L_6DO3_test_chunk50/tar_params_test_0_349.tar
Saved: /lus/eagle/projects/marP_TB_VLS/WC/williamhconrad4/OpenVS-main/experiments/E3L_6DO3/screening/inputs/testset/E3L_6DO3_test_chunk50/ligands_list_test_0_349.txt
Saved: /lus/eagle/projects/marP_TB_VLS/WC/williamhconrad4/OpenVS-main/experiments/E3L_6DO3/screening/inputs/testset/E3L_6DO3_test_chunk50/flags_params_test_0_349.flags
Saved: /lus/eagle/projects/marP_TB_VLS/WC/williamhconrad4/OpenVS-main/experiments/E3L_6DO3/screening/inputs/testset/E3L_6DO3_test_chunk50/tar_params_test_0_350.tar
Saved: /lus/eagle/projects/marP_TB_VLS/WC/williamhconrad4/OpenVS-main/experiments/E3L_6DO3/screening/inputs/testset/E3L_6DO3_test_chunk50/ligands_list_test_0_350.txt
Saved: /lus/eagle/projects/marP_TB_VLS/WC/williamhconrad4/OpenVS-main/experiments/E3L_6DO3/screening/inputs/testset/E3L_6DO3_test_chunk50/flags_params_test_0_350.flags
Saved: /lus/eagle/projects/marP_TB_VLS/WC/williamhconrad4/OpenVS-main/experiments/E3L_6DO3/screening/inputs/testset/E3L_6DO3_test_chunk50/tar_params_test_0_351.tar
Saved: /lus/eagle/projects/marP_TB_VLS/WC/williamhconrad4/OpenVS-main/experiments/E3L_6DO3/screening/inputs/testset/E3L_6DO3_test_chunk50/ligands_list_test_0_351.txt
Saved: /lus/eagle/projects/marP_TB_VLS/WC/williamhconrad4/OpenVS-main/experiments/E3L_6DO3/screening/inputs/testset/E3L_6DO3_test_chunk50/flags_params_test_0_351.flags
Saved: /lus/eagle/projects/marP_TB_VLS/WC/williamhconrad4/OpenVS-main/experiments/E3L_6DO3/screening/inputs/testset/E3L_6DO3_test_chunk50/tar_params_test_0_352.tar
Saved: /lus/eagle/projects/marP_TB_VLS/WC/williamhconrad4/OpenVS-main/experiments/E3L_6DO3/screening/inputs/testset/E3L_6DO3_test_chunk50/ligands_list_test_0_352.txt
Saved: /lus/eagle/projects/marP_TB_VLS/WC/williamhconrad4/OpenVS-main/experiments/E3L_6DO3/screening/inputs/testset/E3L_6DO3_test_chunk50/flags_params_test_0_352.flags
Saved: /lus/eagle/projects/marP_TB_VLS/WC/williamhconrad4/OpenVS-main/experiments/E3L_6DO3/screening/inputs/testset/E3L_6DO3_test_chunk50/tar_params_test_0_353.tar
Saved: /lus/eagle/projects/marP_TB_VLS/WC/williamhconrad4/OpenVS-main/experiments/E3L_6DO3/screening/inputs/testset/E3L_6DO3_test_chunk50/ligands_list_test_0_353.txt
Saved: /lus/eagle/projects/marP_TB_VLS/WC/williamhconrad4/OpenVS-main/experiments/E3L_6DO3/screening/inputs/testset/E3L_6DO3_test_chunk50/flags_params_test_0_353.flags
Saved: /lus/eagle/projects/marP_TB_VLS/WC/williamhconrad4/OpenVS-main/experiments/E3L_6DO3/screening/inputs/testset/E3L_6DO3_test_chunk50/tar_params_test_0_354.tar
Saved: /lus/eagle/projects/marP_TB_VLS/WC/williamhconrad4/OpenVS-main/experiments/E3L_6DO3/screening/inputs/testset/E3L_6DO3_test_chunk50/ligands_list_test_0_354.txt
Saved: /lus/eagle/projects/marP_TB_VLS/WC/williamhconrad4/OpenVS-main/experiments/E3L_6DO3/screening/inputs/testset/E3L_6DO3_test_chunk50/flags_params_test_0_354.flags
Saved: /lus/eagle/projects/marP_TB_VLS/WC/williamhconrad4/OpenVS-main/experiments/E3L_6DO3/screening/inputs/testset/E3L_6DO3_test_chunk50/tar_params_test_0_355.tar
Saved: /lus/eagle/projects/marP_TB_VLS/WC/williamhconrad4/OpenVS-main/experiments/E3L_6DO3/screening/inputs/testset/E3L_6DO3_test_chunk50/ligands_list_test_0_355.txt
Saved: /lus/eagle/projects/marP_TB_VLS/WC/williamhconrad4/OpenVS-main/experiments/E3L_6DO3/screening/inputs/testset/E3L_6DO3_test_chunk50/flags_params_test_0_355.flags
Saved: /lus/eagle/projects/marP_TB_VLS/WC/williamhconrad4/OpenVS-main/experiments/E3L_6DO3/screening/inputs/testset/E3L_6DO3_test_chunk50/tar_params_test_0_356.tar
Saved: /lus/eagle/projects/marP_TB_VLS/WC/williamhconrad4/OpenVS-main/experiments/E3L_6DO3/screening/inputs/testset/E3L_6DO3_test_chunk50/ligands_list_test_0_356.txt
Saved: /lus/eagle/projects/marP_TB_VLS/WC/williamhconrad4/OpenVS-main/experiments/E3L_6DO3/screening/inputs/testset/E3L_6DO3_test_chunk50/flags_params_test_0_356.flags
Saved: /lus/eagle/projects/marP_TB_VLS/WC/williamhconrad4/OpenVS-main/experiments/E3L_6DO3/screening/inputs/testset/E3L_6DO3_test_chunk50/tar_params_test_0_357.tar
Saved: /lus/eagle/projects/marP_TB_VLS/WC/williamhconrad4/OpenVS-main/experiments/E3L_6DO3/screening/inputs/testset/E3L_6DO3_test_chunk50/ligands_list_test_0_357.txt
Saved: /lus/eagle/projects/marP_TB_VLS/WC/williamhconrad4/OpenVS-main/experiments/E3L_6DO3/screening/inputs/testset/E3L_6DO3_test_chunk50/flags_params_test_0_357.flags
Saved: /lus/eagle/projects/marP_TB_VLS/WC/williamhconrad4/OpenVS-main/experiments/E3L_6DO3/screening/inputs/testset/E3L_6DO3_test_chunk50/tar_params_test_0_358.tar
Saved: /lus/eagle/projects/marP_TB_VLS/WC/williamhconrad4/OpenVS-main/experiments/E3L_6DO3/screening/inputs/testset/E3L_6DO3_test_chunk50/ligands_list_test_0_358.txt
Saved: /lus/eagle/projects/marP_TB_VLS/WC/williamhconrad4/OpenVS-main/experiments/E3L_6DO3/screening/inputs/testset/E3L_6DO3_test_chunk50/flags_params_test_0_358.flags
Saved: /lus/eagle/projects/marP_TB_VLS/WC/williamhconrad4/OpenVS-main/experiments/E3L_6DO3/screening/inputs/testset/E3L_6DO3_test_chunk50/tar_params_test_0_359.tar
Saved: /lus/eagle/projects/marP_TB_VLS/WC/williamhconrad4/OpenVS-main/experiments/E3L_6DO3/screening/inputs/testset/E3L_6DO3_test_chunk50/ligands_list_test_0_359.txt
Saved: /lus/eagle/projects/marP_TB_VLS/WC/williamhconrad4/OpenVS-main/experiments/E3L_6DO3/screening/inputs/testset/E3L_6DO3_test_chunk50/flags_params_test_0_359.flags
Saved: /lus/eagle/projects/marP_TB_VLS/WC/williamhconrad4/OpenVS-main/experiments/E3L_6DO3/screening/inputs/testset/E3L_6DO3_test_chunk50/tar_params_test_0_360.tar
Saved: /lus/eagle/projects/marP_TB_VLS/WC/williamhconrad4/OpenVS-main/experiments/E3L_6DO3/screening/inputs/testset/E3L_6DO3_test_chunk50/ligands_list_test_0_360.txt
Saved: /lus/eagle/projects/marP_TB_VLS/WC/williamhconrad4/OpenVS-main/experiments/E3L_6DO3/screening/inputs/testset/E3L_6DO3_test_chunk50/flags_params_test_0_360.flags
Saved: /lus/eagle/projects/marP_TB_VLS/WC/williamhconrad4/OpenVS-main/experiments/E3L_6DO3/screening/inputs/testset/E3L_6DO3_test_chunk50/tar_params_test_0_361.tar
Saved: /lus/eagle/projects/marP_TB_VLS/WC/williamhconrad4/OpenVS-main/experiments/E3L_6DO3/screening/inputs/testset/E3L_6DO3_test_chunk50/ligands_list_test_0_361.txt
Saved: /lus/eagle/projects/marP_TB_VLS/WC/williamhconrad4/OpenVS-main/experiments/E3L_6DO3/screening/inputs/testset/E3L_6DO3_test_chunk50/flags_params_test_0_361.flags
Saved: /lus/eagle/projects/marP_TB_VLS/WC/williamhconrad4/OpenVS-main/experiments/E3L_6DO3/screening/inputs/testset/E3L_6DO3_test_chunk50/tar_params_test_0_362.tar
Saved: /lus/eagle/projects/marP_TB_VLS/WC/williamhconrad4/OpenVS-main/experiments/E3L_6DO3/screening/inputs/testset/E3L_6DO3_test_chunk50/ligands_list_test_0_362.txt
Saved: /lus/eagle/projects/marP_TB_VLS/WC/williamhconrad4/OpenVS-main/experiments/E3L_6DO3/screening/inputs/testset/E3L_6DO3_test_chunk50/flags_params_test_0_362.flags
Saved: /lus/eagle/projects/marP_TB_VLS/WC/williamhconrad4/OpenVS-main/experiments/E3L_6DO3/screening/inputs/testset/E3L_6DO3_test_chunk50/tar_params_test_0_363.tar
Saved: /lus/eagle/projects/marP_TB_VLS/WC/williamhconrad4/OpenVS-main/experiments/E3L_6DO3/screening/inputs/testset/E3L_6DO3_test_chunk50/ligands_list_test_0_363.txt
Saved: /lus/eagle/projects/marP_TB_VLS/WC/williamhconrad4/OpenVS-main/experiments/E3L_6DO3/screening/inputs/testset/E3L_6DO3_test_chunk50/flags_params_test_0_363.flags
Saved: /lus/eagle/projects/marP_TB_VLS/WC/williamhconrad4/OpenVS-main/experiments/E3L_6DO3/screening/inputs/testset/E3L_6DO3_test_chunk50/tar_params_test_0_364.tar
Saved: /lus/eagle/projects/marP_TB_VLS/WC/williamhconrad4/OpenVS-main/experiments/E3L_6DO3/screening/inputs/testset/E3L_6DO3_test_chunk50/ligands_list_test_0_364.txt
Saved: /lus/eagle/projects/marP_TB_VLS/WC/williamhconrad4/OpenVS-main/experiments/E3L_6DO3/screening/inputs/testset/E3L_6DO3_test_chunk50/flags_params_test_0_364.flags
Saved: /lus/eagle/projects/marP_TB_VLS/WC/williamhconrad4/OpenVS-main/experiments/E3L_6DO3/screening/inputs/testset/E3L_6DO3_test_chunk50/tar_params_test_0_365.tar
Saved: /lus/eagle/projects/marP_TB_VLS/WC/williamhconrad4/OpenVS-main/experiments/E3L_6DO3/screening/inputs/testset/E3L_6DO3_test_chunk50/ligands_list_test_0_365.txt
Saved: /lus/eagle/projects/marP_TB_VLS/WC/williamhconrad4/OpenVS-main/experiments/E3L_6DO3/screening/inputs/testset/E3L_6DO3_test_chunk50/flags_params_test_0_365.flags
Saved: /lus/eagle/projects/marP_TB_VLS/WC/williamhconrad4/OpenVS-main/experiments/E3L_6DO3/screening/inputs/testset/E3L_6DO3_test_chunk50/tar_params_test_0_366.tar
Saved: /lus/eagle/projects/marP_TB_VLS/WC/williamhconrad4/OpenVS-main/experiments/E3L_6DO3/screening/inputs/testset/E3L_6DO3_test_chunk50/ligands_list_test_0_366.txt
Saved: /lus/eagle/projects/marP_TB_VLS/WC/williamhconrad4/OpenVS-main/experiments/E3L_6DO3/screening/inputs/testset/E3L_6DO3_test_chunk50/flags_params_test_0_366.flags
Saved: /lus/eagle/projects/marP_TB_VLS/WC/williamhconrad4/OpenVS-main/experiments/E3L_6DO3/screening/inputs/testset/E3L_6DO3_test_chunk50/tar_params_test_0_367.tar
Saved: /lus/eagle/projects/marP_TB_VLS/WC/williamhconrad4/OpenVS-main/experiments/E3L_6DO3/screening/inputs/testset/E3L_6DO3_test_chunk50/ligands_list_test_0_367.txt
Saved: /lus/eagle/projects/marP_TB_VLS/WC/williamhconrad4/OpenVS-main/experiments/E3L_6DO3/screening/inputs/testset/E3L_6DO3_test_chunk50/flags_params_test_0_367.flags
Saved: /lus/eagle/projects/marP_TB_VLS/WC/williamhconrad4/OpenVS-main/experiments/E3L_6DO3/screening/inputs/testset/E3L_6DO3_test_chunk50/tar_params_test_0_368.tar
Saved: /lus/eagle/projects/marP_TB_VLS/WC/williamhconrad4/OpenVS-main/experiments/E3L_6DO3/screening/inputs/testset/E3L_6DO3_test_chunk50/ligands_list_test_0_368.txt
Saved: /lus/eagle/projects/marP_TB_VLS/WC/williamhconrad4/OpenVS-main/experiments/E3L_6DO3/screening/inputs/testset/E3L_6DO3_test_chunk50/flags_params_test_0_368.flags
Saved: /lus/eagle/projects/marP_TB_VLS/WC/williamhconrad4/OpenVS-main/experiments/E3L_6DO3/screening/inputs/testset/E3L_6DO3_test_chunk50/tar_params_test_0_369.tar
Saved: /lus/eagle/projects/marP_TB_VLS/WC/williamhconrad4/OpenVS-main/experiments/E3L_6DO3/screening/inputs/testset/E3L_6DO3_test_chunk50/ligands_list_test_0_369.txt
Saved: /lus/eagle/projects/marP_TB_VLS/WC/williamhconrad4/OpenVS-main/experiments/E3L_6DO3/screening/inputs/testset/E3L_6DO3_test_chunk50/flags_params_test_0_369.flags
Saved: /lus/eagle/projects/marP_TB_VLS/WC/williamhconrad4/OpenVS-main/experiments/E3L_6DO3/screening/inputs/testset/E3L_6DO3_test_chunk50/tar_params_test_0_370.tar
Saved: /lus/eagle/projects/marP_TB_VLS/WC/williamhconrad4/OpenVS-main/experiments/E3L_6DO3/screening/inputs/testset/E3L_6DO3_test_chunk50/ligands_list_test_0_370.txt
Saved: /lus/eagle/projects/marP_TB_VLS/WC/williamhconrad4/OpenVS-main/experiments/E3L_6DO3/screening/inputs/testset/E3L_6DO3_test_chunk50/flags_params_test_0_370.flags
Saved: /lus/eagle/projects/marP_TB_VLS/WC/williamhconrad4/OpenVS-main/experiments/E3L_6DO3/screening/inputs/testset/E3L_6DO3_test_chunk50/tar_params_test_0_371.tar
Saved: /lus/eagle/projects/marP_TB_VLS/WC/williamhconrad4/OpenVS-main/experiments/E3L_6DO3/screening/inputs/testset/E3L_6DO3_test_chunk50/ligands_list_test_0_371.txt
Saved: /lus/eagle/projects/marP_TB_VLS/WC/williamhconrad4/OpenVS-main/experiments/E3L_6DO3/screening/inputs/testset/E3L_6DO3_test_chunk50/flags_params_test_0_371.flags
Saved: /lus/eagle/projects/marP_TB_VLS/WC/williamhconrad4/OpenVS-main/experiments/E3L_6DO3/screening/inputs/testset/E3L_6DO3_test_chunk50/tar_params_test_0_372.tar
Saved: /lus/eagle/projects/marP_TB_VLS/WC/williamhconrad4/OpenVS-main/experiments/E3L_6DO3/screening/inputs/testset/E3L_6DO3_test_chunk50/ligands_list_test_0_372.txt
Saved: /lus/eagle/projects/marP_TB_VLS/WC/williamhconrad4/OpenVS-main/experiments/E3L_6DO3/screening/inputs/testset/E3L_6DO3_test_chunk50/flags_params_test_0_372.flags
Saved: /lus/eagle/projects/marP_TB_VLS/WC/williamhconrad4/OpenVS-main/experiments/E3L_6DO3/screening/inputs/testset/E3L_6DO3_test_chunk50/tar_params_test_0_373.tar
Saved: /lus/eagle/projects/marP_TB_VLS/WC/williamhconrad4/OpenVS-main/experiments/E3L_6DO3/screening/inputs/testset/E3L_6DO3_test_chunk50/ligands_list_test_0_373.txt
Saved: /lus/eagle/projects/marP_TB_VLS/WC/williamhconrad4/OpenVS-main/experiments/E3L_6DO3/screening/inputs/testset/E3L_6DO3_test_chunk50/flags_params_test_0_373.flags
Saved: /lus/eagle/projects/marP_TB_VLS/WC/williamhconrad4/OpenVS-main/experiments/E3L_6DO3/screening/inputs/testset/E3L_6DO3_test_chunk50/tar_params_test_0_374.tar
Saved: /lus/eagle/projects/marP_TB_VLS/WC/williamhconrad4/OpenVS-main/experiments/E3L_6DO3/screening/inputs/testset/E3L_6DO3_test_chunk50/ligands_list_test_0_374.txt
Saved: /lus/eagle/projects/marP_TB_VLS/WC/williamhconrad4/OpenVS-main/experiments/E3L_6DO3/screening/inputs/testset/E3L_6DO3_test_chunk50/flags_params_test_0_374.flags
Saved: /lus/eagle/projects/marP_TB_VLS/WC/williamhconrad4/OpenVS-main/experiments/E3L_6DO3/screening/inputs/testset/E3L_6DO3_test_chunk50/tar_params_test_0_375.tar
Saved: /lus/eagle/projects/marP_TB_VLS/WC/williamhconrad4/OpenVS-main/experiments/E3L_6DO3/screening/inputs/testset/E3L_6DO3_test_chunk50/ligands_list_test_0_375.txt
Saved: /lus/eagle/projects/marP_TB_VLS/WC/williamhconrad4/OpenVS-main/experiments/E3L_6DO3/screening/inputs/testset/E3L_6DO3_test_chunk50/flags_params_test_0_375.flags
Saved: /lus/eagle/projects/marP_TB_VLS/WC/williamhconrad4/OpenVS-main/experiments/E3L_6DO3/screening/inputs/testset/E3L_6DO3_test_chunk50/tar_params_test_0_376.tar
Saved: /lus/eagle/projects/marP_TB_VLS/WC/williamhconrad4/OpenVS-main/experiments/E3L_6DO3/screening/inputs/testset/E3L_6DO3_test_chunk50/ligands_list_test_0_376.txt
Saved: /lus/eagle/projects/marP_TB_VLS/WC/williamhconrad4/OpenVS-main/experiments/E3L_6DO3/screening/inputs/testset/E3L_6DO3_test_chunk50/flags_params_test_0_376.flags
Saved: /lus/eagle/projects/marP_TB_VLS/WC/williamhconrad4/OpenVS-main/experiments/E3L_6DO3/screening/inputs/testset/E3L_6DO3_test_chunk50/tar_params_test_0_377.tar
Saved: /lus/eagle/projects/marP_TB_VLS/WC/williamhconrad4/OpenVS-main/experiments/E3L_6DO3/screening/inputs/testset/E3L_6DO3_test_chunk50/ligands_list_test_0_377.txt
Saved: /lus/eagle/projects/marP_TB_VLS/WC/williamhconrad4/OpenVS-main/experiments/E3L_6DO3/screening/inputs/testset/E3L_6DO3_test_chunk50/flags_params_test_0_377.flags
Saved: /lus/eagle/projects/marP_TB_VLS/WC/williamhconrad4/OpenVS-main/experiments/E3L_6DO3/screening/inputs/testset/E3L_6DO3_test_chunk50/tar_params_test_0_378.tar
Saved: /lus/eagle/projects/marP_TB_VLS/WC/williamhconrad4/OpenVS-main/experiments/E3L_6DO3/screening/inputs/testset/E3L_6DO3_test_chunk50/ligands_list_test_0_378.txt
Saved: /lus/eagle/projects/marP_TB_VLS/WC/williamhconrad4/OpenVS-main/experiments/E3L_6DO3/screening/inputs/testset/E3L_6DO3_test_chunk50/flags_params_test_0_378.flags
Saved: /lus/eagle/projects/marP_TB_VLS/WC/williamhconrad4/OpenVS-main/experiments/E3L_6DO3/screening/inputs/testset/E3L_6DO3_test_chunk50/tar_params_test_0_379.tar
Saved: /lus/eagle/projects/marP_TB_VLS/WC/williamhconrad4/OpenVS-main/experiments/E3L_6DO3/screening/inputs/testset/E3L_6DO3_test_chunk50/ligands_list_test_0_379.txt
Saved: /lus/eagle/projects/marP_TB_VLS/WC/williamhconrad4/OpenVS-main/experiments/E3L_6DO3/screening/inputs/testset/E3L_6DO3_test_chunk50/flags_params_test_0_379.flags
Saved: /lus/eagle/projects/marP_TB_VLS/WC/williamhconrad4/OpenVS-main/experiments/E3L_6DO3/screening/inputs/testset/E3L_6DO3_test_chunk50/tar_params_test_0_380.tar
Saved: /lus/eagle/projects/marP_TB_VLS/WC/williamhconrad4/OpenVS-main/experiments/E3L_6DO3/screening/inputs/testset/E3L_6DO3_test_chunk50/ligands_list_test_0_380.txt
Saved: /lus/eagle/projects/marP_TB_VLS/WC/williamhconrad4/OpenVS-main/experiments/E3L_6DO3/screening/inputs/testset/E3L_6DO3_test_chunk50/flags_params_test_0_380.flags
Saved: /lus/eagle/projects/marP_TB_VLS/WC/williamhconrad4/OpenVS-main/experiments/E3L_6DO3/screening/inputs/testset/E3L_6DO3_test_chunk50/tar_params_test_0_381.tar
Saved: /lus/eagle/projects/marP_TB_VLS/WC/williamhconrad4/OpenVS-main/experiments/E3L_6DO3/screening/inputs/testset/E3L_6DO3_test_chunk50/ligands_list_test_0_381.txt
Saved: /lus/eagle/projects/marP_TB_VLS/WC/williamhconrad4/OpenVS-main/experiments/E3L_6DO3/screening/inputs/testset/E3L_6DO3_test_chunk50/flags_params_test_0_381.flags
Saved: /lus/eagle/projects/marP_TB_VLS/WC/williamhconrad4/OpenVS-main/experiments/E3L_6DO3/screening/inputs/testset/E3L_6DO3_test_chunk50/tar_params_test_0_382.tar
Saved: /lus/eagle/projects/marP_TB_VLS/WC/williamhconrad4/OpenVS-main/experiments/E3L_6DO3/screening/inputs/testset/E3L_6DO3_test_chunk50/ligands_list_test_0_382.txt
Saved: /lus/eagle/projects/marP_TB_VLS/WC/williamhconrad4/OpenVS-main/experiments/E3L_6DO3/screening/inputs/testset/E3L_6DO3_test_chunk50/flags_params_test_0_382.flags
Saved: /lus/eagle/projects/marP_TB_VLS/WC/williamhconrad4/OpenVS-main/experiments/E3L_6DO3/screening/inputs/testset/E3L_6DO3_test_chunk50/tar_params_test_0_383.tar
Saved: /lus/eagle/projects/marP_TB_VLS/WC/williamhconrad4/OpenVS-main/experiments/E3L_6DO3/screening/inputs/testset/E3L_6DO3_test_chunk50/ligands_list_test_0_383.txt
Saved: /lus/eagle/projects/marP_TB_VLS/WC/williamhconrad4/OpenVS-main/experiments/E3L_6DO3/screening/inputs/testset/E3L_6DO3_test_chunk50/flags_params_test_0_383.flags
Saved: /lus/eagle/projects/marP_TB_VLS/WC/williamhconrad4/OpenVS-main/experiments/E3L_6DO3/screening/inputs/testset/E3L_6DO3_test_chunk50/tar_params_test_0_384.tar
Saved: /lus/eagle/projects/marP_TB_VLS/WC/williamhconrad4/OpenVS-main/experiments/E3L_6DO3/screening/inputs/testset/E3L_6DO3_test_chunk50/ligands_list_test_0_384.txt
Saved: /lus/eagle/projects/marP_TB_VLS/WC/williamhconrad4/OpenVS-main/experiments/E3L_6DO3/screening/inputs/testset/E3L_6DO3_test_chunk50/flags_params_test_0_384.flags
Saved: /lus/eagle/projects/marP_TB_VLS/WC/williamhconrad4/OpenVS-main/experiments/E3L_6DO3/screening/inputs/testset/E3L_6DO3_test_chunk50/tar_params_test_0_385.tar
Saved: /lus/eagle/projects/marP_TB_VLS/WC/williamhconrad4/OpenVS-main/experiments/E3L_6DO3/screening/inputs/testset/E3L_6DO3_test_chunk50/ligands_list_test_0_385.txt
Saved: /lus/eagle/projects/marP_TB_VLS/WC/williamhconrad4/OpenVS-main/experiments/E3L_6DO3/screening/inputs/testset/E3L_6DO3_test_chunk50/flags_params_test_0_385.flags
Saved: /lus/eagle/projects/marP_TB_VLS/WC/williamhconrad4/OpenVS-main/experiments/E3L_6DO3/screening/inputs/testset/E3L_6DO3_test_chunk50/tar_params_test_0_386.tar
Saved: /lus/eagle/projects/marP_TB_VLS/WC/williamhconrad4/OpenVS-main/experiments/E3L_6DO3/screening/inputs/testset/E3L_6DO3_test_chunk50/ligands_list_test_0_386.txt
Saved: /lus/eagle/projects/marP_TB_VLS/WC/williamhconrad4/OpenVS-main/experiments/E3L_6DO3/screening/inputs/testset/E3L_6DO3_test_chunk50/flags_params_test_0_386.flags
Saved: /lus/eagle/projects/marP_TB_VLS/WC/williamhconrad4/OpenVS-main/experiments/E3L_6DO3/screening/inputs/testset/E3L_6DO3_test_chunk50/tar_params_test_0_387.tar
Saved: /lus/eagle/projects/marP_TB_VLS/WC/williamhconrad4/OpenVS-main/experiments/E3L_6DO3/screening/inputs/testset/E3L_6DO3_test_chunk50/ligands_list_test_0_387.txt
Saved: /lus/eagle/projects/marP_TB_VLS/WC/williamhconrad4/OpenVS-main/experiments/E3L_6DO3/screening/inputs/testset/E3L_6DO3_test_chunk50/flags_params_test_0_387.flags
Saved: /lus/eagle/projects/marP_TB_VLS/WC/williamhconrad4/OpenVS-main/experiments/E3L_6DO3/screening/inputs/testset/E3L_6DO3_test_chunk50/tar_params_test_0_388.tar
Saved: /lus/eagle/projects/marP_TB_VLS/WC/williamhconrad4/OpenVS-main/experiments/E3L_6DO3/screening/inputs/testset/E3L_6DO3_test_chunk50/ligands_list_test_0_388.txt
Saved: /lus/eagle/projects/marP_TB_VLS/WC/williamhconrad4/OpenVS-main/experiments/E3L_6DO3/screening/inputs/testset/E3L_6DO3_test_chunk50/flags_params_test_0_388.flags
Saved: /lus/eagle/projects/marP_TB_VLS/WC/williamhconrad4/OpenVS-main/experiments/E3L_6DO3/screening/inputs/testset/E3L_6DO3_test_chunk50/tar_params_test_0_389.tar
Saved: /lus/eagle/projects/marP_TB_VLS/WC/williamhconrad4/OpenVS-main/experiments/E3L_6DO3/screening/inputs/testset/E3L_6DO3_test_chunk50/ligands_list_test_0_389.txt
Saved: /lus/eagle/projects/marP_TB_VLS/WC/williamhconrad4/OpenVS-main/experiments/E3L_6DO3/screening/inputs/testset/E3L_6DO3_test_chunk50/flags_params_test_0_389.flags
Saved: /lus/eagle/projects/marP_TB_VLS/WC/williamhconrad4/OpenVS-main/experiments/E3L_6DO3/screening/inputs/testset/E3L_6DO3_test_chunk50/tar_params_test_0_390.tar
Saved: /lus/eagle/projects/marP_TB_VLS/WC/williamhconrad4/OpenVS-main/experiments/E3L_6DO3/screening/inputs/testset/E3L_6DO3_test_chunk50/ligands_list_test_0_390.txt
Saved: /lus/eagle/projects/marP_TB_VLS/WC/williamhconrad4/OpenVS-main/experiments/E3L_6DO3/screening/inputs/testset/E3L_6DO3_test_chunk50/flags_params_test_0_390.flags
Saved: /lus/eagle/projects/marP_TB_VLS/WC/williamhconrad4/OpenVS-main/experiments/E3L_6DO3/screening/inputs/testset/E3L_6DO3_test_chunk50/tar_params_test_0_391.tar
Saved: /lus/eagle/projects/marP_TB_VLS/WC/williamhconrad4/OpenVS-main/experiments/E3L_6DO3/screening/inputs/testset/E3L_6DO3_test_chunk50/ligands_list_test_0_391.txt
Saved: /lus/eagle/projects/marP_TB_VLS/WC/williamhconrad4/OpenVS-main/experiments/E3L_6DO3/screening/inputs/testset/E3L_6DO3_test_chunk50/flags_params_test_0_391.flags
Saved: /lus/eagle/projects/marP_TB_VLS/WC/williamhconrad4/OpenVS-main/experiments/E3L_6DO3/screening/inputs/testset/E3L_6DO3_test_chunk50/tar_params_test_0_392.tar
Saved: /lus/eagle/projects/marP_TB_VLS/WC/williamhconrad4/OpenVS-main/experiments/E3L_6DO3/screening/inputs/testset/E3L_6DO3_test_chunk50/ligands_list_test_0_392.txt
Saved: /lus/eagle/projects/marP_TB_VLS/WC/williamhconrad4/OpenVS-main/experiments/E3L_6DO3/screening/inputs/testset/E3L_6DO3_test_chunk50/flags_params_test_0_392.flags
Saved: /lus/eagle/projects/marP_TB_VLS/WC/williamhconrad4/OpenVS-main/experiments/E3L_6DO3/screening/inputs/testset/E3L_6DO3_test_chunk50/tar_params_test_0_393.tar
Saved: /lus/eagle/projects/marP_TB_VLS/WC/williamhconrad4/OpenVS-main/experiments/E3L_6DO3/screening/inputs/testset/E3L_6DO3_test_chunk50/ligands_list_test_0_393.txt
Saved: /lus/eagle/projects/marP_TB_VLS/WC/williamhconrad4/OpenVS-main/experiments/E3L_6DO3/screening/inputs/testset/E3L_6DO3_test_chunk50/flags_params_test_0_393.flags
Saved: /lus/eagle/projects/marP_TB_VLS/WC/williamhconrad4/OpenVS-main/experiments/E3L_6DO3/screening/inputs/testset/E3L_6DO3_test_chunk50/tar_params_test_0_394.tar
Saved: /lus/eagle/projects/marP_TB_VLS/WC/williamhconrad4/OpenVS-main/experiments/E3L_6DO3/screening/inputs/testset/E3L_6DO3_test_chunk50/ligands_list_test_0_394.txt
Saved: /lus/eagle/projects/marP_TB_VLS/WC/williamhconrad4/OpenVS-main/experiments/E3L_6DO3/screening/inputs/testset/E3L_6DO3_test_chunk50/flags_params_test_0_394.flags
Saved: /lus/eagle/projects/marP_TB_VLS/WC/williamhconrad4/OpenVS-main/experiments/E3L_6DO3/screening/inputs/testset/E3L_6DO3_test_chunk50/tar_params_test_0_395.tar
Saved: /lus/eagle/projects/marP_TB_VLS/WC/williamhconrad4/OpenVS-main/experiments/E3L_6DO3/screening/inputs/testset/E3L_6DO3_test_chunk50/ligands_list_test_0_395.txt
Saved: /lus/eagle/projects/marP_TB_VLS/WC/williamhconrad4/OpenVS-main/experiments/E3L_6DO3/screening/inputs/testset/E3L_6DO3_test_chunk50/flags_params_test_0_395.flags
Saved: /lus/eagle/projects/marP_TB_VLS/WC/williamhconrad4/OpenVS-main/experiments/E3L_6DO3/screening/inputs/testset/E3L_6DO3_test_chunk50/tar_params_test_0_396.tar
Saved: /lus/eagle/projects/marP_TB_VLS/WC/williamhconrad4/OpenVS-main/experiments/E3L_6DO3/screening/inputs/testset/E3L_6DO3_test_chunk50/ligands_list_test_0_396.txt
Saved: /lus/eagle/projects/marP_TB_VLS/WC/williamhconrad4/OpenVS-main/experiments/E3L_6DO3/screening/inputs/testset/E3L_6DO3_test_chunk50/flags_params_test_0_396.flags
Saved: /lus/eagle/projects/marP_TB_VLS/WC/williamhconrad4/OpenVS-main/experiments/E3L_6DO3/screening/inputs/testset/E3L_6DO3_test_chunk50/tar_params_test_0_397.tar
Saved: /lus/eagle/projects/marP_TB_VLS/WC/williamhconrad4/OpenVS-main/experiments/E3L_6DO3/screening/inputs/testset/E3L_6DO3_test_chunk50/ligands_list_test_0_397.txt
Saved: /lus/eagle/projects/marP_TB_VLS/WC/williamhconrad4/OpenVS-main/experiments/E3L_6DO3/screening/inputs/testset/E3L_6DO3_test_chunk50/flags_params_test_0_397.flags
Saved: /lus/eagle/projects/marP_TB_VLS/WC/williamhconrad4/OpenVS-main/experiments/E3L_6DO3/screening/inputs/testset/E3L_6DO3_test_chunk50/tar_params_test_0_398.tar
Saved: /lus/eagle/projects/marP_TB_VLS/WC/williamhconrad4/OpenVS-main/experiments/E3L_6DO3/screening/inputs/testset/E3L_6DO3_test_chunk50/ligands_list_test_0_398.txt
Saved: /lus/eagle/projects/marP_TB_VLS/WC/williamhconrad4/OpenVS-main/experiments/E3L_6DO3/screening/inputs/testset/E3L_6DO3_test_chunk50/flags_params_test_0_398.flags
Saved: /lus/eagle/projects/marP_TB_VLS/WC/williamhconrad4/OpenVS-main/experiments/E3L_6DO3/screening/inputs/testset/E3L_6DO3_test_chunk50/tar_params_test_0_399.tar
Saved: /lus/eagle/projects/marP_TB_VLS/WC/williamhconrad4/OpenVS-main/experiments/E3L_6DO3/screening/inputs/testset/E3L_6DO3_test_chunk50/ligands_list_test_0_399.txt
Saved: /lus/eagle/projects/marP_TB_VLS/WC/williamhconrad4/OpenVS-main/experiments/E3L_6DO3/screening/inputs/testset/E3L_6DO3_test_chunk50/flags_params_test_0_399.flags
Saved: /lus/eagle/projects/marP_TB_VLS/WC/williamhconrad4/OpenVS-main/experiments/E3L_6DO3/screening/inputs/testset/E3L_6DO3_test_chunk50/tar_params_test_0_400.tar
Saved: /lus/eagle/projects/marP_TB_VLS/WC/williamhconrad4/OpenVS-main/experiments/E3L_6DO3/screening/inputs/testset/E3L_6DO3_test_chunk50/ligands_list_test_0_400.txt
Saved: /lus/eagle/projects/marP_TB_VLS/WC/williamhconrad4/OpenVS-main/experiments/E3L_6DO3/screening/inputs/testset/E3L_6DO3_test_chunk50/flags_params_test_0_400.flags
Saved: /lus/eagle/projects/marP_TB_VLS/WC/williamhconrad4/OpenVS-main/experiments/E3L_6DO3/screening/inputs/testset/E3L_6DO3_test_chunk50/tar_params_test_0_401.tar
Saved: /lus/eagle/projects/marP_TB_VLS/WC/williamhconrad4/OpenVS-main/experiments/E3L_6DO3/screening/inputs/testset/E3L_6DO3_test_chunk50/ligands_list_test_0_401.txt
Saved: /lus/eagle/projects/marP_TB_VLS/WC/williamhconrad4/OpenVS-main/experiments/E3L_6DO3/screening/inputs/testset/E3L_6DO3_test_chunk50/flags_params_test_0_401.flags
Saved: /lus/eagle/projects/marP_TB_VLS/WC/williamhconrad4/OpenVS-main/experiments/E3L_6DO3/screening/inputs/testset/E3L_6DO3_test_chunk50/tar_params_test_0_402.tar
Saved: /lus/eagle/projects/marP_TB_VLS/WC/williamhconrad4/OpenVS-main/experiments/E3L_6DO3/screening/inputs/testset/E3L_6DO3_test_chunk50/ligands_list_test_0_402.txt
Saved: /lus/eagle/projects/marP_TB_VLS/WC/williamhconrad4/OpenVS-main/experiments/E3L_6DO3/screening/inputs/testset/E3L_6DO3_test_chunk50/flags_params_test_0_402.flags
Saved: /lus/eagle/projects/marP_TB_VLS/WC/williamhconrad4/OpenVS-main/experiments/E3L_6DO3/screening/inputs/testset/E3L_6DO3_test_chunk50/tar_params_test_0_403.tar
Saved: /lus/eagle/projects/marP_TB_VLS/WC/williamhconrad4/OpenVS-main/experiments/E3L_6DO3/screening/inputs/testset/E3L_6DO3_test_chunk50/ligands_list_test_0_403.txt
Saved: /lus/eagle/projects/marP_TB_VLS/WC/williamhconrad4/OpenVS-main/experiments/E3L_6DO3/screening/inputs/testset/E3L_6DO3_test_chunk50/flags_params_test_0_403.flags
Saved: /lus/eagle/projects/marP_TB_VLS/WC/williamhconrad4/OpenVS-main/experiments/E3L_6DO3/screening/inputs/testset/E3L_6DO3_test_chunk50/tar_params_test_0_404.tar
Saved: /lus/eagle/projects/marP_TB_VLS/WC/williamhconrad4/OpenVS-main/experiments/E3L_6DO3/screening/inputs/testset/E3L_6DO3_test_chunk50/ligands_list_test_0_404.txt
Saved: /lus/eagle/projects/marP_TB_VLS/WC/williamhconrad4/OpenVS-main/experiments/E3L_6DO3/screening/inputs/testset/E3L_6DO3_test_chunk50/flags_params_test_0_404.flags
Saved: /lus/eagle/projects/marP_TB_VLS/WC/williamhconrad4/OpenVS-main/experiments/E3L_6DO3/screening/inputs/testset/E3L_6DO3_test_chunk50/tar_params_test_0_405.tar
Saved: /lus/eagle/projects/marP_TB_VLS/WC/williamhconrad4/OpenVS-main/experiments/E3L_6DO3/screening/inputs/testset/E3L_6DO3_test_chunk50/ligands_list_test_0_405.txt
Saved: /lus/eagle/projects/marP_TB_VLS/WC/williamhconrad4/OpenVS-main/experiments/E3L_6DO3/screening/inputs/testset/E3L_6DO3_test_chunk50/flags_params_test_0_405.flags
Saved: /lus/eagle/projects/marP_TB_VLS/WC/williamhconrad4/OpenVS-main/experiments/E3L_6DO3/screening/inputs/testset/E3L_6DO3_test_chunk50/tar_params_test_0_406.tar
Saved: /lus/eagle/projects/marP_TB_VLS/WC/williamhconrad4/OpenVS-main/experiments/E3L_6DO3/screening/inputs/testset/E3L_6DO3_test_chunk50/ligands_list_test_0_406.txt
Saved: /lus/eagle/projects/marP_TB_VLS/WC/williamhconrad4/OpenVS-main/experiments/E3L_6DO3/screening/inputs/testset/E3L_6DO3_test_chunk50/flags_params_test_0_406.flags
Saved: /lus/eagle/projects/marP_TB_VLS/WC/williamhconrad4/OpenVS-main/experiments/E3L_6DO3/screening/inputs/testset/E3L_6DO3_test_chunk50/tar_params_test_0_407.tar
Saved: /lus/eagle/projects/marP_TB_VLS/WC/williamhconrad4/OpenVS-main/experiments/E3L_6DO3/screening/inputs/testset/E3L_6DO3_test_chunk50/ligands_list_test_0_407.txt
Saved: /lus/eagle/projects/marP_TB_VLS/WC/williamhconrad4/OpenVS-main/experiments/E3L_6DO3/screening/inputs/testset/E3L_6DO3_test_chunk50/flags_params_test_0_407.flags
Saved: /lus/eagle/projects/marP_TB_VLS/WC/williamhconrad4/OpenVS-main/experiments/E3L_6DO3/screening/inputs/testset/E3L_6DO3_test_chunk50/tar_params_test_0_408.tar
Saved: /lus/eagle/projects/marP_TB_VLS/WC/williamhconrad4/OpenVS-main/experiments/E3L_6DO3/screening/inputs/testset/E3L_6DO3_test_chunk50/ligands_list_test_0_408.txt
Saved: /lus/eagle/projects/marP_TB_VLS/WC/williamhconrad4/OpenVS-main/experiments/E3L_6DO3/screening/inputs/testset/E3L_6DO3_test_chunk50/flags_params_test_0_408.flags
Saved: /lus/eagle/projects/marP_TB_VLS/WC/williamhconrad4/OpenVS-main/experiments/E3L_6DO3/screening/inputs/testset/E3L_6DO3_test_chunk50/tar_params_test_0_409.tar
Saved: /lus/eagle/projects/marP_TB_VLS/WC/williamhconrad4/OpenVS-main/experiments/E3L_6DO3/screening/inputs/testset/E3L_6DO3_test_chunk50/ligands_list_test_0_409.txt
Saved: /lus/eagle/projects/marP_TB_VLS/WC/williamhconrad4/OpenVS-main/experiments/E3L_6DO3/screening/inputs/testset/E3L_6DO3_test_chunk50/flags_params_test_0_409.flags
Saved: /lus/eagle/projects/marP_TB_VLS/WC/williamhconrad4/OpenVS-main/experiments/E3L_6DO3/screening/inputs/testset/E3L_6DO3_test_chunk50/tar_params_test_0_410.tar
Saved: /lus/eagle/projects/marP_TB_VLS/WC/williamhconrad4/OpenVS-main/experiments/E3L_6DO3/screening/inputs/testset/E3L_6DO3_test_chunk50/ligands_list_test_0_410.txt
Saved: /lus/eagle/projects/marP_TB_VLS/WC/williamhconrad4/OpenVS-main/experiments/E3L_6DO3/screening/inputs/testset/E3L_6DO3_test_chunk50/flags_params_test_0_410.flags
Saved: /lus/eagle/projects/marP_TB_VLS/WC/williamhconrad4/OpenVS-main/experiments/E3L_6DO3/screening/inputs/testset/E3L_6DO3_test_chunk50/tar_params_test_0_411.tar
Saved: /lus/eagle/projects/marP_TB_VLS/WC/williamhconrad4/OpenVS-main/experiments/E3L_6DO3/screening/inputs/testset/E3L_6DO3_test_chunk50/ligands_list_test_0_411.txt
Saved: /lus/eagle/projects/marP_TB_VLS/WC/williamhconrad4/OpenVS-main/experiments/E3L_6DO3/screening/inputs/testset/E3L_6DO3_test_chunk50/flags_params_test_0_411.flags
Saved: /lus/eagle/projects/marP_TB_VLS/WC/williamhconrad4/OpenVS-main/experiments/E3L_6DO3/screening/inputs/testset/E3L_6DO3_test_chunk50/tar_params_test_0_412.tar
Saved: /lus/eagle/projects/marP_TB_VLS/WC/williamhconrad4/OpenVS-main/experiments/E3L_6DO3/screening/inputs/testset/E3L_6DO3_test_chunk50/ligands_list_test_0_412.txt
Saved: /lus/eagle/projects/marP_TB_VLS/WC/williamhconrad4/OpenVS-main/experiments/E3L_6DO3/screening/inputs/testset/E3L_6DO3_test_chunk50/flags_params_test_0_412.flags
Saved: /lus/eagle/projects/marP_TB_VLS/WC/williamhconrad4/OpenVS-main/experiments/E3L_6DO3/screening/inputs/testset/E3L_6DO3_test_chunk50/tar_params_test_0_413.tar
Saved: /lus/eagle/projects/marP_TB_VLS/WC/williamhconrad4/OpenVS-main/experiments/E3L_6DO3/screening/inputs/testset/E3L_6DO3_test_chunk50/ligands_list_test_0_413.txt
Saved: /lus/eagle/projects/marP_TB_VLS/WC/williamhconrad4/OpenVS-main/experiments/E3L_6DO3/screening/inputs/testset/E3L_6DO3_test_chunk50/flags_params_test_0_413.flags
Saved: /lus/eagle/projects/marP_TB_VLS/WC/williamhconrad4/OpenVS-main/experiments/E3L_6DO3/screening/inputs/testset/E3L_6DO3_test_chunk50/tar_params_test_0_414.tar
Saved: /lus/eagle/projects/marP_TB_VLS/WC/williamhconrad4/OpenVS-main/experiments/E3L_6DO3/screening/inputs/testset/E3L_6DO3_test_chunk50/ligands_list_test_0_414.txt
Saved: /lus/eagle/projects/marP_TB_VLS/WC/williamhconrad4/OpenVS-main/experiments/E3L_6DO3/screening/inputs/testset/E3L_6DO3_test_chunk50/flags_params_test_0_414.flags
Saved: /lus/eagle/projects/marP_TB_VLS/WC/williamhconrad4/OpenVS-main/experiments/E3L_6DO3/screening/inputs/testset/E3L_6DO3_test_chunk50/tar_params_test_0_415.tar
Saved: /lus/eagle/projects/marP_TB_VLS/WC/williamhconrad4/OpenVS-main/experiments/E3L_6DO3/screening/inputs/testset/E3L_6DO3_test_chunk50/ligands_list_test_0_415.txt
Saved: /lus/eagle/projects/marP_TB_VLS/WC/williamhconrad4/OpenVS-main/experiments/E3L_6DO3/screening/inputs/testset/E3L_6DO3_test_chunk50/flags_params_test_0_415.flags
Saved: /lus/eagle/projects/marP_TB_VLS/WC/williamhconrad4/OpenVS-main/experiments/E3L_6DO3/screening/inputs/testset/E3L_6DO3_test_chunk50/tar_params_test_0_416.tar
Saved: /lus/eagle/projects/marP_TB_VLS/WC/williamhconrad4/OpenVS-main/experiments/E3L_6DO3/screening/inputs/testset/E3L_6DO3_test_chunk50/ligands_list_test_0_416.txt
Saved: /lus/eagle/projects/marP_TB_VLS/WC/williamhconrad4/OpenVS-main/experiments/E3L_6DO3/screening/inputs/testset/E3L_6DO3_test_chunk50/flags_params_test_0_416.flags
Saved: /lus/eagle/projects/marP_TB_VLS/WC/williamhconrad4/OpenVS-main/experiments/E3L_6DO3/screening/inputs/testset/E3L_6DO3_test_chunk50/tar_params_test_0_417.tar
Saved: /lus/eagle/projects/marP_TB_VLS/WC/williamhconrad4/OpenVS-main/experiments/E3L_6DO3/screening/inputs/testset/E3L_6DO3_test_chunk50/ligands_list_test_0_417.txt
Saved: /lus/eagle/projects/marP_TB_VLS/WC/williamhconrad4/OpenVS-main/experiments/E3L_6DO3/screening/inputs/testset/E3L_6DO3_test_chunk50/flags_params_test_0_417.flags
Saved: /lus/eagle/projects/marP_TB_VLS/WC/williamhconrad4/OpenVS-main/experiments/E3L_6DO3/screening/inputs/testset/E3L_6DO3_test_chunk50/tar_params_test_0_418.tar
Saved: /lus/eagle/projects/marP_TB_VLS/WC/williamhconrad4/OpenVS-main/experiments/E3L_6DO3/screening/inputs/testset/E3L_6DO3_test_chunk50/ligands_list_test_0_418.txt
Saved: /lus/eagle/projects/marP_TB_VLS/WC/williamhconrad4/OpenVS-main/experiments/E3L_6DO3/screening/inputs/testset/E3L_6DO3_test_chunk50/flags_params_test_0_418.flags
Saved: /lus/eagle/projects/marP_TB_VLS/WC/williamhconrad4/OpenVS-main/experiments/E3L_6DO3/screening/inputs/testset/E3L_6DO3_test_chunk50/tar_params_test_0_419.tar
Saved: /lus/eagle/projects/marP_TB_VLS/WC/williamhconrad4/OpenVS-main/experiments/E3L_6DO3/screening/inputs/testset/E3L_6DO3_test_chunk50/ligands_list_test_0_419.txt
Saved: /lus/eagle/projects/marP_TB_VLS/WC/williamhconrad4/OpenVS-main/experiments/E3L_6DO3/screening/inputs/testset/E3L_6DO3_test_chunk50/flags_params_test_0_419.flags
Saved: /lus/eagle/projects/marP_TB_VLS/WC/williamhconrad4/OpenVS-main/experiments/E3L_6DO3/screening/inputs/testset/E3L_6DO3_test_chunk50/tar_params_test_0_420.tar
Saved: /lus/eagle/projects/marP_TB_VLS/WC/williamhconrad4/OpenVS-main/experiments/E3L_6DO3/screening/inputs/testset/E3L_6DO3_test_chunk50/ligands_list_test_0_420.txt
Saved: /lus/eagle/projects/marP_TB_VLS/WC/williamhconrad4/OpenVS-main/experiments/E3L_6DO3/screening/inputs/testset/E3L_6DO3_test_chunk50/flags_params_test_0_420.flags
Saved: /lus/eagle/projects/marP_TB_VLS/WC/williamhconrad4/OpenVS-main/experiments/E3L_6DO3/screening/inputs/testset/E3L_6DO3_test_chunk50/tar_params_test_0_421.tar
Saved: /lus/eagle/projects/marP_TB_VLS/WC/williamhconrad4/OpenVS-main/experiments/E3L_6DO3/screening/inputs/testset/E3L_6DO3_test_chunk50/ligands_list_test_0_421.txt
Saved: /lus/eagle/projects/marP_TB_VLS/WC/williamhconrad4/OpenVS-main/experiments/E3L_6DO3/screening/inputs/testset/E3L_6DO3_test_chunk50/flags_params_test_0_421.flags
Saved: /lus/eagle/projects/marP_TB_VLS/WC/williamhconrad4/OpenVS-main/experiments/E3L_6DO3/screening/inputs/testset/E3L_6DO3_test_chunk50/tar_params_test_0_422.tar
Saved: /lus/eagle/projects/marP_TB_VLS/WC/williamhconrad4/OpenVS-main/experiments/E3L_6DO3/screening/inputs/testset/E3L_6DO3_test_chunk50/ligands_list_test_0_422.txt
Saved: /lus/eagle/projects/marP_TB_VLS/WC/williamhconrad4/OpenVS-main/experiments/E3L_6DO3/screening/inputs/testset/E3L_6DO3_test_chunk50/flags_params_test_0_422.flags
Saved: /lus/eagle/projects/marP_TB_VLS/WC/williamhconrad4/OpenVS-main/experiments/E3L_6DO3/screening/inputs/testset/E3L_6DO3_test_chunk50/tar_params_test_0_423.tar
Saved: /lus/eagle/projects/marP_TB_VLS/WC/williamhconrad4/OpenVS-main/experiments/E3L_6DO3/screening/inputs/testset/E3L_6DO3_test_chunk50/ligands_list_test_0_423.txt
Saved: /lus/eagle/projects/marP_TB_VLS/WC/williamhconrad4/OpenVS-main/experiments/E3L_6DO3/screening/inputs/testset/E3L_6DO3_test_chunk50/flags_params_test_0_423.flags
Saved: /lus/eagle/projects/marP_TB_VLS/WC/williamhconrad4/OpenVS-main/experiments/E3L_6DO3/screening/inputs/testset/E3L_6DO3_test_chunk50/tar_params_test_0_424.tar
Saved: /lus/eagle/projects/marP_TB_VLS/WC/williamhconrad4/OpenVS-main/experiments/E3L_6DO3/screening/inputs/testset/E3L_6DO3_test_chunk50/ligands_list_test_0_424.txt
Saved: /lus/eagle/projects/marP_TB_VLS/WC/williamhconrad4/OpenVS-main/experiments/E3L_6DO3/screening/inputs/testset/E3L_6DO3_test_chunk50/flags_params_test_0_424.flags
Saved: /lus/eagle/projects/marP_TB_VLS/WC/williamhconrad4/OpenVS-main/experiments/E3L_6DO3/screening/inputs/testset/E3L_6DO3_test_chunk50/tar_params_test_0_425.tar
Saved: /lus/eagle/projects/marP_TB_VLS/WC/williamhconrad4/OpenVS-main/experiments/E3L_6DO3/screening/inputs/testset/E3L_6DO3_test_chunk50/ligands_list_test_0_425.txt
Saved: /lus/eagle/projects/marP_TB_VLS/WC/williamhconrad4/OpenVS-main/experiments/E3L_6DO3/screening/inputs/testset/E3L_6DO3_test_chunk50/flags_params_test_0_425.flags
Saved: /lus/eagle/projects/marP_TB_VLS/WC/williamhconrad4/OpenVS-main/experiments/E3L_6DO3/screening/inputs/testset/E3L_6DO3_test_chunk50/tar_params_test_0_426.tar
Saved: /lus/eagle/projects/marP_TB_VLS/WC/williamhconrad4/OpenVS-main/experiments/E3L_6DO3/screening/inputs/testset/E3L_6DO3_test_chunk50/ligands_list_test_0_426.txt
Saved: /lus/eagle/projects/marP_TB_VLS/WC/williamhconrad4/OpenVS-main/experiments/E3L_6DO3/screening/inputs/testset/E3L_6DO3_test_chunk50/flags_params_test_0_426.flags
Saved: /lus/eagle/projects/marP_TB_VLS/WC/williamhconrad4/OpenVS-main/experiments/E3L_6DO3/screening/inputs/testset/E3L_6DO3_test_chunk50/tar_params_test_0_427.tar
Saved: /lus/eagle/projects/marP_TB_VLS/WC/williamhconrad4/OpenVS-main/experiments/E3L_6DO3/screening/inputs/testset/E3L_6DO3_test_chunk50/ligands_list_test_0_427.txt
Saved: /lus/eagle/projects/marP_TB_VLS/WC/williamhconrad4/OpenVS-main/experiments/E3L_6DO3/screening/inputs/testset/E3L_6DO3_test_chunk50/flags_params_test_0_427.flags
Saved: /lus/eagle/projects/marP_TB_VLS/WC/williamhconrad4/OpenVS-main/experiments/E3L_6DO3/screening/inputs/testset/E3L_6DO3_test_chunk50/tar_params_test_0_428.tar
Saved: /lus/eagle/projects/marP_TB_VLS/WC/williamhconrad4/OpenVS-main/experiments/E3L_6DO3/screening/inputs/testset/E3L_6DO3_test_chunk50/ligands_list_test_0_428.txt
Saved: /lus/eagle/projects/marP_TB_VLS/WC/williamhconrad4/OpenVS-main/experiments/E3L_6DO3/screening/inputs/testset/E3L_6DO3_test_chunk50/flags_params_test_0_428.flags
Saved: /lus/eagle/projects/marP_TB_VLS/WC/williamhconrad4/OpenVS-main/experiments/E3L_6DO3/screening/inputs/testset/E3L_6DO3_test_chunk50/tar_params_test_0_429.tar
Saved: /lus/eagle/projects/marP_TB_VLS/WC/williamhconrad4/OpenVS-main/experiments/E3L_6DO3/screening/inputs/testset/E3L_6DO3_test_chunk50/ligands_list_test_0_429.txt
Saved: /lus/eagle/projects/marP_TB_VLS/WC/williamhconrad4/OpenVS-main/experiments/E3L_6DO3/screening/inputs/testset/E3L_6DO3_test_chunk50/flags_params_test_0_429.flags
Saved: /lus/eagle/projects/marP_TB_VLS/WC/williamhconrad4/OpenVS-main/experiments/E3L_6DO3/screening/inputs/testset/E3L_6DO3_test_chunk50/tar_params_test_0_430.tar
Saved: /lus/eagle/projects/marP_TB_VLS/WC/williamhconrad4/OpenVS-main/experiments/E3L_6DO3/screening/inputs/testset/E3L_6DO3_test_chunk50/ligands_list_test_0_430.txt
Saved: /lus/eagle/projects/marP_TB_VLS/WC/williamhconrad4/OpenVS-main/experiments/E3L_6DO3/screening/inputs/testset/E3L_6DO3_test_chunk50/flags_params_test_0_430.flags
Saved: /lus/eagle/projects/marP_TB_VLS/WC/williamhconrad4/OpenVS-main/experiments/E3L_6DO3/screening/inputs/testset/E3L_6DO3_test_chunk50/tar_params_test_0_431.tar
Saved: /lus/eagle/projects/marP_TB_VLS/WC/williamhconrad4/OpenVS-main/experiments/E3L_6DO3/screening/inputs/testset/E3L_6DO3_test_chunk50/ligands_list_test_0_431.txt
Saved: /lus/eagle/projects/marP_TB_VLS/WC/williamhconrad4/OpenVS-main/experiments/E3L_6DO3/screening/inputs/testset/E3L_6DO3_test_chunk50/flags_params_test_0_431.flags
Saved: /lus/eagle/projects/marP_TB_VLS/WC/williamhconrad4/OpenVS-main/experiments/E3L_6DO3/screening/inputs/testset/E3L_6DO3_test_chunk50/tar_params_test_0_432.tar
Saved: /lus/eagle/projects/marP_TB_VLS/WC/williamhconrad4/OpenVS-main/experiments/E3L_6DO3/screening/inputs/testset/E3L_6DO3_test_chunk50/ligands_list_test_0_432.txt
Saved: /lus/eagle/projects/marP_TB_VLS/WC/williamhconrad4/OpenVS-main/experiments/E3L_6DO3/screening/inputs/testset/E3L_6DO3_test_chunk50/flags_params_test_0_432.flags
Saved: /lus/eagle/projects/marP_TB_VLS/WC/williamhconrad4/OpenVS-main/experiments/E3L_6DO3/screening/inputs/testset/E3L_6DO3_test_chunk50/tar_params_test_0_433.tar
Saved: /lus/eagle/projects/marP_TB_VLS/WC/williamhconrad4/OpenVS-main/experiments/E3L_6DO3/screening/inputs/testset/E3L_6DO3_test_chunk50/ligands_list_test_0_433.txt
Saved: /lus/eagle/projects/marP_TB_VLS/WC/williamhconrad4/OpenVS-main/experiments/E3L_6DO3/screening/inputs/testset/E3L_6DO3_test_chunk50/flags_params_test_0_433.flags
Saved: /lus/eagle/projects/marP_TB_VLS/WC/williamhconrad4/OpenVS-main/experiments/E3L_6DO3/screening/inputs/testset/E3L_6DO3_test_chunk50/tar_params_test_0_434.tar
Saved: /lus/eagle/projects/marP_TB_VLS/WC/williamhconrad4/OpenVS-main/experiments/E3L_6DO3/screening/inputs/testset/E3L_6DO3_test_chunk50/ligands_list_test_0_434.txt
Saved: /lus/eagle/projects/marP_TB_VLS/WC/williamhconrad4/OpenVS-main/experiments/E3L_6DO3/screening/inputs/testset/E3L_6DO3_test_chunk50/flags_params_test_0_434.flags
Saved: /lus/eagle/projects/marP_TB_VLS/WC/williamhconrad4/OpenVS-main/experiments/E3L_6DO3/screening/inputs/testset/E3L_6DO3_test_chunk50/tar_params_test_0_435.tar
Saved: /lus/eagle/projects/marP_TB_VLS/WC/williamhconrad4/OpenVS-main/experiments/E3L_6DO3/screening/inputs/testset/E3L_6DO3_test_chunk50/ligands_list_test_0_435.txt
Saved: /lus/eagle/projects/marP_TB_VLS/WC/williamhconrad4/OpenVS-main/experiments/E3L_6DO3/screening/inputs/testset/E3L_6DO3_test_chunk50/flags_params_test_0_435.flags
Saved: /lus/eagle/projects/marP_TB_VLS/WC/williamhconrad4/OpenVS-main/experiments/E3L_6DO3/screening/inputs/testset/E3L_6DO3_test_chunk50/tar_params_test_0_436.tar
Saved: /lus/eagle/projects/marP_TB_VLS/WC/williamhconrad4/OpenVS-main/experiments/E3L_6DO3/screening/inputs/testset/E3L_6DO3_test_chunk50/ligands_list_test_0_436.txt
Saved: /lus/eagle/projects/marP_TB_VLS/WC/williamhconrad4/OpenVS-main/experiments/E3L_6DO3/screening/inputs/testset/E3L_6DO3_test_chunk50/flags_params_test_0_436.flags
Saved: /lus/eagle/projects/marP_TB_VLS/WC/williamhconrad4/OpenVS-main/experiments/E3L_6DO3/screening/inputs/testset/E3L_6DO3_test_chunk50/tar_params_test_0_437.tar
Saved: /lus/eagle/projects/marP_TB_VLS/WC/williamhconrad4/OpenVS-main/experiments/E3L_6DO3/screening/inputs/testset/E3L_6DO3_test_chunk50/ligands_list_test_0_437.txt
Saved: /lus/eagle/projects/marP_TB_VLS/WC/williamhconrad4/OpenVS-main/experiments/E3L_6DO3/screening/inputs/testset/E3L_6DO3_test_chunk50/flags_params_test_0_437.flags
Saved: /lus/eagle/projects/marP_TB_VLS/WC/williamhconrad4/OpenVS-main/experiments/E3L_6DO3/screening/inputs/testset/E3L_6DO3_test_chunk50/tar_params_test_0_438.tar
Saved: /lus/eagle/projects/marP_TB_VLS/WC/williamhconrad4/OpenVS-main/experiments/E3L_6DO3/screening/inputs/testset/E3L_6DO3_test_chunk50/ligands_list_test_0_438.txt
Saved: /lus/eagle/projects/marP_TB_VLS/WC/williamhconrad4/OpenVS-main/experiments/E3L_6DO3/screening/inputs/testset/E3L_6DO3_test_chunk50/flags_params_test_0_438.flags
Saved: /lus/eagle/projects/marP_TB_VLS/WC/williamhconrad4/OpenVS-main/experiments/E3L_6DO3/screening/inputs/testset/E3L_6DO3_test_chunk50/tar_params_test_0_439.tar
Saved: /lus/eagle/projects/marP_TB_VLS/WC/williamhconrad4/OpenVS-main/experiments/E3L_6DO3/screening/inputs/testset/E3L_6DO3_test_chunk50/ligands_list_test_0_439.txt
Saved: /lus/eagle/projects/marP_TB_VLS/WC/williamhconrad4/OpenVS-main/experiments/E3L_6DO3/screening/inputs/testset/E3L_6DO3_test_chunk50/flags_params_test_0_439.flags
Saved: /lus/eagle/projects/marP_TB_VLS/WC/williamhconrad4/OpenVS-main/experiments/E3L_6DO3/screening/inputs/testset/E3L_6DO3_test_chunk50/tar_params_test_0_440.tar
Saved: /lus/eagle/projects/marP_TB_VLS/WC/williamhconrad4/OpenVS-main/experiments/E3L_6DO3/screening/inputs/testset/E3L_6DO3_test_chunk50/ligands_list_test_0_440.txt
Saved: /lus/eagle/projects/marP_TB_VLS/WC/williamhconrad4/OpenVS-main/experiments/E3L_6DO3/screening/inputs/testset/E3L_6DO3_test_chunk50/flags_params_test_0_440.flags
Saved: /lus/eagle/projects/marP_TB_VLS/WC/williamhconrad4/OpenVS-main/experiments/E3L_6DO3/screening/inputs/testset/E3L_6DO3_test_chunk50/tar_params_test_0_441.tar
Saved: /lus/eagle/projects/marP_TB_VLS/WC/williamhconrad4/OpenVS-main/experiments/E3L_6DO3/screening/inputs/testset/E3L_6DO3_test_chunk50/ligands_list_test_0_441.txt
Saved: /lus/eagle/projects/marP_TB_VLS/WC/williamhconrad4/OpenVS-main/experiments/E3L_6DO3/screening/inputs/testset/E3L_6DO3_test_chunk50/flags_params_test_0_441.flags
Saved: /lus/eagle/projects/marP_TB_VLS/WC/williamhconrad4/OpenVS-main/experiments/E3L_6DO3/screening/inputs/testset/E3L_6DO3_test_chunk50/tar_params_test_0_442.tar
Saved: /lus/eagle/projects/marP_TB_VLS/WC/williamhconrad4/OpenVS-main/experiments/E3L_6DO3/screening/inputs/testset/E3L_6DO3_test_chunk50/ligands_list_test_0_442.txt
Saved: /lus/eagle/projects/marP_TB_VLS/WC/williamhconrad4/OpenVS-main/experiments/E3L_6DO3/screening/inputs/testset/E3L_6DO3_test_chunk50/flags_params_test_0_442.flags
Saved: /lus/eagle/projects/marP_TB_VLS/WC/williamhconrad4/OpenVS-main/experiments/E3L_6DO3/screening/inputs/testset/E3L_6DO3_test_chunk50/tar_params_test_0_443.tar
Saved: /lus/eagle/projects/marP_TB_VLS/WC/williamhconrad4/OpenVS-main/experiments/E3L_6DO3/screening/inputs/testset/E3L_6DO3_test_chunk50/ligands_list_test_0_443.txt
Saved: /lus/eagle/projects/marP_TB_VLS/WC/williamhconrad4/OpenVS-main/experiments/E3L_6DO3/screening/inputs/testset/E3L_6DO3_test_chunk50/flags_params_test_0_443.flags
Saved: /lus/eagle/projects/marP_TB_VLS/WC/williamhconrad4/OpenVS-main/experiments/E3L_6DO3/screening/inputs/testset/E3L_6DO3_test_chunk50/tar_params_test_0_444.tar
Saved: /lus/eagle/projects/marP_TB_VLS/WC/williamhconrad4/OpenVS-main/experiments/E3L_6DO3/screening/inputs/testset/E3L_6DO3_test_chunk50/ligands_list_test_0_444.txt
Saved: /lus/eagle/projects/marP_TB_VLS/WC/williamhconrad4/OpenVS-main/experiments/E3L_6DO3/screening/inputs/testset/E3L_6DO3_test_chunk50/flags_params_test_0_444.flags
Saved: /lus/eagle/projects/marP_TB_VLS/WC/williamhconrad4/OpenVS-main/experiments/E3L_6DO3/screening/inputs/testset/E3L_6DO3_test_chunk50/tar_params_test_0_445.tar
Saved: /lus/eagle/projects/marP_TB_VLS/WC/williamhconrad4/OpenVS-main/experiments/E3L_6DO3/screening/inputs/testset/E3L_6DO3_test_chunk50/ligands_list_test_0_445.txt
Saved: /lus/eagle/projects/marP_TB_VLS/WC/williamhconrad4/OpenVS-main/experiments/E3L_6DO3/screening/inputs/testset/E3L_6DO3_test_chunk50/flags_params_test_0_445.flags
Saved: /lus/eagle/projects/marP_TB_VLS/WC/williamhconrad4/OpenVS-main/experiments/E3L_6DO3/screening/inputs/testset/E3L_6DO3_test_chunk50/tar_params_test_0_446.tar
Saved: /lus/eagle/projects/marP_TB_VLS/WC/williamhconrad4/OpenVS-main/experiments/E3L_6DO3/screening/inputs/testset/E3L_6DO3_test_chunk50/ligands_list_test_0_446.txt
Saved: /lus/eagle/projects/marP_TB_VLS/WC/williamhconrad4/OpenVS-main/experiments/E3L_6DO3/screening/inputs/testset/E3L_6DO3_test_chunk50/flags_params_test_0_446.flags
Saved: /lus/eagle/projects/marP_TB_VLS/WC/williamhconrad4/OpenVS-main/experiments/E3L_6DO3/screening/inputs/testset/E3L_6DO3_test_chunk50/tar_params_test_0_447.tar
Saved: /lus/eagle/projects/marP_TB_VLS/WC/williamhconrad4/OpenVS-main/experiments/E3L_6DO3/screening/inputs/testset/E3L_6DO3_test_chunk50/ligands_list_test_0_447.txt
Saved: /lus/eagle/projects/marP_TB_VLS/WC/williamhconrad4/OpenVS-main/experiments/E3L_6DO3/screening/inputs/testset/E3L_6DO3_test_chunk50/flags_params_test_0_447.flags
Saved: /lus/eagle/projects/marP_TB_VLS/WC/williamhconrad4/OpenVS-main/experiments/E3L_6DO3/screening/inputs/testset/E3L_6DO3_test_chunk50/tar_params_test_0_448.tar
Saved: /lus/eagle/projects/marP_TB_VLS/WC/williamhconrad4/OpenVS-main/experiments/E3L_6DO3/screening/inputs/testset/E3L_6DO3_test_chunk50/ligands_list_test_0_448.txt
Saved: /lus/eagle/projects/marP_TB_VLS/WC/williamhconrad4/OpenVS-main/experiments/E3L_6DO3/screening/inputs/testset/E3L_6DO3_test_chunk50/flags_params_test_0_448.flags
Saved: /lus/eagle/projects/marP_TB_VLS/WC/williamhconrad4/OpenVS-main/experiments/E3L_6DO3/screening/inputs/testset/E3L_6DO3_test_chunk50/tar_params_test_0_449.tar
Saved: /lus/eagle/projects/marP_TB_VLS/WC/williamhconrad4/OpenVS-main/experiments/E3L_6DO3/screening/inputs/testset/E3L_6DO3_test_chunk50/ligands_list_test_0_449.txt
Saved: /lus/eagle/projects/marP_TB_VLS/WC/williamhconrad4/OpenVS-main/experiments/E3L_6DO3/screening/inputs/testset/E3L_6DO3_test_chunk50/flags_params_test_0_449.flags
Saved: /lus/eagle/projects/marP_TB_VLS/WC/williamhconrad4/OpenVS-main/experiments/E3L_6DO3/screening/inputs/testset/E3L_6DO3_test_chunk50/tar_params_test_0_450.tar
Saved: /lus/eagle/projects/marP_TB_VLS/WC/williamhconrad4/OpenVS-main/experiments/E3L_6DO3/screening/inputs/testset/E3L_6DO3_test_chunk50/ligands_list_test_0_450.txt
Saved: /lus/eagle/projects/marP_TB_VLS/WC/williamhconrad4/OpenVS-main/experiments/E3L_6DO3/screening/inputs/testset/E3L_6DO3_test_chunk50/flags_params_test_0_450.flags
Saved: /lus/eagle/projects/marP_TB_VLS/WC/williamhconrad4/OpenVS-main/experiments/E3L_6DO3/screening/inputs/testset/E3L_6DO3_test_chunk50/tar_params_test_0_451.tar
Saved: /lus/eagle/projects/marP_TB_VLS/WC/williamhconrad4/OpenVS-main/experiments/E3L_6DO3/screening/inputs/testset/E3L_6DO3_test_chunk50/ligands_list_test_0_451.txt
Saved: /lus/eagle/projects/marP_TB_VLS/WC/williamhconrad4/OpenVS-main/experiments/E3L_6DO3/screening/inputs/testset/E3L_6DO3_test_chunk50/flags_params_test_0_451.flags
Saved: /lus/eagle/projects/marP_TB_VLS/WC/williamhconrad4/OpenVS-main/experiments/E3L_6DO3/screening/inputs/testset/E3L_6DO3_test_chunk50/tar_params_test_0_452.tar
Saved: /lus/eagle/projects/marP_TB_VLS/WC/williamhconrad4/OpenVS-main/experiments/E3L_6DO3/screening/inputs/testset/E3L_6DO3_test_chunk50/ligands_list_test_0_452.txt
Saved: /lus/eagle/projects/marP_TB_VLS/WC/williamhconrad4/OpenVS-main/experiments/E3L_6DO3/screening/inputs/testset/E3L_6DO3_test_chunk50/flags_params_test_0_452.flags
Saved: /lus/eagle/projects/marP_TB_VLS/WC/williamhconrad4/OpenVS-main/experiments/E3L_6DO3/screening/inputs/testset/E3L_6DO3_test_chunk50/tar_params_test_0_453.tar
Saved: /lus/eagle/projects/marP_TB_VLS/WC/williamhconrad4/OpenVS-main/experiments/E3L_6DO3/screening/inputs/testset/E3L_6DO3_test_chunk50/ligands_list_test_0_453.txt
Saved: /lus/eagle/projects/marP_TB_VLS/WC/williamhconrad4/OpenVS-main/experiments/E3L_6DO3/screening/inputs/testset/E3L_6DO3_test_chunk50/flags_params_test_0_453.flags
Saved: /lus/eagle/projects/marP_TB_VLS/WC/williamhconrad4/OpenVS-main/experiments/E3L_6DO3/screening/inputs/testset/E3L_6DO3_test_chunk50/tar_params_test_0_454.tar
Saved: /lus/eagle/projects/marP_TB_VLS/WC/williamhconrad4/OpenVS-main/experiments/E3L_6DO3/screening/inputs/testset/E3L_6DO3_test_chunk50/ligands_list_test_0_454.txt
Saved: /lus/eagle/projects/marP_TB_VLS/WC/williamhconrad4/OpenVS-main/experiments/E3L_6DO3/screening/inputs/testset/E3L_6DO3_test_chunk50/flags_params_test_0_454.flags
Saved: /lus/eagle/projects/marP_TB_VLS/WC/williamhconrad4/OpenVS-main/experiments/E3L_6DO3/screening/inputs/testset/E3L_6DO3_test_chunk50/tar_params_test_0_455.tar
Saved: /lus/eagle/projects/marP_TB_VLS/WC/williamhconrad4/OpenVS-main/experiments/E3L_6DO3/screening/inputs/testset/E3L_6DO3_test_chunk50/ligands_list_test_0_455.txt
Saved: /lus/eagle/projects/marP_TB_VLS/WC/williamhconrad4/OpenVS-main/experiments/E3L_6DO3/screening/inputs/testset/E3L_6DO3_test_chunk50/flags_params_test_0_455.flags
Saved: /lus/eagle/projects/marP_TB_VLS/WC/williamhconrad4/OpenVS-main/experiments/E3L_6DO3/screening/inputs/testset/E3L_6DO3_test_chunk50/tar_params_test_0_456.tar
Saved: /lus/eagle/projects/marP_TB_VLS/WC/williamhconrad4/OpenVS-main/experiments/E3L_6DO3/screening/inputs/testset/E3L_6DO3_test_chunk50/ligands_list_test_0_456.txt
Saved: /lus/eagle/projects/marP_TB_VLS/WC/williamhconrad4/OpenVS-main/experiments/E3L_6DO3/screening/inputs/testset/E3L_6DO3_test_chunk50/flags_params_test_0_456.flags
Saved: /lus/eagle/projects/marP_TB_VLS/WC/williamhconrad4/OpenVS-main/experiments/E3L_6DO3/screening/inputs/testset/E3L_6DO3_test_chunk50/tar_params_test_0_457.tar
Saved: /lus/eagle/projects/marP_TB_VLS/WC/williamhconrad4/OpenVS-main/experiments/E3L_6DO3/screening/inputs/testset/E3L_6DO3_test_chunk50/ligands_list_test_0_457.txt
Saved: /lus/eagle/projects/marP_TB_VLS/WC/williamhconrad4/OpenVS-main/experiments/E3L_6DO3/screening/inputs/testset/E3L_6DO3_test_chunk50/flags_params_test_0_457.flags
Saved: /lus/eagle/projects/marP_TB_VLS/WC/williamhconrad4/OpenVS-main/experiments/E3L_6DO3/screening/inputs/testset/E3L_6DO3_test_chunk50/tar_params_test_0_458.tar
Saved: /lus/eagle/projects/marP_TB_VLS/WC/williamhconrad4/OpenVS-main/experiments/E3L_6DO3/screening/inputs/testset/E3L_6DO3_test_chunk50/ligands_list_test_0_458.txt
Saved: /lus/eagle/projects/marP_TB_VLS/WC/williamhconrad4/OpenVS-main/experiments/E3L_6DO3/screening/inputs/testset/E3L_6DO3_test_chunk50/flags_params_test_0_458.flags
Saved: /lus/eagle/projects/marP_TB_VLS/WC/williamhconrad4/OpenVS-main/experiments/E3L_6DO3/screening/inputs/testset/E3L_6DO3_test_chunk50/tar_params_test_0_459.tar
Saved: /lus/eagle/projects/marP_TB_VLS/WC/williamhconrad4/OpenVS-main/experiments/E3L_6DO3/screening/inputs/testset/E3L_6DO3_test_chunk50/ligands_list_test_0_459.txt
Saved: /lus/eagle/projects/marP_TB_VLS/WC/williamhconrad4/OpenVS-main/experiments/E3L_6DO3/screening/inputs/testset/E3L_6DO3_test_chunk50/flags_params_test_0_459.flags
Saved: /lus/eagle/projects/marP_TB_VLS/WC/williamhconrad4/OpenVS-main/experiments/E3L_6DO3/screening/inputs/testset/E3L_6DO3_test_chunk50/tar_params_test_0_460.tar
Saved: /lus/eagle/projects/marP_TB_VLS/WC/williamhconrad4/OpenVS-main/experiments/E3L_6DO3/screening/inputs/testset/E3L_6DO3_test_chunk50/ligands_list_test_0_460.txt
Saved: /lus/eagle/projects/marP_TB_VLS/WC/williamhconrad4/OpenVS-main/experiments/E3L_6DO3/screening/inputs/testset/E3L_6DO3_test_chunk50/flags_params_test_0_460.flags
Saved: /lus/eagle/projects/marP_TB_VLS/WC/williamhconrad4/OpenVS-main/experiments/E3L_6DO3/screening/inputs/testset/E3L_6DO3_test_chunk50/tar_params_test_0_461.tar
Saved: /lus/eagle/projects/marP_TB_VLS/WC/williamhconrad4/OpenVS-main/experiments/E3L_6DO3/screening/inputs/testset/E3L_6DO3_test_chunk50/ligands_list_test_0_461.txt
Saved: /lus/eagle/projects/marP_TB_VLS/WC/williamhconrad4/OpenVS-main/experiments/E3L_6DO3/screening/inputs/testset/E3L_6DO3_test_chunk50/flags_params_test_0_461.flags
Saved: /lus/eagle/projects/marP_TB_VLS/WC/williamhconrad4/OpenVS-main/experiments/E3L_6DO3/screening/inputs/testset/E3L_6DO3_test_chunk50/tar_params_test_0_462.tar
Saved: /lus/eagle/projects/marP_TB_VLS/WC/williamhconrad4/OpenVS-main/experiments/E3L_6DO3/screening/inputs/testset/E3L_6DO3_test_chunk50/ligands_list_test_0_462.txt
Saved: /lus/eagle/projects/marP_TB_VLS/WC/williamhconrad4/OpenVS-main/experiments/E3L_6DO3/screening/inputs/testset/E3L_6DO3_test_chunk50/flags_params_test_0_462.flags
Saved: /lus/eagle/projects/marP_TB_VLS/WC/williamhconrad4/OpenVS-main/experiments/E3L_6DO3/screening/inputs/testset/E3L_6DO3_test_chunk50/tar_params_test_0_463.tar
Saved: /lus/eagle/projects/marP_TB_VLS/WC/williamhconrad4/OpenVS-main/experiments/E3L_6DO3/screening/inputs/testset/E3L_6DO3_test_chunk50/ligands_list_test_0_463.txt
Saved: /lus/eagle/projects/marP_TB_VLS/WC/williamhconrad4/OpenVS-main/experiments/E3L_6DO3/screening/inputs/testset/E3L_6DO3_test_chunk50/flags_params_test_0_463.flags
Saved: /lus/eagle/projects/marP_TB_VLS/WC/williamhconrad4/OpenVS-main/experiments/E3L_6DO3/screening/inputs/testset/E3L_6DO3_test_chunk50/tar_params_test_0_464.tar
Saved: /lus/eagle/projects/marP_TB_VLS/WC/williamhconrad4/OpenVS-main/experiments/E3L_6DO3/screening/inputs/testset/E3L_6DO3_test_chunk50/ligands_list_test_0_464.txt
Saved: /lus/eagle/projects/marP_TB_VLS/WC/williamhconrad4/OpenVS-main/experiments/E3L_6DO3/screening/inputs/testset/E3L_6DO3_test_chunk50/flags_params_test_0_464.flags
Saved: /lus/eagle/projects/marP_TB_VLS/WC/williamhconrad4/OpenVS-main/experiments/E3L_6DO3/screening/inputs/testset/E3L_6DO3_test_chunk50/tar_params_test_0_465.tar
Saved: /lus/eagle/projects/marP_TB_VLS/WC/williamhconrad4/OpenVS-main/experiments/E3L_6DO3/screening/inputs/testset/E3L_6DO3_test_chunk50/ligands_list_test_0_465.txt
Saved: /lus/eagle/projects/marP_TB_VLS/WC/williamhconrad4/OpenVS-main/experiments/E3L_6DO3/screening/inputs/testset/E3L_6DO3_test_chunk50/flags_params_test_0_465.flags
Saved: /lus/eagle/projects/marP_TB_VLS/WC/williamhconrad4/OpenVS-main/experiments/E3L_6DO3/screening/inputs/testset/E3L_6DO3_test_chunk50/tar_params_test_0_466.tar
Saved: /lus/eagle/projects/marP_TB_VLS/WC/williamhconrad4/OpenVS-main/experiments/E3L_6DO3/screening/inputs/testset/E3L_6DO3_test_chunk50/ligands_list_test_0_466.txt
Saved: /lus/eagle/projects/marP_TB_VLS/WC/williamhconrad4/OpenVS-main/experiments/E3L_6DO3/screening/inputs/testset/E3L_6DO3_test_chunk50/flags_params_test_0_466.flags
Saved: /lus/eagle/projects/marP_TB_VLS/WC/williamhconrad4/OpenVS-main/experiments/E3L_6DO3/screening/inputs/testset/E3L_6DO3_test_chunk50/tar_params_test_0_467.tar
Saved: /lus/eagle/projects/marP_TB_VLS/WC/williamhconrad4/OpenVS-main/experiments/E3L_6DO3/screening/inputs/testset/E3L_6DO3_test_chunk50/ligands_list_test_0_467.txt
Saved: /lus/eagle/projects/marP_TB_VLS/WC/williamhconrad4/OpenVS-main/experiments/E3L_6DO3/screening/inputs/testset/E3L_6DO3_test_chunk50/flags_params_test_0_467.flags
Saved: /lus/eagle/projects/marP_TB_VLS/WC/williamhconrad4/OpenVS-main/experiments/E3L_6DO3/screening/inputs/testset/E3L_6DO3_test_chunk50/tar_params_test_0_468.tar
Saved: /lus/eagle/projects/marP_TB_VLS/WC/williamhconrad4/OpenVS-main/experiments/E3L_6DO3/screening/inputs/testset/E3L_6DO3_test_chunk50/ligands_list_test_0_468.txt
Saved: /lus/eagle/projects/marP_TB_VLS/WC/williamhconrad4/OpenVS-main/experiments/E3L_6DO3/screening/inputs/testset/E3L_6DO3_test_chunk50/flags_params_test_0_468.flags
Saved: /lus/eagle/projects/marP_TB_VLS/WC/williamhconrad4/OpenVS-main/experiments/E3L_6DO3/screening/inputs/testset/E3L_6DO3_test_chunk50/tar_params_test_0_469.tar
Saved: /lus/eagle/projects/marP_TB_VLS/WC/williamhconrad4/OpenVS-main/experiments/E3L_6DO3/screening/inputs/testset/E3L_6DO3_test_chunk50/ligands_list_test_0_469.txt
Saved: /lus/eagle/projects/marP_TB_VLS/WC/williamhconrad4/OpenVS-main/experiments/E3L_6DO3/screening/inputs/testset/E3L_6DO3_test_chunk50/flags_params_test_0_469.flags
Saved: /lus/eagle/projects/marP_TB_VLS/WC/williamhconrad4/OpenVS-main/experiments/E3L_6DO3/screening/inputs/testset/E3L_6DO3_test_chunk50/tar_params_test_0_470.tar
Saved: /lus/eagle/projects/marP_TB_VLS/WC/williamhconrad4/OpenVS-main/experiments/E3L_6DO3/screening/inputs/testset/E3L_6DO3_test_chunk50/ligands_list_test_0_470.txt
Saved: /lus/eagle/projects/marP_TB_VLS/WC/williamhconrad4/OpenVS-main/experiments/E3L_6DO3/screening/inputs/testset/E3L_6DO3_test_chunk50/flags_params_test_0_470.flags
Saved: /lus/eagle/projects/marP_TB_VLS/WC/williamhconrad4/OpenVS-main/experiments/E3L_6DO3/screening/inputs/testset/E3L_6DO3_test_chunk50/tar_params_test_0_471.tar
Saved: /lus/eagle/projects/marP_TB_VLS/WC/williamhconrad4/OpenVS-main/experiments/E3L_6DO3/screening/inputs/testset/E3L_6DO3_test_chunk50/ligands_list_test_0_471.txt
Saved: /lus/eagle/projects/marP_TB_VLS/WC/williamhconrad4/OpenVS-main/experiments/E3L_6DO3/screening/inputs/testset/E3L_6DO3_test_chunk50/flags_params_test_0_471.flags
Saved: /lus/eagle/projects/marP_TB_VLS/WC/williamhconrad4/OpenVS-main/experiments/E3L_6DO3/screening/inputs/testset/E3L_6DO3_test_chunk50/tar_params_test_0_472.tar
Saved: /lus/eagle/projects/marP_TB_VLS/WC/williamhconrad4/OpenVS-main/experiments/E3L_6DO3/screening/inputs/testset/E3L_6DO3_test_chunk50/ligands_list_test_0_472.txt
Saved: /lus/eagle/projects/marP_TB_VLS/WC/williamhconrad4/OpenVS-main/experiments/E3L_6DO3/screening/inputs/testset/E3L_6DO3_test_chunk50/flags_params_test_0_472.flags
Saved: /lus/eagle/projects/marP_TB_VLS/WC/williamhconrad4/OpenVS-main/experiments/E3L_6DO3/screening/inputs/testset/E3L_6DO3_test_chunk50/tar_params_test_0_473.tar
Saved: /lus/eagle/projects/marP_TB_VLS/WC/williamhconrad4/OpenVS-main/experiments/E3L_6DO3/screening/inputs/testset/E3L_6DO3_test_chunk50/ligands_list_test_0_473.txt
Saved: /lus/eagle/projects/marP_TB_VLS/WC/williamhconrad4/OpenVS-main/experiments/E3L_6DO3/screening/inputs/testset/E3L_6DO3_test_chunk50/flags_params_test_0_473.flags
Saved: /lus/eagle/projects/marP_TB_VLS/WC/williamhconrad4/OpenVS-main/experiments/E3L_6DO3/screening/inputs/testset/E3L_6DO3_test_chunk50/tar_params_test_0_474.tar
Saved: /lus/eagle/projects/marP_TB_VLS/WC/williamhconrad4/OpenVS-main/experiments/E3L_6DO3/screening/inputs/testset/E3L_6DO3_test_chunk50/ligands_list_test_0_474.txt
Saved: /lus/eagle/projects/marP_TB_VLS/WC/williamhconrad4/OpenVS-main/experiments/E3L_6DO3/screening/inputs/testset/E3L_6DO3_test_chunk50/flags_params_test_0_474.flags
Saved: /lus/eagle/projects/marP_TB_VLS/WC/williamhconrad4/OpenVS-main/experiments/E3L_6DO3/screening/inputs/testset/E3L_6DO3_test_chunk50/tar_params_test_0_475.tar
Saved: /lus/eagle/projects/marP_TB_VLS/WC/williamhconrad4/OpenVS-main/experiments/E3L_6DO3/screening/inputs/testset/E3L_6DO3_test_chunk50/ligands_list_test_0_475.txt
Saved: /lus/eagle/projects/marP_TB_VLS/WC/williamhconrad4/OpenVS-main/experiments/E3L_6DO3/screening/inputs/testset/E3L_6DO3_test_chunk50/flags_params_test_0_475.flags
Saved: /lus/eagle/projects/marP_TB_VLS/WC/williamhconrad4/OpenVS-main/experiments/E3L_6DO3/screening/inputs/testset/E3L_6DO3_test_chunk50/tar_params_test_0_476.tar
Saved: /lus/eagle/projects/marP_TB_VLS/WC/williamhconrad4/OpenVS-main/experiments/E3L_6DO3/screening/inputs/testset/E3L_6DO3_test_chunk50/ligands_list_test_0_476.txt
Saved: /lus/eagle/projects/marP_TB_VLS/WC/williamhconrad4/OpenVS-main/experiments/E3L_6DO3/screening/inputs/testset/E3L_6DO3_test_chunk50/flags_params_test_0_476.flags
Saved: /lus/eagle/projects/marP_TB_VLS/WC/williamhconrad4/OpenVS-main/experiments/E3L_6DO3/screening/inputs/testset/E3L_6DO3_test_chunk50/tar_params_test_0_477.tar
Saved: /lus/eagle/projects/marP_TB_VLS/WC/williamhconrad4/OpenVS-main/experiments/E3L_6DO3/screening/inputs/testset/E3L_6DO3_test_chunk50/ligands_list_test_0_477.txt
Saved: /lus/eagle/projects/marP_TB_VLS/WC/williamhconrad4/OpenVS-main/experiments/E3L_6DO3/screening/inputs/testset/E3L_6DO3_test_chunk50/flags_params_test_0_477.flags
Saved: /lus/eagle/projects/marP_TB_VLS/WC/williamhconrad4/OpenVS-main/experiments/E3L_6DO3/screening/inputs/testset/E3L_6DO3_test_chunk50/tar_params_test_0_478.tar
Saved: /lus/eagle/projects/marP_TB_VLS/WC/williamhconrad4/OpenVS-main/experiments/E3L_6DO3/screening/inputs/testset/E3L_6DO3_test_chunk50/ligands_list_test_0_478.txt
Saved: /lus/eagle/projects/marP_TB_VLS/WC/williamhconrad4/OpenVS-main/experiments/E3L_6DO3/screening/inputs/testset/E3L_6DO3_test_chunk50/flags_params_test_0_478.flags
Saved: /lus/eagle/projects/marP_TB_VLS/WC/williamhconrad4/OpenVS-main/experiments/E3L_6DO3/screening/inputs/testset/E3L_6DO3_test_chunk50/tar_params_test_0_479.tar
Saved: /lus/eagle/projects/marP_TB_VLS/WC/williamhconrad4/OpenVS-main/experiments/E3L_6DO3/screening/inputs/testset/E3L_6DO3_test_chunk50/ligands_list_test_0_479.txt
Saved: /lus/eagle/projects/marP_TB_VLS/WC/williamhconrad4/OpenVS-main/experiments/E3L_6DO3/screening/inputs/testset/E3L_6DO3_test_chunk50/flags_params_test_0_479.flags
Saved: /lus/eagle/projects/marP_TB_VLS/WC/williamhconrad4/OpenVS-main/experiments/E3L_6DO3/screening/inputs/testset/E3L_6DO3_test_chunk50/tar_params_test_0_480.tar
Saved: /lus/eagle/projects/marP_TB_VLS/WC/williamhconrad4/OpenVS-main/experiments/E3L_6DO3/screening/inputs/testset/E3L_6DO3_test_chunk50/ligands_list_test_0_480.txt
Saved: /lus/eagle/projects/marP_TB_VLS/WC/williamhconrad4/OpenVS-main/experiments/E3L_6DO3/screening/inputs/testset/E3L_6DO3_test_chunk50/flags_params_test_0_480.flags
Saved: /lus/eagle/projects/marP_TB_VLS/WC/williamhconrad4/OpenVS-main/experiments/E3L_6DO3/screening/inputs/testset/E3L_6DO3_test_chunk50/tar_params_test_0_481.tar
Saved: /lus/eagle/projects/marP_TB_VLS/WC/williamhconrad4/OpenVS-main/experiments/E3L_6DO3/screening/inputs/testset/E3L_6DO3_test_chunk50/ligands_list_test_0_481.txt
Saved: /lus/eagle/projects/marP_TB_VLS/WC/williamhconrad4/OpenVS-main/experiments/E3L_6DO3/screening/inputs/testset/E3L_6DO3_test_chunk50/flags_params_test_0_481.flags
Saved: /lus/eagle/projects/marP_TB_VLS/WC/williamhconrad4/OpenVS-main/experiments/E3L_6DO3/screening/inputs/testset/E3L_6DO3_test_chunk50/tar_params_test_0_482.tar
Saved: /lus/eagle/projects/marP_TB_VLS/WC/williamhconrad4/OpenVS-main/experiments/E3L_6DO3/screening/inputs/testset/E3L_6DO3_test_chunk50/ligands_list_test_0_482.txt
Saved: /lus/eagle/projects/marP_TB_VLS/WC/williamhconrad4/OpenVS-main/experiments/E3L_6DO3/screening/inputs/testset/E3L_6DO3_test_chunk50/flags_params_test_0_482.flags
Saved: /lus/eagle/projects/marP_TB_VLS/WC/williamhconrad4/OpenVS-main/experiments/E3L_6DO3/screening/inputs/testset/E3L_6DO3_test_chunk50/tar_params_test_0_483.tar
Saved: /lus/eagle/projects/marP_TB_VLS/WC/williamhconrad4/OpenVS-main/experiments/E3L_6DO3/screening/inputs/testset/E3L_6DO3_test_chunk50/ligands_list_test_0_483.txt
Saved: /lus/eagle/projects/marP_TB_VLS/WC/williamhconrad4/OpenVS-main/experiments/E3L_6DO3/screening/inputs/testset/E3L_6DO3_test_chunk50/flags_params_test_0_483.flags
Saved: /lus/eagle/projects/marP_TB_VLS/WC/williamhconrad4/OpenVS-main/experiments/E3L_6DO3/screening/inputs/testset/E3L_6DO3_test_chunk50/tar_params_test_0_484.tar
Saved: /lus/eagle/projects/marP_TB_VLS/WC/williamhconrad4/OpenVS-main/experiments/E3L_6DO3/screening/inputs/testset/E3L_6DO3_test_chunk50/ligands_list_test_0_484.txt
Saved: /lus/eagle/projects/marP_TB_VLS/WC/williamhconrad4/OpenVS-main/experiments/E3L_6DO3/screening/inputs/testset/E3L_6DO3_test_chunk50/flags_params_test_0_484.flags
Saved: /lus/eagle/projects/marP_TB_VLS/WC/williamhconrad4/OpenVS-main/experiments/E3L_6DO3/screening/inputs/testset/E3L_6DO3_test_chunk50/tar_params_test_0_485.tar
Saved: /lus/eagle/projects/marP_TB_VLS/WC/williamhconrad4/OpenVS-main/experiments/E3L_6DO3/screening/inputs/testset/E3L_6DO3_test_chunk50/ligands_list_test_0_485.txt
Saved: /lus/eagle/projects/marP_TB_VLS/WC/williamhconrad4/OpenVS-main/experiments/E3L_6DO3/screening/inputs/testset/E3L_6DO3_test_chunk50/flags_params_test_0_485.flags
Saved: /lus/eagle/projects/marP_TB_VLS/WC/williamhconrad4/OpenVS-main/experiments/E3L_6DO3/screening/inputs/testset/E3L_6DO3_test_chunk50/tar_params_test_0_486.tar
Saved: /lus/eagle/projects/marP_TB_VLS/WC/williamhconrad4/OpenVS-main/experiments/E3L_6DO3/screening/inputs/testset/E3L_6DO3_test_chunk50/ligands_list_test_0_486.txt
Saved: /lus/eagle/projects/marP_TB_VLS/WC/williamhconrad4/OpenVS-main/experiments/E3L_6DO3/screening/inputs/testset/E3L_6DO3_test_chunk50/flags_params_test_0_486.flags
Saved: /lus/eagle/projects/marP_TB_VLS/WC/williamhconrad4/OpenVS-main/experiments/E3L_6DO3/screening/inputs/testset/E3L_6DO3_test_chunk50/tar_params_test_0_487.tar
Saved: /lus/eagle/projects/marP_TB_VLS/WC/williamhconrad4/OpenVS-main/experiments/E3L_6DO3/screening/inputs/testset/E3L_6DO3_test_chunk50/ligands_list_test_0_487.txt
Saved: /lus/eagle/projects/marP_TB_VLS/WC/williamhconrad4/OpenVS-main/experiments/E3L_6DO3/screening/inputs/testset/E3L_6DO3_test_chunk50/flags_params_test_0_487.flags
Saved: /lus/eagle/projects/marP_TB_VLS/WC/williamhconrad4/OpenVS-main/experiments/E3L_6DO3/screening/inputs/testset/E3L_6DO3_test_chunk50/tar_params_test_0_488.tar
Saved: /lus/eagle/projects/marP_TB_VLS/WC/williamhconrad4/OpenVS-main/experiments/E3L_6DO3/screening/inputs/testset/E3L_6DO3_test_chunk50/ligands_list_test_0_488.txt
Saved: /lus/eagle/projects/marP_TB_VLS/WC/williamhconrad4/OpenVS-main/experiments/E3L_6DO3/screening/inputs/testset/E3L_6DO3_test_chunk50/flags_params_test_0_488.flags
Saved: /lus/eagle/projects/marP_TB_VLS/WC/williamhconrad4/OpenVS-main/experiments/E3L_6DO3/screening/inputs/testset/E3L_6DO3_test_chunk50/tar_params_test_0_489.tar
Saved: /lus/eagle/projects/marP_TB_VLS/WC/williamhconrad4/OpenVS-main/experiments/E3L_6DO3/screening/inputs/testset/E3L_6DO3_test_chunk50/ligands_list_test_0_489.txt
Saved: /lus/eagle/projects/marP_TB_VLS/WC/williamhconrad4/OpenVS-main/experiments/E3L_6DO3/screening/inputs/testset/E3L_6DO3_test_chunk50/flags_params_test_0_489.flags
Saved: /lus/eagle/projects/marP_TB_VLS/WC/williamhconrad4/OpenVS-main/experiments/E3L_6DO3/screening/inputs/testset/E3L_6DO3_test_chunk50/tar_params_test_0_490.tar
Saved: /lus/eagle/projects/marP_TB_VLS/WC/williamhconrad4/OpenVS-main/experiments/E3L_6DO3/screening/inputs/testset/E3L_6DO3_test_chunk50/ligands_list_test_0_490.txt
Saved: /lus/eagle/projects/marP_TB_VLS/WC/williamhconrad4/OpenVS-main/experiments/E3L_6DO3/screening/inputs/testset/E3L_6DO3_test_chunk50/flags_params_test_0_490.flags
Saved: /lus/eagle/projects/marP_TB_VLS/WC/williamhconrad4/OpenVS-main/experiments/E3L_6DO3/screening/inputs/testset/E3L_6DO3_test_chunk50/tar_params_test_0_491.tar
Saved: /lus/eagle/projects/marP_TB_VLS/WC/williamhconrad4/OpenVS-main/experiments/E3L_6DO3/screening/inputs/testset/E3L_6DO3_test_chunk50/ligands_list_test_0_491.txt
Saved: /lus/eagle/projects/marP_TB_VLS/WC/williamhconrad4/OpenVS-main/experiments/E3L_6DO3/screening/inputs/testset/E3L_6DO3_test_chunk50/flags_params_test_0_491.flags
Saved: /lus/eagle/projects/marP_TB_VLS/WC/williamhconrad4/OpenVS-main/experiments/E3L_6DO3/screening/inputs/testset/E3L_6DO3_test_chunk50/tar_params_test_0_492.tar
Saved: /lus/eagle/projects/marP_TB_VLS/WC/williamhconrad4/OpenVS-main/experiments/E3L_6DO3/screening/inputs/testset/E3L_6DO3_test_chunk50/ligands_list_test_0_492.txt
Saved: /lus/eagle/projects/marP_TB_VLS/WC/williamhconrad4/OpenVS-main/experiments/E3L_6DO3/screening/inputs/testset/E3L_6DO3_test_chunk50/flags_params_test_0_492.flags
Saved: /lus/eagle/projects/marP_TB_VLS/WC/williamhconrad4/OpenVS-main/experiments/E3L_6DO3/screening/inputs/testset/E3L_6DO3_test_chunk50/tar_params_test_0_493.tar
Saved: /lus/eagle/projects/marP_TB_VLS/WC/williamhconrad4/OpenVS-main/experiments/E3L_6DO3/screening/inputs/testset/E3L_6DO3_test_chunk50/ligands_list_test_0_493.txt
Saved: /lus/eagle/projects/marP_TB_VLS/WC/williamhconrad4/OpenVS-main/experiments/E3L_6DO3/screening/inputs/testset/E3L_6DO3_test_chunk50/flags_params_test_0_493.flags
Saved: /lus/eagle/projects/marP_TB_VLS/WC/williamhconrad4/OpenVS-main/experiments/E3L_6DO3/screening/inputs/testset/E3L_6DO3_test_chunk50/tar_params_test_0_494.tar
Saved: /lus/eagle/projects/marP_TB_VLS/WC/williamhconrad4/OpenVS-main/experiments/E3L_6DO3/screening/inputs/testset/E3L_6DO3_test_chunk50/ligands_list_test_0_494.txt
Saved: /lus/eagle/projects/marP_TB_VLS/WC/williamhconrad4/OpenVS-main/experiments/E3L_6DO3/screening/inputs/testset/E3L_6DO3_test_chunk50/flags_params_test_0_494.flags
Saved: /lus/eagle/projects/marP_TB_VLS/WC/williamhconrad4/OpenVS-main/experiments/E3L_6DO3/screening/inputs/testset/E3L_6DO3_test_chunk50/tar_params_test_0_495.tar
Saved: /lus/eagle/projects/marP_TB_VLS/WC/williamhconrad4/OpenVS-main/experiments/E3L_6DO3/screening/inputs/testset/E3L_6DO3_test_chunk50/ligands_list_test_0_495.txt
Saved: /lus/eagle/projects/marP_TB_VLS/WC/williamhconrad4/OpenVS-main/experiments/E3L_6DO3/screening/inputs/testset/E3L_6DO3_test_chunk50/flags_params_test_0_495.flags
Saved: /lus/eagle/projects/marP_TB_VLS/WC/williamhconrad4/OpenVS-main/experiments/E3L_6DO3/screening/inputs/testset/E3L_6DO3_test_chunk50/tar_params_test_0_496.tar
Saved: /lus/eagle/projects/marP_TB_VLS/WC/williamhconrad4/OpenVS-main/experiments/E3L_6DO3/screening/inputs/testset/E3L_6DO3_test_chunk50/ligands_list_test_0_496.txt
Saved: /lus/eagle/projects/marP_TB_VLS/WC/williamhconrad4/OpenVS-main/experiments/E3L_6DO3/screening/inputs/testset/E3L_6DO3_test_chunk50/flags_params_test_0_496.flags
Saved: /lus/eagle/projects/marP_TB_VLS/WC/williamhconrad4/OpenVS-main/experiments/E3L_6DO3/screening/inputs/testset/E3L_6DO3_test_chunk50/tar_params_test_0_497.tar
Saved: /lus/eagle/projects/marP_TB_VLS/WC/williamhconrad4/OpenVS-main/experiments/E3L_6DO3/screening/inputs/testset/E3L_6DO3_test_chunk50/ligands_list_test_0_497.txt
Saved: /lus/eagle/projects/marP_TB_VLS/WC/williamhconrad4/OpenVS-main/experiments/E3L_6DO3/screening/inputs/testset/E3L_6DO3_test_chunk50/flags_params_test_0_497.flags
Saved: /lus/eagle/projects/marP_TB_VLS/WC/williamhconrad4/OpenVS-main/experiments/E3L_6DO3/screening/inputs/testset/E3L_6DO3_test_chunk50/tar_params_test_0_498.tar
Saved: /lus/eagle/projects/marP_TB_VLS/WC/williamhconrad4/OpenVS-main/experiments/E3L_6DO3/screening/inputs/testset/E3L_6DO3_test_chunk50/ligands_list_test_0_498.txt
Saved: /lus/eagle/projects/marP_TB_VLS/WC/williamhconrad4/OpenVS-main/experiments/E3L_6DO3/screening/inputs/testset/E3L_6DO3_test_chunk50/flags_params_test_0_498.flags
Saved: /lus/eagle/projects/marP_TB_VLS/WC/williamhconrad4/OpenVS-main/experiments/E3L_6DO3/screening/inputs/testset/E3L_6DO3_test_chunk50/tar_params_test_0_499.tar
Saved: /lus/eagle/projects/marP_TB_VLS/WC/williamhconrad4/OpenVS-main/experiments/E3L_6DO3/screening/inputs/testset/E3L_6DO3_test_chunk50/ligands_list_test_0_499.txt
Saved: /lus/eagle/projects/marP_TB_VLS/WC/williamhconrad4/OpenVS-main/experiments/E3L_6DO3/screening/inputs/testset/E3L_6DO3_test_chunk50/flags_params_test_0_499.flags
Saved: /lus/eagle/projects/marP_TB_VLS/WC/williamhconrad4/OpenVS-main/experiments/E3L_6DO3/screening/inputs/testset/E3L_6DO3_test_chunk50/tar_params_test_0_500.tar
Saved: /lus/eagle/projects/marP_TB_VLS/WC/williamhconrad4/OpenVS-main/experiments/E3L_6DO3/screening/inputs/testset/E3L_6DO3_test_chunk50/ligands_list_test_0_500.txt
Saved: /lus/eagle/projects/marP_TB_VLS/WC/williamhconrad4/OpenVS-main/experiments/E3L_6DO3/screening/inputs/testset/E3L_6DO3_test_chunk50/flags_params_test_0_500.flags
Saved: /lus/eagle/projects/marP_TB_VLS/WC/williamhconrad4/OpenVS-main/experiments/E3L_6DO3/screening/inputs/testset/E3L_6DO3_test_chunk50/tar_params_test_0_501.tar
Saved: /lus/eagle/projects/marP_TB_VLS/WC/williamhconrad4/OpenVS-main/experiments/E3L_6DO3/screening/inputs/testset/E3L_6DO3_test_chunk50/ligands_list_test_0_501.txt
Saved: /lus/eagle/projects/marP_TB_VLS/WC/williamhconrad4/OpenVS-main/experiments/E3L_6DO3/screening/inputs/testset/E3L_6DO3_test_chunk50/flags_params_test_0_501.flags
Saved: /lus/eagle/projects/marP_TB_VLS/WC/williamhconrad4/OpenVS-main/experiments/E3L_6DO3/screening/inputs/testset/E3L_6DO3_test_chunk50/tar_params_test_0_502.tar
Saved: /lus/eagle/projects/marP_TB_VLS/WC/williamhconrad4/OpenVS-main/experiments/E3L_6DO3/screening/inputs/testset/E3L_6DO3_test_chunk50/ligands_list_test_0_502.txt
Saved: /lus/eagle/projects/marP_TB_VLS/WC/williamhconrad4/OpenVS-main/experiments/E3L_6DO3/screening/inputs/testset/E3L_6DO3_test_chunk50/flags_params_test_0_502.flags
Saved: /lus/eagle/projects/marP_TB_VLS/WC/williamhconrad4/OpenVS-main/experiments/E3L_6DO3/screening/inputs/testset/E3L_6DO3_test_chunk50/tar_params_test_0_503.tar
Saved: /lus/eagle/projects/marP_TB_VLS/WC/williamhconrad4/OpenVS-main/experiments/E3L_6DO3/screening/inputs/testset/E3L_6DO3_test_chunk50/ligands_list_test_0_503.txt
Saved: /lus/eagle/projects/marP_TB_VLS/WC/williamhconrad4/OpenVS-main/experiments/E3L_6DO3/screening/inputs/testset/E3L_6DO3_test_chunk50/flags_params_test_0_503.flags
Saved: /lus/eagle/projects/marP_TB_VLS/WC/williamhconrad4/OpenVS-main/experiments/E3L_6DO3/screening/inputs/testset/E3L_6DO3_test_chunk50/tar_params_test_0_504.tar
Saved: /lus/eagle/projects/marP_TB_VLS/WC/williamhconrad4/OpenVS-main/experiments/E3L_6DO3/screening/inputs/testset/E3L_6DO3_test_chunk50/ligands_list_test_0_504.txt
Saved: /lus/eagle/projects/marP_TB_VLS/WC/williamhconrad4/OpenVS-main/experiments/E3L_6DO3/screening/inputs/testset/E3L_6DO3_test_chunk50/flags_params_test_0_504.flags
Saved: /lus/eagle/projects/marP_TB_VLS/WC/williamhconrad4/OpenVS-main/experiments/E3L_6DO3/screening/inputs/testset/E3L_6DO3_test_chunk50/tar_params_test_0_505.tar
Saved: /lus/eagle/projects/marP_TB_VLS/WC/williamhconrad4/OpenVS-main/experiments/E3L_6DO3/screening/inputs/testset/E3L_6DO3_test_chunk50/ligands_list_test_0_505.txt
Saved: /lus/eagle/projects/marP_TB_VLS/WC/williamhconrad4/OpenVS-main/experiments/E3L_6DO3/screening/inputs/testset/E3L_6DO3_test_chunk50/flags_params_test_0_505.flags
Saved: /lus/eagle/projects/marP_TB_VLS/WC/williamhconrad4/OpenVS-main/experiments/E3L_6DO3/screening/inputs/testset/E3L_6DO3_test_chunk50/tar_params_test_0_506.tar
Saved: /lus/eagle/projects/marP_TB_VLS/WC/williamhconrad4/OpenVS-main/experiments/E3L_6DO3/screening/inputs/testset/E3L_6DO3_test_chunk50/ligands_list_test_0_506.txt
Saved: /lus/eagle/projects/marP_TB_VLS/WC/williamhconrad4/OpenVS-main/experiments/E3L_6DO3/screening/inputs/testset/E3L_6DO3_test_chunk50/flags_params_test_0_506.flags
Saved: /lus/eagle/projects/marP_TB_VLS/WC/williamhconrad4/OpenVS-main/experiments/E3L_6DO3/screening/inputs/testset/E3L_6DO3_test_chunk50/tar_params_test_0_507.tar
Saved: /lus/eagle/projects/marP_TB_VLS/WC/williamhconrad4/OpenVS-main/experiments/E3L_6DO3/screening/inputs/testset/E3L_6DO3_test_chunk50/ligands_list_test_0_507.txt
Saved: /lus/eagle/projects/marP_TB_VLS/WC/williamhconrad4/OpenVS-main/experiments/E3L_6DO3/screening/inputs/testset/E3L_6DO3_test_chunk50/flags_params_test_0_507.flags
Saved: /lus/eagle/projects/marP_TB_VLS/WC/williamhconrad4/OpenVS-main/experiments/E3L_6DO3/screening/inputs/testset/E3L_6DO3_test_chunk50/tar_params_test_0_508.tar
Saved: /lus/eagle/projects/marP_TB_VLS/WC/williamhconrad4/OpenVS-main/experiments/E3L_6DO3/screening/inputs/testset/E3L_6DO3_test_chunk50/ligands_list_test_0_508.txt
Saved: /lus/eagle/projects/marP_TB_VLS/WC/williamhconrad4/OpenVS-main/experiments/E3L_6DO3/screening/inputs/testset/E3L_6DO3_test_chunk50/flags_params_test_0_508.flags
Saved: /lus/eagle/projects/marP_TB_VLS/WC/williamhconrad4/OpenVS-main/experiments/E3L_6DO3/screening/inputs/testset/E3L_6DO3_test_chunk50/tar_params_test_0_509.tar
Saved: /lus/eagle/projects/marP_TB_VLS/WC/williamhconrad4/OpenVS-main/experiments/E3L_6DO3/screening/inputs/testset/E3L_6DO3_test_chunk50/ligands_list_test_0_509.txt
Saved: /lus/eagle/projects/marP_TB_VLS/WC/williamhconrad4/OpenVS-main/experiments/E3L_6DO3/screening/inputs/testset/E3L_6DO3_test_chunk50/flags_params_test_0_509.flags
Saved: /lus/eagle/projects/marP_TB_VLS/WC/williamhconrad4/OpenVS-main/experiments/E3L_6DO3/screening/inputs/testset/E3L_6DO3_test_chunk50/tar_params_test_0_510.tar
Saved: /lus/eagle/projects/marP_TB_VLS/WC/williamhconrad4/OpenVS-main/experiments/E3L_6DO3/screening/inputs/testset/E3L_6DO3_test_chunk50/ligands_list_test_0_510.txt
Saved: /lus/eagle/projects/marP_TB_VLS/WC/williamhconrad4/OpenVS-main/experiments/E3L_6DO3/screening/inputs/testset/E3L_6DO3_test_chunk50/flags_params_test_0_510.flags
Saved: /lus/eagle/projects/marP_TB_VLS/WC/williamhconrad4/OpenVS-main/experiments/E3L_6DO3/screening/inputs/testset/E3L_6DO3_test_chunk50/tar_params_test_0_511.tar
Saved: /lus/eagle/projects/marP_TB_VLS/WC/williamhconrad4/OpenVS-main/experiments/E3L_6DO3/screening/inputs/testset/E3L_6DO3_test_chunk50/ligands_list_test_0_511.txt
Saved: /lus/eagle/projects/marP_TB_VLS/WC/williamhconrad4/OpenVS-main/experiments/E3L_6DO3/screening/inputs/testset/E3L_6DO3_test_chunk50/flags_params_test_0_511.flags
Saved: /lus/eagle/projects/marP_TB_VLS/WC/williamhconrad4/OpenVS-main/experiments/E3L_6DO3/screening/inputs/testset/E3L_6DO3_test_chunk50/tar_params_test_0_512.tar
Saved: /lus/eagle/projects/marP_TB_VLS/WC/williamhconrad4/OpenVS-main/experiments/E3L_6DO3/screening/inputs/testset/E3L_6DO3_test_chunk50/ligands_list_test_0_512.txt
Saved: /lus/eagle/projects/marP_TB_VLS/WC/williamhconrad4/OpenVS-main/experiments/E3L_6DO3/screening/inputs/testset/E3L_6DO3_test_chunk50/flags_params_test_0_512.flags
Saved: /lus/eagle/projects/marP_TB_VLS/WC/williamhconrad4/OpenVS-main/experiments/E3L_6DO3/screening/inputs/testset/E3L_6DO3_test_chunk50/tar_params_test_0_513.tar
Saved: /lus/eagle/projects/marP_TB_VLS/WC/williamhconrad4/OpenVS-main/experiments/E3L_6DO3/screening/inputs/testset/E3L_6DO3_test_chunk50/ligands_list_test_0_513.txt
Saved: /lus/eagle/projects/marP_TB_VLS/WC/williamhconrad4/OpenVS-main/experiments/E3L_6DO3/screening/inputs/testset/E3L_6DO3_test_chunk50/flags_params_test_0_513.flags
Saved: /lus/eagle/projects/marP_TB_VLS/WC/williamhconrad4/OpenVS-main/experiments/E3L_6DO3/screening/inputs/testset/E3L_6DO3_test_chunk50/tar_params_test_0_514.tar
Saved: /lus/eagle/projects/marP_TB_VLS/WC/williamhconrad4/OpenVS-main/experiments/E3L_6DO3/screening/inputs/testset/E3L_6DO3_test_chunk50/ligands_list_test_0_514.txt
Saved: /lus/eagle/projects/marP_TB_VLS/WC/williamhconrad4/OpenVS-main/experiments/E3L_6DO3/screening/inputs/testset/E3L_6DO3_test_chunk50/flags_params_test_0_514.flags
Saved: /lus/eagle/projects/marP_TB_VLS/WC/williamhconrad4/OpenVS-main/experiments/E3L_6DO3/screening/inputs/testset/E3L_6DO3_test_chunk50/tar_params_test_0_515.tar
Saved: /lus/eagle/projects/marP_TB_VLS/WC/williamhconrad4/OpenVS-main/experiments/E3L_6DO3/screening/inputs/testset/E3L_6DO3_test_chunk50/ligands_list_test_0_515.txt
Saved: /lus/eagle/projects/marP_TB_VLS/WC/williamhconrad4/OpenVS-main/experiments/E3L_6DO3/screening/inputs/testset/E3L_6DO3_test_chunk50/flags_params_test_0_515.flags
Saved: /lus/eagle/projects/marP_TB_VLS/WC/williamhconrad4/OpenVS-main/experiments/E3L_6DO3/screening/inputs/testset/E3L_6DO3_test_chunk50/tar_params_test_0_516.tar
Saved: /lus/eagle/projects/marP_TB_VLS/WC/williamhconrad4/OpenVS-main/experiments/E3L_6DO3/screening/inputs/testset/E3L_6DO3_test_chunk50/ligands_list_test_0_516.txt
Saved: /lus/eagle/projects/marP_TB_VLS/WC/williamhconrad4/OpenVS-main/experiments/E3L_6DO3/screening/inputs/testset/E3L_6DO3_test_chunk50/flags_params_test_0_516.flags
Saved: /lus/eagle/projects/marP_TB_VLS/WC/williamhconrad4/OpenVS-main/experiments/E3L_6DO3/screening/inputs/testset/E3L_6DO3_test_chunk50/tar_params_test_0_517.tar
Saved: /lus/eagle/projects/marP_TB_VLS/WC/williamhconrad4/OpenVS-main/experiments/E3L_6DO3/screening/inputs/testset/E3L_6DO3_test_chunk50/ligands_list_test_0_517.txt
Saved: /lus/eagle/projects/marP_TB_VLS/WC/williamhconrad4/OpenVS-main/experiments/E3L_6DO3/screening/inputs/testset/E3L_6DO3_test_chunk50/flags_params_test_0_517.flags
Saved: /lus/eagle/projects/marP_TB_VLS/WC/williamhconrad4/OpenVS-main/experiments/E3L_6DO3/screening/inputs/testset/E3L_6DO3_test_chunk50/tar_params_test_0_518.tar
Saved: /lus/eagle/projects/marP_TB_VLS/WC/williamhconrad4/OpenVS-main/experiments/E3L_6DO3/screening/inputs/testset/E3L_6DO3_test_chunk50/ligands_list_test_0_518.txt
Saved: /lus/eagle/projects/marP_TB_VLS/WC/williamhconrad4/OpenVS-main/experiments/E3L_6DO3/screening/inputs/testset/E3L_6DO3_test_chunk50/flags_params_test_0_518.flags
Saved: /lus/eagle/projects/marP_TB_VLS/WC/williamhconrad4/OpenVS-main/experiments/E3L_6DO3/screening/inputs/testset/E3L_6DO3_test_chunk50/tar_params_test_0_519.tar
Saved: /lus/eagle/projects/marP_TB_VLS/WC/williamhconrad4/OpenVS-main/experiments/E3L_6DO3/screening/inputs/testset/E3L_6DO3_test_chunk50/ligands_list_test_0_519.txt
Saved: /lus/eagle/projects/marP_TB_VLS/WC/williamhconrad4/OpenVS-main/experiments/E3L_6DO3/screening/inputs/testset/E3L_6DO3_test_chunk50/flags_params_test_0_519.flags
Saved: /lus/eagle/projects/marP_TB_VLS/WC/williamhconrad4/OpenVS-main/experiments/E3L_6DO3/screening/inputs/testset/E3L_6DO3_test_chunk50/tar_params_test_0_520.tar
Saved: /lus/eagle/projects/marP_TB_VLS/WC/williamhconrad4/OpenVS-main/experiments/E3L_6DO3/screening/inputs/testset/E3L_6DO3_test_chunk50/ligands_list_test_0_520.txt
Saved: /lus/eagle/projects/marP_TB_VLS/WC/williamhconrad4/OpenVS-main/experiments/E3L_6DO3/screening/inputs/testset/E3L_6DO3_test_chunk50/flags_params_test_0_520.flags
Saved: /lus/eagle/projects/marP_TB_VLS/WC/williamhconrad4/OpenVS-main/experiments/E3L_6DO3/screening/inputs/testset/E3L_6DO3_test_chunk50/tar_params_test_0_521.tar
Saved: /lus/eagle/projects/marP_TB_VLS/WC/williamhconrad4/OpenVS-main/experiments/E3L_6DO3/screening/inputs/testset/E3L_6DO3_test_chunk50/ligands_list_test_0_521.txt
Saved: /lus/eagle/projects/marP_TB_VLS/WC/williamhconrad4/OpenVS-main/experiments/E3L_6DO3/screening/inputs/testset/E3L_6DO3_test_chunk50/flags_params_test_0_521.flags
Saved: /lus/eagle/projects/marP_TB_VLS/WC/williamhconrad4/OpenVS-main/experiments/E3L_6DO3/screening/inputs/testset/E3L_6DO3_test_chunk50/tar_params_test_0_522.tar
Saved: /lus/eagle/projects/marP_TB_VLS/WC/williamhconrad4/OpenVS-main/experiments/E3L_6DO3/screening/inputs/testset/E3L_6DO3_test_chunk50/ligands_list_test_0_522.txt
Saved: /lus/eagle/projects/marP_TB_VLS/WC/williamhconrad4/OpenVS-main/experiments/E3L_6DO3/screening/inputs/testset/E3L_6DO3_test_chunk50/flags_params_test_0_522.flags
Saved: /lus/eagle/projects/marP_TB_VLS/WC/williamhconrad4/OpenVS-main/experiments/E3L_6DO3/screening/inputs/testset/E3L_6DO3_test_chunk50/tar_params_test_0_523.tar
Saved: /lus/eagle/projects/marP_TB_VLS/WC/williamhconrad4/OpenVS-main/experiments/E3L_6DO3/screening/inputs/testset/E3L_6DO3_test_chunk50/ligands_list_test_0_523.txt
Saved: /lus/eagle/projects/marP_TB_VLS/WC/williamhconrad4/OpenVS-main/experiments/E3L_6DO3/screening/inputs/testset/E3L_6DO3_test_chunk50/flags_params_test_0_523.flags
Saved: /lus/eagle/projects/marP_TB_VLS/WC/williamhconrad4/OpenVS-main/experiments/E3L_6DO3/screening/inputs/testset/E3L_6DO3_test_chunk50/tar_params_test_0_524.tar
Saved: /lus/eagle/projects/marP_TB_VLS/WC/williamhconrad4/OpenVS-main/experiments/E3L_6DO3/screening/inputs/testset/E3L_6DO3_test_chunk50/ligands_list_test_0_524.txt
Saved: /lus/eagle/projects/marP_TB_VLS/WC/williamhconrad4/OpenVS-main/experiments/E3L_6DO3/screening/inputs/testset/E3L_6DO3_test_chunk50/flags_params_test_0_524.flags
Saved: /lus/eagle/projects/marP_TB_VLS/WC/williamhconrad4/OpenVS-main/experiments/E3L_6DO3/screening/inputs/testset/E3L_6DO3_test_chunk50/tar_params_test_0_525.tar
Saved: /lus/eagle/projects/marP_TB_VLS/WC/williamhconrad4/OpenVS-main/experiments/E3L_6DO3/screening/inputs/testset/E3L_6DO3_test_chunk50/ligands_list_test_0_525.txt
Saved: /lus/eagle/projects/marP_TB_VLS/WC/williamhconrad4/OpenVS-main/experiments/E3L_6DO3/screening/inputs/testset/E3L_6DO3_test_chunk50/flags_params_test_0_525.flags
Saved: /lus/eagle/projects/marP_TB_VLS/WC/williamhconrad4/OpenVS-main/experiments/E3L_6DO3/screening/inputs/testset/E3L_6DO3_test_chunk50/tar_params_test_0_526.tar
Saved: /lus/eagle/projects/marP_TB_VLS/WC/williamhconrad4/OpenVS-main/experiments/E3L_6DO3/screening/inputs/testset/E3L_6DO3_test_chunk50/ligands_list_test_0_526.txt
Saved: /lus/eagle/projects/marP_TB_VLS/WC/williamhconrad4/OpenVS-main/experiments/E3L_6DO3/screening/inputs/testset/E3L_6DO3_test_chunk50/flags_params_test_0_526.flags
Saved: /lus/eagle/projects/marP_TB_VLS/WC/williamhconrad4/OpenVS-main/experiments/E3L_6DO3/screening/inputs/testset/E3L_6DO3_test_chunk50/tar_params_test_0_527.tar
Saved: /lus/eagle/projects/marP_TB_VLS/WC/williamhconrad4/OpenVS-main/experiments/E3L_6DO3/screening/inputs/testset/E3L_6DO3_test_chunk50/ligands_list_test_0_527.txt
Saved: /lus/eagle/projects/marP_TB_VLS/WC/williamhconrad4/OpenVS-main/experiments/E3L_6DO3/screening/inputs/testset/E3L_6DO3_test_chunk50/flags_params_test_0_527.flags
Saved: /lus/eagle/projects/marP_TB_VLS/WC/williamhconrad4/OpenVS-main/experiments/E3L_6DO3/screening/inputs/testset/E3L_6DO3_test_chunk50/tar_params_test_0_528.tar
Saved: /lus/eagle/projects/marP_TB_VLS/WC/williamhconrad4/OpenVS-main/experiments/E3L_6DO3/screening/inputs/testset/E3L_6DO3_test_chunk50/ligands_list_test_0_528.txt
Saved: /lus/eagle/projects/marP_TB_VLS/WC/williamhconrad4/OpenVS-main/experiments/E3L_6DO3/screening/inputs/testset/E3L_6DO3_test_chunk50/flags_params_test_0_528.flags
Saved: /lus/eagle/projects/marP_TB_VLS/WC/williamhconrad4/OpenVS-main/experiments/E3L_6DO3/screening/inputs/testset/E3L_6DO3_test_chunk50/tar_params_test_0_529.tar
Saved: /lus/eagle/projects/marP_TB_VLS/WC/williamhconrad4/OpenVS-main/experiments/E3L_6DO3/screening/inputs/testset/E3L_6DO3_test_chunk50/ligands_list_test_0_529.txt
Saved: /lus/eagle/projects/marP_TB_VLS/WC/williamhconrad4/OpenVS-main/experiments/E3L_6DO3/screening/inputs/testset/E3L_6DO3_test_chunk50/flags_params_test_0_529.flags
Saved: /lus/eagle/projects/marP_TB_VLS/WC/williamhconrad4/OpenVS-main/experiments/E3L_6DO3/screening/inputs/testset/E3L_6DO3_test_chunk50/tar_params_test_0_530.tar
Saved: /lus/eagle/projects/marP_TB_VLS/WC/williamhconrad4/OpenVS-main/experiments/E3L_6DO3/screening/inputs/testset/E3L_6DO3_test_chunk50/ligands_list_test_0_530.txt
Saved: /lus/eagle/projects/marP_TB_VLS/WC/williamhconrad4/OpenVS-main/experiments/E3L_6DO3/screening/inputs/testset/E3L_6DO3_test_chunk50/flags_params_test_0_530.flags
Saved: /lus/eagle/projects/marP_TB_VLS/WC/williamhconrad4/OpenVS-main/experiments/E3L_6DO3/screening/inputs/testset/E3L_6DO3_test_chunk50/tar_params_test_0_531.tar
Saved: /lus/eagle/projects/marP_TB_VLS/WC/williamhconrad4/OpenVS-main/experiments/E3L_6DO3/screening/inputs/testset/E3L_6DO3_test_chunk50/ligands_list_test_0_531.txt
Saved: /lus/eagle/projects/marP_TB_VLS/WC/williamhconrad4/OpenVS-main/experiments/E3L_6DO3/screening/inputs/testset/E3L_6DO3_test_chunk50/flags_params_test_0_531.flags
Saved: /lus/eagle/projects/marP_TB_VLS/WC/williamhconrad4/OpenVS-main/experiments/E3L_6DO3/screening/inputs/testset/E3L_6DO3_test_chunk50/tar_params_test_0_532.tar
Saved: /lus/eagle/projects/marP_TB_VLS/WC/williamhconrad4/OpenVS-main/experiments/E3L_6DO3/screening/inputs/testset/E3L_6DO3_test_chunk50/ligands_list_test_0_532.txt
Saved: /lus/eagle/projects/marP_TB_VLS/WC/williamhconrad4/OpenVS-main/experiments/E3L_6DO3/screening/inputs/testset/E3L_6DO3_test_chunk50/flags_params_test_0_532.flags
Saved: /lus/eagle/projects/marP_TB_VLS/WC/williamhconrad4/OpenVS-main/experiments/E3L_6DO3/screening/inputs/testset/E3L_6DO3_test_chunk50/tar_params_test_0_533.tar
Saved: /lus/eagle/projects/marP_TB_VLS/WC/williamhconrad4/OpenVS-main/experiments/E3L_6DO3/screening/inputs/testset/E3L_6DO3_test_chunk50/ligands_list_test_0_533.txt
Saved: /lus/eagle/projects/marP_TB_VLS/WC/williamhconrad4/OpenVS-main/experiments/E3L_6DO3/screening/inputs/testset/E3L_6DO3_test_chunk50/flags_params_test_0_533.flags
Saved: /lus/eagle/projects/marP_TB_VLS/WC/williamhconrad4/OpenVS-main/experiments/E3L_6DO3/screening/inputs/testset/E3L_6DO3_test_chunk50/tar_params_test_0_534.tar
Saved: /lus/eagle/projects/marP_TB_VLS/WC/williamhconrad4/OpenVS-main/experiments/E3L_6DO3/screening/inputs/testset/E3L_6DO3_test_chunk50/ligands_list_test_0_534.txt
Saved: /lus/eagle/projects/marP_TB_VLS/WC/williamhconrad4/OpenVS-main/experiments/E3L_6DO3/screening/inputs/testset/E3L_6DO3_test_chunk50/flags_params_test_0_534.flags
Saved: /lus/eagle/projects/marP_TB_VLS/WC/williamhconrad4/OpenVS-main/experiments/E3L_6DO3/screening/inputs/testset/E3L_6DO3_test_chunk50/tar_params_test_0_535.tar
Saved: /lus/eagle/projects/marP_TB_VLS/WC/williamhconrad4/OpenVS-main/experiments/E3L_6DO3/screening/inputs/testset/E3L_6DO3_test_chunk50/ligands_list_test_0_535.txt
Saved: /lus/eagle/projects/marP_TB_VLS/WC/williamhconrad4/OpenVS-main/experiments/E3L_6DO3/screening/inputs/testset/E3L_6DO3_test_chunk50/flags_params_test_0_535.flags
Saved: /lus/eagle/projects/marP_TB_VLS/WC/williamhconrad4/OpenVS-main/experiments/E3L_6DO3/screening/inputs/testset/E3L_6DO3_test_chunk50/tar_params_test_0_536.tar
Saved: /lus/eagle/projects/marP_TB_VLS/WC/williamhconrad4/OpenVS-main/experiments/E3L_6DO3/screening/inputs/testset/E3L_6DO3_test_chunk50/ligands_list_test_0_536.txt
Saved: /lus/eagle/projects/marP_TB_VLS/WC/williamhconrad4/OpenVS-main/experiments/E3L_6DO3/screening/inputs/testset/E3L_6DO3_test_chunk50/flags_params_test_0_536.flags
Saved: /lus/eagle/projects/marP_TB_VLS/WC/williamhconrad4/OpenVS-main/experiments/E3L_6DO3/screening/inputs/testset/E3L_6DO3_test_chunk50/tar_params_test_0_537.tar
Saved: /lus/eagle/projects/marP_TB_VLS/WC/williamhconrad4/OpenVS-main/experiments/E3L_6DO3/screening/inputs/testset/E3L_6DO3_test_chunk50/ligands_list_test_0_537.txt
Saved: /lus/eagle/projects/marP_TB_VLS/WC/williamhconrad4/OpenVS-main/experiments/E3L_6DO3/screening/inputs/testset/E3L_6DO3_test_chunk50/flags_params_test_0_537.flags
Saved: /lus/eagle/projects/marP_TB_VLS/WC/williamhconrad4/OpenVS-main/experiments/E3L_6DO3/screening/inputs/testset/E3L_6DO3_test_chunk50/tar_params_test_0_538.tar
Saved: /lus/eagle/projects/marP_TB_VLS/WC/williamhconrad4/OpenVS-main/experiments/E3L_6DO3/screening/inputs/testset/E3L_6DO3_test_chunk50/ligands_list_test_0_538.txt
Saved: /lus/eagle/projects/marP_TB_VLS/WC/williamhconrad4/OpenVS-main/experiments/E3L_6DO3/screening/inputs/testset/E3L_6DO3_test_chunk50/flags_params_test_0_538.flags
Saved: /lus/eagle/projects/marP_TB_VLS/WC/williamhconrad4/OpenVS-main/experiments/E3L_6DO3/screening/inputs/testset/E3L_6DO3_test_chunk50/tar_params_test_0_539.tar
Saved: /lus/eagle/projects/marP_TB_VLS/WC/williamhconrad4/OpenVS-main/experiments/E3L_6DO3/screening/inputs/testset/E3L_6DO3_test_chunk50/ligands_list_test_0_539.txt
Saved: /lus/eagle/projects/marP_TB_VLS/WC/williamhconrad4/OpenVS-main/experiments/E3L_6DO3/screening/inputs/testset/E3L_6DO3_test_chunk50/flags_params_test_0_539.flags
Saved: /lus/eagle/projects/marP_TB_VLS/WC/williamhconrad4/OpenVS-main/experiments/E3L_6DO3/screening/inputs/testset/E3L_6DO3_test_chunk50/tar_params_test_0_540.tar
Saved: /lus/eagle/projects/marP_TB_VLS/WC/williamhconrad4/OpenVS-main/experiments/E3L_6DO3/screening/inputs/testset/E3L_6DO3_test_chunk50/ligands_list_test_0_540.txt
Saved: /lus/eagle/projects/marP_TB_VLS/WC/williamhconrad4/OpenVS-main/experiments/E3L_6DO3/screening/inputs/testset/E3L_6DO3_test_chunk50/flags_params_test_0_540.flags
Saved: /lus/eagle/projects/marP_TB_VLS/WC/williamhconrad4/OpenVS-main/experiments/E3L_6DO3/screening/inputs/testset/E3L_6DO3_test_chunk50/tar_params_test_0_541.tar
Saved: /lus/eagle/projects/marP_TB_VLS/WC/williamhconrad4/OpenVS-main/experiments/E3L_6DO3/screening/inputs/testset/E3L_6DO3_test_chunk50/ligands_list_test_0_541.txt
Saved: /lus/eagle/projects/marP_TB_VLS/WC/williamhconrad4/OpenVS-main/experiments/E3L_6DO3/screening/inputs/testset/E3L_6DO3_test_chunk50/flags_params_test_0_541.flags
Saved: /lus/eagle/projects/marP_TB_VLS/WC/williamhconrad4/OpenVS-main/experiments/E3L_6DO3/screening/inputs/testset/E3L_6DO3_test_chunk50/tar_params_test_0_542.tar
Saved: /lus/eagle/projects/marP_TB_VLS/WC/williamhconrad4/OpenVS-main/experiments/E3L_6DO3/screening/inputs/testset/E3L_6DO3_test_chunk50/ligands_list_test_0_542.txt
Saved: /lus/eagle/projects/marP_TB_VLS/WC/williamhconrad4/OpenVS-main/experiments/E3L_6DO3/screening/inputs/testset/E3L_6DO3_test_chunk50/flags_params_test_0_542.flags
Saved: /lus/eagle/projects/marP_TB_VLS/WC/williamhconrad4/OpenVS-main/experiments/E3L_6DO3/screening/inputs/testset/E3L_6DO3_test_chunk50/tar_params_test_0_543.tar
Saved: /lus/eagle/projects/marP_TB_VLS/WC/williamhconrad4/OpenVS-main/experiments/E3L_6DO3/screening/inputs/testset/E3L_6DO3_test_chunk50/ligands_list_test_0_543.txt
Saved: /lus/eagle/projects/marP_TB_VLS/WC/williamhconrad4/OpenVS-main/experiments/E3L_6DO3/screening/inputs/testset/E3L_6DO3_test_chunk50/flags_params_test_0_543.flags
Saved: /lus/eagle/projects/marP_TB_VLS/WC/williamhconrad4/OpenVS-main/experiments/E3L_6DO3/screening/inputs/testset/E3L_6DO3_test_chunk50/tar_params_test_0_544.tar
Saved: /lus/eagle/projects/marP_TB_VLS/WC/williamhconrad4/OpenVS-main/experiments/E3L_6DO3/screening/inputs/testset/E3L_6DO3_test_chunk50/ligands_list_test_0_544.txt
Saved: /lus/eagle/projects/marP_TB_VLS/WC/williamhconrad4/OpenVS-main/experiments/E3L_6DO3/screening/inputs/testset/E3L_6DO3_test_chunk50/flags_params_test_0_544.flags
Saved: /lus/eagle/projects/marP_TB_VLS/WC/williamhconrad4/OpenVS-main/experiments/E3L_6DO3/screening/inputs/testset/E3L_6DO3_test_chunk50/tar_params_test_0_545.tar
Saved: /lus/eagle/projects/marP_TB_VLS/WC/williamhconrad4/OpenVS-main/experiments/E3L_6DO3/screening/inputs/testset/E3L_6DO3_test_chunk50/ligands_list_test_0_545.txt
Saved: /lus/eagle/projects/marP_TB_VLS/WC/williamhconrad4/OpenVS-main/experiments/E3L_6DO3/screening/inputs/testset/E3L_6DO3_test_chunk50/flags_params_test_0_545.flags
Saved: /lus/eagle/projects/marP_TB_VLS/WC/williamhconrad4/OpenVS-main/experiments/E3L_6DO3/screening/inputs/testset/E3L_6DO3_test_chunk50/tar_params_test_0_546.tar
Saved: /lus/eagle/projects/marP_TB_VLS/WC/williamhconrad4/OpenVS-main/experiments/E3L_6DO3/screening/inputs/testset/E3L_6DO3_test_chunk50/ligands_list_test_0_546.txt
Saved: /lus/eagle/projects/marP_TB_VLS/WC/williamhconrad4/OpenVS-main/experiments/E3L_6DO3/screening/inputs/testset/E3L_6DO3_test_chunk50/flags_params_test_0_546.flags
Saved: /lus/eagle/projects/marP_TB_VLS/WC/williamhconrad4/OpenVS-main/experiments/E3L_6DO3/screening/inputs/testset/E3L_6DO3_test_chunk50/tar_params_test_0_547.tar
Saved: /lus/eagle/projects/marP_TB_VLS/WC/williamhconrad4/OpenVS-main/experiments/E3L_6DO3/screening/inputs/testset/E3L_6DO3_test_chunk50/ligands_list_test_0_547.txt
Saved: /lus/eagle/projects/marP_TB_VLS/WC/williamhconrad4/OpenVS-main/experiments/E3L_6DO3/screening/inputs/testset/E3L_6DO3_test_chunk50/flags_params_test_0_547.flags
Saved: /lus/eagle/projects/marP_TB_VLS/WC/williamhconrad4/OpenVS-main/experiments/E3L_6DO3/screening/inputs/testset/E3L_6DO3_test_chunk50/tar_params_test_0_548.tar
Saved: /lus/eagle/projects/marP_TB_VLS/WC/williamhconrad4/OpenVS-main/experiments/E3L_6DO3/screening/inputs/testset/E3L_6DO3_test_chunk50/ligands_list_test_0_548.txt
Saved: /lus/eagle/projects/marP_TB_VLS/WC/williamhconrad4/OpenVS-main/experiments/E3L_6DO3/screening/inputs/testset/E3L_6DO3_test_chunk50/flags_params_test_0_548.flags
Saved: /lus/eagle/projects/marP_TB_VLS/WC/williamhconrad4/OpenVS-main/experiments/E3L_6DO3/screening/inputs/testset/E3L_6DO3_test_chunk50/tar_params_test_0_549.tar
Saved: /lus/eagle/projects/marP_TB_VLS/WC/williamhconrad4/OpenVS-main/experiments/E3L_6DO3/screening/inputs/testset/E3L_6DO3_test_chunk50/ligands_list_test_0_549.txt
Saved: /lus/eagle/projects/marP_TB_VLS/WC/williamhconrad4/OpenVS-main/experiments/E3L_6DO3/screening/inputs/testset/E3L_6DO3_test_chunk50/flags_params_test_0_549.flags
Saved: /lus/eagle/projects/marP_TB_VLS/WC/williamhconrad4/OpenVS-main/experiments/E3L_6DO3/screening/inputs/testset/E3L_6DO3_test_chunk50/tar_params_test_0_550.tar
Saved: /lus/eagle/projects/marP_TB_VLS/WC/williamhconrad4/OpenVS-main/experiments/E3L_6DO3/screening/inputs/testset/E3L_6DO3_test_chunk50/ligands_list_test_0_550.txt
Saved: /lus/eagle/projects/marP_TB_VLS/WC/williamhconrad4/OpenVS-main/experiments/E3L_6DO3/screening/inputs/testset/E3L_6DO3_test_chunk50/flags_params_test_0_550.flags
Saved: /lus/eagle/projects/marP_TB_VLS/WC/williamhconrad4/OpenVS-main/experiments/E3L_6DO3/screening/inputs/testset/E3L_6DO3_test_chunk50/tar_params_test_0_551.tar
Saved: /lus/eagle/projects/marP_TB_VLS/WC/williamhconrad4/OpenVS-main/experiments/E3L_6DO3/screening/inputs/testset/E3L_6DO3_test_chunk50/ligands_list_test_0_551.txt
Saved: /lus/eagle/projects/marP_TB_VLS/WC/williamhconrad4/OpenVS-main/experiments/E3L_6DO3/screening/inputs/testset/E3L_6DO3_test_chunk50/flags_params_test_0_551.flags
Saved: /lus/eagle/projects/marP_TB_VLS/WC/williamhconrad4/OpenVS-main/experiments/E3L_6DO3/screening/inputs/testset/E3L_6DO3_test_chunk50/tar_params_test_0_552.tar
Saved: /lus/eagle/projects/marP_TB_VLS/WC/williamhconrad4/OpenVS-main/experiments/E3L_6DO3/screening/inputs/testset/E3L_6DO3_test_chunk50/ligands_list_test_0_552.txt
Saved: /lus/eagle/projects/marP_TB_VLS/WC/williamhconrad4/OpenVS-main/experiments/E3L_6DO3/screening/inputs/testset/E3L_6DO3_test_chunk50/flags_params_test_0_552.flags
Saved: /lus/eagle/projects/marP_TB_VLS/WC/williamhconrad4/OpenVS-main/experiments/E3L_6DO3/screening/inputs/testset/E3L_6DO3_test_chunk50/tar_params_test_0_553.tar
Saved: /lus/eagle/projects/marP_TB_VLS/WC/williamhconrad4/OpenVS-main/experiments/E3L_6DO3/screening/inputs/testset/E3L_6DO3_test_chunk50/ligands_list_test_0_553.txt
Saved: /lus/eagle/projects/marP_TB_VLS/WC/williamhconrad4/OpenVS-main/experiments/E3L_6DO3/screening/inputs/testset/E3L_6DO3_test_chunk50/flags_params_test_0_553.flags
Saved: /lus/eagle/projects/marP_TB_VLS/WC/williamhconrad4/OpenVS-main/experiments/E3L_6DO3/screening/inputs/testset/E3L_6DO3_test_chunk50/tar_params_test_0_554.tar
Saved: /lus/eagle/projects/marP_TB_VLS/WC/williamhconrad4/OpenVS-main/experiments/E3L_6DO3/screening/inputs/testset/E3L_6DO3_test_chunk50/ligands_list_test_0_554.txt
Saved: /lus/eagle/projects/marP_TB_VLS/WC/williamhconrad4/OpenVS-main/experiments/E3L_6DO3/screening/inputs/testset/E3L_6DO3_test_chunk50/flags_params_test_0_554.flags
Saved: /lus/eagle/projects/marP_TB_VLS/WC/williamhconrad4/OpenVS-main/experiments/E3L_6DO3/screening/inputs/testset/E3L_6DO3_test_chunk50/tar_params_test_0_555.tar
Saved: /lus/eagle/projects/marP_TB_VLS/WC/williamhconrad4/OpenVS-main/experiments/E3L_6DO3/screening/inputs/testset/E3L_6DO3_test_chunk50/ligands_list_test_0_555.txt
Saved: /lus/eagle/projects/marP_TB_VLS/WC/williamhconrad4/OpenVS-main/experiments/E3L_6DO3/screening/inputs/testset/E3L_6DO3_test_chunk50/flags_params_test_0_555.flags
Saved: /lus/eagle/projects/marP_TB_VLS/WC/williamhconrad4/OpenVS-main/experiments/E3L_6DO3/screening/inputs/testset/E3L_6DO3_test_chunk50/tar_params_test_0_556.tar
Saved: /lus/eagle/projects/marP_TB_VLS/WC/williamhconrad4/OpenVS-main/experiments/E3L_6DO3/screening/inputs/testset/E3L_6DO3_test_chunk50/ligands_list_test_0_556.txt
Saved: /lus/eagle/projects/marP_TB_VLS/WC/williamhconrad4/OpenVS-main/experiments/E3L_6DO3/screening/inputs/testset/E3L_6DO3_test_chunk50/flags_params_test_0_556.flags
Saved: /lus/eagle/projects/marP_TB_VLS/WC/williamhconrad4/OpenVS-main/experiments/E3L_6DO3/screening/inputs/testset/E3L_6DO3_test_chunk50/tar_params_test_0_557.tar
Saved: /lus/eagle/projects/marP_TB_VLS/WC/williamhconrad4/OpenVS-main/experiments/E3L_6DO3/screening/inputs/testset/E3L_6DO3_test_chunk50/ligands_list_test_0_557.txt
Saved: /lus/eagle/projects/marP_TB_VLS/WC/williamhconrad4/OpenVS-main/experiments/E3L_6DO3/screening/inputs/testset/E3L_6DO3_test_chunk50/flags_params_test_0_557.flags
Saved: /lus/eagle/projects/marP_TB_VLS/WC/williamhconrad4/OpenVS-main/experiments/E3L_6DO3/screening/inputs/testset/E3L_6DO3_test_chunk50/tar_params_test_0_558.tar
Saved: /lus/eagle/projects/marP_TB_VLS/WC/williamhconrad4/OpenVS-main/experiments/E3L_6DO3/screening/inputs/testset/E3L_6DO3_test_chunk50/ligands_list_test_0_558.txt
Saved: /lus/eagle/projects/marP_TB_VLS/WC/williamhconrad4/OpenVS-main/experiments/E3L_6DO3/screening/inputs/testset/E3L_6DO3_test_chunk50/flags_params_test_0_558.flags
Saved: /lus/eagle/projects/marP_TB_VLS/WC/williamhconrad4/OpenVS-main/experiments/E3L_6DO3/screening/inputs/testset/E3L_6DO3_test_chunk50/tar_params_test_0_559.tar
Saved: /lus/eagle/projects/marP_TB_VLS/WC/williamhconrad4/OpenVS-main/experiments/E3L_6DO3/screening/inputs/testset/E3L_6DO3_test_chunk50/ligands_list_test_0_559.txt
Saved: /lus/eagle/projects/marP_TB_VLS/WC/williamhconrad4/OpenVS-main/experiments/E3L_6DO3/screening/inputs/testset/E3L_6DO3_test_chunk50/flags_params_test_0_559.flags
Saved: /lus/eagle/projects/marP_TB_VLS/WC/williamhconrad4/OpenVS-main/experiments/E3L_6DO3/screening/inputs/testset/E3L_6DO3_test_chunk50/tar_params_test_0_560.tar
Saved: /lus/eagle/projects/marP_TB_VLS/WC/williamhconrad4/OpenVS-main/experiments/E3L_6DO3/screening/inputs/testset/E3L_6DO3_test_chunk50/ligands_list_test_0_560.txt
Saved: /lus/eagle/projects/marP_TB_VLS/WC/williamhconrad4/OpenVS-main/experiments/E3L_6DO3/screening/inputs/testset/E3L_6DO3_test_chunk50/flags_params_test_0_560.flags
Saved: /lus/eagle/projects/marP_TB_VLS/WC/williamhconrad4/OpenVS-main/experiments/E3L_6DO3/screening/inputs/testset/E3L_6DO3_test_chunk50/tar_params_test_0_561.tar
Saved: /lus/eagle/projects/marP_TB_VLS/WC/williamhconrad4/OpenVS-main/experiments/E3L_6DO3/screening/inputs/testset/E3L_6DO3_test_chunk50/ligands_list_test_0_561.txt
Saved: /lus/eagle/projects/marP_TB_VLS/WC/williamhconrad4/OpenVS-main/experiments/E3L_6DO3/screening/inputs/testset/E3L_6DO3_test_chunk50/flags_params_test_0_561.flags
Saved: /lus/eagle/projects/marP_TB_VLS/WC/williamhconrad4/OpenVS-main/experiments/E3L_6DO3/screening/inputs/testset/E3L_6DO3_test_chunk50/tar_params_test_0_562.tar
Saved: /lus/eagle/projects/marP_TB_VLS/WC/williamhconrad4/OpenVS-main/experiments/E3L_6DO3/screening/inputs/testset/E3L_6DO3_test_chunk50/ligands_list_test_0_562.txt
Saved: /lus/eagle/projects/marP_TB_VLS/WC/williamhconrad4/OpenVS-main/experiments/E3L_6DO3/screening/inputs/testset/E3L_6DO3_test_chunk50/flags_params_test_0_562.flags
Saved: /lus/eagle/projects/marP_TB_VLS/WC/williamhconrad4/OpenVS-main/experiments/E3L_6DO3/screening/inputs/testset/E3L_6DO3_test_chunk50/tar_params_test_0_563.tar
Saved: /lus/eagle/projects/marP_TB_VLS/WC/williamhconrad4/OpenVS-main/experiments/E3L_6DO3/screening/inputs/testset/E3L_6DO3_test_chunk50/ligands_list_test_0_563.txt
Saved: /lus/eagle/projects/marP_TB_VLS/WC/williamhconrad4/OpenVS-main/experiments/E3L_6DO3/screening/inputs/testset/E3L_6DO3_test_chunk50/flags_params_test_0_563.flags
Saved: /lus/eagle/projects/marP_TB_VLS/WC/williamhconrad4/OpenVS-main/experiments/E3L_6DO3/screening/inputs/testset/E3L_6DO3_test_chunk50/tar_params_test_0_564.tar
Saved: /lus/eagle/projects/marP_TB_VLS/WC/williamhconrad4/OpenVS-main/experiments/E3L_6DO3/screening/inputs/testset/E3L_6DO3_test_chunk50/ligands_list_test_0_564.txt
Saved: /lus/eagle/projects/marP_TB_VLS/WC/williamhconrad4/OpenVS-main/experiments/E3L_6DO3/screening/inputs/testset/E3L_6DO3_test_chunk50/flags_params_test_0_564.flags
Saved: /lus/eagle/projects/marP_TB_VLS/WC/williamhconrad4/OpenVS-main/experiments/E3L_6DO3/screening/inputs/testset/E3L_6DO3_test_chunk50/tar_params_test_0_565.tar
Saved: /lus/eagle/projects/marP_TB_VLS/WC/williamhconrad4/OpenVS-main/experiments/E3L_6DO3/screening/inputs/testset/E3L_6DO3_test_chunk50/ligands_list_test_0_565.txt
Saved: /lus/eagle/projects/marP_TB_VLS/WC/williamhconrad4/OpenVS-main/experiments/E3L_6DO3/screening/inputs/testset/E3L_6DO3_test_chunk50/flags_params_test_0_565.flags
Saved: /lus/eagle/projects/marP_TB_VLS/WC/williamhconrad4/OpenVS-main/experiments/E3L_6DO3/screening/inputs/testset/E3L_6DO3_test_chunk50/tar_params_test_0_566.tar
Saved: /lus/eagle/projects/marP_TB_VLS/WC/williamhconrad4/OpenVS-main/experiments/E3L_6DO3/screening/inputs/testset/E3L_6DO3_test_chunk50/ligands_list_test_0_566.txt
Saved: /lus/eagle/projects/marP_TB_VLS/WC/williamhconrad4/OpenVS-main/experiments/E3L_6DO3/screening/inputs/testset/E3L_6DO3_test_chunk50/flags_params_test_0_566.flags
Saved: /lus/eagle/projects/marP_TB_VLS/WC/williamhconrad4/OpenVS-main/experiments/E3L_6DO3/screening/inputs/testset/E3L_6DO3_test_chunk50/tar_params_test_0_567.tar
Saved: /lus/eagle/projects/marP_TB_VLS/WC/williamhconrad4/OpenVS-main/experiments/E3L_6DO3/screening/inputs/testset/E3L_6DO3_test_chunk50/ligands_list_test_0_567.txt
Saved: /lus/eagle/projects/marP_TB_VLS/WC/williamhconrad4/OpenVS-main/experiments/E3L_6DO3/screening/inputs/testset/E3L_6DO3_test_chunk50/flags_params_test_0_567.flags
Saved: /lus/eagle/projects/marP_TB_VLS/WC/williamhconrad4/OpenVS-main/experiments/E3L_6DO3/screening/inputs/testset/E3L_6DO3_test_chunk50/tar_params_test_0_568.tar
Saved: /lus/eagle/projects/marP_TB_VLS/WC/williamhconrad4/OpenVS-main/experiments/E3L_6DO3/screening/inputs/testset/E3L_6DO3_test_chunk50/ligands_list_test_0_568.txt
Saved: /lus/eagle/projects/marP_TB_VLS/WC/williamhconrad4/OpenVS-main/experiments/E3L_6DO3/screening/inputs/testset/E3L_6DO3_test_chunk50/flags_params_test_0_568.flags
Saved: /lus/eagle/projects/marP_TB_VLS/WC/williamhconrad4/OpenVS-main/experiments/E3L_6DO3/screening/inputs/testset/E3L_6DO3_test_chunk50/tar_params_test_0_569.tar
Saved: /lus/eagle/projects/marP_TB_VLS/WC/williamhconrad4/OpenVS-main/experiments/E3L_6DO3/screening/inputs/testset/E3L_6DO3_test_chunk50/ligands_list_test_0_569.txt
Saved: /lus/eagle/projects/marP_TB_VLS/WC/williamhconrad4/OpenVS-main/experiments/E3L_6DO3/screening/inputs/testset/E3L_6DO3_test_chunk50/flags_params_test_0_569.flags
Saved: /lus/eagle/projects/marP_TB_VLS/WC/williamhconrad4/OpenVS-main/experiments/E3L_6DO3/screening/inputs/testset/E3L_6DO3_test_chunk50/tar_params_test_0_570.tar
Saved: /lus/eagle/projects/marP_TB_VLS/WC/williamhconrad4/OpenVS-main/experiments/E3L_6DO3/screening/inputs/testset/E3L_6DO3_test_chunk50/ligands_list_test_0_570.txt
Saved: /lus/eagle/projects/marP_TB_VLS/WC/williamhconrad4/OpenVS-main/experiments/E3L_6DO3/screening/inputs/testset/E3L_6DO3_test_chunk50/flags_params_test_0_570.flags
Saved: /lus/eagle/projects/marP_TB_VLS/WC/williamhconrad4/OpenVS-main/experiments/E3L_6DO3/screening/inputs/testset/E3L_6DO3_test_chunk50/tar_params_test_0_571.tar
Saved: /lus/eagle/projects/marP_TB_VLS/WC/williamhconrad4/OpenVS-main/experiments/E3L_6DO3/screening/inputs/testset/E3L_6DO3_test_chunk50/ligands_list_test_0_571.txt
Saved: /lus/eagle/projects/marP_TB_VLS/WC/williamhconrad4/OpenVS-main/experiments/E3L_6DO3/screening/inputs/testset/E3L_6DO3_test_chunk50/flags_params_test_0_571.flags
Saved: /lus/eagle/projects/marP_TB_VLS/WC/williamhconrad4/OpenVS-main/experiments/E3L_6DO3/screening/inputs/testset/E3L_6DO3_test_chunk50/tar_params_test_0_572.tar
Saved: /lus/eagle/projects/marP_TB_VLS/WC/williamhconrad4/OpenVS-main/experiments/E3L_6DO3/screening/inputs/testset/E3L_6DO3_test_chunk50/ligands_list_test_0_572.txt
Saved: /lus/eagle/projects/marP_TB_VLS/WC/williamhconrad4/OpenVS-main/experiments/E3L_6DO3/screening/inputs/testset/E3L_6DO3_test_chunk50/flags_params_test_0_572.flags
Saved: /lus/eagle/projects/marP_TB_VLS/WC/williamhconrad4/OpenVS-main/experiments/E3L_6DO3/screening/inputs/testset/E3L_6DO3_test_chunk50/tar_params_test_0_573.tar
Saved: /lus/eagle/projects/marP_TB_VLS/WC/williamhconrad4/OpenVS-main/experiments/E3L_6DO3/screening/inputs/testset/E3L_6DO3_test_chunk50/ligands_list_test_0_573.txt
Saved: /lus/eagle/projects/marP_TB_VLS/WC/williamhconrad4/OpenVS-main/experiments/E3L_6DO3/screening/inputs/testset/E3L_6DO3_test_chunk50/flags_params_test_0_573.flags
Saved: /lus/eagle/projects/marP_TB_VLS/WC/williamhconrad4/OpenVS-main/experiments/E3L_6DO3/screening/inputs/testset/E3L_6DO3_test_chunk50/tar_params_test_0_574.tar
Saved: /lus/eagle/projects/marP_TB_VLS/WC/williamhconrad4/OpenVS-main/experiments/E3L_6DO3/screening/inputs/testset/E3L_6DO3_test_chunk50/ligands_list_test_0_574.txt
Saved: /lus/eagle/projects/marP_TB_VLS/WC/williamhconrad4/OpenVS-main/experiments/E3L_6DO3/screening/inputs/testset/E3L_6DO3_test_chunk50/flags_params_test_0_574.flags
Saved: /lus/eagle/projects/marP_TB_VLS/WC/williamhconrad4/OpenVS-main/experiments/E3L_6DO3/screening/inputs/testset/E3L_6DO3_test_chunk50/tar_params_test_0_575.tar
Saved: /lus/eagle/projects/marP_TB_VLS/WC/williamhconrad4/OpenVS-main/experiments/E3L_6DO3/screening/inputs/testset/E3L_6DO3_test_chunk50/ligands_list_test_0_575.txt
Saved: /lus/eagle/projects/marP_TB_VLS/WC/williamhconrad4/OpenVS-main/experiments/E3L_6DO3/screening/inputs/testset/E3L_6DO3_test_chunk50/flags_params_test_0_575.flags
Saved: /lus/eagle/projects/marP_TB_VLS/WC/williamhconrad4/OpenVS-main/experiments/E3L_6DO3/screening/inputs/testset/E3L_6DO3_test_chunk50/tar_params_test_0_576.tar
Saved: /lus/eagle/projects/marP_TB_VLS/WC/williamhconrad4/OpenVS-main/experiments/E3L_6DO3/screening/inputs/testset/E3L_6DO3_test_chunk50/ligands_list_test_0_576.txt
Saved: /lus/eagle/projects/marP_TB_VLS/WC/williamhconrad4/OpenVS-main/experiments/E3L_6DO3/screening/inputs/testset/E3L_6DO3_test_chunk50/flags_params_test_0_576.flags
Saved: /lus/eagle/projects/marP_TB_VLS/WC/williamhconrad4/OpenVS-main/experiments/E3L_6DO3/screening/inputs/testset/E3L_6DO3_test_chunk50/tar_params_test_0_577.tar
Saved: /lus/eagle/projects/marP_TB_VLS/WC/williamhconrad4/OpenVS-main/experiments/E3L_6DO3/screening/inputs/testset/E3L_6DO3_test_chunk50/ligands_list_test_0_577.txt
Saved: /lus/eagle/projects/marP_TB_VLS/WC/williamhconrad4/OpenVS-main/experiments/E3L_6DO3/screening/inputs/testset/E3L_6DO3_test_chunk50/flags_params_test_0_577.flags
Saved: /lus/eagle/projects/marP_TB_VLS/WC/williamhconrad4/OpenVS-main/experiments/E3L_6DO3/screening/inputs/testset/E3L_6DO3_test_chunk50/tar_params_test_0_578.tar
Saved: /lus/eagle/projects/marP_TB_VLS/WC/williamhconrad4/OpenVS-main/experiments/E3L_6DO3/screening/inputs/testset/E3L_6DO3_test_chunk50/ligands_list_test_0_578.txt
Saved: /lus/eagle/projects/marP_TB_VLS/WC/williamhconrad4/OpenVS-main/experiments/E3L_6DO3/screening/inputs/testset/E3L_6DO3_test_chunk50/flags_params_test_0_578.flags
Saved: /lus/eagle/projects/marP_TB_VLS/WC/williamhconrad4/OpenVS-main/experiments/E3L_6DO3/screening/inputs/testset/E3L_6DO3_test_chunk50/tar_params_test_0_579.tar
Saved: /lus/eagle/projects/marP_TB_VLS/WC/williamhconrad4/OpenVS-main/experiments/E3L_6DO3/screening/inputs/testset/E3L_6DO3_test_chunk50/ligands_list_test_0_579.txt
Saved: /lus/eagle/projects/marP_TB_VLS/WC/williamhconrad4/OpenVS-main/experiments/E3L_6DO3/screening/inputs/testset/E3L_6DO3_test_chunk50/flags_params_test_0_579.flags
Saved: /lus/eagle/projects/marP_TB_VLS/WC/williamhconrad4/OpenVS-main/experiments/E3L_6DO3/screening/inputs/testset/E3L_6DO3_test_chunk50/tar_params_test_0_580.tar
Saved: /lus/eagle/projects/marP_TB_VLS/WC/williamhconrad4/OpenVS-main/experiments/E3L_6DO3/screening/inputs/testset/E3L_6DO3_test_chunk50/ligands_list_test_0_580.txt
Saved: /lus/eagle/projects/marP_TB_VLS/WC/williamhconrad4/OpenVS-main/experiments/E3L_6DO3/screening/inputs/testset/E3L_6DO3_test_chunk50/flags_params_test_0_580.flags
Saved: /lus/eagle/projects/marP_TB_VLS/WC/williamhconrad4/OpenVS-main/experiments/E3L_6DO3/screening/inputs/testset/E3L_6DO3_test_chunk50/tar_params_test_0_581.tar
Saved: /lus/eagle/projects/marP_TB_VLS/WC/williamhconrad4/OpenVS-main/experiments/E3L_6DO3/screening/inputs/testset/E3L_6DO3_test_chunk50/ligands_list_test_0_581.txt
Saved: /lus/eagle/projects/marP_TB_VLS/WC/williamhconrad4/OpenVS-main/experiments/E3L_6DO3/screening/inputs/testset/E3L_6DO3_test_chunk50/flags_params_test_0_581.flags
Saved: /lus/eagle/projects/marP_TB_VLS/WC/williamhconrad4/OpenVS-main/experiments/E3L_6DO3/screening/inputs/testset/E3L_6DO3_test_chunk50/tar_params_test_0_582.tar
Saved: /lus/eagle/projects/marP_TB_VLS/WC/williamhconrad4/OpenVS-main/experiments/E3L_6DO3/screening/inputs/testset/E3L_6DO3_test_chunk50/ligands_list_test_0_582.txt
Saved: /lus/eagle/projects/marP_TB_VLS/WC/williamhconrad4/OpenVS-main/experiments/E3L_6DO3/screening/inputs/testset/E3L_6DO3_test_chunk50/flags_params_test_0_582.flags
Saved: /lus/eagle/projects/marP_TB_VLS/WC/williamhconrad4/OpenVS-main/experiments/E3L_6DO3/screening/inputs/testset/E3L_6DO3_test_chunk50/tar_params_test_0_583.tar
Saved: /lus/eagle/projects/marP_TB_VLS/WC/williamhconrad4/OpenVS-main/experiments/E3L_6DO3/screening/inputs/testset/E3L_6DO3_test_chunk50/ligands_list_test_0_583.txt
Saved: /lus/eagle/projects/marP_TB_VLS/WC/williamhconrad4/OpenVS-main/experiments/E3L_6DO3/screening/inputs/testset/E3L_6DO3_test_chunk50/flags_params_test_0_583.flags
Saved: /lus/eagle/projects/marP_TB_VLS/WC/williamhconrad4/OpenVS-main/experiments/E3L_6DO3/screening/inputs/testset/E3L_6DO3_test_chunk50/tar_params_test_0_584.tar
Saved: /lus/eagle/projects/marP_TB_VLS/WC/williamhconrad4/OpenVS-main/experiments/E3L_6DO3/screening/inputs/testset/E3L_6DO3_test_chunk50/ligands_list_test_0_584.txt
Saved: /lus/eagle/projects/marP_TB_VLS/WC/williamhconrad4/OpenVS-main/experiments/E3L_6DO3/screening/inputs/testset/E3L_6DO3_test_chunk50/flags_params_test_0_584.flags
Saved: /lus/eagle/projects/marP_TB_VLS/WC/williamhconrad4/OpenVS-main/experiments/E3L_6DO3/screening/inputs/testset/E3L_6DO3_test_chunk50/tar_params_test_0_585.tar
Saved: /lus/eagle/projects/marP_TB_VLS/WC/williamhconrad4/OpenVS-main/experiments/E3L_6DO3/screening/inputs/testset/E3L_6DO3_test_chunk50/ligands_list_test_0_585.txt
Saved: /lus/eagle/projects/marP_TB_VLS/WC/williamhconrad4/OpenVS-main/experiments/E3L_6DO3/screening/inputs/testset/E3L_6DO3_test_chunk50/flags_params_test_0_585.flags
Saved: /lus/eagle/projects/marP_TB_VLS/WC/williamhconrad4/OpenVS-main/experiments/E3L_6DO3/screening/inputs/testset/E3L_6DO3_test_chunk50/tar_params_test_0_586.tar
Saved: /lus/eagle/projects/marP_TB_VLS/WC/williamhconrad4/OpenVS-main/experiments/E3L_6DO3/screening/inputs/testset/E3L_6DO3_test_chunk50/ligands_list_test_0_586.txt
Saved: /lus/eagle/projects/marP_TB_VLS/WC/williamhconrad4/OpenVS-main/experiments/E3L_6DO3/screening/inputs/testset/E3L_6DO3_test_chunk50/flags_params_test_0_586.flags
Saved: /lus/eagle/projects/marP_TB_VLS/WC/williamhconrad4/OpenVS-main/experiments/E3L_6DO3/screening/inputs/testset/E3L_6DO3_test_chunk50/tar_params_test_0_587.tar
Saved: /lus/eagle/projects/marP_TB_VLS/WC/williamhconrad4/OpenVS-main/experiments/E3L_6DO3/screening/inputs/testset/E3L_6DO3_test_chunk50/ligands_list_test_0_587.txt
Saved: /lus/eagle/projects/marP_TB_VLS/WC/williamhconrad4/OpenVS-main/experiments/E3L_6DO3/screening/inputs/testset/E3L_6DO3_test_chunk50/flags_params_test_0_587.flags
Saved: /lus/eagle/projects/marP_TB_VLS/WC/williamhconrad4/OpenVS-main/experiments/E3L_6DO3/screening/inputs/testset/E3L_6DO3_test_chunk50/tar_params_test_0_588.tar
Saved: /lus/eagle/projects/marP_TB_VLS/WC/williamhconrad4/OpenVS-main/experiments/E3L_6DO3/screening/inputs/testset/E3L_6DO3_test_chunk50/ligands_list_test_0_588.txt
Saved: /lus/eagle/projects/marP_TB_VLS/WC/williamhconrad4/OpenVS-main/experiments/E3L_6DO3/screening/inputs/testset/E3L_6DO3_test_chunk50/flags_params_test_0_588.flags
Saved: /lus/eagle/projects/marP_TB_VLS/WC/williamhconrad4/OpenVS-main/experiments/E3L_6DO3/screening/inputs/testset/E3L_6DO3_test_chunk50/tar_params_test_0_589.tar
Saved: /lus/eagle/projects/marP_TB_VLS/WC/williamhconrad4/OpenVS-main/experiments/E3L_6DO3/screening/inputs/testset/E3L_6DO3_test_chunk50/ligands_list_test_0_589.txt
Saved: /lus/eagle/projects/marP_TB_VLS/WC/williamhconrad4/OpenVS-main/experiments/E3L_6DO3/screening/inputs/testset/E3L_6DO3_test_chunk50/flags_params_test_0_589.flags
Saved: /lus/eagle/projects/marP_TB_VLS/WC/williamhconrad4/OpenVS-main/experiments/E3L_6DO3/screening/inputs/testset/E3L_6DO3_test_chunk50/tar_params_test_0_590.tar
Saved: /lus/eagle/projects/marP_TB_VLS/WC/williamhconrad4/OpenVS-main/experiments/E3L_6DO3/screening/inputs/testset/E3L_6DO3_test_chunk50/ligands_list_test_0_590.txt
Saved: /lus/eagle/projects/marP_TB_VLS/WC/williamhconrad4/OpenVS-main/experiments/E3L_6DO3/screening/inputs/testset/E3L_6DO3_test_chunk50/flags_params_test_0_590.flags
Saved: /lus/eagle/projects/marP_TB_VLS/WC/williamhconrad4/OpenVS-main/experiments/E3L_6DO3/screening/inputs/testset/E3L_6DO3_test_chunk50/tar_params_test_0_591.tar
Saved: /lus/eagle/projects/marP_TB_VLS/WC/williamhconrad4/OpenVS-main/experiments/E3L_6DO3/screening/inputs/testset/E3L_6DO3_test_chunk50/ligands_list_test_0_591.txt
Saved: /lus/eagle/projects/marP_TB_VLS/WC/williamhconrad4/OpenVS-main/experiments/E3L_6DO3/screening/inputs/testset/E3L_6DO3_test_chunk50/flags_params_test_0_591.flags
Saved: /lus/eagle/projects/marP_TB_VLS/WC/williamhconrad4/OpenVS-main/experiments/E3L_6DO3/screening/inputs/testset/E3L_6DO3_test_chunk50/tar_params_test_0_592.tar
Saved: /lus/eagle/projects/marP_TB_VLS/WC/williamhconrad4/OpenVS-main/experiments/E3L_6DO3/screening/inputs/testset/E3L_6DO3_test_chunk50/ligands_list_test_0_592.txt
Saved: /lus/eagle/projects/marP_TB_VLS/WC/williamhconrad4/OpenVS-main/experiments/E3L_6DO3/screening/inputs/testset/E3L_6DO3_test_chunk50/flags_params_test_0_592.flags
Saved: /lus/eagle/projects/marP_TB_VLS/WC/williamhconrad4/OpenVS-main/experiments/E3L_6DO3/screening/inputs/testset/E3L_6DO3_test_chunk50/tar_params_test_0_593.tar
Saved: /lus/eagle/projects/marP_TB_VLS/WC/williamhconrad4/OpenVS-main/experiments/E3L_6DO3/screening/inputs/testset/E3L_6DO3_test_chunk50/ligands_list_test_0_593.txt
Saved: /lus/eagle/projects/marP_TB_VLS/WC/williamhconrad4/OpenVS-main/experiments/E3L_6DO3/screening/inputs/testset/E3L_6DO3_test_chunk50/flags_params_test_0_593.flags
Saved: /lus/eagle/projects/marP_TB_VLS/WC/williamhconrad4/OpenVS-main/experiments/E3L_6DO3/screening/inputs/testset/E3L_6DO3_test_chunk50/tar_params_test_0_594.tar
Saved: /lus/eagle/projects/marP_TB_VLS/WC/williamhconrad4/OpenVS-main/experiments/E3L_6DO3/screening/inputs/testset/E3L_6DO3_test_chunk50/ligands_list_test_0_594.txt
Saved: /lus/eagle/projects/marP_TB_VLS/WC/williamhconrad4/OpenVS-main/experiments/E3L_6DO3/screening/inputs/testset/E3L_6DO3_test_chunk50/flags_params_test_0_594.flags
Saved: /lus/eagle/projects/marP_TB_VLS/WC/williamhconrad4/OpenVS-main/experiments/E3L_6DO3/screening/inputs/testset/E3L_6DO3_test_chunk50/tar_params_test_0_595.tar
Saved: /lus/eagle/projects/marP_TB_VLS/WC/williamhconrad4/OpenVS-main/experiments/E3L_6DO3/screening/inputs/testset/E3L_6DO3_test_chunk50/ligands_list_test_0_595.txt
Saved: /lus/eagle/projects/marP_TB_VLS/WC/williamhconrad4/OpenVS-main/experiments/E3L_6DO3/screening/inputs/testset/E3L_6DO3_test_chunk50/flags_params_test_0_595.flags
Saved: /lus/eagle/projects/marP_TB_VLS/WC/williamhconrad4/OpenVS-main/experiments/E3L_6DO3/screening/inputs/testset/E3L_6DO3_test_chunk50/tar_params_test_0_596.tar
Saved: /lus/eagle/projects/marP_TB_VLS/WC/williamhconrad4/OpenVS-main/experiments/E3L_6DO3/screening/inputs/testset/E3L_6DO3_test_chunk50/ligands_list_test_0_596.txt
Saved: /lus/eagle/projects/marP_TB_VLS/WC/williamhconrad4/OpenVS-main/experiments/E3L_6DO3/screening/inputs/testset/E3L_6DO3_test_chunk50/flags_params_test_0_596.flags
Saved: /lus/eagle/projects/marP_TB_VLS/WC/williamhconrad4/OpenVS-main/experiments/E3L_6DO3/screening/inputs/testset/E3L_6DO3_test_chunk50/tar_params_test_0_597.tar
Saved: /lus/eagle/projects/marP_TB_VLS/WC/williamhconrad4/OpenVS-main/experiments/E3L_6DO3/screening/inputs/testset/E3L_6DO3_test_chunk50/ligands_list_test_0_597.txt
Saved: /lus/eagle/projects/marP_TB_VLS/WC/williamhconrad4/OpenVS-main/experiments/E3L_6DO3/screening/inputs/testset/E3L_6DO3_test_chunk50/flags_params_test_0_597.flags
Saved: /lus/eagle/projects/marP_TB_VLS/WC/williamhconrad4/OpenVS-main/experiments/E3L_6DO3/screening/inputs/testset/E3L_6DO3_test_chunk50/tar_params_test_0_598.tar
Saved: /lus/eagle/projects/marP_TB_VLS/WC/williamhconrad4/OpenVS-main/experiments/E3L_6DO3/screening/inputs/testset/E3L_6DO3_test_chunk50/ligands_list_test_0_598.txt
Saved: /lus/eagle/projects/marP_TB_VLS/WC/williamhconrad4/OpenVS-main/experiments/E3L_6DO3/screening/inputs/testset/E3L_6DO3_test_chunk50/flags_params_test_0_598.flags
Saved: /lus/eagle/projects/marP_TB_VLS/WC/williamhconrad4/OpenVS-main/experiments/E3L_6DO3/screening/inputs/testset/E3L_6DO3_test_chunk50/tar_params_test_0_599.tar
Saved: /lus/eagle/projects/marP_TB_VLS/WC/williamhconrad4/OpenVS-main/experiments/E3L_6DO3/screening/inputs/testset/E3L_6DO3_test_chunk50/ligands_list_test_0_599.txt
Saved: /lus/eagle/projects/marP_TB_VLS/WC/williamhconrad4/OpenVS-main/experiments/E3L_6DO3/screening/inputs/testset/E3L_6DO3_test_chunk50/flags_params_test_0_599.flags
Saved: /lus/eagle/projects/marP_TB_VLS/WC/williamhconrad4/OpenVS-main/experiments/E3L_6DO3/screening/inputs/testset/E3L_6DO3_test_chunk50/tar_params_test_0_600.tar
Saved: /lus/eagle/projects/marP_TB_VLS/WC/williamhconrad4/OpenVS-main/experiments/E3L_6DO3/screening/inputs/testset/E3L_6DO3_test_chunk50/ligands_list_test_0_600.txt
Saved: /lus/eagle/projects/marP_TB_VLS/WC/williamhconrad4/OpenVS-main/experiments/E3L_6DO3/screening/inputs/testset/E3L_6DO3_test_chunk50/flags_params_test_0_600.flags
Saved: /lus/eagle/projects/marP_TB_VLS/WC/williamhconrad4/OpenVS-main/experiments/E3L_6DO3/screening/inputs/testset/E3L_6DO3_test_chunk50/tar_params_test_0_601.tar
Saved: /lus/eagle/projects/marP_TB_VLS/WC/williamhconrad4/OpenVS-main/experiments/E3L_6DO3/screening/inputs/testset/E3L_6DO3_test_chunk50/ligands_list_test_0_601.txt
Saved: /lus/eagle/projects/marP_TB_VLS/WC/williamhconrad4/OpenVS-main/experiments/E3L_6DO3/screening/inputs/testset/E3L_6DO3_test_chunk50/flags_params_test_0_601.flags
Saved: /lus/eagle/projects/marP_TB_VLS/WC/williamhconrad4/OpenVS-main/experiments/E3L_6DO3/screening/inputs/testset/E3L_6DO3_test_chunk50/tar_params_test_0_602.tar
Saved: /lus/eagle/projects/marP_TB_VLS/WC/williamhconrad4/OpenVS-main/experiments/E3L_6DO3/screening/inputs/testset/E3L_6DO3_test_chunk50/ligands_list_test_0_602.txt
Saved: /lus/eagle/projects/marP_TB_VLS/WC/williamhconrad4/OpenVS-main/experiments/E3L_6DO3/screening/inputs/testset/E3L_6DO3_test_chunk50/flags_params_test_0_602.flags
Saved: /lus/eagle/projects/marP_TB_VLS/WC/williamhconrad4/OpenVS-main/experiments/E3L_6DO3/screening/inputs/testset/E3L_6DO3_test_chunk50/tar_params_test_0_603.tar
Saved: /lus/eagle/projects/marP_TB_VLS/WC/williamhconrad4/OpenVS-main/experiments/E3L_6DO3/screening/inputs/testset/E3L_6DO3_test_chunk50/ligands_list_test_0_603.txt
Saved: /lus/eagle/projects/marP_TB_VLS/WC/williamhconrad4/OpenVS-main/experiments/E3L_6DO3/screening/inputs/testset/E3L_6DO3_test_chunk50/flags_params_test_0_603.flags
Saved: /lus/eagle/projects/marP_TB_VLS/WC/williamhconrad4/OpenVS-main/experiments/E3L_6DO3/screening/inputs/testset/E3L_6DO3_test_chunk50/tar_params_test_0_604.tar
Saved: /lus/eagle/projects/marP_TB_VLS/WC/williamhconrad4/OpenVS-main/experiments/E3L_6DO3/screening/inputs/testset/E3L_6DO3_test_chunk50/ligands_list_test_0_604.txt
Saved: /lus/eagle/projects/marP_TB_VLS/WC/williamhconrad4/OpenVS-main/experiments/E3L_6DO3/screening/inputs/testset/E3L_6DO3_test_chunk50/flags_params_test_0_604.flags
Saved: /lus/eagle/projects/marP_TB_VLS/WC/williamhconrad4/OpenVS-main/experiments/E3L_6DO3/screening/inputs/testset/E3L_6DO3_test_chunk50/tar_params_test_0_605.tar
Saved: /lus/eagle/projects/marP_TB_VLS/WC/williamhconrad4/OpenVS-main/experiments/E3L_6DO3/screening/inputs/testset/E3L_6DO3_test_chunk50/ligands_list_test_0_605.txt
Saved: /lus/eagle/projects/marP_TB_VLS/WC/williamhconrad4/OpenVS-main/experiments/E3L_6DO3/screening/inputs/testset/E3L_6DO3_test_chunk50/flags_params_test_0_605.flags
Saved: /lus/eagle/projects/marP_TB_VLS/WC/williamhconrad4/OpenVS-main/experiments/E3L_6DO3/screening/inputs/testset/E3L_6DO3_test_chunk50/tar_params_test_0_606.tar
Saved: /lus/eagle/projects/marP_TB_VLS/WC/williamhconrad4/OpenVS-main/experiments/E3L_6DO3/screening/inputs/testset/E3L_6DO3_test_chunk50/ligands_list_test_0_606.txt
Saved: /lus/eagle/projects/marP_TB_VLS/WC/williamhconrad4/OpenVS-main/experiments/E3L_6DO3/screening/inputs/testset/E3L_6DO3_test_chunk50/flags_params_test_0_606.flags
Saved: /lus/eagle/projects/marP_TB_VLS/WC/williamhconrad4/OpenVS-main/experiments/E3L_6DO3/screening/inputs/testset/E3L_6DO3_test_chunk50/tar_params_test_0_607.tar
Saved: /lus/eagle/projects/marP_TB_VLS/WC/williamhconrad4/OpenVS-main/experiments/E3L_6DO3/screening/inputs/testset/E3L_6DO3_test_chunk50/ligands_list_test_0_607.txt
Saved: /lus/eagle/projects/marP_TB_VLS/WC/williamhconrad4/OpenVS-main/experiments/E3L_6DO3/screening/inputs/testset/E3L_6DO3_test_chunk50/flags_params_test_0_607.flags
Saved: /lus/eagle/projects/marP_TB_VLS/WC/williamhconrad4/OpenVS-main/experiments/E3L_6DO3/screening/inputs/testset/E3L_6DO3_test_chunk50/tar_params_test_0_608.tar
Saved: /lus/eagle/projects/marP_TB_VLS/WC/williamhconrad4/OpenVS-main/experiments/E3L_6DO3/screening/inputs/testset/E3L_6DO3_test_chunk50/ligands_list_test_0_608.txt
Saved: /lus/eagle/projects/marP_TB_VLS/WC/williamhconrad4/OpenVS-main/experiments/E3L_6DO3/screening/inputs/testset/E3L_6DO3_test_chunk50/flags_params_test_0_608.flags
Saved: /lus/eagle/projects/marP_TB_VLS/WC/williamhconrad4/OpenVS-main/experiments/E3L_6DO3/screening/inputs/testset/E3L_6DO3_test_chunk50/tar_params_test_0_609.tar
Saved: /lus/eagle/projects/marP_TB_VLS/WC/williamhconrad4/OpenVS-main/experiments/E3L_6DO3/screening/inputs/testset/E3L_6DO3_test_chunk50/ligands_list_test_0_609.txt
Saved: /lus/eagle/projects/marP_TB_VLS/WC/williamhconrad4/OpenVS-main/experiments/E3L_6DO3/screening/inputs/testset/E3L_6DO3_test_chunk50/flags_params_test_0_609.flags
Saved: /lus/eagle/projects/marP_TB_VLS/WC/williamhconrad4/OpenVS-main/experiments/E3L_6DO3/screening/inputs/testset/E3L_6DO3_test_chunk50/tar_params_test_0_610.tar
Saved: /lus/eagle/projects/marP_TB_VLS/WC/williamhconrad4/OpenVS-main/experiments/E3L_6DO3/screening/inputs/testset/E3L_6DO3_test_chunk50/ligands_list_test_0_610.txt
Saved: /lus/eagle/projects/marP_TB_VLS/WC/williamhconrad4/OpenVS-main/experiments/E3L_6DO3/screening/inputs/testset/E3L_6DO3_test_chunk50/flags_params_test_0_610.flags
Saved: /lus/eagle/projects/marP_TB_VLS/WC/williamhconrad4/OpenVS-main/experiments/E3L_6DO3/screening/inputs/testset/E3L_6DO3_test_chunk50/tar_params_test_0_611.tar
Saved: /lus/eagle/projects/marP_TB_VLS/WC/williamhconrad4/OpenVS-main/experiments/E3L_6DO3/screening/inputs/testset/E3L_6DO3_test_chunk50/ligands_list_test_0_611.txt
Saved: /lus/eagle/projects/marP_TB_VLS/WC/williamhconrad4/OpenVS-main/experiments/E3L_6DO3/screening/inputs/testset/E3L_6DO3_test_chunk50/flags_params_test_0_611.flags
Saved: /lus/eagle/projects/marP_TB_VLS/WC/williamhconrad4/OpenVS-main/experiments/E3L_6DO3/screening/inputs/testset/E3L_6DO3_test_chunk50/tar_params_test_0_612.tar
Saved: /lus/eagle/projects/marP_TB_VLS/WC/williamhconrad4/OpenVS-main/experiments/E3L_6DO3/screening/inputs/testset/E3L_6DO3_test_chunk50/ligands_list_test_0_612.txt
Saved: /lus/eagle/projects/marP_TB_VLS/WC/williamhconrad4/OpenVS-main/experiments/E3L_6DO3/screening/inputs/testset/E3L_6DO3_test_chunk50/flags_params_test_0_612.flags
Saved: /lus/eagle/projects/marP_TB_VLS/WC/williamhconrad4/OpenVS-main/experiments/E3L_6DO3/screening/inputs/testset/E3L_6DO3_test_chunk50/tar_params_test_0_613.tar
Saved: /lus/eagle/projects/marP_TB_VLS/WC/williamhconrad4/OpenVS-main/experiments/E3L_6DO3/screening/inputs/testset/E3L_6DO3_test_chunk50/ligands_list_test_0_613.txt
Saved: /lus/eagle/projects/marP_TB_VLS/WC/williamhconrad4/OpenVS-main/experiments/E3L_6DO3/screening/inputs/testset/E3L_6DO3_test_chunk50/flags_params_test_0_613.flags
Saved: /lus/eagle/projects/marP_TB_VLS/WC/williamhconrad4/OpenVS-main/experiments/E3L_6DO3/screening/inputs/testset/E3L_6DO3_test_chunk50/tar_params_test_0_614.tar
Saved: /lus/eagle/projects/marP_TB_VLS/WC/williamhconrad4/OpenVS-main/experiments/E3L_6DO3/screening/inputs/testset/E3L_6DO3_test_chunk50/ligands_list_test_0_614.txt
Saved: /lus/eagle/projects/marP_TB_VLS/WC/williamhconrad4/OpenVS-main/experiments/E3L_6DO3/screening/inputs/testset/E3L_6DO3_test_chunk50/flags_params_test_0_614.flags
Saved: /lus/eagle/projects/marP_TB_VLS/WC/williamhconrad4/OpenVS-main/experiments/E3L_6DO3/screening/inputs/testset/E3L_6DO3_test_chunk50/tar_params_test_0_615.tar
Saved: /lus/eagle/projects/marP_TB_VLS/WC/williamhconrad4/OpenVS-main/experiments/E3L_6DO3/screening/inputs/testset/E3L_6DO3_test_chunk50/ligands_list_test_0_615.txt
Saved: /lus/eagle/projects/marP_TB_VLS/WC/williamhconrad4/OpenVS-main/experiments/E3L_6DO3/screening/inputs/testset/E3L_6DO3_test_chunk50/flags_params_test_0_615.flags
Saved: /lus/eagle/projects/marP_TB_VLS/WC/williamhconrad4/OpenVS-main/experiments/E3L_6DO3/screening/inputs/testset/E3L_6DO3_test_chunk50/tar_params_test_0_616.tar
Saved: /lus/eagle/projects/marP_TB_VLS/WC/williamhconrad4/OpenVS-main/experiments/E3L_6DO3/screening/inputs/testset/E3L_6DO3_test_chunk50/ligands_list_test_0_616.txt
Saved: /lus/eagle/projects/marP_TB_VLS/WC/williamhconrad4/OpenVS-main/experiments/E3L_6DO3/screening/inputs/testset/E3L_6DO3_test_chunk50/flags_params_test_0_616.flags
Saved: /lus/eagle/projects/marP_TB_VLS/WC/williamhconrad4/OpenVS-main/experiments/E3L_6DO3/screening/inputs/testset/E3L_6DO3_test_chunk50/tar_params_test_0_617.tar
Saved: /lus/eagle/projects/marP_TB_VLS/WC/williamhconrad4/OpenVS-main/experiments/E3L_6DO3/screening/inputs/testset/E3L_6DO3_test_chunk50/ligands_list_test_0_617.txt
Saved: /lus/eagle/projects/marP_TB_VLS/WC/williamhconrad4/OpenVS-main/experiments/E3L_6DO3/screening/inputs/testset/E3L_6DO3_test_chunk50/flags_params_test_0_617.flags
Saved: /lus/eagle/projects/marP_TB_VLS/WC/williamhconrad4/OpenVS-main/experiments/E3L_6DO3/screening/inputs/testset/E3L_6DO3_test_chunk50/tar_params_test_0_618.tar
Saved: /lus/eagle/projects/marP_TB_VLS/WC/williamhconrad4/OpenVS-main/experiments/E3L_6DO3/screening/inputs/testset/E3L_6DO3_test_chunk50/ligands_list_test_0_618.txt
Saved: /lus/eagle/projects/marP_TB_VLS/WC/williamhconrad4/OpenVS-main/experiments/E3L_6DO3/screening/inputs/testset/E3L_6DO3_test_chunk50/flags_params_test_0_618.flags
Saved: /lus/eagle/projects/marP_TB_VLS/WC/williamhconrad4/OpenVS-main/experiments/E3L_6DO3/screening/inputs/testset/E3L_6DO3_test_chunk50/tar_params_test_0_619.tar
Saved: /lus/eagle/projects/marP_TB_VLS/WC/williamhconrad4/OpenVS-main/experiments/E3L_6DO3/screening/inputs/testset/E3L_6DO3_test_chunk50/ligands_list_test_0_619.txt
Saved: /lus/eagle/projects/marP_TB_VLS/WC/williamhconrad4/OpenVS-main/experiments/E3L_6DO3/screening/inputs/testset/E3L_6DO3_test_chunk50/flags_params_test_0_619.flags
Saved: /lus/eagle/projects/marP_TB_VLS/WC/williamhconrad4/OpenVS-main/experiments/E3L_6DO3/screening/inputs/testset/E3L_6DO3_test_chunk50/tar_params_test_0_620.tar
Saved: /lus/eagle/projects/marP_TB_VLS/WC/williamhconrad4/OpenVS-main/experiments/E3L_6DO3/screening/inputs/testset/E3L_6DO3_test_chunk50/ligands_list_test_0_620.txt
Saved: /lus/eagle/projects/marP_TB_VLS/WC/williamhconrad4/OpenVS-main/experiments/E3L_6DO3/screening/inputs/testset/E3L_6DO3_test_chunk50/flags_params_test_0_620.flags
Saved: /lus/eagle/projects/marP_TB_VLS/WC/williamhconrad4/OpenVS-main/experiments/E3L_6DO3/screening/inputs/testset/E3L_6DO3_test_chunk50/tar_params_test_0_621.tar
Saved: /lus/eagle/projects/marP_TB_VLS/WC/williamhconrad4/OpenVS-main/experiments/E3L_6DO3/screening/inputs/testset/E3L_6DO3_test_chunk50/ligands_list_test_0_621.txt
Saved: /lus/eagle/projects/marP_TB_VLS/WC/williamhconrad4/OpenVS-main/experiments/E3L_6DO3/screening/inputs/testset/E3L_6DO3_test_chunk50/flags_params_test_0_621.flags
Saved: /lus/eagle/projects/marP_TB_VLS/WC/williamhconrad4/OpenVS-main/experiments/E3L_6DO3/screening/inputs/testset/E3L_6DO3_test_chunk50/tar_params_test_0_622.tar
Saved: /lus/eagle/projects/marP_TB_VLS/WC/williamhconrad4/OpenVS-main/experiments/E3L_6DO3/screening/inputs/testset/E3L_6DO3_test_chunk50/ligands_list_test_0_622.txt
Saved: /lus/eagle/projects/marP_TB_VLS/WC/williamhconrad4/OpenVS-main/experiments/E3L_6DO3/screening/inputs/testset/E3L_6DO3_test_chunk50/flags_params_test_0_622.flags
Saved: /lus/eagle/projects/marP_TB_VLS/WC/williamhconrad4/OpenVS-main/experiments/E3L_6DO3/screening/inputs/testset/E3L_6DO3_test_chunk50/tar_params_test_0_623.tar
Saved: /lus/eagle/projects/marP_TB_VLS/WC/williamhconrad4/OpenVS-main/experiments/E3L_6DO3/screening/inputs/testset/E3L_6DO3_test_chunk50/ligands_list_test_0_623.txt
Saved: /lus/eagle/projects/marP_TB_VLS/WC/williamhconrad4/OpenVS-main/experiments/E3L_6DO3/screening/inputs/testset/E3L_6DO3_test_chunk50/flags_params_test_0_623.flags
Saved: /lus/eagle/projects/marP_TB_VLS/WC/williamhconrad4/OpenVS-main/experiments/E3L_6DO3/screening/inputs/testset/E3L_6DO3_test_chunk50/tar_params_test_0_624.tar
Saved: /lus/eagle/projects/marP_TB_VLS/WC/williamhconrad4/OpenVS-main/experiments/E3L_6DO3/screening/inputs/testset/E3L_6DO3_test_chunk50/ligands_list_test_0_624.txt
Saved: /lus/eagle/projects/marP_TB_VLS/WC/williamhconrad4/OpenVS-main/experiments/E3L_6DO3/screening/inputs/testset/E3L_6DO3_test_chunk50/flags_params_test_0_624.flags
Saved: /lus/eagle/projects/marP_TB_VLS/WC/williamhconrad4/OpenVS-main/experiments/E3L_6DO3/screening/inputs/testset/E3L_6DO3_test_chunk50/tar_params_test_0_625.tar
Saved: /lus/eagle/projects/marP_TB_VLS/WC/williamhconrad4/OpenVS-main/experiments/E3L_6DO3/screening/inputs/testset/E3L_6DO3_test_chunk50/ligands_list_test_0_625.txt
Saved: /lus/eagle/projects/marP_TB_VLS/WC/williamhconrad4/OpenVS-main/experiments/E3L_6DO3/screening/inputs/testset/E3L_6DO3_test_chunk50/flags_params_test_0_625.flags
Saved: /lus/eagle/projects/marP_TB_VLS/WC/williamhconrad4/OpenVS-main/experiments/E3L_6DO3/screening/inputs/testset/E3L_6DO3_test_chunk50/tar_params_test_0_626.tar
Saved: /lus/eagle/projects/marP_TB_VLS/WC/williamhconrad4/OpenVS-main/experiments/E3L_6DO3/screening/inputs/testset/E3L_6DO3_test_chunk50/ligands_list_test_0_626.txt
Saved: /lus/eagle/projects/marP_TB_VLS/WC/williamhconrad4/OpenVS-main/experiments/E3L_6DO3/screening/inputs/testset/E3L_6DO3_test_chunk50/flags_params_test_0_626.flags
Saved: /lus/eagle/projects/marP_TB_VLS/WC/williamhconrad4/OpenVS-main/experiments/E3L_6DO3/screening/inputs/testset/E3L_6DO3_test_chunk50/tar_params_test_0_627.tar
Saved: /lus/eagle/projects/marP_TB_VLS/WC/williamhconrad4/OpenVS-main/experiments/E3L_6DO3/screening/inputs/testset/E3L_6DO3_test_chunk50/ligands_list_test_0_627.txt
Saved: /lus/eagle/projects/marP_TB_VLS/WC/williamhconrad4/OpenVS-main/experiments/E3L_6DO3/screening/inputs/testset/E3L_6DO3_test_chunk50/flags_params_test_0_627.flags
Saved: /lus/eagle/projects/marP_TB_VLS/WC/williamhconrad4/OpenVS-main/experiments/E3L_6DO3/screening/inputs/testset/E3L_6DO3_test_chunk50/tar_params_test_0_628.tar
Saved: /lus/eagle/projects/marP_TB_VLS/WC/williamhconrad4/OpenVS-main/experiments/E3L_6DO3/screening/inputs/testset/E3L_6DO3_test_chunk50/ligands_list_test_0_628.txt
Saved: /lus/eagle/projects/marP_TB_VLS/WC/williamhconrad4/OpenVS-main/experiments/E3L_6DO3/screening/inputs/testset/E3L_6DO3_test_chunk50/flags_params_test_0_628.flags
Saved: /lus/eagle/projects/marP_TB_VLS/WC/williamhconrad4/OpenVS-main/experiments/E3L_6DO3/screening/inputs/testset/E3L_6DO3_test_chunk50/tar_params_test_0_629.tar
Saved: /lus/eagle/projects/marP_TB_VLS/WC/williamhconrad4/OpenVS-main/experiments/E3L_6DO3/screening/inputs/testset/E3L_6DO3_test_chunk50/ligands_list_test_0_629.txt
Saved: /lus/eagle/projects/marP_TB_VLS/WC/williamhconrad4/OpenVS-main/experiments/E3L_6DO3/screening/inputs/testset/E3L_6DO3_test_chunk50/flags_params_test_0_629.flags
Saved: /lus/eagle/projects/marP_TB_VLS/WC/williamhconrad4/OpenVS-main/experiments/E3L_6DO3/screening/inputs/testset/E3L_6DO3_test_chunk50/tar_params_test_0_630.tar
Saved: /lus/eagle/projects/marP_TB_VLS/WC/williamhconrad4/OpenVS-main/experiments/E3L_6DO3/screening/inputs/testset/E3L_6DO3_test_chunk50/ligands_list_test_0_630.txt
Saved: /lus/eagle/projects/marP_TB_VLS/WC/williamhconrad4/OpenVS-main/experiments/E3L_6DO3/screening/inputs/testset/E3L_6DO3_test_chunk50/flags_params_test_0_630.flags
Saved: /lus/eagle/projects/marP_TB_VLS/WC/williamhconrad4/OpenVS-main/experiments/E3L_6DO3/screening/inputs/testset/E3L_6DO3_test_chunk50/tar_params_test_0_631.tar
Saved: /lus/eagle/projects/marP_TB_VLS/WC/williamhconrad4/OpenVS-main/experiments/E3L_6DO3/screening/inputs/testset/E3L_6DO3_test_chunk50/ligands_list_test_0_631.txt
Saved: /lus/eagle/projects/marP_TB_VLS/WC/williamhconrad4/OpenVS-main/experiments/E3L_6DO3/screening/inputs/testset/E3L_6DO3_test_chunk50/flags_params_test_0_631.flags
Saved: /lus/eagle/projects/marP_TB_VLS/WC/williamhconrad4/OpenVS-main/experiments/E3L_6DO3/screening/inputs/testset/E3L_6DO3_test_chunk50/tar_params_test_0_632.tar
Saved: /lus/eagle/projects/marP_TB_VLS/WC/williamhconrad4/OpenVS-main/experiments/E3L_6DO3/screening/inputs/testset/E3L_6DO3_test_chunk50/ligands_list_test_0_632.txt
Saved: /lus/eagle/projects/marP_TB_VLS/WC/williamhconrad4/OpenVS-main/experiments/E3L_6DO3/screening/inputs/testset/E3L_6DO3_test_chunk50/flags_params_test_0_632.flags
Saved: /lus/eagle/projects/marP_TB_VLS/WC/williamhconrad4/OpenVS-main/experiments/E3L_6DO3/screening/inputs/testset/E3L_6DO3_test_chunk50/tar_params_test_0_633.tar
Saved: /lus/eagle/projects/marP_TB_VLS/WC/williamhconrad4/OpenVS-main/experiments/E3L_6DO3/screening/inputs/testset/E3L_6DO3_test_chunk50/ligands_list_test_0_633.txt
Saved: /lus/eagle/projects/marP_TB_VLS/WC/williamhconrad4/OpenVS-main/experiments/E3L_6DO3/screening/inputs/testset/E3L_6DO3_test_chunk50/flags_params_test_0_633.flags
Saved: /lus/eagle/projects/marP_TB_VLS/WC/williamhconrad4/OpenVS-main/experiments/E3L_6DO3/screening/inputs/testset/E3L_6DO3_test_chunk50/tar_params_test_0_634.tar
Saved: /lus/eagle/projects/marP_TB_VLS/WC/williamhconrad4/OpenVS-main/experiments/E3L_6DO3/screening/inputs/testset/E3L_6DO3_test_chunk50/ligands_list_test_0_634.txt
Saved: /lus/eagle/projects/marP_TB_VLS/WC/williamhconrad4/OpenVS-main/experiments/E3L_6DO3/screening/inputs/testset/E3L_6DO3_test_chunk50/flags_params_test_0_634.flags
Saved: /lus/eagle/projects/marP_TB_VLS/WC/williamhconrad4/OpenVS-main/experiments/E3L_6DO3/screening/inputs/testset/E3L_6DO3_test_chunk50/tar_params_test_0_635.tar
Saved: /lus/eagle/projects/marP_TB_VLS/WC/williamhconrad4/OpenVS-main/experiments/E3L_6DO3/screening/inputs/testset/E3L_6DO3_test_chunk50/ligands_list_test_0_635.txt
Saved: /lus/eagle/projects/marP_TB_VLS/WC/williamhconrad4/OpenVS-main/experiments/E3L_6DO3/screening/inputs/testset/E3L_6DO3_test_chunk50/flags_params_test_0_635.flags
Saved: /lus/eagle/projects/marP_TB_VLS/WC/williamhconrad4/OpenVS-main/experiments/E3L_6DO3/screening/inputs/testset/E3L_6DO3_test_chunk50/tar_params_test_0_636.tar
Saved: /lus/eagle/projects/marP_TB_VLS/WC/williamhconrad4/OpenVS-main/experiments/E3L_6DO3/screening/inputs/testset/E3L_6DO3_test_chunk50/ligands_list_test_0_636.txt
Saved: /lus/eagle/projects/marP_TB_VLS/WC/williamhconrad4/OpenVS-main/experiments/E3L_6DO3/screening/inputs/testset/E3L_6DO3_test_chunk50/flags_params_test_0_636.flags
Saved: /lus/eagle/projects/marP_TB_VLS/WC/williamhconrad4/OpenVS-main/experiments/E3L_6DO3/screening/inputs/testset/E3L_6DO3_test_chunk50/tar_params_test_0_637.tar
Saved: /lus/eagle/projects/marP_TB_VLS/WC/williamhconrad4/OpenVS-main/experiments/E3L_6DO3/screening/inputs/testset/E3L_6DO3_test_chunk50/ligands_list_test_0_637.txt
Saved: /lus/eagle/projects/marP_TB_VLS/WC/williamhconrad4/OpenVS-main/experiments/E3L_6DO3/screening/inputs/testset/E3L_6DO3_test_chunk50/flags_params_test_0_637.flags
Saved: /lus/eagle/projects/marP_TB_VLS/WC/williamhconrad4/OpenVS-main/experiments/E3L_6DO3/screening/inputs/testset/E3L_6DO3_test_chunk50/tar_params_test_0_638.tar
Saved: /lus/eagle/projects/marP_TB_VLS/WC/williamhconrad4/OpenVS-main/experiments/E3L_6DO3/screening/inputs/testset/E3L_6DO3_test_chunk50/ligands_list_test_0_638.txt
Saved: /lus/eagle/projects/marP_TB_VLS/WC/williamhconrad4/OpenVS-main/experiments/E3L_6DO3/screening/inputs/testset/E3L_6DO3_test_chunk50/flags_params_test_0_638.flags
Saved: /lus/eagle/projects/marP_TB_VLS/WC/williamhconrad4/OpenVS-main/experiments/E3L_6DO3/screening/inputs/testset/E3L_6DO3_test_chunk50/tar_params_test_0_639.tar
Saved: /lus/eagle/projects/marP_TB_VLS/WC/williamhconrad4/OpenVS-main/experiments/E3L_6DO3/screening/inputs/testset/E3L_6DO3_test_chunk50/ligands_list_test_0_639.txt
Saved: /lus/eagle/projects/marP_TB_VLS/WC/williamhconrad4/OpenVS-main/experiments/E3L_6DO3/screening/inputs/testset/E3L_6DO3_test_chunk50/flags_params_test_0_639.flags
/lus/eagle/projects/marP_TB_VLS/WC/williamhconrad4/OpenVS-main/experiments/E3L_6DO3/screening
input dir: /lus/eagle/projects/marP_TB_VLS/WC/williamhconrad4/OpenVS-main/experiments/E3L_6DO3/screening/inputs/testset/E3L_6DO3_test_chunk50
result dir: /lus/eagle/projects/marP_TB_VLS/WC/williamhconrad4/OpenVS-main/experiments/E3L_6DO3/screening/outputs/E3L_6DO3_test
rm /lus/eagle/projects/marP_TB_VLS/WC/williamhconrad4/OpenVS-main/experiments/E3L_6DO3/screening/test/E3L_6DO3_cmdlistfn/*.cmdlist
Wrote: /lus/eagle/projects/marP_TB_VLS/WC/williamhconrad4/OpenVS-main/experiments/E3L_6DO3/screening/test/E3L_6DO3_cmdlistfn/E3L_6DO3_0.cmdlist
Wrote: /lus/eagle/projects/marP_TB_VLS/WC/williamhconrad4/OpenVS-main/experiments/E3L_6DO3/screening/test/E3L_6DO3_cmdlistfn/E3L_6DO3_1.cmdlist
Wrote: /lus/eagle/projects/marP_TB_VLS/WC/williamhconrad4/OpenVS-main/experiments/E3L_6DO3/screening/test/E3L_6DO3_cmdlistfn/E3L_6DO3_2.cmdlist
Wrote: /lus/eagle/projects/marP_TB_VLS/WC/williamhconrad4/OpenVS-main/experiments/E3L_6DO3/screening/test/E3L_6DO3_cmdlistfn/E3L_6DO3_3.cmdlist
Wrote: /lus/eagle/projects/marP_TB_VLS/WC/williamhconrad4/OpenVS-main/experiments/E3L_6DO3/screening/test/E3L_6DO3_cmdlistfn/E3L_6DO3_4.cmdlist
Wrote: /lus/eagle/projects/marP_TB_VLS/WC/williamhconrad4/OpenVS-main/experiments/E3L_6DO3/screening/test/E3L_6DO3_cmdlistfn/E3L_6DO3_5.cmdlist
Wrote: /lus/eagle/projects/marP_TB_VLS/WC/williamhconrad4/OpenVS-main/experiments/E3L_6DO3/screening/test/E3L_6DO3_cmdlistfn/E3L_6DO3_6.cmdlist
Wrote: /lus/eagle/projects/marP_TB_VLS/WC/williamhconrad4/OpenVS-main/experiments/E3L_6DO3/screening/test/E3L_6DO3_cmdlistfn/E3L_6DO3_7.cmdlist
Wrote: /lus/eagle/projects/marP_TB_VLS/WC/williamhconrad4/OpenVS-main/experiments/E3L_6DO3/screening/test/E3L_6DO3_cmdlistfn/E3L_6DO3_8.cmdlist
Wrote: /lus/eagle/projects/marP_TB_VLS/WC/williamhconrad4/OpenVS-main/experiments/E3L_6DO3/screening/test/E3L_6DO3_cmdlistfn/E3L_6DO3_9.cmdlist
parallel ::::  /lus/eagle/projects/marP_TB_VLS/WC/williamhconrad4/OpenVS-main/experiments/E3L_6DO3/screening/test/E3L_6DO3_cmdlistfn/E3L_6DO3_0.cmdlist
parallel ::::  /lus/eagle/projects/marP_TB_VLS/WC/williamhconrad4/OpenVS-main/experiments/E3L_6DO3/screening/test/E3L_6DO3_cmdlistfn/E3L_6DO3_1.cmdlist
parallel ::::  /lus/eagle/projects/marP_TB_VLS/WC/williamhconrad4/OpenVS-main/experiments/E3L_6DO3/screening/test/E3L_6DO3_cmdlistfn/E3L_6DO3_2.cmdlist
parallel ::::  /lus/eagle/projects/marP_TB_VLS/WC/williamhconrad4/OpenVS-main/experiments/E3L_6DO3/screening/test/E3L_6DO3_cmdlistfn/E3L_6DO3_3.cmdlist
parallel ::::  /lus/eagle/projects/marP_TB_VLS/WC/williamhconrad4/OpenVS-main/experiments/E3L_6DO3/screening/test/E3L_6DO3_cmdlistfn/E3L_6DO3_4.cmdlist
parallel ::::  /lus/eagle/projects/marP_TB_VLS/WC/williamhconrad4/OpenVS-main/experiments/E3L_6DO3/screening/test/E3L_6DO3_cmdlistfn/E3L_6DO3_5.cmdlist
parallel ::::  /lus/eagle/projects/marP_TB_VLS/WC/williamhconrad4/OpenVS-main/experiments/E3L_6DO3/screening/test/E3L_6DO3_cmdlistfn/E3L_6DO3_6.cmdlist
parallel ::::  /lus/eagle/projects/marP_TB_VLS/WC/williamhconrad4/OpenVS-main/experiments/E3L_6DO3/screening/test/E3L_6DO3_cmdlistfn/E3L_6DO3_7.cmdlist
parallel ::::  /lus/eagle/projects/marP_TB_VLS/WC/williamhconrad4/OpenVS-main/experiments/E3L_6DO3/screening/test/E3L_6DO3_cmdlistfn/E3L_6DO3_8.cmdlist
parallel ::::  /lus/eagle/projects/marP_TB_VLS/WC/williamhconrad4/OpenVS-main/experiments/E3L_6DO3/screening/test/E3L_6DO3_cmdlistfn/E3L_6DO3_9.cmdlist
Wrote: ./E3L_6DO3_dock.joblist
Wrote: ./sbatch_dock_arrayjobs.sh
Wrote: ./submit_arrayjobs.sh
[2026-08-14 17:18:00] test -> 10 array tasks
[2026-08-14 17:18:00] submitting: qsub -r y -J 1-10%10 sbatch_dock_arrayjobs.sh
[2026-08-14 17:18:00] job id: 246756[].crux-pbs-0001.head.cm.crux.alcf.anl.gov
[2026-08-14 17:18:00] waiting on job 246756 (polling every 120s)
[2026-08-14 19:16:33]   job 246756 finished
[2026-08-14 19:16:34] test complete: 640 score files written
[2026-08-14 19:16:34] ================ validation ================
[2026-08-14 19:16:34] prefix set to validation
Saved: /lus/eagle/projects/marP_TB_VLS/WC/williamhconrad4/OpenVS-main/experiments/E3L_6DO3/screening/inputs/validationset/E3L_6DO3_validation_chunk50/tar_params_validation_0_0.tar
Saved: /lus/eagle/projects/marP_TB_VLS/WC/williamhconrad4/OpenVS-main/experiments/E3L_6DO3/screening/inputs/validationset/E3L_6DO3_validation_chunk50/ligands_list_validation_0_0.txt
Saved: /lus/eagle/projects/marP_TB_VLS/WC/williamhconrad4/OpenVS-main/experiments/E3L_6DO3/screening/inputs/validationset/E3L_6DO3_validation_chunk50/flags_params_validation_0_0.flags
Saved: /lus/eagle/projects/marP_TB_VLS/WC/williamhconrad4/OpenVS-main/experiments/E3L_6DO3/screening/inputs/validationset/E3L_6DO3_validation_chunk50/tar_params_validation_0_1.tar
Saved: /lus/eagle/projects/marP_TB_VLS/WC/williamhconrad4/OpenVS-main/experiments/E3L_6DO3/screening/inputs/validationset/E3L_6DO3_validation_chunk50/ligands_list_validation_0_1.txt
Saved: /lus/eagle/projects/marP_TB_VLS/WC/williamhconrad4/OpenVS-main/experiments/E3L_6DO3/screening/inputs/validationset/E3L_6DO3_validation_chunk50/flags_params_validation_0_1.flags
Saved: /lus/eagle/projects/marP_TB_VLS/WC/williamhconrad4/OpenVS-main/experiments/E3L_6DO3/screening/inputs/validationset/E3L_6DO3_validation_chunk50/tar_params_validation_0_2.tar
Saved: /lus/eagle/projects/marP_TB_VLS/WC/williamhconrad4/OpenVS-main/experiments/E3L_6DO3/screening/inputs/validationset/E3L_6DO3_validation_chunk50/ligands_list_validation_0_2.txt
Saved: /lus/eagle/projects/marP_TB_VLS/WC/williamhconrad4/OpenVS-main/experiments/E3L_6DO3/screening/inputs/validationset/E3L_6DO3_validation_chunk50/flags_params_validation_0_2.flags
Saved: /lus/eagle/projects/marP_TB_VLS/WC/williamhconrad4/OpenVS-main/experiments/E3L_6DO3/screening/inputs/validationset/E3L_6DO3_validation_chunk50/tar_params_validation_0_3.tar
Saved: /lus/eagle/projects/marP_TB_VLS/WC/williamhconrad4/OpenVS-main/experiments/E3L_6DO3/screening/inputs/validationset/E3L_6DO3_validation_chunk50/ligands_list_validation_0_3.txt
Saved: /lus/eagle/projects/marP_TB_VLS/WC/williamhconrad4/OpenVS-main/experiments/E3L_6DO3/screening/inputs/validationset/E3L_6DO3_validation_chunk50/flags_params_validation_0_3.flags
Saved: /lus/eagle/projects/marP_TB_VLS/WC/williamhconrad4/OpenVS-main/experiments/E3L_6DO3/screening/inputs/validationset/E3L_6DO3_validation_chunk50/tar_params_validation_0_4.tar
Saved: /lus/eagle/projects/marP_TB_VLS/WC/williamhconrad4/OpenVS-main/experiments/E3L_6DO3/screening/inputs/validationset/E3L_6DO3_validation_chunk50/ligands_list_validation_0_4.txt
Saved: /lus/eagle/projects/marP_TB_VLS/WC/williamhconrad4/OpenVS-main/experiments/E3L_6DO3/screening/inputs/validationset/E3L_6DO3_validation_chunk50/flags_params_validation_0_4.flags
Saved: /lus/eagle/projects/marP_TB_VLS/WC/williamhconrad4/OpenVS-main/experiments/E3L_6DO3/screening/inputs/validationset/E3L_6DO3_validation_chunk50/tar_params_validation_0_5.tar
Saved: /lus/eagle/projects/marP_TB_VLS/WC/williamhconrad4/OpenVS-main/experiments/E3L_6DO3/screening/inputs/validationset/E3L_6DO3_validation_chunk50/ligands_list_validation_0_5.txt
Saved: /lus/eagle/projects/marP_TB_VLS/WC/williamhconrad4/OpenVS-main/experiments/E3L_6DO3/screening/inputs/validationset/E3L_6DO3_validation_chunk50/flags_params_validation_0_5.flags
Saved: /lus/eagle/projects/marP_TB_VLS/WC/williamhconrad4/OpenVS-main/experiments/E3L_6DO3/screening/inputs/validationset/E3L_6DO3_validation_chunk50/tar_params_validation_0_6.tar
Saved: /lus/eagle/projects/marP_TB_VLS/WC/williamhconrad4/OpenVS-main/experiments/E3L_6DO3/screening/inputs/validationset/E3L_6DO3_validation_chunk50/ligands_list_validation_0_6.txt
Saved: /lus/eagle/projects/marP_TB_VLS/WC/williamhconrad4/OpenVS-main/experiments/E3L_6DO3/screening/inputs/validationset/E3L_6DO3_validation_chunk50/flags_params_validation_0_6.flags
Saved: /lus/eagle/projects/marP_TB_VLS/WC/williamhconrad4/OpenVS-main/experiments/E3L_6DO3/screening/inputs/validationset/E3L_6DO3_validation_chunk50/tar_params_validation_0_7.tar
Saved: /lus/eagle/projects/marP_TB_VLS/WC/williamhconrad4/OpenVS-main/experiments/E3L_6DO3/screening/inputs/validationset/E3L_6DO3_validation_chunk50/ligands_list_validation_0_7.txt
Saved: /lus/eagle/projects/marP_TB_VLS/WC/williamhconrad4/OpenVS-main/experiments/E3L_6DO3/screening/inputs/validationset/E3L_6DO3_validation_chunk50/flags_params_validation_0_7.flags
Saved: /lus/eagle/projects/marP_TB_VLS/WC/williamhconrad4/OpenVS-main/experiments/E3L_6DO3/screening/inputs/validationset/E3L_6DO3_validation_chunk50/tar_params_validation_0_8.tar
Saved: /lus/eagle/projects/marP_TB_VLS/WC/williamhconrad4/OpenVS-main/experiments/E3L_6DO3/screening/inputs/validationset/E3L_6DO3_validation_chunk50/ligands_list_validation_0_8.txt
Saved: /lus/eagle/projects/marP_TB_VLS/WC/williamhconrad4/OpenVS-main/experiments/E3L_6DO3/screening/inputs/validationset/E3L_6DO3_validation_chunk50/flags_params_validation_0_8.flags
Saved: /lus/eagle/projects/marP_TB_VLS/WC/williamhconrad4/OpenVS-main/experiments/E3L_6DO3/screening/inputs/validationset/E3L_6DO3_validation_chunk50/tar_params_validation_0_9.tar
Saved: /lus/eagle/projects/marP_TB_VLS/WC/williamhconrad4/OpenVS-main/experiments/E3L_6DO3/screening/inputs/validationset/E3L_6DO3_validation_chunk50/ligands_list_validation_0_9.txt
Saved: /lus/eagle/projects/marP_TB_VLS/WC/williamhconrad4/OpenVS-main/experiments/E3L_6DO3/screening/inputs/validationset/E3L_6DO3_validation_chunk50/flags_params_validation_0_9.flags
Saved: /lus/eagle/projects/marP_TB_VLS/WC/williamhconrad4/OpenVS-main/experiments/E3L_6DO3/screening/inputs/validationset/E3L_6DO3_validation_chunk50/tar_params_validation_0_10.tar
Saved: /lus/eagle/projects/marP_TB_VLS/WC/williamhconrad4/OpenVS-main/experiments/E3L_6DO3/screening/inputs/validationset/E3L_6DO3_validation_chunk50/ligands_list_validation_0_10.txt
Saved: /lus/eagle/projects/marP_TB_VLS/WC/williamhconrad4/OpenVS-main/experiments/E3L_6DO3/screening/inputs/validationset/E3L_6DO3_validation_chunk50/flags_params_validation_0_10.flags
Saved: /lus/eagle/projects/marP_TB_VLS/WC/williamhconrad4/OpenVS-main/experiments/E3L_6DO3/screening/inputs/validationset/E3L_6DO3_validation_chunk50/tar_params_validation_0_11.tar
Saved: /lus/eagle/projects/marP_TB_VLS/WC/williamhconrad4/OpenVS-main/experiments/E3L_6DO3/screening/inputs/validationset/E3L_6DO3_validation_chunk50/ligands_list_validation_0_11.txt
Saved: /lus/eagle/projects/marP_TB_VLS/WC/williamhconrad4/OpenVS-main/experiments/E3L_6DO3/screening/inputs/validationset/E3L_6DO3_validation_chunk50/flags_params_validation_0_11.flags
Saved: /lus/eagle/projects/marP_TB_VLS/WC/williamhconrad4/OpenVS-main/experiments/E3L_6DO3/screening/inputs/validationset/E3L_6DO3_validation_chunk50/tar_params_validation_0_12.tar
Saved: /lus/eagle/projects/marP_TB_VLS/WC/williamhconrad4/OpenVS-main/experiments/E3L_6DO3/screening/inputs/validationset/E3L_6DO3_validation_chunk50/ligands_list_validation_0_12.txt
Saved: /lus/eagle/projects/marP_TB_VLS/WC/williamhconrad4/OpenVS-main/experiments/E3L_6DO3/screening/inputs/validationset/E3L_6DO3_validation_chunk50/flags_params_validation_0_12.flags
Saved: /lus/eagle/projects/marP_TB_VLS/WC/williamhconrad4/OpenVS-main/experiments/E3L_6DO3/screening/inputs/validationset/E3L_6DO3_validation_chunk50/tar_params_validation_0_13.tar
Saved: /lus/eagle/projects/marP_TB_VLS/WC/williamhconrad4/OpenVS-main/experiments/E3L_6DO3/screening/inputs/validationset/E3L_6DO3_validation_chunk50/ligands_list_validation_0_13.txt
Saved: /lus/eagle/projects/marP_TB_VLS/WC/williamhconrad4/OpenVS-main/experiments/E3L_6DO3/screening/inputs/validationset/E3L_6DO3_validation_chunk50/flags_params_validation_0_13.flags
Saved: /lus/eagle/projects/marP_TB_VLS/WC/williamhconrad4/OpenVS-main/experiments/E3L_6DO3/screening/inputs/validationset/E3L_6DO3_validation_chunk50/tar_params_validation_0_14.tar
Saved: /lus/eagle/projects/marP_TB_VLS/WC/williamhconrad4/OpenVS-main/experiments/E3L_6DO3/screening/inputs/validationset/E3L_6DO3_validation_chunk50/ligands_list_validation_0_14.txt
Saved: /lus/eagle/projects/marP_TB_VLS/WC/williamhconrad4/OpenVS-main/experiments/E3L_6DO3/screening/inputs/validationset/E3L_6DO3_validation_chunk50/flags_params_validation_0_14.flags
Saved: /lus/eagle/projects/marP_TB_VLS/WC/williamhconrad4/OpenVS-main/experiments/E3L_6DO3/screening/inputs/validationset/E3L_6DO3_validation_chunk50/tar_params_validation_0_15.tar
Saved: /lus/eagle/projects/marP_TB_VLS/WC/williamhconrad4/OpenVS-main/experiments/E3L_6DO3/screening/inputs/validationset/E3L_6DO3_validation_chunk50/ligands_list_validation_0_15.txt
Saved: /lus/eagle/projects/marP_TB_VLS/WC/williamhconrad4/OpenVS-main/experiments/E3L_6DO3/screening/inputs/validationset/E3L_6DO3_validation_chunk50/flags_params_validation_0_15.flags
Saved: /lus/eagle/projects/marP_TB_VLS/WC/williamhconrad4/OpenVS-main/experiments/E3L_6DO3/screening/inputs/validationset/E3L_6DO3_validation_chunk50/tar_params_validation_0_16.tar
Saved: /lus/eagle/projects/marP_TB_VLS/WC/williamhconrad4/OpenVS-main/experiments/E3L_6DO3/screening/inputs/validationset/E3L_6DO3_validation_chunk50/ligands_list_validation_0_16.txt
Saved: /lus/eagle/projects/marP_TB_VLS/WC/williamhconrad4/OpenVS-main/experiments/E3L_6DO3/screening/inputs/validationset/E3L_6DO3_validation_chunk50/flags_params_validation_0_16.flags
Saved: /lus/eagle/projects/marP_TB_VLS/WC/williamhconrad4/OpenVS-main/experiments/E3L_6DO3/screening/inputs/validationset/E3L_6DO3_validation_chunk50/tar_params_validation_0_17.tar
Saved: /lus/eagle/projects/marP_TB_VLS/WC/williamhconrad4/OpenVS-main/experiments/E3L_6DO3/screening/inputs/validationset/E3L_6DO3_validation_chunk50/ligands_list_validation_0_17.txt
Saved: /lus/eagle/projects/marP_TB_VLS/WC/williamhconrad4/OpenVS-main/experiments/E3L_6DO3/screening/inputs/validationset/E3L_6DO3_validation_chunk50/flags_params_validation_0_17.flags
Saved: /lus/eagle/projects/marP_TB_VLS/WC/williamhconrad4/OpenVS-main/experiments/E3L_6DO3/screening/inputs/validationset/E3L_6DO3_validation_chunk50/tar_params_validation_0_18.tar
Saved: /lus/eagle/projects/marP_TB_VLS/WC/williamhconrad4/OpenVS-main/experiments/E3L_6DO3/screening/inputs/validationset/E3L_6DO3_validation_chunk50/ligands_list_validation_0_18.txt
Saved: /lus/eagle/projects/marP_TB_VLS/WC/williamhconrad4/OpenVS-main/experiments/E3L_6DO3/screening/inputs/validationset/E3L_6DO3_validation_chunk50/flags_params_validation_0_18.flags
Saved: /lus/eagle/projects/marP_TB_VLS/WC/williamhconrad4/OpenVS-main/experiments/E3L_6DO3/screening/inputs/validationset/E3L_6DO3_validation_chunk50/tar_params_validation_0_19.tar
Saved: /lus/eagle/projects/marP_TB_VLS/WC/williamhconrad4/OpenVS-main/experiments/E3L_6DO3/screening/inputs/validationset/E3L_6DO3_validation_chunk50/ligands_list_validation_0_19.txt
Saved: /lus/eagle/projects/marP_TB_VLS/WC/williamhconrad4/OpenVS-main/experiments/E3L_6DO3/screening/inputs/validationset/E3L_6DO3_validation_chunk50/flags_params_validation_0_19.flags
Saved: /lus/eagle/projects/marP_TB_VLS/WC/williamhconrad4/OpenVS-main/experiments/E3L_6DO3/screening/inputs/validationset/E3L_6DO3_validation_chunk50/tar_params_validation_0_20.tar
Saved: /lus/eagle/projects/marP_TB_VLS/WC/williamhconrad4/OpenVS-main/experiments/E3L_6DO3/screening/inputs/validationset/E3L_6DO3_validation_chunk50/ligands_list_validation_0_20.txt
Saved: /lus/eagle/projects/marP_TB_VLS/WC/williamhconrad4/OpenVS-main/experiments/E3L_6DO3/screening/inputs/validationset/E3L_6DO3_validation_chunk50/flags_params_validation_0_20.flags
Saved: /lus/eagle/projects/marP_TB_VLS/WC/williamhconrad4/OpenVS-main/experiments/E3L_6DO3/screening/inputs/validationset/E3L_6DO3_validation_chunk50/tar_params_validation_0_21.tar
Saved: /lus/eagle/projects/marP_TB_VLS/WC/williamhconrad4/OpenVS-main/experiments/E3L_6DO3/screening/inputs/validationset/E3L_6DO3_validation_chunk50/ligands_list_validation_0_21.txt
Saved: /lus/eagle/projects/marP_TB_VLS/WC/williamhconrad4/OpenVS-main/experiments/E3L_6DO3/screening/inputs/validationset/E3L_6DO3_validation_chunk50/flags_params_validation_0_21.flags
Saved: /lus/eagle/projects/marP_TB_VLS/WC/williamhconrad4/OpenVS-main/experiments/E3L_6DO3/screening/inputs/validationset/E3L_6DO3_validation_chunk50/tar_params_validation_0_22.tar
Saved: /lus/eagle/projects/marP_TB_VLS/WC/williamhconrad4/OpenVS-main/experiments/E3L_6DO3/screening/inputs/validationset/E3L_6DO3_validation_chunk50/ligands_list_validation_0_22.txt
Saved: /lus/eagle/projects/marP_TB_VLS/WC/williamhconrad4/OpenVS-main/experiments/E3L_6DO3/screening/inputs/validationset/E3L_6DO3_validation_chunk50/flags_params_validation_0_22.flags
Saved: /lus/eagle/projects/marP_TB_VLS/WC/williamhconrad4/OpenVS-main/experiments/E3L_6DO3/screening/inputs/validationset/E3L_6DO3_validation_chunk50/tar_params_validation_0_23.tar
Saved: /lus/eagle/projects/marP_TB_VLS/WC/williamhconrad4/OpenVS-main/experiments/E3L_6DO3/screening/inputs/validationset/E3L_6DO3_validation_chunk50/ligands_list_validation_0_23.txt
Saved: /lus/eagle/projects/marP_TB_VLS/WC/williamhconrad4/OpenVS-main/experiments/E3L_6DO3/screening/inputs/validationset/E3L_6DO3_validation_chunk50/flags_params_validation_0_23.flags
Saved: /lus/eagle/projects/marP_TB_VLS/WC/williamhconrad4/OpenVS-main/experiments/E3L_6DO3/screening/inputs/validationset/E3L_6DO3_validation_chunk50/tar_params_validation_0_24.tar
Saved: /lus/eagle/projects/marP_TB_VLS/WC/williamhconrad4/OpenVS-main/experiments/E3L_6DO3/screening/inputs/validationset/E3L_6DO3_validation_chunk50/ligands_list_validation_0_24.txt
Saved: /lus/eagle/projects/marP_TB_VLS/WC/williamhconrad4/OpenVS-main/experiments/E3L_6DO3/screening/inputs/validationset/E3L_6DO3_validation_chunk50/flags_params_validation_0_24.flags
Saved: /lus/eagle/projects/marP_TB_VLS/WC/williamhconrad4/OpenVS-main/experiments/E3L_6DO3/screening/inputs/validationset/E3L_6DO3_validation_chunk50/tar_params_validation_0_25.tar
Saved: /lus/eagle/projects/marP_TB_VLS/WC/williamhconrad4/OpenVS-main/experiments/E3L_6DO3/screening/inputs/validationset/E3L_6DO3_validation_chunk50/ligands_list_validation_0_25.txt
Saved: /lus/eagle/projects/marP_TB_VLS/WC/williamhconrad4/OpenVS-main/experiments/E3L_6DO3/screening/inputs/validationset/E3L_6DO3_validation_chunk50/flags_params_validation_0_25.flags
Saved: /lus/eagle/projects/marP_TB_VLS/WC/williamhconrad4/OpenVS-main/experiments/E3L_6DO3/screening/inputs/validationset/E3L_6DO3_validation_chunk50/tar_params_validation_0_26.tar
Saved: /lus/eagle/projects/marP_TB_VLS/WC/williamhconrad4/OpenVS-main/experiments/E3L_6DO3/screening/inputs/validationset/E3L_6DO3_validation_chunk50/ligands_list_validation_0_26.txt
Saved: /lus/eagle/projects/marP_TB_VLS/WC/williamhconrad4/OpenVS-main/experiments/E3L_6DO3/screening/inputs/validationset/E3L_6DO3_validation_chunk50/flags_params_validation_0_26.flags
Saved: /lus/eagle/projects/marP_TB_VLS/WC/williamhconrad4/OpenVS-main/experiments/E3L_6DO3/screening/inputs/validationset/E3L_6DO3_validation_chunk50/tar_params_validation_0_27.tar
Saved: /lus/eagle/projects/marP_TB_VLS/WC/williamhconrad4/OpenVS-main/experiments/E3L_6DO3/screening/inputs/validationset/E3L_6DO3_validation_chunk50/ligands_list_validation_0_27.txt
Saved: /lus/eagle/projects/marP_TB_VLS/WC/williamhconrad4/OpenVS-main/experiments/E3L_6DO3/screening/inputs/validationset/E3L_6DO3_validation_chunk50/flags_params_validation_0_27.flags
Saved: /lus/eagle/projects/marP_TB_VLS/WC/williamhconrad4/OpenVS-main/experiments/E3L_6DO3/screening/inputs/validationset/E3L_6DO3_validation_chunk50/tar_params_validation_0_28.tar
Saved: /lus/eagle/projects/marP_TB_VLS/WC/williamhconrad4/OpenVS-main/experiments/E3L_6DO3/screening/inputs/validationset/E3L_6DO3_validation_chunk50/ligands_list_validation_0_28.txt
Saved: /lus/eagle/projects/marP_TB_VLS/WC/williamhconrad4/OpenVS-main/experiments/E3L_6DO3/screening/inputs/validationset/E3L_6DO3_validation_chunk50/flags_params_validation_0_28.flags
Saved: /lus/eagle/projects/marP_TB_VLS/WC/williamhconrad4/OpenVS-main/experiments/E3L_6DO3/screening/inputs/validationset/E3L_6DO3_validation_chunk50/tar_params_validation_0_29.tar
Saved: /lus/eagle/projects/marP_TB_VLS/WC/williamhconrad4/OpenVS-main/experiments/E3L_6DO3/screening/inputs/validationset/E3L_6DO3_validation_chunk50/ligands_list_validation_0_29.txt
Saved: /lus/eagle/projects/marP_TB_VLS/WC/williamhconrad4/OpenVS-main/experiments/E3L_6DO3/screening/inputs/validationset/E3L_6DO3_validation_chunk50/flags_params_validation_0_29.flags
Saved: /lus/eagle/projects/marP_TB_VLS/WC/williamhconrad4/OpenVS-main/experiments/E3L_6DO3/screening/inputs/validationset/E3L_6DO3_validation_chunk50/tar_params_validation_0_30.tar
Saved: /lus/eagle/projects/marP_TB_VLS/WC/williamhconrad4/OpenVS-main/experiments/E3L_6DO3/screening/inputs/validationset/E3L_6DO3_validation_chunk50/ligands_list_validation_0_30.txt
Saved: /lus/eagle/projects/marP_TB_VLS/WC/williamhconrad4/OpenVS-main/experiments/E3L_6DO3/screening/inputs/validationset/E3L_6DO3_validation_chunk50/flags_params_validation_0_30.flags
Saved: /lus/eagle/projects/marP_TB_VLS/WC/williamhconrad4/OpenVS-main/experiments/E3L_6DO3/screening/inputs/validationset/E3L_6DO3_validation_chunk50/tar_params_validation_0_31.tar
Saved: /lus/eagle/projects/marP_TB_VLS/WC/williamhconrad4/OpenVS-main/experiments/E3L_6DO3/screening/inputs/validationset/E3L_6DO3_validation_chunk50/ligands_list_validation_0_31.txt
Saved: /lus/eagle/projects/marP_TB_VLS/WC/williamhconrad4/OpenVS-main/experiments/E3L_6DO3/screening/inputs/validationset/E3L_6DO3_validation_chunk50/flags_params_validation_0_31.flags
Saved: /lus/eagle/projects/marP_TB_VLS/WC/williamhconrad4/OpenVS-main/experiments/E3L_6DO3/screening/inputs/validationset/E3L_6DO3_validation_chunk50/tar_params_validation_0_32.tar
Saved: /lus/eagle/projects/marP_TB_VLS/WC/williamhconrad4/OpenVS-main/experiments/E3L_6DO3/screening/inputs/validationset/E3L_6DO3_validation_chunk50/ligands_list_validation_0_32.txt
Saved: /lus/eagle/projects/marP_TB_VLS/WC/williamhconrad4/OpenVS-main/experiments/E3L_6DO3/screening/inputs/validationset/E3L_6DO3_validation_chunk50/flags_params_validation_0_32.flags
Saved: /lus/eagle/projects/marP_TB_VLS/WC/williamhconrad4/OpenVS-main/experiments/E3L_6DO3/screening/inputs/validationset/E3L_6DO3_validation_chunk50/tar_params_validation_0_33.tar
Saved: /lus/eagle/projects/marP_TB_VLS/WC/williamhconrad4/OpenVS-main/experiments/E3L_6DO3/screening/inputs/validationset/E3L_6DO3_validation_chunk50/ligands_list_validation_0_33.txt
Saved: /lus/eagle/projects/marP_TB_VLS/WC/williamhconrad4/OpenVS-main/experiments/E3L_6DO3/screening/inputs/validationset/E3L_6DO3_validation_chunk50/flags_params_validation_0_33.flags
Saved: /lus/eagle/projects/marP_TB_VLS/WC/williamhconrad4/OpenVS-main/experiments/E3L_6DO3/screening/inputs/validationset/E3L_6DO3_validation_chunk50/tar_params_validation_0_34.tar
Saved: /lus/eagle/projects/marP_TB_VLS/WC/williamhconrad4/OpenVS-main/experiments/E3L_6DO3/screening/inputs/validationset/E3L_6DO3_validation_chunk50/ligands_list_validation_0_34.txt
Saved: /lus/eagle/projects/marP_TB_VLS/WC/williamhconrad4/OpenVS-main/experiments/E3L_6DO3/screening/inputs/validationset/E3L_6DO3_validation_chunk50/flags_params_validation_0_34.flags
Saved: /lus/eagle/projects/marP_TB_VLS/WC/williamhconrad4/OpenVS-main/experiments/E3L_6DO3/screening/inputs/validationset/E3L_6DO3_validation_chunk50/tar_params_validation_0_35.tar
Saved: /lus/eagle/projects/marP_TB_VLS/WC/williamhconrad4/OpenVS-main/experiments/E3L_6DO3/screening/inputs/validationset/E3L_6DO3_validation_chunk50/ligands_list_validation_0_35.txt
Saved: /lus/eagle/projects/marP_TB_VLS/WC/williamhconrad4/OpenVS-main/experiments/E3L_6DO3/screening/inputs/validationset/E3L_6DO3_validation_chunk50/flags_params_validation_0_35.flags
Saved: /lus/eagle/projects/marP_TB_VLS/WC/williamhconrad4/OpenVS-main/experiments/E3L_6DO3/screening/inputs/validationset/E3L_6DO3_validation_chunk50/tar_params_validation_0_36.tar
Saved: /lus/eagle/projects/marP_TB_VLS/WC/williamhconrad4/OpenVS-main/experiments/E3L_6DO3/screening/inputs/validationset/E3L_6DO3_validation_chunk50/ligands_list_validation_0_36.txt
Saved: /lus/eagle/projects/marP_TB_VLS/WC/williamhconrad4/OpenVS-main/experiments/E3L_6DO3/screening/inputs/validationset/E3L_6DO3_validation_chunk50/flags_params_validation_0_36.flags
Saved: /lus/eagle/projects/marP_TB_VLS/WC/williamhconrad4/OpenVS-main/experiments/E3L_6DO3/screening/inputs/validationset/E3L_6DO3_validation_chunk50/tar_params_validation_0_37.tar
Saved: /lus/eagle/projects/marP_TB_VLS/WC/williamhconrad4/OpenVS-main/experiments/E3L_6DO3/screening/inputs/validationset/E3L_6DO3_validation_chunk50/ligands_list_validation_0_37.txt
Saved: /lus/eagle/projects/marP_TB_VLS/WC/williamhconrad4/OpenVS-main/experiments/E3L_6DO3/screening/inputs/validationset/E3L_6DO3_validation_chunk50/flags_params_validation_0_37.flags
Saved: /lus/eagle/projects/marP_TB_VLS/WC/williamhconrad4/OpenVS-main/experiments/E3L_6DO3/screening/inputs/validationset/E3L_6DO3_validation_chunk50/tar_params_validation_0_38.tar
Saved: /lus/eagle/projects/marP_TB_VLS/WC/williamhconrad4/OpenVS-main/experiments/E3L_6DO3/screening/inputs/validationset/E3L_6DO3_validation_chunk50/ligands_list_validation_0_38.txt
Saved: /lus/eagle/projects/marP_TB_VLS/WC/williamhconrad4/OpenVS-main/experiments/E3L_6DO3/screening/inputs/validationset/E3L_6DO3_validation_chunk50/flags_params_validation_0_38.flags
Saved: /lus/eagle/projects/marP_TB_VLS/WC/williamhconrad4/OpenVS-main/experiments/E3L_6DO3/screening/inputs/validationset/E3L_6DO3_validation_chunk50/tar_params_validation_0_39.tar
Saved: /lus/eagle/projects/marP_TB_VLS/WC/williamhconrad4/OpenVS-main/experiments/E3L_6DO3/screening/inputs/validationset/E3L_6DO3_validation_chunk50/ligands_list_validation_0_39.txt
Saved: /lus/eagle/projects/marP_TB_VLS/WC/williamhconrad4/OpenVS-main/experiments/E3L_6DO3/screening/inputs/validationset/E3L_6DO3_validation_chunk50/flags_params_validation_0_39.flags
Saved: /lus/eagle/projects/marP_TB_VLS/WC/williamhconrad4/OpenVS-main/experiments/E3L_6DO3/screening/inputs/validationset/E3L_6DO3_validation_chunk50/tar_params_validation_0_40.tar
Saved: /lus/eagle/projects/marP_TB_VLS/WC/williamhconrad4/OpenVS-main/experiments/E3L_6DO3/screening/inputs/validationset/E3L_6DO3_validation_chunk50/ligands_list_validation_0_40.txt
Saved: /lus/eagle/projects/marP_TB_VLS/WC/williamhconrad4/OpenVS-main/experiments/E3L_6DO3/screening/inputs/validationset/E3L_6DO3_validation_chunk50/flags_params_validation_0_40.flags
Saved: /lus/eagle/projects/marP_TB_VLS/WC/williamhconrad4/OpenVS-main/experiments/E3L_6DO3/screening/inputs/validationset/E3L_6DO3_validation_chunk50/tar_params_validation_0_41.tar
Saved: /lus/eagle/projects/marP_TB_VLS/WC/williamhconrad4/OpenVS-main/experiments/E3L_6DO3/screening/inputs/validationset/E3L_6DO3_validation_chunk50/ligands_list_validation_0_41.txt
Saved: /lus/eagle/projects/marP_TB_VLS/WC/williamhconrad4/OpenVS-main/experiments/E3L_6DO3/screening/inputs/validationset/E3L_6DO3_validation_chunk50/flags_params_validation_0_41.flags
Saved: /lus/eagle/projects/marP_TB_VLS/WC/williamhconrad4/OpenVS-main/experiments/E3L_6DO3/screening/inputs/validationset/E3L_6DO3_validation_chunk50/tar_params_validation_0_42.tar
Saved: /lus/eagle/projects/marP_TB_VLS/WC/williamhconrad4/OpenVS-main/experiments/E3L_6DO3/screening/inputs/validationset/E3L_6DO3_validation_chunk50/ligands_list_validation_0_42.txt
Saved: /lus/eagle/projects/marP_TB_VLS/WC/williamhconrad4/OpenVS-main/experiments/E3L_6DO3/screening/inputs/validationset/E3L_6DO3_validation_chunk50/flags_params_validation_0_42.flags
Saved: /lus/eagle/projects/marP_TB_VLS/WC/williamhconrad4/OpenVS-main/experiments/E3L_6DO3/screening/inputs/validationset/E3L_6DO3_validation_chunk50/tar_params_validation_0_43.tar
Saved: /lus/eagle/projects/marP_TB_VLS/WC/williamhconrad4/OpenVS-main/experiments/E3L_6DO3/screening/inputs/validationset/E3L_6DO3_validation_chunk50/ligands_list_validation_0_43.txt
Saved: /lus/eagle/projects/marP_TB_VLS/WC/williamhconrad4/OpenVS-main/experiments/E3L_6DO3/screening/inputs/validationset/E3L_6DO3_validation_chunk50/flags_params_validation_0_43.flags
Saved: /lus/eagle/projects/marP_TB_VLS/WC/williamhconrad4/OpenVS-main/experiments/E3L_6DO3/screening/inputs/validationset/E3L_6DO3_validation_chunk50/tar_params_validation_0_44.tar
Saved: /lus/eagle/projects/marP_TB_VLS/WC/williamhconrad4/OpenVS-main/experiments/E3L_6DO3/screening/inputs/validationset/E3L_6DO3_validation_chunk50/ligands_list_validation_0_44.txt
Saved: /lus/eagle/projects/marP_TB_VLS/WC/williamhconrad4/OpenVS-main/experiments/E3L_6DO3/screening/inputs/validationset/E3L_6DO3_validation_chunk50/flags_params_validation_0_44.flags
Saved: /lus/eagle/projects/marP_TB_VLS/WC/williamhconrad4/OpenVS-main/experiments/E3L_6DO3/screening/inputs/validationset/E3L_6DO3_validation_chunk50/tar_params_validation_0_45.tar
Saved: /lus/eagle/projects/marP_TB_VLS/WC/williamhconrad4/OpenVS-main/experiments/E3L_6DO3/screening/inputs/validationset/E3L_6DO3_validation_chunk50/ligands_list_validation_0_45.txt
Saved: /lus/eagle/projects/marP_TB_VLS/WC/williamhconrad4/OpenVS-main/experiments/E3L_6DO3/screening/inputs/validationset/E3L_6DO3_validation_chunk50/flags_params_validation_0_45.flags
Saved: /lus/eagle/projects/marP_TB_VLS/WC/williamhconrad4/OpenVS-main/experiments/E3L_6DO3/screening/inputs/validationset/E3L_6DO3_validation_chunk50/tar_params_validation_0_46.tar
Saved: /lus/eagle/projects/marP_TB_VLS/WC/williamhconrad4/OpenVS-main/experiments/E3L_6DO3/screening/inputs/validationset/E3L_6DO3_validation_chunk50/ligands_list_validation_0_46.txt
Saved: /lus/eagle/projects/marP_TB_VLS/WC/williamhconrad4/OpenVS-main/experiments/E3L_6DO3/screening/inputs/validationset/E3L_6DO3_validation_chunk50/flags_params_validation_0_46.flags
Saved: /lus/eagle/projects/marP_TB_VLS/WC/williamhconrad4/OpenVS-main/experiments/E3L_6DO3/screening/inputs/validationset/E3L_6DO3_validation_chunk50/tar_params_validation_0_47.tar
Saved: /lus/eagle/projects/marP_TB_VLS/WC/williamhconrad4/OpenVS-main/experiments/E3L_6DO3/screening/inputs/validationset/E3L_6DO3_validation_chunk50/ligands_list_validation_0_47.txt
Saved: /lus/eagle/projects/marP_TB_VLS/WC/williamhconrad4/OpenVS-main/experiments/E3L_6DO3/screening/inputs/validationset/E3L_6DO3_validation_chunk50/flags_params_validation_0_47.flags
Saved: /lus/eagle/projects/marP_TB_VLS/WC/williamhconrad4/OpenVS-main/experiments/E3L_6DO3/screening/inputs/validationset/E3L_6DO3_validation_chunk50/tar_params_validation_0_48.tar
Saved: /lus/eagle/projects/marP_TB_VLS/WC/williamhconrad4/OpenVS-main/experiments/E3L_6DO3/screening/inputs/validationset/E3L_6DO3_validation_chunk50/ligands_list_validation_0_48.txt
Saved: /lus/eagle/projects/marP_TB_VLS/WC/williamhconrad4/OpenVS-main/experiments/E3L_6DO3/screening/inputs/validationset/E3L_6DO3_validation_chunk50/flags_params_validation_0_48.flags
Saved: /lus/eagle/projects/marP_TB_VLS/WC/williamhconrad4/OpenVS-main/experiments/E3L_6DO3/screening/inputs/validationset/E3L_6DO3_validation_chunk50/tar_params_validation_0_49.tar
Saved: /lus/eagle/projects/marP_TB_VLS/WC/williamhconrad4/OpenVS-main/experiments/E3L_6DO3/screening/inputs/validationset/E3L_6DO3_validation_chunk50/ligands_list_validation_0_49.txt
Saved: /lus/eagle/projects/marP_TB_VLS/WC/williamhconrad4/OpenVS-main/experiments/E3L_6DO3/screening/inputs/validationset/E3L_6DO3_validation_chunk50/flags_params_validation_0_49.flags
Saved: /lus/eagle/projects/marP_TB_VLS/WC/williamhconrad4/OpenVS-main/experiments/E3L_6DO3/screening/inputs/validationset/E3L_6DO3_validation_chunk50/tar_params_validation_0_50.tar
Saved: /lus/eagle/projects/marP_TB_VLS/WC/williamhconrad4/OpenVS-main/experiments/E3L_6DO3/screening/inputs/validationset/E3L_6DO3_validation_chunk50/ligands_list_validation_0_50.txt
Saved: /lus/eagle/projects/marP_TB_VLS/WC/williamhconrad4/OpenVS-main/experiments/E3L_6DO3/screening/inputs/validationset/E3L_6DO3_validation_chunk50/flags_params_validation_0_50.flags
Saved: /lus/eagle/projects/marP_TB_VLS/WC/williamhconrad4/OpenVS-main/experiments/E3L_6DO3/screening/inputs/validationset/E3L_6DO3_validation_chunk50/tar_params_validation_0_51.tar
Saved: /lus/eagle/projects/marP_TB_VLS/WC/williamhconrad4/OpenVS-main/experiments/E3L_6DO3/screening/inputs/validationset/E3L_6DO3_validation_chunk50/ligands_list_validation_0_51.txt
Saved: /lus/eagle/projects/marP_TB_VLS/WC/williamhconrad4/OpenVS-main/experiments/E3L_6DO3/screening/inputs/validationset/E3L_6DO3_validation_chunk50/flags_params_validation_0_51.flags
Saved: /lus/eagle/projects/marP_TB_VLS/WC/williamhconrad4/OpenVS-main/experiments/E3L_6DO3/screening/inputs/validationset/E3L_6DO3_validation_chunk50/tar_params_validation_0_52.tar
Saved: /lus/eagle/projects/marP_TB_VLS/WC/williamhconrad4/OpenVS-main/experiments/E3L_6DO3/screening/inputs/validationset/E3L_6DO3_validation_chunk50/ligands_list_validation_0_52.txt
Saved: /lus/eagle/projects/marP_TB_VLS/WC/williamhconrad4/OpenVS-main/experiments/E3L_6DO3/screening/inputs/validationset/E3L_6DO3_validation_chunk50/flags_params_validation_0_52.flags
Saved: /lus/eagle/projects/marP_TB_VLS/WC/williamhconrad4/OpenVS-main/experiments/E3L_6DO3/screening/inputs/validationset/E3L_6DO3_validation_chunk50/tar_params_validation_0_53.tar
Saved: /lus/eagle/projects/marP_TB_VLS/WC/williamhconrad4/OpenVS-main/experiments/E3L_6DO3/screening/inputs/validationset/E3L_6DO3_validation_chunk50/ligands_list_validation_0_53.txt
Saved: /lus/eagle/projects/marP_TB_VLS/WC/williamhconrad4/OpenVS-main/experiments/E3L_6DO3/screening/inputs/validationset/E3L_6DO3_validation_chunk50/flags_params_validation_0_53.flags
Saved: /lus/eagle/projects/marP_TB_VLS/WC/williamhconrad4/OpenVS-main/experiments/E3L_6DO3/screening/inputs/validationset/E3L_6DO3_validation_chunk50/tar_params_validation_0_54.tar
Saved: /lus/eagle/projects/marP_TB_VLS/WC/williamhconrad4/OpenVS-main/experiments/E3L_6DO3/screening/inputs/validationset/E3L_6DO3_validation_chunk50/ligands_list_validation_0_54.txt
Saved: /lus/eagle/projects/marP_TB_VLS/WC/williamhconrad4/OpenVS-main/experiments/E3L_6DO3/screening/inputs/validationset/E3L_6DO3_validation_chunk50/flags_params_validation_0_54.flags
Saved: /lus/eagle/projects/marP_TB_VLS/WC/williamhconrad4/OpenVS-main/experiments/E3L_6DO3/screening/inputs/validationset/E3L_6DO3_validation_chunk50/tar_params_validation_0_55.tar
Saved: /lus/eagle/projects/marP_TB_VLS/WC/williamhconrad4/OpenVS-main/experiments/E3L_6DO3/screening/inputs/validationset/E3L_6DO3_validation_chunk50/ligands_list_validation_0_55.txt
Saved: /lus/eagle/projects/marP_TB_VLS/WC/williamhconrad4/OpenVS-main/experiments/E3L_6DO3/screening/inputs/validationset/E3L_6DO3_validation_chunk50/flags_params_validation_0_55.flags
Saved: /lus/eagle/projects/marP_TB_VLS/WC/williamhconrad4/OpenVS-main/experiments/E3L_6DO3/screening/inputs/validationset/E3L_6DO3_validation_chunk50/tar_params_validation_0_56.tar
Saved: /lus/eagle/projects/marP_TB_VLS/WC/williamhconrad4/OpenVS-main/experiments/E3L_6DO3/screening/inputs/validationset/E3L_6DO3_validation_chunk50/ligands_list_validation_0_56.txt
Saved: /lus/eagle/projects/marP_TB_VLS/WC/williamhconrad4/OpenVS-main/experiments/E3L_6DO3/screening/inputs/validationset/E3L_6DO3_validation_chunk50/flags_params_validation_0_56.flags
Saved: /lus/eagle/projects/marP_TB_VLS/WC/williamhconrad4/OpenVS-main/experiments/E3L_6DO3/screening/inputs/validationset/E3L_6DO3_validation_chunk50/tar_params_validation_0_57.tar
Saved: /lus/eagle/projects/marP_TB_VLS/WC/williamhconrad4/OpenVS-main/experiments/E3L_6DO3/screening/inputs/validationset/E3L_6DO3_validation_chunk50/ligands_list_validation_0_57.txt
Saved: /lus/eagle/projects/marP_TB_VLS/WC/williamhconrad4/OpenVS-main/experiments/E3L_6DO3/screening/inputs/validationset/E3L_6DO3_validation_chunk50/flags_params_validation_0_57.flags
Saved: /lus/eagle/projects/marP_TB_VLS/WC/williamhconrad4/OpenVS-main/experiments/E3L_6DO3/screening/inputs/validationset/E3L_6DO3_validation_chunk50/tar_params_validation_0_58.tar
Saved: /lus/eagle/projects/marP_TB_VLS/WC/williamhconrad4/OpenVS-main/experiments/E3L_6DO3/screening/inputs/validationset/E3L_6DO3_validation_chunk50/ligands_list_validation_0_58.txt
Saved: /lus/eagle/projects/marP_TB_VLS/WC/williamhconrad4/OpenVS-main/experiments/E3L_6DO3/screening/inputs/validationset/E3L_6DO3_validation_chunk50/flags_params_validation_0_58.flags
Saved: /lus/eagle/projects/marP_TB_VLS/WC/williamhconrad4/OpenVS-main/experiments/E3L_6DO3/screening/inputs/validationset/E3L_6DO3_validation_chunk50/tar_params_validation_0_59.tar
Saved: /lus/eagle/projects/marP_TB_VLS/WC/williamhconrad4/OpenVS-main/experiments/E3L_6DO3/screening/inputs/validationset/E3L_6DO3_validation_chunk50/ligands_list_validation_0_59.txt
Saved: /lus/eagle/projects/marP_TB_VLS/WC/williamhconrad4/OpenVS-main/experiments/E3L_6DO3/screening/inputs/validationset/E3L_6DO3_validation_chunk50/flags_params_validation_0_59.flags
Saved: /lus/eagle/projects/marP_TB_VLS/WC/williamhconrad4/OpenVS-main/experiments/E3L_6DO3/screening/inputs/validationset/E3L_6DO3_validation_chunk50/tar_params_validation_0_60.tar
Saved: /lus/eagle/projects/marP_TB_VLS/WC/williamhconrad4/OpenVS-main/experiments/E3L_6DO3/screening/inputs/validationset/E3L_6DO3_validation_chunk50/ligands_list_validation_0_60.txt
Saved: /lus/eagle/projects/marP_TB_VLS/WC/williamhconrad4/OpenVS-main/experiments/E3L_6DO3/screening/inputs/validationset/E3L_6DO3_validation_chunk50/flags_params_validation_0_60.flags
Saved: /lus/eagle/projects/marP_TB_VLS/WC/williamhconrad4/OpenVS-main/experiments/E3L_6DO3/screening/inputs/validationset/E3L_6DO3_validation_chunk50/tar_params_validation_0_61.tar
Saved: /lus/eagle/projects/marP_TB_VLS/WC/williamhconrad4/OpenVS-main/experiments/E3L_6DO3/screening/inputs/validationset/E3L_6DO3_validation_chunk50/ligands_list_validation_0_61.txt
Saved: /lus/eagle/projects/marP_TB_VLS/WC/williamhconrad4/OpenVS-main/experiments/E3L_6DO3/screening/inputs/validationset/E3L_6DO3_validation_chunk50/flags_params_validation_0_61.flags
Saved: /lus/eagle/projects/marP_TB_VLS/WC/williamhconrad4/OpenVS-main/experiments/E3L_6DO3/screening/inputs/validationset/E3L_6DO3_validation_chunk50/tar_params_validation_0_62.tar
Saved: /lus/eagle/projects/marP_TB_VLS/WC/williamhconrad4/OpenVS-main/experiments/E3L_6DO3/screening/inputs/validationset/E3L_6DO3_validation_chunk50/ligands_list_validation_0_62.txt
Saved: /lus/eagle/projects/marP_TB_VLS/WC/williamhconrad4/OpenVS-main/experiments/E3L_6DO3/screening/inputs/validationset/E3L_6DO3_validation_chunk50/flags_params_validation_0_62.flags
Saved: /lus/eagle/projects/marP_TB_VLS/WC/williamhconrad4/OpenVS-main/experiments/E3L_6DO3/screening/inputs/validationset/E3L_6DO3_validation_chunk50/tar_params_validation_0_63.tar
Saved: /lus/eagle/projects/marP_TB_VLS/WC/williamhconrad4/OpenVS-main/experiments/E3L_6DO3/screening/inputs/validationset/E3L_6DO3_validation_chunk50/ligands_list_validation_0_63.txt
Saved: /lus/eagle/projects/marP_TB_VLS/WC/williamhconrad4/OpenVS-main/experiments/E3L_6DO3/screening/inputs/validationset/E3L_6DO3_validation_chunk50/flags_params_validation_0_63.flags
Saved: /lus/eagle/projects/marP_TB_VLS/WC/williamhconrad4/OpenVS-main/experiments/E3L_6DO3/screening/inputs/validationset/E3L_6DO3_validation_chunk50/tar_params_validation_0_64.tar
Saved: /lus/eagle/projects/marP_TB_VLS/WC/williamhconrad4/OpenVS-main/experiments/E3L_6DO3/screening/inputs/validationset/E3L_6DO3_validation_chunk50/ligands_list_validation_0_64.txt
Saved: /lus/eagle/projects/marP_TB_VLS/WC/williamhconrad4/OpenVS-main/experiments/E3L_6DO3/screening/inputs/validationset/E3L_6DO3_validation_chunk50/flags_params_validation_0_64.flags
Saved: /lus/eagle/projects/marP_TB_VLS/WC/williamhconrad4/OpenVS-main/experiments/E3L_6DO3/screening/inputs/validationset/E3L_6DO3_validation_chunk50/tar_params_validation_0_65.tar
Saved: /lus/eagle/projects/marP_TB_VLS/WC/williamhconrad4/OpenVS-main/experiments/E3L_6DO3/screening/inputs/validationset/E3L_6DO3_validation_chunk50/ligands_list_validation_0_65.txt
Saved: /lus/eagle/projects/marP_TB_VLS/WC/williamhconrad4/OpenVS-main/experiments/E3L_6DO3/screening/inputs/validationset/E3L_6DO3_validation_chunk50/flags_params_validation_0_65.flags
Saved: /lus/eagle/projects/marP_TB_VLS/WC/williamhconrad4/OpenVS-main/experiments/E3L_6DO3/screening/inputs/validationset/E3L_6DO3_validation_chunk50/tar_params_validation_0_66.tar
Saved: /lus/eagle/projects/marP_TB_VLS/WC/williamhconrad4/OpenVS-main/experiments/E3L_6DO3/screening/inputs/validationset/E3L_6DO3_validation_chunk50/ligands_list_validation_0_66.txt
Saved: /lus/eagle/projects/marP_TB_VLS/WC/williamhconrad4/OpenVS-main/experiments/E3L_6DO3/screening/inputs/validationset/E3L_6DO3_validation_chunk50/flags_params_validation_0_66.flags
Saved: /lus/eagle/projects/marP_TB_VLS/WC/williamhconrad4/OpenVS-main/experiments/E3L_6DO3/screening/inputs/validationset/E3L_6DO3_validation_chunk50/tar_params_validation_0_67.tar
Saved: /lus/eagle/projects/marP_TB_VLS/WC/williamhconrad4/OpenVS-main/experiments/E3L_6DO3/screening/inputs/validationset/E3L_6DO3_validation_chunk50/ligands_list_validation_0_67.txt
Saved: /lus/eagle/projects/marP_TB_VLS/WC/williamhconrad4/OpenVS-main/experiments/E3L_6DO3/screening/inputs/validationset/E3L_6DO3_validation_chunk50/flags_params_validation_0_67.flags
Saved: /lus/eagle/projects/marP_TB_VLS/WC/williamhconrad4/OpenVS-main/experiments/E3L_6DO3/screening/inputs/validationset/E3L_6DO3_validation_chunk50/tar_params_validation_0_68.tar
Saved: /lus/eagle/projects/marP_TB_VLS/WC/williamhconrad4/OpenVS-main/experiments/E3L_6DO3/screening/inputs/validationset/E3L_6DO3_validation_chunk50/ligands_list_validation_0_68.txt
Saved: /lus/eagle/projects/marP_TB_VLS/WC/williamhconrad4/OpenVS-main/experiments/E3L_6DO3/screening/inputs/validationset/E3L_6DO3_validation_chunk50/flags_params_validation_0_68.flags
Saved: /lus/eagle/projects/marP_TB_VLS/WC/williamhconrad4/OpenVS-main/experiments/E3L_6DO3/screening/inputs/validationset/E3L_6DO3_validation_chunk50/tar_params_validation_0_69.tar
Saved: /lus/eagle/projects/marP_TB_VLS/WC/williamhconrad4/OpenVS-main/experiments/E3L_6DO3/screening/inputs/validationset/E3L_6DO3_validation_chunk50/ligands_list_validation_0_69.txt
Saved: /lus/eagle/projects/marP_TB_VLS/WC/williamhconrad4/OpenVS-main/experiments/E3L_6DO3/screening/inputs/validationset/E3L_6DO3_validation_chunk50/flags_params_validation_0_69.flags
Saved: /lus/eagle/projects/marP_TB_VLS/WC/williamhconrad4/OpenVS-main/experiments/E3L_6DO3/screening/inputs/validationset/E3L_6DO3_validation_chunk50/tar_params_validation_0_70.tar
Saved: /lus/eagle/projects/marP_TB_VLS/WC/williamhconrad4/OpenVS-main/experiments/E3L_6DO3/screening/inputs/validationset/E3L_6DO3_validation_chunk50/ligands_list_validation_0_70.txt
Saved: /lus/eagle/projects/marP_TB_VLS/WC/williamhconrad4/OpenVS-main/experiments/E3L_6DO3/screening/inputs/validationset/E3L_6DO3_validation_chunk50/flags_params_validation_0_70.flags
Saved: /lus/eagle/projects/marP_TB_VLS/WC/williamhconrad4/OpenVS-main/experiments/E3L_6DO3/screening/inputs/validationset/E3L_6DO3_validation_chunk50/tar_params_validation_0_71.tar
Saved: /lus/eagle/projects/marP_TB_VLS/WC/williamhconrad4/OpenVS-main/experiments/E3L_6DO3/screening/inputs/validationset/E3L_6DO3_validation_chunk50/ligands_list_validation_0_71.txt
Saved: /lus/eagle/projects/marP_TB_VLS/WC/williamhconrad4/OpenVS-main/experiments/E3L_6DO3/screening/inputs/validationset/E3L_6DO3_validation_chunk50/flags_params_validation_0_71.flags
Saved: /lus/eagle/projects/marP_TB_VLS/WC/williamhconrad4/OpenVS-main/experiments/E3L_6DO3/screening/inputs/validationset/E3L_6DO3_validation_chunk50/tar_params_validation_0_72.tar
Saved: /lus/eagle/projects/marP_TB_VLS/WC/williamhconrad4/OpenVS-main/experiments/E3L_6DO3/screening/inputs/validationset/E3L_6DO3_validation_chunk50/ligands_list_validation_0_72.txt
Saved: /lus/eagle/projects/marP_TB_VLS/WC/williamhconrad4/OpenVS-main/experiments/E3L_6DO3/screening/inputs/validationset/E3L_6DO3_validation_chunk50/flags_params_validation_0_72.flags
Saved: /lus/eagle/projects/marP_TB_VLS/WC/williamhconrad4/OpenVS-main/experiments/E3L_6DO3/screening/inputs/validationset/E3L_6DO3_validation_chunk50/tar_params_validation_0_73.tar
Saved: /lus/eagle/projects/marP_TB_VLS/WC/williamhconrad4/OpenVS-main/experiments/E3L_6DO3/screening/inputs/validationset/E3L_6DO3_validation_chunk50/ligands_list_validation_0_73.txt
Saved: /lus/eagle/projects/marP_TB_VLS/WC/williamhconrad4/OpenVS-main/experiments/E3L_6DO3/screening/inputs/validationset/E3L_6DO3_validation_chunk50/flags_params_validation_0_73.flags
Saved: /lus/eagle/projects/marP_TB_VLS/WC/williamhconrad4/OpenVS-main/experiments/E3L_6DO3/screening/inputs/validationset/E3L_6DO3_validation_chunk50/tar_params_validation_0_74.tar
Saved: /lus/eagle/projects/marP_TB_VLS/WC/williamhconrad4/OpenVS-main/experiments/E3L_6DO3/screening/inputs/validationset/E3L_6DO3_validation_chunk50/ligands_list_validation_0_74.txt
Saved: /lus/eagle/projects/marP_TB_VLS/WC/williamhconrad4/OpenVS-main/experiments/E3L_6DO3/screening/inputs/validationset/E3L_6DO3_validation_chunk50/flags_params_validation_0_74.flags
Saved: /lus/eagle/projects/marP_TB_VLS/WC/williamhconrad4/OpenVS-main/experiments/E3L_6DO3/screening/inputs/validationset/E3L_6DO3_validation_chunk50/tar_params_validation_0_75.tar
Saved: /lus/eagle/projects/marP_TB_VLS/WC/williamhconrad4/OpenVS-main/experiments/E3L_6DO3/screening/inputs/validationset/E3L_6DO3_validation_chunk50/ligands_list_validation_0_75.txt
Saved: /lus/eagle/projects/marP_TB_VLS/WC/williamhconrad4/OpenVS-main/experiments/E3L_6DO3/screening/inputs/validationset/E3L_6DO3_validation_chunk50/flags_params_validation_0_75.flags
Saved: /lus/eagle/projects/marP_TB_VLS/WC/williamhconrad4/OpenVS-main/experiments/E3L_6DO3/screening/inputs/validationset/E3L_6DO3_validation_chunk50/tar_params_validation_0_76.tar
Saved: /lus/eagle/projects/marP_TB_VLS/WC/williamhconrad4/OpenVS-main/experiments/E3L_6DO3/screening/inputs/validationset/E3L_6DO3_validation_chunk50/ligands_list_validation_0_76.txt
Saved: /lus/eagle/projects/marP_TB_VLS/WC/williamhconrad4/OpenVS-main/experiments/E3L_6DO3/screening/inputs/validationset/E3L_6DO3_validation_chunk50/flags_params_validation_0_76.flags
Saved: /lus/eagle/projects/marP_TB_VLS/WC/williamhconrad4/OpenVS-main/experiments/E3L_6DO3/screening/inputs/validationset/E3L_6DO3_validation_chunk50/tar_params_validation_0_77.tar
Saved: /lus/eagle/projects/marP_TB_VLS/WC/williamhconrad4/OpenVS-main/experiments/E3L_6DO3/screening/inputs/validationset/E3L_6DO3_validation_chunk50/ligands_list_validation_0_77.txt
Saved: /lus/eagle/projects/marP_TB_VLS/WC/williamhconrad4/OpenVS-main/experiments/E3L_6DO3/screening/inputs/validationset/E3L_6DO3_validation_chunk50/flags_params_validation_0_77.flags
Saved: /lus/eagle/projects/marP_TB_VLS/WC/williamhconrad4/OpenVS-main/experiments/E3L_6DO3/screening/inputs/validationset/E3L_6DO3_validation_chunk50/tar_params_validation_0_78.tar
Saved: /lus/eagle/projects/marP_TB_VLS/WC/williamhconrad4/OpenVS-main/experiments/E3L_6DO3/screening/inputs/validationset/E3L_6DO3_validation_chunk50/ligands_list_validation_0_78.txt
Saved: /lus/eagle/projects/marP_TB_VLS/WC/williamhconrad4/OpenVS-main/experiments/E3L_6DO3/screening/inputs/validationset/E3L_6DO3_validation_chunk50/flags_params_validation_0_78.flags
Saved: /lus/eagle/projects/marP_TB_VLS/WC/williamhconrad4/OpenVS-main/experiments/E3L_6DO3/screening/inputs/validationset/E3L_6DO3_validation_chunk50/tar_params_validation_0_79.tar
Saved: /lus/eagle/projects/marP_TB_VLS/WC/williamhconrad4/OpenVS-main/experiments/E3L_6DO3/screening/inputs/validationset/E3L_6DO3_validation_chunk50/ligands_list_validation_0_79.txt
Saved: /lus/eagle/projects/marP_TB_VLS/WC/williamhconrad4/OpenVS-main/experiments/E3L_6DO3/screening/inputs/validationset/E3L_6DO3_validation_chunk50/flags_params_validation_0_79.flags
Saved: /lus/eagle/projects/marP_TB_VLS/WC/williamhconrad4/OpenVS-main/experiments/E3L_6DO3/screening/inputs/validationset/E3L_6DO3_validation_chunk50/tar_params_validation_0_80.tar
Saved: /lus/eagle/projects/marP_TB_VLS/WC/williamhconrad4/OpenVS-main/experiments/E3L_6DO3/screening/inputs/validationset/E3L_6DO3_validation_chunk50/ligands_list_validation_0_80.txt
Saved: /lus/eagle/projects/marP_TB_VLS/WC/williamhconrad4/OpenVS-main/experiments/E3L_6DO3/screening/inputs/validationset/E3L_6DO3_validation_chunk50/flags_params_validation_0_80.flags
Saved: /lus/eagle/projects/marP_TB_VLS/WC/williamhconrad4/OpenVS-main/experiments/E3L_6DO3/screening/inputs/validationset/E3L_6DO3_validation_chunk50/tar_params_validation_0_81.tar
Saved: /lus/eagle/projects/marP_TB_VLS/WC/williamhconrad4/OpenVS-main/experiments/E3L_6DO3/screening/inputs/validationset/E3L_6DO3_validation_chunk50/ligands_list_validation_0_81.txt
Saved: /lus/eagle/projects/marP_TB_VLS/WC/williamhconrad4/OpenVS-main/experiments/E3L_6DO3/screening/inputs/validationset/E3L_6DO3_validation_chunk50/flags_params_validation_0_81.flags
Saved: /lus/eagle/projects/marP_TB_VLS/WC/williamhconrad4/OpenVS-main/experiments/E3L_6DO3/screening/inputs/validationset/E3L_6DO3_validation_chunk50/tar_params_validation_0_82.tar
Saved: /lus/eagle/projects/marP_TB_VLS/WC/williamhconrad4/OpenVS-main/experiments/E3L_6DO3/screening/inputs/validationset/E3L_6DO3_validation_chunk50/ligands_list_validation_0_82.txt
Saved: /lus/eagle/projects/marP_TB_VLS/WC/williamhconrad4/OpenVS-main/experiments/E3L_6DO3/screening/inputs/validationset/E3L_6DO3_validation_chunk50/flags_params_validation_0_82.flags
Saved: /lus/eagle/projects/marP_TB_VLS/WC/williamhconrad4/OpenVS-main/experiments/E3L_6DO3/screening/inputs/validationset/E3L_6DO3_validation_chunk50/tar_params_validation_0_83.tar
Saved: /lus/eagle/projects/marP_TB_VLS/WC/williamhconrad4/OpenVS-main/experiments/E3L_6DO3/screening/inputs/validationset/E3L_6DO3_validation_chunk50/ligands_list_validation_0_83.txt
Saved: /lus/eagle/projects/marP_TB_VLS/WC/williamhconrad4/OpenVS-main/experiments/E3L_6DO3/screening/inputs/validationset/E3L_6DO3_validation_chunk50/flags_params_validation_0_83.flags
Saved: /lus/eagle/projects/marP_TB_VLS/WC/williamhconrad4/OpenVS-main/experiments/E3L_6DO3/screening/inputs/validationset/E3L_6DO3_validation_chunk50/tar_params_validation_0_84.tar
Saved: /lus/eagle/projects/marP_TB_VLS/WC/williamhconrad4/OpenVS-main/experiments/E3L_6DO3/screening/inputs/validationset/E3L_6DO3_validation_chunk50/ligands_list_validation_0_84.txt
Saved: /lus/eagle/projects/marP_TB_VLS/WC/williamhconrad4/OpenVS-main/experiments/E3L_6DO3/screening/inputs/validationset/E3L_6DO3_validation_chunk50/flags_params_validation_0_84.flags
Saved: /lus/eagle/projects/marP_TB_VLS/WC/williamhconrad4/OpenVS-main/experiments/E3L_6DO3/screening/inputs/validationset/E3L_6DO3_validation_chunk50/tar_params_validation_0_85.tar
Saved: /lus/eagle/projects/marP_TB_VLS/WC/williamhconrad4/OpenVS-main/experiments/E3L_6DO3/screening/inputs/validationset/E3L_6DO3_validation_chunk50/ligands_list_validation_0_85.txt
Saved: /lus/eagle/projects/marP_TB_VLS/WC/williamhconrad4/OpenVS-main/experiments/E3L_6DO3/screening/inputs/validationset/E3L_6DO3_validation_chunk50/flags_params_validation_0_85.flags
Saved: /lus/eagle/projects/marP_TB_VLS/WC/williamhconrad4/OpenVS-main/experiments/E3L_6DO3/screening/inputs/validationset/E3L_6DO3_validation_chunk50/tar_params_validation_0_86.tar
Saved: /lus/eagle/projects/marP_TB_VLS/WC/williamhconrad4/OpenVS-main/experiments/E3L_6DO3/screening/inputs/validationset/E3L_6DO3_validation_chunk50/ligands_list_validation_0_86.txt
Saved: /lus/eagle/projects/marP_TB_VLS/WC/williamhconrad4/OpenVS-main/experiments/E3L_6DO3/screening/inputs/validationset/E3L_6DO3_validation_chunk50/flags_params_validation_0_86.flags
Saved: /lus/eagle/projects/marP_TB_VLS/WC/williamhconrad4/OpenVS-main/experiments/E3L_6DO3/screening/inputs/validationset/E3L_6DO3_validation_chunk50/tar_params_validation_0_87.tar
Saved: /lus/eagle/projects/marP_TB_VLS/WC/williamhconrad4/OpenVS-main/experiments/E3L_6DO3/screening/inputs/validationset/E3L_6DO3_validation_chunk50/ligands_list_validation_0_87.txt
Saved: /lus/eagle/projects/marP_TB_VLS/WC/williamhconrad4/OpenVS-main/experiments/E3L_6DO3/screening/inputs/validationset/E3L_6DO3_validation_chunk50/flags_params_validation_0_87.flags
Saved: /lus/eagle/projects/marP_TB_VLS/WC/williamhconrad4/OpenVS-main/experiments/E3L_6DO3/screening/inputs/validationset/E3L_6DO3_validation_chunk50/tar_params_validation_0_88.tar
Saved: /lus/eagle/projects/marP_TB_VLS/WC/williamhconrad4/OpenVS-main/experiments/E3L_6DO3/screening/inputs/validationset/E3L_6DO3_validation_chunk50/ligands_list_validation_0_88.txt
Saved: /lus/eagle/projects/marP_TB_VLS/WC/williamhconrad4/OpenVS-main/experiments/E3L_6DO3/screening/inputs/validationset/E3L_6DO3_validation_chunk50/flags_params_validation_0_88.flags
Saved: /lus/eagle/projects/marP_TB_VLS/WC/williamhconrad4/OpenVS-main/experiments/E3L_6DO3/screening/inputs/validationset/E3L_6DO3_validation_chunk50/tar_params_validation_0_89.tar
Saved: /lus/eagle/projects/marP_TB_VLS/WC/williamhconrad4/OpenVS-main/experiments/E3L_6DO3/screening/inputs/validationset/E3L_6DO3_validation_chunk50/ligands_list_validation_0_89.txt
Saved: /lus/eagle/projects/marP_TB_VLS/WC/williamhconrad4/OpenVS-main/experiments/E3L_6DO3/screening/inputs/validationset/E3L_6DO3_validation_chunk50/flags_params_validation_0_89.flags
Saved: /lus/eagle/projects/marP_TB_VLS/WC/williamhconrad4/OpenVS-main/experiments/E3L_6DO3/screening/inputs/validationset/E3L_6DO3_validation_chunk50/tar_params_validation_0_90.tar
Saved: /lus/eagle/projects/marP_TB_VLS/WC/williamhconrad4/OpenVS-main/experiments/E3L_6DO3/screening/inputs/validationset/E3L_6DO3_validation_chunk50/ligands_list_validation_0_90.txt
Saved: /lus/eagle/projects/marP_TB_VLS/WC/williamhconrad4/OpenVS-main/experiments/E3L_6DO3/screening/inputs/validationset/E3L_6DO3_validation_chunk50/flags_params_validation_0_90.flags
Saved: /lus/eagle/projects/marP_TB_VLS/WC/williamhconrad4/OpenVS-main/experiments/E3L_6DO3/screening/inputs/validationset/E3L_6DO3_validation_chunk50/tar_params_validation_0_91.tar
Saved: /lus/eagle/projects/marP_TB_VLS/WC/williamhconrad4/OpenVS-main/experiments/E3L_6DO3/screening/inputs/validationset/E3L_6DO3_validation_chunk50/ligands_list_validation_0_91.txt
Saved: /lus/eagle/projects/marP_TB_VLS/WC/williamhconrad4/OpenVS-main/experiments/E3L_6DO3/screening/inputs/validationset/E3L_6DO3_validation_chunk50/flags_params_validation_0_91.flags
Saved: /lus/eagle/projects/marP_TB_VLS/WC/williamhconrad4/OpenVS-main/experiments/E3L_6DO3/screening/inputs/validationset/E3L_6DO3_validation_chunk50/tar_params_validation_0_92.tar
Saved: /lus/eagle/projects/marP_TB_VLS/WC/williamhconrad4/OpenVS-main/experiments/E3L_6DO3/screening/inputs/validationset/E3L_6DO3_validation_chunk50/ligands_list_validation_0_92.txt
Saved: /lus/eagle/projects/marP_TB_VLS/WC/williamhconrad4/OpenVS-main/experiments/E3L_6DO3/screening/inputs/validationset/E3L_6DO3_validation_chunk50/flags_params_validation_0_92.flags
Saved: /lus/eagle/projects/marP_TB_VLS/WC/williamhconrad4/OpenVS-main/experiments/E3L_6DO3/screening/inputs/validationset/E3L_6DO3_validation_chunk50/tar_params_validation_0_93.tar
Saved: /lus/eagle/projects/marP_TB_VLS/WC/williamhconrad4/OpenVS-main/experiments/E3L_6DO3/screening/inputs/validationset/E3L_6DO3_validation_chunk50/ligands_list_validation_0_93.txt
Saved: /lus/eagle/projects/marP_TB_VLS/WC/williamhconrad4/OpenVS-main/experiments/E3L_6DO3/screening/inputs/validationset/E3L_6DO3_validation_chunk50/flags_params_validation_0_93.flags
Saved: /lus/eagle/projects/marP_TB_VLS/WC/williamhconrad4/OpenVS-main/experiments/E3L_6DO3/screening/inputs/validationset/E3L_6DO3_validation_chunk50/tar_params_validation_0_94.tar
Saved: /lus/eagle/projects/marP_TB_VLS/WC/williamhconrad4/OpenVS-main/experiments/E3L_6DO3/screening/inputs/validationset/E3L_6DO3_validation_chunk50/ligands_list_validation_0_94.txt
Saved: /lus/eagle/projects/marP_TB_VLS/WC/williamhconrad4/OpenVS-main/experiments/E3L_6DO3/screening/inputs/validationset/E3L_6DO3_validation_chunk50/flags_params_validation_0_94.flags
Saved: /lus/eagle/projects/marP_TB_VLS/WC/williamhconrad4/OpenVS-main/experiments/E3L_6DO3/screening/inputs/validationset/E3L_6DO3_validation_chunk50/tar_params_validation_0_95.tar
Saved: /lus/eagle/projects/marP_TB_VLS/WC/williamhconrad4/OpenVS-main/experiments/E3L_6DO3/screening/inputs/validationset/E3L_6DO3_validation_chunk50/ligands_list_validation_0_95.txt
Saved: /lus/eagle/projects/marP_TB_VLS/WC/williamhconrad4/OpenVS-main/experiments/E3L_6DO3/screening/inputs/validationset/E3L_6DO3_validation_chunk50/flags_params_validation_0_95.flags
Saved: /lus/eagle/projects/marP_TB_VLS/WC/williamhconrad4/OpenVS-main/experiments/E3L_6DO3/screening/inputs/validationset/E3L_6DO3_validation_chunk50/tar_params_validation_0_96.tar
Saved: /lus/eagle/projects/marP_TB_VLS/WC/williamhconrad4/OpenVS-main/experiments/E3L_6DO3/screening/inputs/validationset/E3L_6DO3_validation_chunk50/ligands_list_validation_0_96.txt
Saved: /lus/eagle/projects/marP_TB_VLS/WC/williamhconrad4/OpenVS-main/experiments/E3L_6DO3/screening/inputs/validationset/E3L_6DO3_validation_chunk50/flags_params_validation_0_96.flags
Saved: /lus/eagle/projects/marP_TB_VLS/WC/williamhconrad4/OpenVS-main/experiments/E3L_6DO3/screening/inputs/validationset/E3L_6DO3_validation_chunk50/tar_params_validation_0_97.tar
Saved: /lus/eagle/projects/marP_TB_VLS/WC/williamhconrad4/OpenVS-main/experiments/E3L_6DO3/screening/inputs/validationset/E3L_6DO3_validation_chunk50/ligands_list_validation_0_97.txt
Saved: /lus/eagle/projects/marP_TB_VLS/WC/williamhconrad4/OpenVS-main/experiments/E3L_6DO3/screening/inputs/validationset/E3L_6DO3_validation_chunk50/flags_params_validation_0_97.flags
Saved: /lus/eagle/projects/marP_TB_VLS/WC/williamhconrad4/OpenVS-main/experiments/E3L_6DO3/screening/inputs/validationset/E3L_6DO3_validation_chunk50/tar_params_validation_0_98.tar
Saved: /lus/eagle/projects/marP_TB_VLS/WC/williamhconrad4/OpenVS-main/experiments/E3L_6DO3/screening/inputs/validationset/E3L_6DO3_validation_chunk50/ligands_list_validation_0_98.txt
Saved: /lus/eagle/projects/marP_TB_VLS/WC/williamhconrad4/OpenVS-main/experiments/E3L_6DO3/screening/inputs/validationset/E3L_6DO3_validation_chunk50/flags_params_validation_0_98.flags
Saved: /lus/eagle/projects/marP_TB_VLS/WC/williamhconrad4/OpenVS-main/experiments/E3L_6DO3/screening/inputs/validationset/E3L_6DO3_validation_chunk50/tar_params_validation_0_99.tar
Saved: /lus/eagle/projects/marP_TB_VLS/WC/williamhconrad4/OpenVS-main/experiments/E3L_6DO3/screening/inputs/validationset/E3L_6DO3_validation_chunk50/ligands_list_validation_0_99.txt
Saved: /lus/eagle/projects/marP_TB_VLS/WC/williamhconrad4/OpenVS-main/experiments/E3L_6DO3/screening/inputs/validationset/E3L_6DO3_validation_chunk50/flags_params_validation_0_99.flags
Saved: /lus/eagle/projects/marP_TB_VLS/WC/williamhconrad4/OpenVS-main/experiments/E3L_6DO3/screening/inputs/validationset/E3L_6DO3_validation_chunk50/tar_params_validation_0_100.tar
Saved: /lus/eagle/projects/marP_TB_VLS/WC/williamhconrad4/OpenVS-main/experiments/E3L_6DO3/screening/inputs/validationset/E3L_6DO3_validation_chunk50/ligands_list_validation_0_100.txt
Saved: /lus/eagle/projects/marP_TB_VLS/WC/williamhconrad4/OpenVS-main/experiments/E3L_6DO3/screening/inputs/validationset/E3L_6DO3_validation_chunk50/flags_params_validation_0_100.flags
Saved: /lus/eagle/projects/marP_TB_VLS/WC/williamhconrad4/OpenVS-main/experiments/E3L_6DO3/screening/inputs/validationset/E3L_6DO3_validation_chunk50/tar_params_validation_0_101.tar
Saved: /lus/eagle/projects/marP_TB_VLS/WC/williamhconrad4/OpenVS-main/experiments/E3L_6DO3/screening/inputs/validationset/E3L_6DO3_validation_chunk50/ligands_list_validation_0_101.txt
Saved: /lus/eagle/projects/marP_TB_VLS/WC/williamhconrad4/OpenVS-main/experiments/E3L_6DO3/screening/inputs/validationset/E3L_6DO3_validation_chunk50/flags_params_validation_0_101.flags
Saved: /lus/eagle/projects/marP_TB_VLS/WC/williamhconrad4/OpenVS-main/experiments/E3L_6DO3/screening/inputs/validationset/E3L_6DO3_validation_chunk50/tar_params_validation_0_102.tar
Saved: /lus/eagle/projects/marP_TB_VLS/WC/williamhconrad4/OpenVS-main/experiments/E3L_6DO3/screening/inputs/validationset/E3L_6DO3_validation_chunk50/ligands_list_validation_0_102.txt
Saved: /lus/eagle/projects/marP_TB_VLS/WC/williamhconrad4/OpenVS-main/experiments/E3L_6DO3/screening/inputs/validationset/E3L_6DO3_validation_chunk50/flags_params_validation_0_102.flags
Saved: /lus/eagle/projects/marP_TB_VLS/WC/williamhconrad4/OpenVS-main/experiments/E3L_6DO3/screening/inputs/validationset/E3L_6DO3_validation_chunk50/tar_params_validation_0_103.tar
Saved: /lus/eagle/projects/marP_TB_VLS/WC/williamhconrad4/OpenVS-main/experiments/E3L_6DO3/screening/inputs/validationset/E3L_6DO3_validation_chunk50/ligands_list_validation_0_103.txt
Saved: /lus/eagle/projects/marP_TB_VLS/WC/williamhconrad4/OpenVS-main/experiments/E3L_6DO3/screening/inputs/validationset/E3L_6DO3_validation_chunk50/flags_params_validation_0_103.flags
Saved: /lus/eagle/projects/marP_TB_VLS/WC/williamhconrad4/OpenVS-main/experiments/E3L_6DO3/screening/inputs/validationset/E3L_6DO3_validation_chunk50/tar_params_validation_0_104.tar
Saved: /lus/eagle/projects/marP_TB_VLS/WC/williamhconrad4/OpenVS-main/experiments/E3L_6DO3/screening/inputs/validationset/E3L_6DO3_validation_chunk50/ligands_list_validation_0_104.txt
Saved: /lus/eagle/projects/marP_TB_VLS/WC/williamhconrad4/OpenVS-main/experiments/E3L_6DO3/screening/inputs/validationset/E3L_6DO3_validation_chunk50/flags_params_validation_0_104.flags
Saved: /lus/eagle/projects/marP_TB_VLS/WC/williamhconrad4/OpenVS-main/experiments/E3L_6DO3/screening/inputs/validationset/E3L_6DO3_validation_chunk50/tar_params_validation_0_105.tar
Saved: /lus/eagle/projects/marP_TB_VLS/WC/williamhconrad4/OpenVS-main/experiments/E3L_6DO3/screening/inputs/validationset/E3L_6DO3_validation_chunk50/ligands_list_validation_0_105.txt
Saved: /lus/eagle/projects/marP_TB_VLS/WC/williamhconrad4/OpenVS-main/experiments/E3L_6DO3/screening/inputs/validationset/E3L_6DO3_validation_chunk50/flags_params_validation_0_105.flags
Saved: /lus/eagle/projects/marP_TB_VLS/WC/williamhconrad4/OpenVS-main/experiments/E3L_6DO3/screening/inputs/validationset/E3L_6DO3_validation_chunk50/tar_params_validation_0_106.tar
Saved: /lus/eagle/projects/marP_TB_VLS/WC/williamhconrad4/OpenVS-main/experiments/E3L_6DO3/screening/inputs/validationset/E3L_6DO3_validation_chunk50/ligands_list_validation_0_106.txt
Saved: /lus/eagle/projects/marP_TB_VLS/WC/williamhconrad4/OpenVS-main/experiments/E3L_6DO3/screening/inputs/validationset/E3L_6DO3_validation_chunk50/flags_params_validation_0_106.flags
Saved: /lus/eagle/projects/marP_TB_VLS/WC/williamhconrad4/OpenVS-main/experiments/E3L_6DO3/screening/inputs/validationset/E3L_6DO3_validation_chunk50/tar_params_validation_0_107.tar
Saved: /lus/eagle/projects/marP_TB_VLS/WC/williamhconrad4/OpenVS-main/experiments/E3L_6DO3/screening/inputs/validationset/E3L_6DO3_validation_chunk50/ligands_list_validation_0_107.txt
Saved: /lus/eagle/projects/marP_TB_VLS/WC/williamhconrad4/OpenVS-main/experiments/E3L_6DO3/screening/inputs/validationset/E3L_6DO3_validation_chunk50/flags_params_validation_0_107.flags
Saved: /lus/eagle/projects/marP_TB_VLS/WC/williamhconrad4/OpenVS-main/experiments/E3L_6DO3/screening/inputs/validationset/E3L_6DO3_validation_chunk50/tar_params_validation_0_108.tar
Saved: /lus/eagle/projects/marP_TB_VLS/WC/williamhconrad4/OpenVS-main/experiments/E3L_6DO3/screening/inputs/validationset/E3L_6DO3_validation_chunk50/ligands_list_validation_0_108.txt
Saved: /lus/eagle/projects/marP_TB_VLS/WC/williamhconrad4/OpenVS-main/experiments/E3L_6DO3/screening/inputs/validationset/E3L_6DO3_validation_chunk50/flags_params_validation_0_108.flags
Saved: /lus/eagle/projects/marP_TB_VLS/WC/williamhconrad4/OpenVS-main/experiments/E3L_6DO3/screening/inputs/validationset/E3L_6DO3_validation_chunk50/tar_params_validation_0_109.tar
Saved: /lus/eagle/projects/marP_TB_VLS/WC/williamhconrad4/OpenVS-main/experiments/E3L_6DO3/screening/inputs/validationset/E3L_6DO3_validation_chunk50/ligands_list_validation_0_109.txt
Saved: /lus/eagle/projects/marP_TB_VLS/WC/williamhconrad4/OpenVS-main/experiments/E3L_6DO3/screening/inputs/validationset/E3L_6DO3_validation_chunk50/flags_params_validation_0_109.flags
Saved: /lus/eagle/projects/marP_TB_VLS/WC/williamhconrad4/OpenVS-main/experiments/E3L_6DO3/screening/inputs/validationset/E3L_6DO3_validation_chunk50/tar_params_validation_0_110.tar
Saved: /lus/eagle/projects/marP_TB_VLS/WC/williamhconrad4/OpenVS-main/experiments/E3L_6DO3/screening/inputs/validationset/E3L_6DO3_validation_chunk50/ligands_list_validation_0_110.txt
Saved: /lus/eagle/projects/marP_TB_VLS/WC/williamhconrad4/OpenVS-main/experiments/E3L_6DO3/screening/inputs/validationset/E3L_6DO3_validation_chunk50/flags_params_validation_0_110.flags
Saved: /lus/eagle/projects/marP_TB_VLS/WC/williamhconrad4/OpenVS-main/experiments/E3L_6DO3/screening/inputs/validationset/E3L_6DO3_validation_chunk50/tar_params_validation_0_111.tar
Saved: /lus/eagle/projects/marP_TB_VLS/WC/williamhconrad4/OpenVS-main/experiments/E3L_6DO3/screening/inputs/validationset/E3L_6DO3_validation_chunk50/ligands_list_validation_0_111.txt
Saved: /lus/eagle/projects/marP_TB_VLS/WC/williamhconrad4/OpenVS-main/experiments/E3L_6DO3/screening/inputs/validationset/E3L_6DO3_validation_chunk50/flags_params_validation_0_111.flags
Saved: /lus/eagle/projects/marP_TB_VLS/WC/williamhconrad4/OpenVS-main/experiments/E3L_6DO3/screening/inputs/validationset/E3L_6DO3_validation_chunk50/tar_params_validation_0_112.tar
Saved: /lus/eagle/projects/marP_TB_VLS/WC/williamhconrad4/OpenVS-main/experiments/E3L_6DO3/screening/inputs/validationset/E3L_6DO3_validation_chunk50/ligands_list_validation_0_112.txt
Saved: /lus/eagle/projects/marP_TB_VLS/WC/williamhconrad4/OpenVS-main/experiments/E3L_6DO3/screening/inputs/validationset/E3L_6DO3_validation_chunk50/flags_params_validation_0_112.flags
Saved: /lus/eagle/projects/marP_TB_VLS/WC/williamhconrad4/OpenVS-main/experiments/E3L_6DO3/screening/inputs/validationset/E3L_6DO3_validation_chunk50/tar_params_validation_0_113.tar
Saved: /lus/eagle/projects/marP_TB_VLS/WC/williamhconrad4/OpenVS-main/experiments/E3L_6DO3/screening/inputs/validationset/E3L_6DO3_validation_chunk50/ligands_list_validation_0_113.txt
Saved: /lus/eagle/projects/marP_TB_VLS/WC/williamhconrad4/OpenVS-main/experiments/E3L_6DO3/screening/inputs/validationset/E3L_6DO3_validation_chunk50/flags_params_validation_0_113.flags
Saved: /lus/eagle/projects/marP_TB_VLS/WC/williamhconrad4/OpenVS-main/experiments/E3L_6DO3/screening/inputs/validationset/E3L_6DO3_validation_chunk50/tar_params_validation_0_114.tar
Saved: /lus/eagle/projects/marP_TB_VLS/WC/williamhconrad4/OpenVS-main/experiments/E3L_6DO3/screening/inputs/validationset/E3L_6DO3_validation_chunk50/ligands_list_validation_0_114.txt
Saved: /lus/eagle/projects/marP_TB_VLS/WC/williamhconrad4/OpenVS-main/experiments/E3L_6DO3/screening/inputs/validationset/E3L_6DO3_validation_chunk50/flags_params_validation_0_114.flags
Saved: /lus/eagle/projects/marP_TB_VLS/WC/williamhconrad4/OpenVS-main/experiments/E3L_6DO3/screening/inputs/validationset/E3L_6DO3_validation_chunk50/tar_params_validation_0_115.tar
Saved: /lus/eagle/projects/marP_TB_VLS/WC/williamhconrad4/OpenVS-main/experiments/E3L_6DO3/screening/inputs/validationset/E3L_6DO3_validation_chunk50/ligands_list_validation_0_115.txt
Saved: /lus/eagle/projects/marP_TB_VLS/WC/williamhconrad4/OpenVS-main/experiments/E3L_6DO3/screening/inputs/validationset/E3L_6DO3_validation_chunk50/flags_params_validation_0_115.flags
Saved: /lus/eagle/projects/marP_TB_VLS/WC/williamhconrad4/OpenVS-main/experiments/E3L_6DO3/screening/inputs/validationset/E3L_6DO3_validation_chunk50/tar_params_validation_0_116.tar
Saved: /lus/eagle/projects/marP_TB_VLS/WC/williamhconrad4/OpenVS-main/experiments/E3L_6DO3/screening/inputs/validationset/E3L_6DO3_validation_chunk50/ligands_list_validation_0_116.txt
Saved: /lus/eagle/projects/marP_TB_VLS/WC/williamhconrad4/OpenVS-main/experiments/E3L_6DO3/screening/inputs/validationset/E3L_6DO3_validation_chunk50/flags_params_validation_0_116.flags
Saved: /lus/eagle/projects/marP_TB_VLS/WC/williamhconrad4/OpenVS-main/experiments/E3L_6DO3/screening/inputs/validationset/E3L_6DO3_validation_chunk50/tar_params_validation_0_117.tar
Saved: /lus/eagle/projects/marP_TB_VLS/WC/williamhconrad4/OpenVS-main/experiments/E3L_6DO3/screening/inputs/validationset/E3L_6DO3_validation_chunk50/ligands_list_validation_0_117.txt
Saved: /lus/eagle/projects/marP_TB_VLS/WC/williamhconrad4/OpenVS-main/experiments/E3L_6DO3/screening/inputs/validationset/E3L_6DO3_validation_chunk50/flags_params_validation_0_117.flags
Saved: /lus/eagle/projects/marP_TB_VLS/WC/williamhconrad4/OpenVS-main/experiments/E3L_6DO3/screening/inputs/validationset/E3L_6DO3_validation_chunk50/tar_params_validation_0_118.tar
Saved: /lus/eagle/projects/marP_TB_VLS/WC/williamhconrad4/OpenVS-main/experiments/E3L_6DO3/screening/inputs/validationset/E3L_6DO3_validation_chunk50/ligands_list_validation_0_118.txt
Saved: /lus/eagle/projects/marP_TB_VLS/WC/williamhconrad4/OpenVS-main/experiments/E3L_6DO3/screening/inputs/validationset/E3L_6DO3_validation_chunk50/flags_params_validation_0_118.flags
Saved: /lus/eagle/projects/marP_TB_VLS/WC/williamhconrad4/OpenVS-main/experiments/E3L_6DO3/screening/inputs/validationset/E3L_6DO3_validation_chunk50/tar_params_validation_0_119.tar
Saved: /lus/eagle/projects/marP_TB_VLS/WC/williamhconrad4/OpenVS-main/experiments/E3L_6DO3/screening/inputs/validationset/E3L_6DO3_validation_chunk50/ligands_list_validation_0_119.txt
Saved: /lus/eagle/projects/marP_TB_VLS/WC/williamhconrad4/OpenVS-main/experiments/E3L_6DO3/screening/inputs/validationset/E3L_6DO3_validation_chunk50/flags_params_validation_0_119.flags
Saved: /lus/eagle/projects/marP_TB_VLS/WC/williamhconrad4/OpenVS-main/experiments/E3L_6DO3/screening/inputs/validationset/E3L_6DO3_validation_chunk50/tar_params_validation_0_120.tar
Saved: /lus/eagle/projects/marP_TB_VLS/WC/williamhconrad4/OpenVS-main/experiments/E3L_6DO3/screening/inputs/validationset/E3L_6DO3_validation_chunk50/ligands_list_validation_0_120.txt
Saved: /lus/eagle/projects/marP_TB_VLS/WC/williamhconrad4/OpenVS-main/experiments/E3L_6DO3/screening/inputs/validationset/E3L_6DO3_validation_chunk50/flags_params_validation_0_120.flags
Saved: /lus/eagle/projects/marP_TB_VLS/WC/williamhconrad4/OpenVS-main/experiments/E3L_6DO3/screening/inputs/validationset/E3L_6DO3_validation_chunk50/tar_params_validation_0_121.tar
Saved: /lus/eagle/projects/marP_TB_VLS/WC/williamhconrad4/OpenVS-main/experiments/E3L_6DO3/screening/inputs/validationset/E3L_6DO3_validation_chunk50/ligands_list_validation_0_121.txt
Saved: /lus/eagle/projects/marP_TB_VLS/WC/williamhconrad4/OpenVS-main/experiments/E3L_6DO3/screening/inputs/validationset/E3L_6DO3_validation_chunk50/flags_params_validation_0_121.flags
Saved: /lus/eagle/projects/marP_TB_VLS/WC/williamhconrad4/OpenVS-main/experiments/E3L_6DO3/screening/inputs/validationset/E3L_6DO3_validation_chunk50/tar_params_validation_0_122.tar
Saved: /lus/eagle/projects/marP_TB_VLS/WC/williamhconrad4/OpenVS-main/experiments/E3L_6DO3/screening/inputs/validationset/E3L_6DO3_validation_chunk50/ligands_list_validation_0_122.txt
Saved: /lus/eagle/projects/marP_TB_VLS/WC/williamhconrad4/OpenVS-main/experiments/E3L_6DO3/screening/inputs/validationset/E3L_6DO3_validation_chunk50/flags_params_validation_0_122.flags
Saved: /lus/eagle/projects/marP_TB_VLS/WC/williamhconrad4/OpenVS-main/experiments/E3L_6DO3/screening/inputs/validationset/E3L_6DO3_validation_chunk50/tar_params_validation_0_123.tar
Saved: /lus/eagle/projects/marP_TB_VLS/WC/williamhconrad4/OpenVS-main/experiments/E3L_6DO3/screening/inputs/validationset/E3L_6DO3_validation_chunk50/ligands_list_validation_0_123.txt
Saved: /lus/eagle/projects/marP_TB_VLS/WC/williamhconrad4/OpenVS-main/experiments/E3L_6DO3/screening/inputs/validationset/E3L_6DO3_validation_chunk50/flags_params_validation_0_123.flags
Saved: /lus/eagle/projects/marP_TB_VLS/WC/williamhconrad4/OpenVS-main/experiments/E3L_6DO3/screening/inputs/validationset/E3L_6DO3_validation_chunk50/tar_params_validation_0_124.tar
Saved: /lus/eagle/projects/marP_TB_VLS/WC/williamhconrad4/OpenVS-main/experiments/E3L_6DO3/screening/inputs/validationset/E3L_6DO3_validation_chunk50/ligands_list_validation_0_124.txt
Saved: /lus/eagle/projects/marP_TB_VLS/WC/williamhconrad4/OpenVS-main/experiments/E3L_6DO3/screening/inputs/validationset/E3L_6DO3_validation_chunk50/flags_params_validation_0_124.flags
Saved: /lus/eagle/projects/marP_TB_VLS/WC/williamhconrad4/OpenVS-main/experiments/E3L_6DO3/screening/inputs/validationset/E3L_6DO3_validation_chunk50/tar_params_validation_0_125.tar
Saved: /lus/eagle/projects/marP_TB_VLS/WC/williamhconrad4/OpenVS-main/experiments/E3L_6DO3/screening/inputs/validationset/E3L_6DO3_validation_chunk50/ligands_list_validation_0_125.txt
Saved: /lus/eagle/projects/marP_TB_VLS/WC/williamhconrad4/OpenVS-main/experiments/E3L_6DO3/screening/inputs/validationset/E3L_6DO3_validation_chunk50/flags_params_validation_0_125.flags
Saved: /lus/eagle/projects/marP_TB_VLS/WC/williamhconrad4/OpenVS-main/experiments/E3L_6DO3/screening/inputs/validationset/E3L_6DO3_validation_chunk50/tar_params_validation_0_126.tar
Saved: /lus/eagle/projects/marP_TB_VLS/WC/williamhconrad4/OpenVS-main/experiments/E3L_6DO3/screening/inputs/validationset/E3L_6DO3_validation_chunk50/ligands_list_validation_0_126.txt
Saved: /lus/eagle/projects/marP_TB_VLS/WC/williamhconrad4/OpenVS-main/experiments/E3L_6DO3/screening/inputs/validationset/E3L_6DO3_validation_chunk50/flags_params_validation_0_126.flags
Saved: /lus/eagle/projects/marP_TB_VLS/WC/williamhconrad4/OpenVS-main/experiments/E3L_6DO3/screening/inputs/validationset/E3L_6DO3_validation_chunk50/tar_params_validation_0_127.tar
Saved: /lus/eagle/projects/marP_TB_VLS/WC/williamhconrad4/OpenVS-main/experiments/E3L_6DO3/screening/inputs/validationset/E3L_6DO3_validation_chunk50/ligands_list_validation_0_127.txt
Saved: /lus/eagle/projects/marP_TB_VLS/WC/williamhconrad4/OpenVS-main/experiments/E3L_6DO3/screening/inputs/validationset/E3L_6DO3_validation_chunk50/flags_params_validation_0_127.flags
Saved: /lus/eagle/projects/marP_TB_VLS/WC/williamhconrad4/OpenVS-main/experiments/E3L_6DO3/screening/inputs/validationset/E3L_6DO3_validation_chunk50/tar_params_validation_0_128.tar
Saved: /lus/eagle/projects/marP_TB_VLS/WC/williamhconrad4/OpenVS-main/experiments/E3L_6DO3/screening/inputs/validationset/E3L_6DO3_validation_chunk50/ligands_list_validation_0_128.txt
Saved: /lus/eagle/projects/marP_TB_VLS/WC/williamhconrad4/OpenVS-main/experiments/E3L_6DO3/screening/inputs/validationset/E3L_6DO3_validation_chunk50/flags_params_validation_0_128.flags
Saved: /lus/eagle/projects/marP_TB_VLS/WC/williamhconrad4/OpenVS-main/experiments/E3L_6DO3/screening/inputs/validationset/E3L_6DO3_validation_chunk50/tar_params_validation_0_129.tar
Saved: /lus/eagle/projects/marP_TB_VLS/WC/williamhconrad4/OpenVS-main/experiments/E3L_6DO3/screening/inputs/validationset/E3L_6DO3_validation_chunk50/ligands_list_validation_0_129.txt
Saved: /lus/eagle/projects/marP_TB_VLS/WC/williamhconrad4/OpenVS-main/experiments/E3L_6DO3/screening/inputs/validationset/E3L_6DO3_validation_chunk50/flags_params_validation_0_129.flags
Saved: /lus/eagle/projects/marP_TB_VLS/WC/williamhconrad4/OpenVS-main/experiments/E3L_6DO3/screening/inputs/validationset/E3L_6DO3_validation_chunk50/tar_params_validation_0_130.tar
Saved: /lus/eagle/projects/marP_TB_VLS/WC/williamhconrad4/OpenVS-main/experiments/E3L_6DO3/screening/inputs/validationset/E3L_6DO3_validation_chunk50/ligands_list_validation_0_130.txt
Saved: /lus/eagle/projects/marP_TB_VLS/WC/williamhconrad4/OpenVS-main/experiments/E3L_6DO3/screening/inputs/validationset/E3L_6DO3_validation_chunk50/flags_params_validation_0_130.flags
Saved: /lus/eagle/projects/marP_TB_VLS/WC/williamhconrad4/OpenVS-main/experiments/E3L_6DO3/screening/inputs/validationset/E3L_6DO3_validation_chunk50/tar_params_validation_0_131.tar
Saved: /lus/eagle/projects/marP_TB_VLS/WC/williamhconrad4/OpenVS-main/experiments/E3L_6DO3/screening/inputs/validationset/E3L_6DO3_validation_chunk50/ligands_list_validation_0_131.txt
Saved: /lus/eagle/projects/marP_TB_VLS/WC/williamhconrad4/OpenVS-main/experiments/E3L_6DO3/screening/inputs/validationset/E3L_6DO3_validation_chunk50/flags_params_validation_0_131.flags
Saved: /lus/eagle/projects/marP_TB_VLS/WC/williamhconrad4/OpenVS-main/experiments/E3L_6DO3/screening/inputs/validationset/E3L_6DO3_validation_chunk50/tar_params_validation_0_132.tar
Saved: /lus/eagle/projects/marP_TB_VLS/WC/williamhconrad4/OpenVS-main/experiments/E3L_6DO3/screening/inputs/validationset/E3L_6DO3_validation_chunk50/ligands_list_validation_0_132.txt
Saved: /lus/eagle/projects/marP_TB_VLS/WC/williamhconrad4/OpenVS-main/experiments/E3L_6DO3/screening/inputs/validationset/E3L_6DO3_validation_chunk50/flags_params_validation_0_132.flags
Saved: /lus/eagle/projects/marP_TB_VLS/WC/williamhconrad4/OpenVS-main/experiments/E3L_6DO3/screening/inputs/validationset/E3L_6DO3_validation_chunk50/tar_params_validation_0_133.tar
Saved: /lus/eagle/projects/marP_TB_VLS/WC/williamhconrad4/OpenVS-main/experiments/E3L_6DO3/screening/inputs/validationset/E3L_6DO3_validation_chunk50/ligands_list_validation_0_133.txt
Saved: /lus/eagle/projects/marP_TB_VLS/WC/williamhconrad4/OpenVS-main/experiments/E3L_6DO3/screening/inputs/validationset/E3L_6DO3_validation_chunk50/flags_params_validation_0_133.flags
Saved: /lus/eagle/projects/marP_TB_VLS/WC/williamhconrad4/OpenVS-main/experiments/E3L_6DO3/screening/inputs/validationset/E3L_6DO3_validation_chunk50/tar_params_validation_0_134.tar
Saved: /lus/eagle/projects/marP_TB_VLS/WC/williamhconrad4/OpenVS-main/experiments/E3L_6DO3/screening/inputs/validationset/E3L_6DO3_validation_chunk50/ligands_list_validation_0_134.txt
Saved: /lus/eagle/projects/marP_TB_VLS/WC/williamhconrad4/OpenVS-main/experiments/E3L_6DO3/screening/inputs/validationset/E3L_6DO3_validation_chunk50/flags_params_validation_0_134.flags
Saved: /lus/eagle/projects/marP_TB_VLS/WC/williamhconrad4/OpenVS-main/experiments/E3L_6DO3/screening/inputs/validationset/E3L_6DO3_validation_chunk50/tar_params_validation_0_135.tar
Saved: /lus/eagle/projects/marP_TB_VLS/WC/williamhconrad4/OpenVS-main/experiments/E3L_6DO3/screening/inputs/validationset/E3L_6DO3_validation_chunk50/ligands_list_validation_0_135.txt
Saved: /lus/eagle/projects/marP_TB_VLS/WC/williamhconrad4/OpenVS-main/experiments/E3L_6DO3/screening/inputs/validationset/E3L_6DO3_validation_chunk50/flags_params_validation_0_135.flags
Saved: /lus/eagle/projects/marP_TB_VLS/WC/williamhconrad4/OpenVS-main/experiments/E3L_6DO3/screening/inputs/validationset/E3L_6DO3_validation_chunk50/tar_params_validation_0_136.tar
Saved: /lus/eagle/projects/marP_TB_VLS/WC/williamhconrad4/OpenVS-main/experiments/E3L_6DO3/screening/inputs/validationset/E3L_6DO3_validation_chunk50/ligands_list_validation_0_136.txt
Saved: /lus/eagle/projects/marP_TB_VLS/WC/williamhconrad4/OpenVS-main/experiments/E3L_6DO3/screening/inputs/validationset/E3L_6DO3_validation_chunk50/flags_params_validation_0_136.flags
Saved: /lus/eagle/projects/marP_TB_VLS/WC/williamhconrad4/OpenVS-main/experiments/E3L_6DO3/screening/inputs/validationset/E3L_6DO3_validation_chunk50/tar_params_validation_0_137.tar
Saved: /lus/eagle/projects/marP_TB_VLS/WC/williamhconrad4/OpenVS-main/experiments/E3L_6DO3/screening/inputs/validationset/E3L_6DO3_validation_chunk50/ligands_list_validation_0_137.txt
Saved: /lus/eagle/projects/marP_TB_VLS/WC/williamhconrad4/OpenVS-main/experiments/E3L_6DO3/screening/inputs/validationset/E3L_6DO3_validation_chunk50/flags_params_validation_0_137.flags
Saved: /lus/eagle/projects/marP_TB_VLS/WC/williamhconrad4/OpenVS-main/experiments/E3L_6DO3/screening/inputs/validationset/E3L_6DO3_validation_chunk50/tar_params_validation_0_138.tar
Saved: /lus/eagle/projects/marP_TB_VLS/WC/williamhconrad4/OpenVS-main/experiments/E3L_6DO3/screening/inputs/validationset/E3L_6DO3_validation_chunk50/ligands_list_validation_0_138.txt
Saved: /lus/eagle/projects/marP_TB_VLS/WC/williamhconrad4/OpenVS-main/experiments/E3L_6DO3/screening/inputs/validationset/E3L_6DO3_validation_chunk50/flags_params_validation_0_138.flags
Saved: /lus/eagle/projects/marP_TB_VLS/WC/williamhconrad4/OpenVS-main/experiments/E3L_6DO3/screening/inputs/validationset/E3L_6DO3_validation_chunk50/tar_params_validation_0_139.tar
Saved: /lus/eagle/projects/marP_TB_VLS/WC/williamhconrad4/OpenVS-main/experiments/E3L_6DO3/screening/inputs/validationset/E3L_6DO3_validation_chunk50/ligands_list_validation_0_139.txt
Saved: /lus/eagle/projects/marP_TB_VLS/WC/williamhconrad4/OpenVS-main/experiments/E3L_6DO3/screening/inputs/validationset/E3L_6DO3_validation_chunk50/flags_params_validation_0_139.flags
Saved: /lus/eagle/projects/marP_TB_VLS/WC/williamhconrad4/OpenVS-main/experiments/E3L_6DO3/screening/inputs/validationset/E3L_6DO3_validation_chunk50/tar_params_validation_0_140.tar
Saved: /lus/eagle/projects/marP_TB_VLS/WC/williamhconrad4/OpenVS-main/experiments/E3L_6DO3/screening/inputs/validationset/E3L_6DO3_validation_chunk50/ligands_list_validation_0_140.txt
Saved: /lus/eagle/projects/marP_TB_VLS/WC/williamhconrad4/OpenVS-main/experiments/E3L_6DO3/screening/inputs/validationset/E3L_6DO3_validation_chunk50/flags_params_validation_0_140.flags
Saved: /lus/eagle/projects/marP_TB_VLS/WC/williamhconrad4/OpenVS-main/experiments/E3L_6DO3/screening/inputs/validationset/E3L_6DO3_validation_chunk50/tar_params_validation_0_141.tar
Saved: /lus/eagle/projects/marP_TB_VLS/WC/williamhconrad4/OpenVS-main/experiments/E3L_6DO3/screening/inputs/validationset/E3L_6DO3_validation_chunk50/ligands_list_validation_0_141.txt
Saved: /lus/eagle/projects/marP_TB_VLS/WC/williamhconrad4/OpenVS-main/experiments/E3L_6DO3/screening/inputs/validationset/E3L_6DO3_validation_chunk50/flags_params_validation_0_141.flags
Saved: /lus/eagle/projects/marP_TB_VLS/WC/williamhconrad4/OpenVS-main/experiments/E3L_6DO3/screening/inputs/validationset/E3L_6DO3_validation_chunk50/tar_params_validation_0_142.tar
Saved: /lus/eagle/projects/marP_TB_VLS/WC/williamhconrad4/OpenVS-main/experiments/E3L_6DO3/screening/inputs/validationset/E3L_6DO3_validation_chunk50/ligands_list_validation_0_142.txt
Saved: /lus/eagle/projects/marP_TB_VLS/WC/williamhconrad4/OpenVS-main/experiments/E3L_6DO3/screening/inputs/validationset/E3L_6DO3_validation_chunk50/flags_params_validation_0_142.flags
Saved: /lus/eagle/projects/marP_TB_VLS/WC/williamhconrad4/OpenVS-main/experiments/E3L_6DO3/screening/inputs/validationset/E3L_6DO3_validation_chunk50/tar_params_validation_0_143.tar
Saved: /lus/eagle/projects/marP_TB_VLS/WC/williamhconrad4/OpenVS-main/experiments/E3L_6DO3/screening/inputs/validationset/E3L_6DO3_validation_chunk50/ligands_list_validation_0_143.txt
Saved: /lus/eagle/projects/marP_TB_VLS/WC/williamhconrad4/OpenVS-main/experiments/E3L_6DO3/screening/inputs/validationset/E3L_6DO3_validation_chunk50/flags_params_validation_0_143.flags
Saved: /lus/eagle/projects/marP_TB_VLS/WC/williamhconrad4/OpenVS-main/experiments/E3L_6DO3/screening/inputs/validationset/E3L_6DO3_validation_chunk50/tar_params_validation_0_144.tar
Saved: /lus/eagle/projects/marP_TB_VLS/WC/williamhconrad4/OpenVS-main/experiments/E3L_6DO3/screening/inputs/validationset/E3L_6DO3_validation_chunk50/ligands_list_validation_0_144.txt
Saved: /lus/eagle/projects/marP_TB_VLS/WC/williamhconrad4/OpenVS-main/experiments/E3L_6DO3/screening/inputs/validationset/E3L_6DO3_validation_chunk50/flags_params_validation_0_144.flags
Saved: /lus/eagle/projects/marP_TB_VLS/WC/williamhconrad4/OpenVS-main/experiments/E3L_6DO3/screening/inputs/validationset/E3L_6DO3_validation_chunk50/tar_params_validation_0_145.tar
Saved: /lus/eagle/projects/marP_TB_VLS/WC/williamhconrad4/OpenVS-main/experiments/E3L_6DO3/screening/inputs/validationset/E3L_6DO3_validation_chunk50/ligands_list_validation_0_145.txt
Saved: /lus/eagle/projects/marP_TB_VLS/WC/williamhconrad4/OpenVS-main/experiments/E3L_6DO3/screening/inputs/validationset/E3L_6DO3_validation_chunk50/flags_params_validation_0_145.flags
Saved: /lus/eagle/projects/marP_TB_VLS/WC/williamhconrad4/OpenVS-main/experiments/E3L_6DO3/screening/inputs/validationset/E3L_6DO3_validation_chunk50/tar_params_validation_0_146.tar
Saved: /lus/eagle/projects/marP_TB_VLS/WC/williamhconrad4/OpenVS-main/experiments/E3L_6DO3/screening/inputs/validationset/E3L_6DO3_validation_chunk50/ligands_list_validation_0_146.txt
Saved: /lus/eagle/projects/marP_TB_VLS/WC/williamhconrad4/OpenVS-main/experiments/E3L_6DO3/screening/inputs/validationset/E3L_6DO3_validation_chunk50/flags_params_validation_0_146.flags
Saved: /lus/eagle/projects/marP_TB_VLS/WC/williamhconrad4/OpenVS-main/experiments/E3L_6DO3/screening/inputs/validationset/E3L_6DO3_validation_chunk50/tar_params_validation_0_147.tar
Saved: /lus/eagle/projects/marP_TB_VLS/WC/williamhconrad4/OpenVS-main/experiments/E3L_6DO3/screening/inputs/validationset/E3L_6DO3_validation_chunk50/ligands_list_validation_0_147.txt
Saved: /lus/eagle/projects/marP_TB_VLS/WC/williamhconrad4/OpenVS-main/experiments/E3L_6DO3/screening/inputs/validationset/E3L_6DO3_validation_chunk50/flags_params_validation_0_147.flags
Saved: /lus/eagle/projects/marP_TB_VLS/WC/williamhconrad4/OpenVS-main/experiments/E3L_6DO3/screening/inputs/validationset/E3L_6DO3_validation_chunk50/tar_params_validation_0_148.tar
Saved: /lus/eagle/projects/marP_TB_VLS/WC/williamhconrad4/OpenVS-main/experiments/E3L_6DO3/screening/inputs/validationset/E3L_6DO3_validation_chunk50/ligands_list_validation_0_148.txt
Saved: /lus/eagle/projects/marP_TB_VLS/WC/williamhconrad4/OpenVS-main/experiments/E3L_6DO3/screening/inputs/validationset/E3L_6DO3_validation_chunk50/flags_params_validation_0_148.flags
Saved: /lus/eagle/projects/marP_TB_VLS/WC/williamhconrad4/OpenVS-main/experiments/E3L_6DO3/screening/inputs/validationset/E3L_6DO3_validation_chunk50/tar_params_validation_0_149.tar
Saved: /lus/eagle/projects/marP_TB_VLS/WC/williamhconrad4/OpenVS-main/experiments/E3L_6DO3/screening/inputs/validationset/E3L_6DO3_validation_chunk50/ligands_list_validation_0_149.txt
Saved: /lus/eagle/projects/marP_TB_VLS/WC/williamhconrad4/OpenVS-main/experiments/E3L_6DO3/screening/inputs/validationset/E3L_6DO3_validation_chunk50/flags_params_validation_0_149.flags
Saved: /lus/eagle/projects/marP_TB_VLS/WC/williamhconrad4/OpenVS-main/experiments/E3L_6DO3/screening/inputs/validationset/E3L_6DO3_validation_chunk50/tar_params_validation_0_150.tar
Saved: /lus/eagle/projects/marP_TB_VLS/WC/williamhconrad4/OpenVS-main/experiments/E3L_6DO3/screening/inputs/validationset/E3L_6DO3_validation_chunk50/ligands_list_validation_0_150.txt
Saved: /lus/eagle/projects/marP_TB_VLS/WC/williamhconrad4/OpenVS-main/experiments/E3L_6DO3/screening/inputs/validationset/E3L_6DO3_validation_chunk50/flags_params_validation_0_150.flags
Saved: /lus/eagle/projects/marP_TB_VLS/WC/williamhconrad4/OpenVS-main/experiments/E3L_6DO3/screening/inputs/validationset/E3L_6DO3_validation_chunk50/tar_params_validation_0_151.tar
Saved: /lus/eagle/projects/marP_TB_VLS/WC/williamhconrad4/OpenVS-main/experiments/E3L_6DO3/screening/inputs/validationset/E3L_6DO3_validation_chunk50/ligands_list_validation_0_151.txt
Saved: /lus/eagle/projects/marP_TB_VLS/WC/williamhconrad4/OpenVS-main/experiments/E3L_6DO3/screening/inputs/validationset/E3L_6DO3_validation_chunk50/flags_params_validation_0_151.flags
Saved: /lus/eagle/projects/marP_TB_VLS/WC/williamhconrad4/OpenVS-main/experiments/E3L_6DO3/screening/inputs/validationset/E3L_6DO3_validation_chunk50/tar_params_validation_0_152.tar
Saved: /lus/eagle/projects/marP_TB_VLS/WC/williamhconrad4/OpenVS-main/experiments/E3L_6DO3/screening/inputs/validationset/E3L_6DO3_validation_chunk50/ligands_list_validation_0_152.txt
Saved: /lus/eagle/projects/marP_TB_VLS/WC/williamhconrad4/OpenVS-main/experiments/E3L_6DO3/screening/inputs/validationset/E3L_6DO3_validation_chunk50/flags_params_validation_0_152.flags
Saved: /lus/eagle/projects/marP_TB_VLS/WC/williamhconrad4/OpenVS-main/experiments/E3L_6DO3/screening/inputs/validationset/E3L_6DO3_validation_chunk50/tar_params_validation_0_153.tar
Saved: /lus/eagle/projects/marP_TB_VLS/WC/williamhconrad4/OpenVS-main/experiments/E3L_6DO3/screening/inputs/validationset/E3L_6DO3_validation_chunk50/ligands_list_validation_0_153.txt
Saved: /lus/eagle/projects/marP_TB_VLS/WC/williamhconrad4/OpenVS-main/experiments/E3L_6DO3/screening/inputs/validationset/E3L_6DO3_validation_chunk50/flags_params_validation_0_153.flags
Saved: /lus/eagle/projects/marP_TB_VLS/WC/williamhconrad4/OpenVS-main/experiments/E3L_6DO3/screening/inputs/validationset/E3L_6DO3_validation_chunk50/tar_params_validation_0_154.tar
Saved: /lus/eagle/projects/marP_TB_VLS/WC/williamhconrad4/OpenVS-main/experiments/E3L_6DO3/screening/inputs/validationset/E3L_6DO3_validation_chunk50/ligands_list_validation_0_154.txt
Saved: /lus/eagle/projects/marP_TB_VLS/WC/williamhconrad4/OpenVS-main/experiments/E3L_6DO3/screening/inputs/validationset/E3L_6DO3_validation_chunk50/flags_params_validation_0_154.flags
Saved: /lus/eagle/projects/marP_TB_VLS/WC/williamhconrad4/OpenVS-main/experiments/E3L_6DO3/screening/inputs/validationset/E3L_6DO3_validation_chunk50/tar_params_validation_0_155.tar
Saved: /lus/eagle/projects/marP_TB_VLS/WC/williamhconrad4/OpenVS-main/experiments/E3L_6DO3/screening/inputs/validationset/E3L_6DO3_validation_chunk50/ligands_list_validation_0_155.txt
Saved: /lus/eagle/projects/marP_TB_VLS/WC/williamhconrad4/OpenVS-main/experiments/E3L_6DO3/screening/inputs/validationset/E3L_6DO3_validation_chunk50/flags_params_validation_0_155.flags
Saved: /lus/eagle/projects/marP_TB_VLS/WC/williamhconrad4/OpenVS-main/experiments/E3L_6DO3/screening/inputs/validationset/E3L_6DO3_validation_chunk50/tar_params_validation_0_156.tar
Saved: /lus/eagle/projects/marP_TB_VLS/WC/williamhconrad4/OpenVS-main/experiments/E3L_6DO3/screening/inputs/validationset/E3L_6DO3_validation_chunk50/ligands_list_validation_0_156.txt
Saved: /lus/eagle/projects/marP_TB_VLS/WC/williamhconrad4/OpenVS-main/experiments/E3L_6DO3/screening/inputs/validationset/E3L_6DO3_validation_chunk50/flags_params_validation_0_156.flags
Saved: /lus/eagle/projects/marP_TB_VLS/WC/williamhconrad4/OpenVS-main/experiments/E3L_6DO3/screening/inputs/validationset/E3L_6DO3_validation_chunk50/tar_params_validation_0_157.tar
Saved: /lus/eagle/projects/marP_TB_VLS/WC/williamhconrad4/OpenVS-main/experiments/E3L_6DO3/screening/inputs/validationset/E3L_6DO3_validation_chunk50/ligands_list_validation_0_157.txt
Saved: /lus/eagle/projects/marP_TB_VLS/WC/williamhconrad4/OpenVS-main/experiments/E3L_6DO3/screening/inputs/validationset/E3L_6DO3_validation_chunk50/flags_params_validation_0_157.flags
Saved: /lus/eagle/projects/marP_TB_VLS/WC/williamhconrad4/OpenVS-main/experiments/E3L_6DO3/screening/inputs/validationset/E3L_6DO3_validation_chunk50/tar_params_validation_0_158.tar
Saved: /lus/eagle/projects/marP_TB_VLS/WC/williamhconrad4/OpenVS-main/experiments/E3L_6DO3/screening/inputs/validationset/E3L_6DO3_validation_chunk50/ligands_list_validation_0_158.txt
Saved: /lus/eagle/projects/marP_TB_VLS/WC/williamhconrad4/OpenVS-main/experiments/E3L_6DO3/screening/inputs/validationset/E3L_6DO3_validation_chunk50/flags_params_validation_0_158.flags
Saved: /lus/eagle/projects/marP_TB_VLS/WC/williamhconrad4/OpenVS-main/experiments/E3L_6DO3/screening/inputs/validationset/E3L_6DO3_validation_chunk50/tar_params_validation_0_159.tar
Saved: /lus/eagle/projects/marP_TB_VLS/WC/williamhconrad4/OpenVS-main/experiments/E3L_6DO3/screening/inputs/validationset/E3L_6DO3_validation_chunk50/ligands_list_validation_0_159.txt
Saved: /lus/eagle/projects/marP_TB_VLS/WC/williamhconrad4/OpenVS-main/experiments/E3L_6DO3/screening/inputs/validationset/E3L_6DO3_validation_chunk50/flags_params_validation_0_159.flags
Saved: /lus/eagle/projects/marP_TB_VLS/WC/williamhconrad4/OpenVS-main/experiments/E3L_6DO3/screening/inputs/validationset/E3L_6DO3_validation_chunk50/tar_params_validation_0_160.tar
Saved: /lus/eagle/projects/marP_TB_VLS/WC/williamhconrad4/OpenVS-main/experiments/E3L_6DO3/screening/inputs/validationset/E3L_6DO3_validation_chunk50/ligands_list_validation_0_160.txt
Saved: /lus/eagle/projects/marP_TB_VLS/WC/williamhconrad4/OpenVS-main/experiments/E3L_6DO3/screening/inputs/validationset/E3L_6DO3_validation_chunk50/flags_params_validation_0_160.flags
Saved: /lus/eagle/projects/marP_TB_VLS/WC/williamhconrad4/OpenVS-main/experiments/E3L_6DO3/screening/inputs/validationset/E3L_6DO3_validation_chunk50/tar_params_validation_0_161.tar
Saved: /lus/eagle/projects/marP_TB_VLS/WC/williamhconrad4/OpenVS-main/experiments/E3L_6DO3/screening/inputs/validationset/E3L_6DO3_validation_chunk50/ligands_list_validation_0_161.txt
Saved: /lus/eagle/projects/marP_TB_VLS/WC/williamhconrad4/OpenVS-main/experiments/E3L_6DO3/screening/inputs/validationset/E3L_6DO3_validation_chunk50/flags_params_validation_0_161.flags
Saved: /lus/eagle/projects/marP_TB_VLS/WC/williamhconrad4/OpenVS-main/experiments/E3L_6DO3/screening/inputs/validationset/E3L_6DO3_validation_chunk50/tar_params_validation_0_162.tar
Saved: /lus/eagle/projects/marP_TB_VLS/WC/williamhconrad4/OpenVS-main/experiments/E3L_6DO3/screening/inputs/validationset/E3L_6DO3_validation_chunk50/ligands_list_validation_0_162.txt
Saved: /lus/eagle/projects/marP_TB_VLS/WC/williamhconrad4/OpenVS-main/experiments/E3L_6DO3/screening/inputs/validationset/E3L_6DO3_validation_chunk50/flags_params_validation_0_162.flags
Saved: /lus/eagle/projects/marP_TB_VLS/WC/williamhconrad4/OpenVS-main/experiments/E3L_6DO3/screening/inputs/validationset/E3L_6DO3_validation_chunk50/tar_params_validation_0_163.tar
Saved: /lus/eagle/projects/marP_TB_VLS/WC/williamhconrad4/OpenVS-main/experiments/E3L_6DO3/screening/inputs/validationset/E3L_6DO3_validation_chunk50/ligands_list_validation_0_163.txt
Saved: /lus/eagle/projects/marP_TB_VLS/WC/williamhconrad4/OpenVS-main/experiments/E3L_6DO3/screening/inputs/validationset/E3L_6DO3_validation_chunk50/flags_params_validation_0_163.flags
Saved: /lus/eagle/projects/marP_TB_VLS/WC/williamhconrad4/OpenVS-main/experiments/E3L_6DO3/screening/inputs/validationset/E3L_6DO3_validation_chunk50/tar_params_validation_0_164.tar
Saved: /lus/eagle/projects/marP_TB_VLS/WC/williamhconrad4/OpenVS-main/experiments/E3L_6DO3/screening/inputs/validationset/E3L_6DO3_validation_chunk50/ligands_list_validation_0_164.txt
Saved: /lus/eagle/projects/marP_TB_VLS/WC/williamhconrad4/OpenVS-main/experiments/E3L_6DO3/screening/inputs/validationset/E3L_6DO3_validation_chunk50/flags_params_validation_0_164.flags
Saved: /lus/eagle/projects/marP_TB_VLS/WC/williamhconrad4/OpenVS-main/experiments/E3L_6DO3/screening/inputs/validationset/E3L_6DO3_validation_chunk50/tar_params_validation_0_165.tar
Saved: /lus/eagle/projects/marP_TB_VLS/WC/williamhconrad4/OpenVS-main/experiments/E3L_6DO3/screening/inputs/validationset/E3L_6DO3_validation_chunk50/ligands_list_validation_0_165.txt
Saved: /lus/eagle/projects/marP_TB_VLS/WC/williamhconrad4/OpenVS-main/experiments/E3L_6DO3/screening/inputs/validationset/E3L_6DO3_validation_chunk50/flags_params_validation_0_165.flags
Saved: /lus/eagle/projects/marP_TB_VLS/WC/williamhconrad4/OpenVS-main/experiments/E3L_6DO3/screening/inputs/validationset/E3L_6DO3_validation_chunk50/tar_params_validation_0_166.tar
Saved: /lus/eagle/projects/marP_TB_VLS/WC/williamhconrad4/OpenVS-main/experiments/E3L_6DO3/screening/inputs/validationset/E3L_6DO3_validation_chunk50/ligands_list_validation_0_166.txt
Saved: /lus/eagle/projects/marP_TB_VLS/WC/williamhconrad4/OpenVS-main/experiments/E3L_6DO3/screening/inputs/validationset/E3L_6DO3_validation_chunk50/flags_params_validation_0_166.flags
Saved: /lus/eagle/projects/marP_TB_VLS/WC/williamhconrad4/OpenVS-main/experiments/E3L_6DO3/screening/inputs/validationset/E3L_6DO3_validation_chunk50/tar_params_validation_0_167.tar
Saved: /lus/eagle/projects/marP_TB_VLS/WC/williamhconrad4/OpenVS-main/experiments/E3L_6DO3/screening/inputs/validationset/E3L_6DO3_validation_chunk50/ligands_list_validation_0_167.txt
Saved: /lus/eagle/projects/marP_TB_VLS/WC/williamhconrad4/OpenVS-main/experiments/E3L_6DO3/screening/inputs/validationset/E3L_6DO3_validation_chunk50/flags_params_validation_0_167.flags
Saved: /lus/eagle/projects/marP_TB_VLS/WC/williamhconrad4/OpenVS-main/experiments/E3L_6DO3/screening/inputs/validationset/E3L_6DO3_validation_chunk50/tar_params_validation_0_168.tar
Saved: /lus/eagle/projects/marP_TB_VLS/WC/williamhconrad4/OpenVS-main/experiments/E3L_6DO3/screening/inputs/validationset/E3L_6DO3_validation_chunk50/ligands_list_validation_0_168.txt
Saved: /lus/eagle/projects/marP_TB_VLS/WC/williamhconrad4/OpenVS-main/experiments/E3L_6DO3/screening/inputs/validationset/E3L_6DO3_validation_chunk50/flags_params_validation_0_168.flags
Saved: /lus/eagle/projects/marP_TB_VLS/WC/williamhconrad4/OpenVS-main/experiments/E3L_6DO3/screening/inputs/validationset/E3L_6DO3_validation_chunk50/tar_params_validation_0_169.tar
Saved: /lus/eagle/projects/marP_TB_VLS/WC/williamhconrad4/OpenVS-main/experiments/E3L_6DO3/screening/inputs/validationset/E3L_6DO3_validation_chunk50/ligands_list_validation_0_169.txt
Saved: /lus/eagle/projects/marP_TB_VLS/WC/williamhconrad4/OpenVS-main/experiments/E3L_6DO3/screening/inputs/validationset/E3L_6DO3_validation_chunk50/flags_params_validation_0_169.flags
Saved: /lus/eagle/projects/marP_TB_VLS/WC/williamhconrad4/OpenVS-main/experiments/E3L_6DO3/screening/inputs/validationset/E3L_6DO3_validation_chunk50/tar_params_validation_0_170.tar
Saved: /lus/eagle/projects/marP_TB_VLS/WC/williamhconrad4/OpenVS-main/experiments/E3L_6DO3/screening/inputs/validationset/E3L_6DO3_validation_chunk50/ligands_list_validation_0_170.txt
Saved: /lus/eagle/projects/marP_TB_VLS/WC/williamhconrad4/OpenVS-main/experiments/E3L_6DO3/screening/inputs/validationset/E3L_6DO3_validation_chunk50/flags_params_validation_0_170.flags
Saved: /lus/eagle/projects/marP_TB_VLS/WC/williamhconrad4/OpenVS-main/experiments/E3L_6DO3/screening/inputs/validationset/E3L_6DO3_validation_chunk50/tar_params_validation_0_171.tar
Saved: /lus/eagle/projects/marP_TB_VLS/WC/williamhconrad4/OpenVS-main/experiments/E3L_6DO3/screening/inputs/validationset/E3L_6DO3_validation_chunk50/ligands_list_validation_0_171.txt
Saved: /lus/eagle/projects/marP_TB_VLS/WC/williamhconrad4/OpenVS-main/experiments/E3L_6DO3/screening/inputs/validationset/E3L_6DO3_validation_chunk50/flags_params_validation_0_171.flags
Saved: /lus/eagle/projects/marP_TB_VLS/WC/williamhconrad4/OpenVS-main/experiments/E3L_6DO3/screening/inputs/validationset/E3L_6DO3_validation_chunk50/tar_params_validation_0_172.tar
Saved: /lus/eagle/projects/marP_TB_VLS/WC/williamhconrad4/OpenVS-main/experiments/E3L_6DO3/screening/inputs/validationset/E3L_6DO3_validation_chunk50/ligands_list_validation_0_172.txt
Saved: /lus/eagle/projects/marP_TB_VLS/WC/williamhconrad4/OpenVS-main/experiments/E3L_6DO3/screening/inputs/validationset/E3L_6DO3_validation_chunk50/flags_params_validation_0_172.flags
Saved: /lus/eagle/projects/marP_TB_VLS/WC/williamhconrad4/OpenVS-main/experiments/E3L_6DO3/screening/inputs/validationset/E3L_6DO3_validation_chunk50/tar_params_validation_0_173.tar
Saved: /lus/eagle/projects/marP_TB_VLS/WC/williamhconrad4/OpenVS-main/experiments/E3L_6DO3/screening/inputs/validationset/E3L_6DO3_validation_chunk50/ligands_list_validation_0_173.txt
Saved: /lus/eagle/projects/marP_TB_VLS/WC/williamhconrad4/OpenVS-main/experiments/E3L_6DO3/screening/inputs/validationset/E3L_6DO3_validation_chunk50/flags_params_validation_0_173.flags
Saved: /lus/eagle/projects/marP_TB_VLS/WC/williamhconrad4/OpenVS-main/experiments/E3L_6DO3/screening/inputs/validationset/E3L_6DO3_validation_chunk50/tar_params_validation_0_174.tar
Saved: /lus/eagle/projects/marP_TB_VLS/WC/williamhconrad4/OpenVS-main/experiments/E3L_6DO3/screening/inputs/validationset/E3L_6DO3_validation_chunk50/ligands_list_validation_0_174.txt
Saved: /lus/eagle/projects/marP_TB_VLS/WC/williamhconrad4/OpenVS-main/experiments/E3L_6DO3/screening/inputs/validationset/E3L_6DO3_validation_chunk50/flags_params_validation_0_174.flags
Saved: /lus/eagle/projects/marP_TB_VLS/WC/williamhconrad4/OpenVS-main/experiments/E3L_6DO3/screening/inputs/validationset/E3L_6DO3_validation_chunk50/tar_params_validation_0_175.tar
Saved: /lus/eagle/projects/marP_TB_VLS/WC/williamhconrad4/OpenVS-main/experiments/E3L_6DO3/screening/inputs/validationset/E3L_6DO3_validation_chunk50/ligands_list_validation_0_175.txt
Saved: /lus/eagle/projects/marP_TB_VLS/WC/williamhconrad4/OpenVS-main/experiments/E3L_6DO3/screening/inputs/validationset/E3L_6DO3_validation_chunk50/flags_params_validation_0_175.flags
Saved: /lus/eagle/projects/marP_TB_VLS/WC/williamhconrad4/OpenVS-main/experiments/E3L_6DO3/screening/inputs/validationset/E3L_6DO3_validation_chunk50/tar_params_validation_0_176.tar
Saved: /lus/eagle/projects/marP_TB_VLS/WC/williamhconrad4/OpenVS-main/experiments/E3L_6DO3/screening/inputs/validationset/E3L_6DO3_validation_chunk50/ligands_list_validation_0_176.txt
Saved: /lus/eagle/projects/marP_TB_VLS/WC/williamhconrad4/OpenVS-main/experiments/E3L_6DO3/screening/inputs/validationset/E3L_6DO3_validation_chunk50/flags_params_validation_0_176.flags
Saved: /lus/eagle/projects/marP_TB_VLS/WC/williamhconrad4/OpenVS-main/experiments/E3L_6DO3/screening/inputs/validationset/E3L_6DO3_validation_chunk50/tar_params_validation_0_177.tar
Saved: /lus/eagle/projects/marP_TB_VLS/WC/williamhconrad4/OpenVS-main/experiments/E3L_6DO3/screening/inputs/validationset/E3L_6DO3_validation_chunk50/ligands_list_validation_0_177.txt
Saved: /lus/eagle/projects/marP_TB_VLS/WC/williamhconrad4/OpenVS-main/experiments/E3L_6DO3/screening/inputs/validationset/E3L_6DO3_validation_chunk50/flags_params_validation_0_177.flags
Saved: /lus/eagle/projects/marP_TB_VLS/WC/williamhconrad4/OpenVS-main/experiments/E3L_6DO3/screening/inputs/validationset/E3L_6DO3_validation_chunk50/tar_params_validation_0_178.tar
Saved: /lus/eagle/projects/marP_TB_VLS/WC/williamhconrad4/OpenVS-main/experiments/E3L_6DO3/screening/inputs/validationset/E3L_6DO3_validation_chunk50/ligands_list_validation_0_178.txt
Saved: /lus/eagle/projects/marP_TB_VLS/WC/williamhconrad4/OpenVS-main/experiments/E3L_6DO3/screening/inputs/validationset/E3L_6DO3_validation_chunk50/flags_params_validation_0_178.flags
Saved: /lus/eagle/projects/marP_TB_VLS/WC/williamhconrad4/OpenVS-main/experiments/E3L_6DO3/screening/inputs/validationset/E3L_6DO3_validation_chunk50/tar_params_validation_0_179.tar
Saved: /lus/eagle/projects/marP_TB_VLS/WC/williamhconrad4/OpenVS-main/experiments/E3L_6DO3/screening/inputs/validationset/E3L_6DO3_validation_chunk50/ligands_list_validation_0_179.txt
Saved: /lus/eagle/projects/marP_TB_VLS/WC/williamhconrad4/OpenVS-main/experiments/E3L_6DO3/screening/inputs/validationset/E3L_6DO3_validation_chunk50/flags_params_validation_0_179.flags
Saved: /lus/eagle/projects/marP_TB_VLS/WC/williamhconrad4/OpenVS-main/experiments/E3L_6DO3/screening/inputs/validationset/E3L_6DO3_validation_chunk50/tar_params_validation_0_180.tar
Saved: /lus/eagle/projects/marP_TB_VLS/WC/williamhconrad4/OpenVS-main/experiments/E3L_6DO3/screening/inputs/validationset/E3L_6DO3_validation_chunk50/ligands_list_validation_0_180.txt
Saved: /lus/eagle/projects/marP_TB_VLS/WC/williamhconrad4/OpenVS-main/experiments/E3L_6DO3/screening/inputs/validationset/E3L_6DO3_validation_chunk50/flags_params_validation_0_180.flags
Saved: /lus/eagle/projects/marP_TB_VLS/WC/williamhconrad4/OpenVS-main/experiments/E3L_6DO3/screening/inputs/validationset/E3L_6DO3_validation_chunk50/tar_params_validation_0_181.tar
Saved: /lus/eagle/projects/marP_TB_VLS/WC/williamhconrad4/OpenVS-main/experiments/E3L_6DO3/screening/inputs/validationset/E3L_6DO3_validation_chunk50/ligands_list_validation_0_181.txt
Saved: /lus/eagle/projects/marP_TB_VLS/WC/williamhconrad4/OpenVS-main/experiments/E3L_6DO3/screening/inputs/validationset/E3L_6DO3_validation_chunk50/flags_params_validation_0_181.flags
Saved: /lus/eagle/projects/marP_TB_VLS/WC/williamhconrad4/OpenVS-main/experiments/E3L_6DO3/screening/inputs/validationset/E3L_6DO3_validation_chunk50/tar_params_validation_0_182.tar
Saved: /lus/eagle/projects/marP_TB_VLS/WC/williamhconrad4/OpenVS-main/experiments/E3L_6DO3/screening/inputs/validationset/E3L_6DO3_validation_chunk50/ligands_list_validation_0_182.txt
Saved: /lus/eagle/projects/marP_TB_VLS/WC/williamhconrad4/OpenVS-main/experiments/E3L_6DO3/screening/inputs/validationset/E3L_6DO3_validation_chunk50/flags_params_validation_0_182.flags
Saved: /lus/eagle/projects/marP_TB_VLS/WC/williamhconrad4/OpenVS-main/experiments/E3L_6DO3/screening/inputs/validationset/E3L_6DO3_validation_chunk50/tar_params_validation_0_183.tar
Saved: /lus/eagle/projects/marP_TB_VLS/WC/williamhconrad4/OpenVS-main/experiments/E3L_6DO3/screening/inputs/validationset/E3L_6DO3_validation_chunk50/ligands_list_validation_0_183.txt
Saved: /lus/eagle/projects/marP_TB_VLS/WC/williamhconrad4/OpenVS-main/experiments/E3L_6DO3/screening/inputs/validationset/E3L_6DO3_validation_chunk50/flags_params_validation_0_183.flags
Saved: /lus/eagle/projects/marP_TB_VLS/WC/williamhconrad4/OpenVS-main/experiments/E3L_6DO3/screening/inputs/validationset/E3L_6DO3_validation_chunk50/tar_params_validation_0_184.tar
Saved: /lus/eagle/projects/marP_TB_VLS/WC/williamhconrad4/OpenVS-main/experiments/E3L_6DO3/screening/inputs/validationset/E3L_6DO3_validation_chunk50/ligands_list_validation_0_184.txt
Saved: /lus/eagle/projects/marP_TB_VLS/WC/williamhconrad4/OpenVS-main/experiments/E3L_6DO3/screening/inputs/validationset/E3L_6DO3_validation_chunk50/flags_params_validation_0_184.flags
Saved: /lus/eagle/projects/marP_TB_VLS/WC/williamhconrad4/OpenVS-main/experiments/E3L_6DO3/screening/inputs/validationset/E3L_6DO3_validation_chunk50/tar_params_validation_0_185.tar
Saved: /lus/eagle/projects/marP_TB_VLS/WC/williamhconrad4/OpenVS-main/experiments/E3L_6DO3/screening/inputs/validationset/E3L_6DO3_validation_chunk50/ligands_list_validation_0_185.txt
Saved: /lus/eagle/projects/marP_TB_VLS/WC/williamhconrad4/OpenVS-main/experiments/E3L_6DO3/screening/inputs/validationset/E3L_6DO3_validation_chunk50/flags_params_validation_0_185.flags
Saved: /lus/eagle/projects/marP_TB_VLS/WC/williamhconrad4/OpenVS-main/experiments/E3L_6DO3/screening/inputs/validationset/E3L_6DO3_validation_chunk50/tar_params_validation_0_186.tar
Saved: /lus/eagle/projects/marP_TB_VLS/WC/williamhconrad4/OpenVS-main/experiments/E3L_6DO3/screening/inputs/validationset/E3L_6DO3_validation_chunk50/ligands_list_validation_0_186.txt
Saved: /lus/eagle/projects/marP_TB_VLS/WC/williamhconrad4/OpenVS-main/experiments/E3L_6DO3/screening/inputs/validationset/E3L_6DO3_validation_chunk50/flags_params_validation_0_186.flags
Saved: /lus/eagle/projects/marP_TB_VLS/WC/williamhconrad4/OpenVS-main/experiments/E3L_6DO3/screening/inputs/validationset/E3L_6DO3_validation_chunk50/tar_params_validation_0_187.tar
Saved: /lus/eagle/projects/marP_TB_VLS/WC/williamhconrad4/OpenVS-main/experiments/E3L_6DO3/screening/inputs/validationset/E3L_6DO3_validation_chunk50/ligands_list_validation_0_187.txt
Saved: /lus/eagle/projects/marP_TB_VLS/WC/williamhconrad4/OpenVS-main/experiments/E3L_6DO3/screening/inputs/validationset/E3L_6DO3_validation_chunk50/flags_params_validation_0_187.flags
Saved: /lus/eagle/projects/marP_TB_VLS/WC/williamhconrad4/OpenVS-main/experiments/E3L_6DO3/screening/inputs/validationset/E3L_6DO3_validation_chunk50/tar_params_validation_0_188.tar
Saved: /lus/eagle/projects/marP_TB_VLS/WC/williamhconrad4/OpenVS-main/experiments/E3L_6DO3/screening/inputs/validationset/E3L_6DO3_validation_chunk50/ligands_list_validation_0_188.txt
Saved: /lus/eagle/projects/marP_TB_VLS/WC/williamhconrad4/OpenVS-main/experiments/E3L_6DO3/screening/inputs/validationset/E3L_6DO3_validation_chunk50/flags_params_validation_0_188.flags
Saved: /lus/eagle/projects/marP_TB_VLS/WC/williamhconrad4/OpenVS-main/experiments/E3L_6DO3/screening/inputs/validationset/E3L_6DO3_validation_chunk50/tar_params_validation_0_189.tar
Saved: /lus/eagle/projects/marP_TB_VLS/WC/williamhconrad4/OpenVS-main/experiments/E3L_6DO3/screening/inputs/validationset/E3L_6DO3_validation_chunk50/ligands_list_validation_0_189.txt
Saved: /lus/eagle/projects/marP_TB_VLS/WC/williamhconrad4/OpenVS-main/experiments/E3L_6DO3/screening/inputs/validationset/E3L_6DO3_validation_chunk50/flags_params_validation_0_189.flags
Saved: /lus/eagle/projects/marP_TB_VLS/WC/williamhconrad4/OpenVS-main/experiments/E3L_6DO3/screening/inputs/validationset/E3L_6DO3_validation_chunk50/tar_params_validation_0_190.tar
Saved: /lus/eagle/projects/marP_TB_VLS/WC/williamhconrad4/OpenVS-main/experiments/E3L_6DO3/screening/inputs/validationset/E3L_6DO3_validation_chunk50/ligands_list_validation_0_190.txt
Saved: /lus/eagle/projects/marP_TB_VLS/WC/williamhconrad4/OpenVS-main/experiments/E3L_6DO3/screening/inputs/validationset/E3L_6DO3_validation_chunk50/flags_params_validation_0_190.flags
Saved: /lus/eagle/projects/marP_TB_VLS/WC/williamhconrad4/OpenVS-main/experiments/E3L_6DO3/screening/inputs/validationset/E3L_6DO3_validation_chunk50/tar_params_validation_0_191.tar
Saved: /lus/eagle/projects/marP_TB_VLS/WC/williamhconrad4/OpenVS-main/experiments/E3L_6DO3/screening/inputs/validationset/E3L_6DO3_validation_chunk50/ligands_list_validation_0_191.txt
Saved: /lus/eagle/projects/marP_TB_VLS/WC/williamhconrad4/OpenVS-main/experiments/E3L_6DO3/screening/inputs/validationset/E3L_6DO3_validation_chunk50/flags_params_validation_0_191.flags
Saved: /lus/eagle/projects/marP_TB_VLS/WC/williamhconrad4/OpenVS-main/experiments/E3L_6DO3/screening/inputs/validationset/E3L_6DO3_validation_chunk50/tar_params_validation_0_192.tar
Saved: /lus/eagle/projects/marP_TB_VLS/WC/williamhconrad4/OpenVS-main/experiments/E3L_6DO3/screening/inputs/validationset/E3L_6DO3_validation_chunk50/ligands_list_validation_0_192.txt
Saved: /lus/eagle/projects/marP_TB_VLS/WC/williamhconrad4/OpenVS-main/experiments/E3L_6DO3/screening/inputs/validationset/E3L_6DO3_validation_chunk50/flags_params_validation_0_192.flags
Saved: /lus/eagle/projects/marP_TB_VLS/WC/williamhconrad4/OpenVS-main/experiments/E3L_6DO3/screening/inputs/validationset/E3L_6DO3_validation_chunk50/tar_params_validation_0_193.tar
Saved: /lus/eagle/projects/marP_TB_VLS/WC/williamhconrad4/OpenVS-main/experiments/E3L_6DO3/screening/inputs/validationset/E3L_6DO3_validation_chunk50/ligands_list_validation_0_193.txt
Saved: /lus/eagle/projects/marP_TB_VLS/WC/williamhconrad4/OpenVS-main/experiments/E3L_6DO3/screening/inputs/validationset/E3L_6DO3_validation_chunk50/flags_params_validation_0_193.flags
Saved: /lus/eagle/projects/marP_TB_VLS/WC/williamhconrad4/OpenVS-main/experiments/E3L_6DO3/screening/inputs/validationset/E3L_6DO3_validation_chunk50/tar_params_validation_0_194.tar
Saved: /lus/eagle/projects/marP_TB_VLS/WC/williamhconrad4/OpenVS-main/experiments/E3L_6DO3/screening/inputs/validationset/E3L_6DO3_validation_chunk50/ligands_list_validation_0_194.txt
Saved: /lus/eagle/projects/marP_TB_VLS/WC/williamhconrad4/OpenVS-main/experiments/E3L_6DO3/screening/inputs/validationset/E3L_6DO3_validation_chunk50/flags_params_validation_0_194.flags
Saved: /lus/eagle/projects/marP_TB_VLS/WC/williamhconrad4/OpenVS-main/experiments/E3L_6DO3/screening/inputs/validationset/E3L_6DO3_validation_chunk50/tar_params_validation_0_195.tar
Saved: /lus/eagle/projects/marP_TB_VLS/WC/williamhconrad4/OpenVS-main/experiments/E3L_6DO3/screening/inputs/validationset/E3L_6DO3_validation_chunk50/ligands_list_validation_0_195.txt
Saved: /lus/eagle/projects/marP_TB_VLS/WC/williamhconrad4/OpenVS-main/experiments/E3L_6DO3/screening/inputs/validationset/E3L_6DO3_validation_chunk50/flags_params_validation_0_195.flags
Saved: /lus/eagle/projects/marP_TB_VLS/WC/williamhconrad4/OpenVS-main/experiments/E3L_6DO3/screening/inputs/validationset/E3L_6DO3_validation_chunk50/tar_params_validation_0_196.tar
Saved: /lus/eagle/projects/marP_TB_VLS/WC/williamhconrad4/OpenVS-main/experiments/E3L_6DO3/screening/inputs/validationset/E3L_6DO3_validation_chunk50/ligands_list_validation_0_196.txt
Saved: /lus/eagle/projects/marP_TB_VLS/WC/williamhconrad4/OpenVS-main/experiments/E3L_6DO3/screening/inputs/validationset/E3L_6DO3_validation_chunk50/flags_params_validation_0_196.flags
Saved: /lus/eagle/projects/marP_TB_VLS/WC/williamhconrad4/OpenVS-main/experiments/E3L_6DO3/screening/inputs/validationset/E3L_6DO3_validation_chunk50/tar_params_validation_0_197.tar
Saved: /lus/eagle/projects/marP_TB_VLS/WC/williamhconrad4/OpenVS-main/experiments/E3L_6DO3/screening/inputs/validationset/E3L_6DO3_validation_chunk50/ligands_list_validation_0_197.txt
Saved: /lus/eagle/projects/marP_TB_VLS/WC/williamhconrad4/OpenVS-main/experiments/E3L_6DO3/screening/inputs/validationset/E3L_6DO3_validation_chunk50/flags_params_validation_0_197.flags
Saved: /lus/eagle/projects/marP_TB_VLS/WC/williamhconrad4/OpenVS-main/experiments/E3L_6DO3/screening/inputs/validationset/E3L_6DO3_validation_chunk50/tar_params_validation_0_198.tar
Saved: /lus/eagle/projects/marP_TB_VLS/WC/williamhconrad4/OpenVS-main/experiments/E3L_6DO3/screening/inputs/validationset/E3L_6DO3_validation_chunk50/ligands_list_validation_0_198.txt
Saved: /lus/eagle/projects/marP_TB_VLS/WC/williamhconrad4/OpenVS-main/experiments/E3L_6DO3/screening/inputs/validationset/E3L_6DO3_validation_chunk50/flags_params_validation_0_198.flags
Saved: /lus/eagle/projects/marP_TB_VLS/WC/williamhconrad4/OpenVS-main/experiments/E3L_6DO3/screening/inputs/validationset/E3L_6DO3_validation_chunk50/tar_params_validation_0_199.tar
Saved: /lus/eagle/projects/marP_TB_VLS/WC/williamhconrad4/OpenVS-main/experiments/E3L_6DO3/screening/inputs/validationset/E3L_6DO3_validation_chunk50/ligands_list_validation_0_199.txt
Saved: /lus/eagle/projects/marP_TB_VLS/WC/williamhconrad4/OpenVS-main/experiments/E3L_6DO3/screening/inputs/validationset/E3L_6DO3_validation_chunk50/flags_params_validation_0_199.flags
Saved: /lus/eagle/projects/marP_TB_VLS/WC/williamhconrad4/OpenVS-main/experiments/E3L_6DO3/screening/inputs/validationset/E3L_6DO3_validation_chunk50/tar_params_validation_0_200.tar
Saved: /lus/eagle/projects/marP_TB_VLS/WC/williamhconrad4/OpenVS-main/experiments/E3L_6DO3/screening/inputs/validationset/E3L_6DO3_validation_chunk50/ligands_list_validation_0_200.txt
Saved: /lus/eagle/projects/marP_TB_VLS/WC/williamhconrad4/OpenVS-main/experiments/E3L_6DO3/screening/inputs/validationset/E3L_6DO3_validation_chunk50/flags_params_validation_0_200.flags
Saved: /lus/eagle/projects/marP_TB_VLS/WC/williamhconrad4/OpenVS-main/experiments/E3L_6DO3/screening/inputs/validationset/E3L_6DO3_validation_chunk50/tar_params_validation_0_201.tar
Saved: /lus/eagle/projects/marP_TB_VLS/WC/williamhconrad4/OpenVS-main/experiments/E3L_6DO3/screening/inputs/validationset/E3L_6DO3_validation_chunk50/ligands_list_validation_0_201.txt
Saved: /lus/eagle/projects/marP_TB_VLS/WC/williamhconrad4/OpenVS-main/experiments/E3L_6DO3/screening/inputs/validationset/E3L_6DO3_validation_chunk50/flags_params_validation_0_201.flags
Saved: /lus/eagle/projects/marP_TB_VLS/WC/williamhconrad4/OpenVS-main/experiments/E3L_6DO3/screening/inputs/validationset/E3L_6DO3_validation_chunk50/tar_params_validation_0_202.tar
Saved: /lus/eagle/projects/marP_TB_VLS/WC/williamhconrad4/OpenVS-main/experiments/E3L_6DO3/screening/inputs/validationset/E3L_6DO3_validation_chunk50/ligands_list_validation_0_202.txt
Saved: /lus/eagle/projects/marP_TB_VLS/WC/williamhconrad4/OpenVS-main/experiments/E3L_6DO3/screening/inputs/validationset/E3L_6DO3_validation_chunk50/flags_params_validation_0_202.flags
Saved: /lus/eagle/projects/marP_TB_VLS/WC/williamhconrad4/OpenVS-main/experiments/E3L_6DO3/screening/inputs/validationset/E3L_6DO3_validation_chunk50/tar_params_validation_0_203.tar
Saved: /lus/eagle/projects/marP_TB_VLS/WC/williamhconrad4/OpenVS-main/experiments/E3L_6DO3/screening/inputs/validationset/E3L_6DO3_validation_chunk50/ligands_list_validation_0_203.txt
Saved: /lus/eagle/projects/marP_TB_VLS/WC/williamhconrad4/OpenVS-main/experiments/E3L_6DO3/screening/inputs/validationset/E3L_6DO3_validation_chunk50/flags_params_validation_0_203.flags
Saved: /lus/eagle/projects/marP_TB_VLS/WC/williamhconrad4/OpenVS-main/experiments/E3L_6DO3/screening/inputs/validationset/E3L_6DO3_validation_chunk50/tar_params_validation_0_204.tar
Saved: /lus/eagle/projects/marP_TB_VLS/WC/williamhconrad4/OpenVS-main/experiments/E3L_6DO3/screening/inputs/validationset/E3L_6DO3_validation_chunk50/ligands_list_validation_0_204.txt
Saved: /lus/eagle/projects/marP_TB_VLS/WC/williamhconrad4/OpenVS-main/experiments/E3L_6DO3/screening/inputs/validationset/E3L_6DO3_validation_chunk50/flags_params_validation_0_204.flags
Saved: /lus/eagle/projects/marP_TB_VLS/WC/williamhconrad4/OpenVS-main/experiments/E3L_6DO3/screening/inputs/validationset/E3L_6DO3_validation_chunk50/tar_params_validation_0_205.tar
Saved: /lus/eagle/projects/marP_TB_VLS/WC/williamhconrad4/OpenVS-main/experiments/E3L_6DO3/screening/inputs/validationset/E3L_6DO3_validation_chunk50/ligands_list_validation_0_205.txt
Saved: /lus/eagle/projects/marP_TB_VLS/WC/williamhconrad4/OpenVS-main/experiments/E3L_6DO3/screening/inputs/validationset/E3L_6DO3_validation_chunk50/flags_params_validation_0_205.flags
Saved: /lus/eagle/projects/marP_TB_VLS/WC/williamhconrad4/OpenVS-main/experiments/E3L_6DO3/screening/inputs/validationset/E3L_6DO3_validation_chunk50/tar_params_validation_0_206.tar
Saved: /lus/eagle/projects/marP_TB_VLS/WC/williamhconrad4/OpenVS-main/experiments/E3L_6DO3/screening/inputs/validationset/E3L_6DO3_validation_chunk50/ligands_list_validation_0_206.txt
Saved: /lus/eagle/projects/marP_TB_VLS/WC/williamhconrad4/OpenVS-main/experiments/E3L_6DO3/screening/inputs/validationset/E3L_6DO3_validation_chunk50/flags_params_validation_0_206.flags
Saved: /lus/eagle/projects/marP_TB_VLS/WC/williamhconrad4/OpenVS-main/experiments/E3L_6DO3/screening/inputs/validationset/E3L_6DO3_validation_chunk50/tar_params_validation_0_207.tar
Saved: /lus/eagle/projects/marP_TB_VLS/WC/williamhconrad4/OpenVS-main/experiments/E3L_6DO3/screening/inputs/validationset/E3L_6DO3_validation_chunk50/ligands_list_validation_0_207.txt
Saved: /lus/eagle/projects/marP_TB_VLS/WC/williamhconrad4/OpenVS-main/experiments/E3L_6DO3/screening/inputs/validationset/E3L_6DO3_validation_chunk50/flags_params_validation_0_207.flags
Saved: /lus/eagle/projects/marP_TB_VLS/WC/williamhconrad4/OpenVS-main/experiments/E3L_6DO3/screening/inputs/validationset/E3L_6DO3_validation_chunk50/tar_params_validation_0_208.tar
Saved: /lus/eagle/projects/marP_TB_VLS/WC/williamhconrad4/OpenVS-main/experiments/E3L_6DO3/screening/inputs/validationset/E3L_6DO3_validation_chunk50/ligands_list_validation_0_208.txt
Saved: /lus/eagle/projects/marP_TB_VLS/WC/williamhconrad4/OpenVS-main/experiments/E3L_6DO3/screening/inputs/validationset/E3L_6DO3_validation_chunk50/flags_params_validation_0_208.flags
Saved: /lus/eagle/projects/marP_TB_VLS/WC/williamhconrad4/OpenVS-main/experiments/E3L_6DO3/screening/inputs/validationset/E3L_6DO3_validation_chunk50/tar_params_validation_0_209.tar
Saved: /lus/eagle/projects/marP_TB_VLS/WC/williamhconrad4/OpenVS-main/experiments/E3L_6DO3/screening/inputs/validationset/E3L_6DO3_validation_chunk50/ligands_list_validation_0_209.txt
Saved: /lus/eagle/projects/marP_TB_VLS/WC/williamhconrad4/OpenVS-main/experiments/E3L_6DO3/screening/inputs/validationset/E3L_6DO3_validation_chunk50/flags_params_validation_0_209.flags
Saved: /lus/eagle/projects/marP_TB_VLS/WC/williamhconrad4/OpenVS-main/experiments/E3L_6DO3/screening/inputs/validationset/E3L_6DO3_validation_chunk50/tar_params_validation_0_210.tar
Saved: /lus/eagle/projects/marP_TB_VLS/WC/williamhconrad4/OpenVS-main/experiments/E3L_6DO3/screening/inputs/validationset/E3L_6DO3_validation_chunk50/ligands_list_validation_0_210.txt
Saved: /lus/eagle/projects/marP_TB_VLS/WC/williamhconrad4/OpenVS-main/experiments/E3L_6DO3/screening/inputs/validationset/E3L_6DO3_validation_chunk50/flags_params_validation_0_210.flags
Saved: /lus/eagle/projects/marP_TB_VLS/WC/williamhconrad4/OpenVS-main/experiments/E3L_6DO3/screening/inputs/validationset/E3L_6DO3_validation_chunk50/tar_params_validation_0_211.tar
Saved: /lus/eagle/projects/marP_TB_VLS/WC/williamhconrad4/OpenVS-main/experiments/E3L_6DO3/screening/inputs/validationset/E3L_6DO3_validation_chunk50/ligands_list_validation_0_211.txt
Saved: /lus/eagle/projects/marP_TB_VLS/WC/williamhconrad4/OpenVS-main/experiments/E3L_6DO3/screening/inputs/validationset/E3L_6DO3_validation_chunk50/flags_params_validation_0_211.flags
Saved: /lus/eagle/projects/marP_TB_VLS/WC/williamhconrad4/OpenVS-main/experiments/E3L_6DO3/screening/inputs/validationset/E3L_6DO3_validation_chunk50/tar_params_validation_0_212.tar
Saved: /lus/eagle/projects/marP_TB_VLS/WC/williamhconrad4/OpenVS-main/experiments/E3L_6DO3/screening/inputs/validationset/E3L_6DO3_validation_chunk50/ligands_list_validation_0_212.txt
Saved: /lus/eagle/projects/marP_TB_VLS/WC/williamhconrad4/OpenVS-main/experiments/E3L_6DO3/screening/inputs/validationset/E3L_6DO3_validation_chunk50/flags_params_validation_0_212.flags
Saved: /lus/eagle/projects/marP_TB_VLS/WC/williamhconrad4/OpenVS-main/experiments/E3L_6DO3/screening/inputs/validationset/E3L_6DO3_validation_chunk50/tar_params_validation_0_213.tar
Saved: /lus/eagle/projects/marP_TB_VLS/WC/williamhconrad4/OpenVS-main/experiments/E3L_6DO3/screening/inputs/validationset/E3L_6DO3_validation_chunk50/ligands_list_validation_0_213.txt
Saved: /lus/eagle/projects/marP_TB_VLS/WC/williamhconrad4/OpenVS-main/experiments/E3L_6DO3/screening/inputs/validationset/E3L_6DO3_validation_chunk50/flags_params_validation_0_213.flags
Saved: /lus/eagle/projects/marP_TB_VLS/WC/williamhconrad4/OpenVS-main/experiments/E3L_6DO3/screening/inputs/validationset/E3L_6DO3_validation_chunk50/tar_params_validation_0_214.tar
Saved: /lus/eagle/projects/marP_TB_VLS/WC/williamhconrad4/OpenVS-main/experiments/E3L_6DO3/screening/inputs/validationset/E3L_6DO3_validation_chunk50/ligands_list_validation_0_214.txt
Saved: /lus/eagle/projects/marP_TB_VLS/WC/williamhconrad4/OpenVS-main/experiments/E3L_6DO3/screening/inputs/validationset/E3L_6DO3_validation_chunk50/flags_params_validation_0_214.flags
Saved: /lus/eagle/projects/marP_TB_VLS/WC/williamhconrad4/OpenVS-main/experiments/E3L_6DO3/screening/inputs/validationset/E3L_6DO3_validation_chunk50/tar_params_validation_0_215.tar
Saved: /lus/eagle/projects/marP_TB_VLS/WC/williamhconrad4/OpenVS-main/experiments/E3L_6DO3/screening/inputs/validationset/E3L_6DO3_validation_chunk50/ligands_list_validation_0_215.txt
Saved: /lus/eagle/projects/marP_TB_VLS/WC/williamhconrad4/OpenVS-main/experiments/E3L_6DO3/screening/inputs/validationset/E3L_6DO3_validation_chunk50/flags_params_validation_0_215.flags
Saved: /lus/eagle/projects/marP_TB_VLS/WC/williamhconrad4/OpenVS-main/experiments/E3L_6DO3/screening/inputs/validationset/E3L_6DO3_validation_chunk50/tar_params_validation_0_216.tar
Saved: /lus/eagle/projects/marP_TB_VLS/WC/williamhconrad4/OpenVS-main/experiments/E3L_6DO3/screening/inputs/validationset/E3L_6DO3_validation_chunk50/ligands_list_validation_0_216.txt
Saved: /lus/eagle/projects/marP_TB_VLS/WC/williamhconrad4/OpenVS-main/experiments/E3L_6DO3/screening/inputs/validationset/E3L_6DO3_validation_chunk50/flags_params_validation_0_216.flags
Saved: /lus/eagle/projects/marP_TB_VLS/WC/williamhconrad4/OpenVS-main/experiments/E3L_6DO3/screening/inputs/validationset/E3L_6DO3_validation_chunk50/tar_params_validation_0_217.tar
Saved: /lus/eagle/projects/marP_TB_VLS/WC/williamhconrad4/OpenVS-main/experiments/E3L_6DO3/screening/inputs/validationset/E3L_6DO3_validation_chunk50/ligands_list_validation_0_217.txt
Saved: /lus/eagle/projects/marP_TB_VLS/WC/williamhconrad4/OpenVS-main/experiments/E3L_6DO3/screening/inputs/validationset/E3L_6DO3_validation_chunk50/flags_params_validation_0_217.flags
Saved: /lus/eagle/projects/marP_TB_VLS/WC/williamhconrad4/OpenVS-main/experiments/E3L_6DO3/screening/inputs/validationset/E3L_6DO3_validation_chunk50/tar_params_validation_0_218.tar
Saved: /lus/eagle/projects/marP_TB_VLS/WC/williamhconrad4/OpenVS-main/experiments/E3L_6DO3/screening/inputs/validationset/E3L_6DO3_validation_chunk50/ligands_list_validation_0_218.txt
Saved: /lus/eagle/projects/marP_TB_VLS/WC/williamhconrad4/OpenVS-main/experiments/E3L_6DO3/screening/inputs/validationset/E3L_6DO3_validation_chunk50/flags_params_validation_0_218.flags
Saved: /lus/eagle/projects/marP_TB_VLS/WC/williamhconrad4/OpenVS-main/experiments/E3L_6DO3/screening/inputs/validationset/E3L_6DO3_validation_chunk50/tar_params_validation_0_219.tar
Saved: /lus/eagle/projects/marP_TB_VLS/WC/williamhconrad4/OpenVS-main/experiments/E3L_6DO3/screening/inputs/validationset/E3L_6DO3_validation_chunk50/ligands_list_validation_0_219.txt
Saved: /lus/eagle/projects/marP_TB_VLS/WC/williamhconrad4/OpenVS-main/experiments/E3L_6DO3/screening/inputs/validationset/E3L_6DO3_validation_chunk50/flags_params_validation_0_219.flags
Saved: /lus/eagle/projects/marP_TB_VLS/WC/williamhconrad4/OpenVS-main/experiments/E3L_6DO3/screening/inputs/validationset/E3L_6DO3_validation_chunk50/tar_params_validation_0_220.tar
Saved: /lus/eagle/projects/marP_TB_VLS/WC/williamhconrad4/OpenVS-main/experiments/E3L_6DO3/screening/inputs/validationset/E3L_6DO3_validation_chunk50/ligands_list_validation_0_220.txt
Saved: /lus/eagle/projects/marP_TB_VLS/WC/williamhconrad4/OpenVS-main/experiments/E3L_6DO3/screening/inputs/validationset/E3L_6DO3_validation_chunk50/flags_params_validation_0_220.flags
Saved: /lus/eagle/projects/marP_TB_VLS/WC/williamhconrad4/OpenVS-main/experiments/E3L_6DO3/screening/inputs/validationset/E3L_6DO3_validation_chunk50/tar_params_validation_0_221.tar
Saved: /lus/eagle/projects/marP_TB_VLS/WC/williamhconrad4/OpenVS-main/experiments/E3L_6DO3/screening/inputs/validationset/E3L_6DO3_validation_chunk50/ligands_list_validation_0_221.txt
Saved: /lus/eagle/projects/marP_TB_VLS/WC/williamhconrad4/OpenVS-main/experiments/E3L_6DO3/screening/inputs/validationset/E3L_6DO3_validation_chunk50/flags_params_validation_0_221.flags
Saved: /lus/eagle/projects/marP_TB_VLS/WC/williamhconrad4/OpenVS-main/experiments/E3L_6DO3/screening/inputs/validationset/E3L_6DO3_validation_chunk50/tar_params_validation_0_222.tar
Saved: /lus/eagle/projects/marP_TB_VLS/WC/williamhconrad4/OpenVS-main/experiments/E3L_6DO3/screening/inputs/validationset/E3L_6DO3_validation_chunk50/ligands_list_validation_0_222.txt
Saved: /lus/eagle/projects/marP_TB_VLS/WC/williamhconrad4/OpenVS-main/experiments/E3L_6DO3/screening/inputs/validationset/E3L_6DO3_validation_chunk50/flags_params_validation_0_222.flags
Saved: /lus/eagle/projects/marP_TB_VLS/WC/williamhconrad4/OpenVS-main/experiments/E3L_6DO3/screening/inputs/validationset/E3L_6DO3_validation_chunk50/tar_params_validation_0_223.tar
Saved: /lus/eagle/projects/marP_TB_VLS/WC/williamhconrad4/OpenVS-main/experiments/E3L_6DO3/screening/inputs/validationset/E3L_6DO3_validation_chunk50/ligands_list_validation_0_223.txt
Saved: /lus/eagle/projects/marP_TB_VLS/WC/williamhconrad4/OpenVS-main/experiments/E3L_6DO3/screening/inputs/validationset/E3L_6DO3_validation_chunk50/flags_params_validation_0_223.flags
Saved: /lus/eagle/projects/marP_TB_VLS/WC/williamhconrad4/OpenVS-main/experiments/E3L_6DO3/screening/inputs/validationset/E3L_6DO3_validation_chunk50/tar_params_validation_0_224.tar
Saved: /lus/eagle/projects/marP_TB_VLS/WC/williamhconrad4/OpenVS-main/experiments/E3L_6DO3/screening/inputs/validationset/E3L_6DO3_validation_chunk50/ligands_list_validation_0_224.txt
Saved: /lus/eagle/projects/marP_TB_VLS/WC/williamhconrad4/OpenVS-main/experiments/E3L_6DO3/screening/inputs/validationset/E3L_6DO3_validation_chunk50/flags_params_validation_0_224.flags
Saved: /lus/eagle/projects/marP_TB_VLS/WC/williamhconrad4/OpenVS-main/experiments/E3L_6DO3/screening/inputs/validationset/E3L_6DO3_validation_chunk50/tar_params_validation_0_225.tar
Saved: /lus/eagle/projects/marP_TB_VLS/WC/williamhconrad4/OpenVS-main/experiments/E3L_6DO3/screening/inputs/validationset/E3L_6DO3_validation_chunk50/ligands_list_validation_0_225.txt
Saved: /lus/eagle/projects/marP_TB_VLS/WC/williamhconrad4/OpenVS-main/experiments/E3L_6DO3/screening/inputs/validationset/E3L_6DO3_validation_chunk50/flags_params_validation_0_225.flags
Saved: /lus/eagle/projects/marP_TB_VLS/WC/williamhconrad4/OpenVS-main/experiments/E3L_6DO3/screening/inputs/validationset/E3L_6DO3_validation_chunk50/tar_params_validation_0_226.tar
Saved: /lus/eagle/projects/marP_TB_VLS/WC/williamhconrad4/OpenVS-main/experiments/E3L_6DO3/screening/inputs/validationset/E3L_6DO3_validation_chunk50/ligands_list_validation_0_226.txt
Saved: /lus/eagle/projects/marP_TB_VLS/WC/williamhconrad4/OpenVS-main/experiments/E3L_6DO3/screening/inputs/validationset/E3L_6DO3_validation_chunk50/flags_params_validation_0_226.flags
Saved: /lus/eagle/projects/marP_TB_VLS/WC/williamhconrad4/OpenVS-main/experiments/E3L_6DO3/screening/inputs/validationset/E3L_6DO3_validation_chunk50/tar_params_validation_0_227.tar
Saved: /lus/eagle/projects/marP_TB_VLS/WC/williamhconrad4/OpenVS-main/experiments/E3L_6DO3/screening/inputs/validationset/E3L_6DO3_validation_chunk50/ligands_list_validation_0_227.txt
Saved: /lus/eagle/projects/marP_TB_VLS/WC/williamhconrad4/OpenVS-main/experiments/E3L_6DO3/screening/inputs/validationset/E3L_6DO3_validation_chunk50/flags_params_validation_0_227.flags
Saved: /lus/eagle/projects/marP_TB_VLS/WC/williamhconrad4/OpenVS-main/experiments/E3L_6DO3/screening/inputs/validationset/E3L_6DO3_validation_chunk50/tar_params_validation_0_228.tar
Saved: /lus/eagle/projects/marP_TB_VLS/WC/williamhconrad4/OpenVS-main/experiments/E3L_6DO3/screening/inputs/validationset/E3L_6DO3_validation_chunk50/ligands_list_validation_0_228.txt
Saved: /lus/eagle/projects/marP_TB_VLS/WC/williamhconrad4/OpenVS-main/experiments/E3L_6DO3/screening/inputs/validationset/E3L_6DO3_validation_chunk50/flags_params_validation_0_228.flags
Saved: /lus/eagle/projects/marP_TB_VLS/WC/williamhconrad4/OpenVS-main/experiments/E3L_6DO3/screening/inputs/validationset/E3L_6DO3_validation_chunk50/tar_params_validation_0_229.tar
Saved: /lus/eagle/projects/marP_TB_VLS/WC/williamhconrad4/OpenVS-main/experiments/E3L_6DO3/screening/inputs/validationset/E3L_6DO3_validation_chunk50/ligands_list_validation_0_229.txt
Saved: /lus/eagle/projects/marP_TB_VLS/WC/williamhconrad4/OpenVS-main/experiments/E3L_6DO3/screening/inputs/validationset/E3L_6DO3_validation_chunk50/flags_params_validation_0_229.flags
Saved: /lus/eagle/projects/marP_TB_VLS/WC/williamhconrad4/OpenVS-main/experiments/E3L_6DO3/screening/inputs/validationset/E3L_6DO3_validation_chunk50/tar_params_validation_0_230.tar
Saved: /lus/eagle/projects/marP_TB_VLS/WC/williamhconrad4/OpenVS-main/experiments/E3L_6DO3/screening/inputs/validationset/E3L_6DO3_validation_chunk50/ligands_list_validation_0_230.txt
Saved: /lus/eagle/projects/marP_TB_VLS/WC/williamhconrad4/OpenVS-main/experiments/E3L_6DO3/screening/inputs/validationset/E3L_6DO3_validation_chunk50/flags_params_validation_0_230.flags
Saved: /lus/eagle/projects/marP_TB_VLS/WC/williamhconrad4/OpenVS-main/experiments/E3L_6DO3/screening/inputs/validationset/E3L_6DO3_validation_chunk50/tar_params_validation_0_231.tar
Saved: /lus/eagle/projects/marP_TB_VLS/WC/williamhconrad4/OpenVS-main/experiments/E3L_6DO3/screening/inputs/validationset/E3L_6DO3_validation_chunk50/ligands_list_validation_0_231.txt
Saved: /lus/eagle/projects/marP_TB_VLS/WC/williamhconrad4/OpenVS-main/experiments/E3L_6DO3/screening/inputs/validationset/E3L_6DO3_validation_chunk50/flags_params_validation_0_231.flags
Saved: /lus/eagle/projects/marP_TB_VLS/WC/williamhconrad4/OpenVS-main/experiments/E3L_6DO3/screening/inputs/validationset/E3L_6DO3_validation_chunk50/tar_params_validation_0_232.tar
Saved: /lus/eagle/projects/marP_TB_VLS/WC/williamhconrad4/OpenVS-main/experiments/E3L_6DO3/screening/inputs/validationset/E3L_6DO3_validation_chunk50/ligands_list_validation_0_232.txt
Saved: /lus/eagle/projects/marP_TB_VLS/WC/williamhconrad4/OpenVS-main/experiments/E3L_6DO3/screening/inputs/validationset/E3L_6DO3_validation_chunk50/flags_params_validation_0_232.flags
Saved: /lus/eagle/projects/marP_TB_VLS/WC/williamhconrad4/OpenVS-main/experiments/E3L_6DO3/screening/inputs/validationset/E3L_6DO3_validation_chunk50/tar_params_validation_0_233.tar
Saved: /lus/eagle/projects/marP_TB_VLS/WC/williamhconrad4/OpenVS-main/experiments/E3L_6DO3/screening/inputs/validationset/E3L_6DO3_validation_chunk50/ligands_list_validation_0_233.txt
Saved: /lus/eagle/projects/marP_TB_VLS/WC/williamhconrad4/OpenVS-main/experiments/E3L_6DO3/screening/inputs/validationset/E3L_6DO3_validation_chunk50/flags_params_validation_0_233.flags
Saved: /lus/eagle/projects/marP_TB_VLS/WC/williamhconrad4/OpenVS-main/experiments/E3L_6DO3/screening/inputs/validationset/E3L_6DO3_validation_chunk50/tar_params_validation_0_234.tar
Saved: /lus/eagle/projects/marP_TB_VLS/WC/williamhconrad4/OpenVS-main/experiments/E3L_6DO3/screening/inputs/validationset/E3L_6DO3_validation_chunk50/ligands_list_validation_0_234.txt
Saved: /lus/eagle/projects/marP_TB_VLS/WC/williamhconrad4/OpenVS-main/experiments/E3L_6DO3/screening/inputs/validationset/E3L_6DO3_validation_chunk50/flags_params_validation_0_234.flags
Saved: /lus/eagle/projects/marP_TB_VLS/WC/williamhconrad4/OpenVS-main/experiments/E3L_6DO3/screening/inputs/validationset/E3L_6DO3_validation_chunk50/tar_params_validation_0_235.tar
Saved: /lus/eagle/projects/marP_TB_VLS/WC/williamhconrad4/OpenVS-main/experiments/E3L_6DO3/screening/inputs/validationset/E3L_6DO3_validation_chunk50/ligands_list_validation_0_235.txt
Saved: /lus/eagle/projects/marP_TB_VLS/WC/williamhconrad4/OpenVS-main/experiments/E3L_6DO3/screening/inputs/validationset/E3L_6DO3_validation_chunk50/flags_params_validation_0_235.flags
Saved: /lus/eagle/projects/marP_TB_VLS/WC/williamhconrad4/OpenVS-main/experiments/E3L_6DO3/screening/inputs/validationset/E3L_6DO3_validation_chunk50/tar_params_validation_0_236.tar
Saved: /lus/eagle/projects/marP_TB_VLS/WC/williamhconrad4/OpenVS-main/experiments/E3L_6DO3/screening/inputs/validationset/E3L_6DO3_validation_chunk50/ligands_list_validation_0_236.txt
Saved: /lus/eagle/projects/marP_TB_VLS/WC/williamhconrad4/OpenVS-main/experiments/E3L_6DO3/screening/inputs/validationset/E3L_6DO3_validation_chunk50/flags_params_validation_0_236.flags
Saved: /lus/eagle/projects/marP_TB_VLS/WC/williamhconrad4/OpenVS-main/experiments/E3L_6DO3/screening/inputs/validationset/E3L_6DO3_validation_chunk50/tar_params_validation_0_237.tar
Saved: /lus/eagle/projects/marP_TB_VLS/WC/williamhconrad4/OpenVS-main/experiments/E3L_6DO3/screening/inputs/validationset/E3L_6DO3_validation_chunk50/ligands_list_validation_0_237.txt
Saved: /lus/eagle/projects/marP_TB_VLS/WC/williamhconrad4/OpenVS-main/experiments/E3L_6DO3/screening/inputs/validationset/E3L_6DO3_validation_chunk50/flags_params_validation_0_237.flags
Saved: /lus/eagle/projects/marP_TB_VLS/WC/williamhconrad4/OpenVS-main/experiments/E3L_6DO3/screening/inputs/validationset/E3L_6DO3_validation_chunk50/tar_params_validation_0_238.tar
Saved: /lus/eagle/projects/marP_TB_VLS/WC/williamhconrad4/OpenVS-main/experiments/E3L_6DO3/screening/inputs/validationset/E3L_6DO3_validation_chunk50/ligands_list_validation_0_238.txt
Saved: /lus/eagle/projects/marP_TB_VLS/WC/williamhconrad4/OpenVS-main/experiments/E3L_6DO3/screening/inputs/validationset/E3L_6DO3_validation_chunk50/flags_params_validation_0_238.flags
Saved: /lus/eagle/projects/marP_TB_VLS/WC/williamhconrad4/OpenVS-main/experiments/E3L_6DO3/screening/inputs/validationset/E3L_6DO3_validation_chunk50/tar_params_validation_0_239.tar
Saved: /lus/eagle/projects/marP_TB_VLS/WC/williamhconrad4/OpenVS-main/experiments/E3L_6DO3/screening/inputs/validationset/E3L_6DO3_validation_chunk50/ligands_list_validation_0_239.txt
Saved: /lus/eagle/projects/marP_TB_VLS/WC/williamhconrad4/OpenVS-main/experiments/E3L_6DO3/screening/inputs/validationset/E3L_6DO3_validation_chunk50/flags_params_validation_0_239.flags
Saved: /lus/eagle/projects/marP_TB_VLS/WC/williamhconrad4/OpenVS-main/experiments/E3L_6DO3/screening/inputs/validationset/E3L_6DO3_validation_chunk50/tar_params_validation_0_240.tar
Saved: /lus/eagle/projects/marP_TB_VLS/WC/williamhconrad4/OpenVS-main/experiments/E3L_6DO3/screening/inputs/validationset/E3L_6DO3_validation_chunk50/ligands_list_validation_0_240.txt
Saved: /lus/eagle/projects/marP_TB_VLS/WC/williamhconrad4/OpenVS-main/experiments/E3L_6DO3/screening/inputs/validationset/E3L_6DO3_validation_chunk50/flags_params_validation_0_240.flags
Saved: /lus/eagle/projects/marP_TB_VLS/WC/williamhconrad4/OpenVS-main/experiments/E3L_6DO3/screening/inputs/validationset/E3L_6DO3_validation_chunk50/tar_params_validation_0_241.tar
Saved: /lus/eagle/projects/marP_TB_VLS/WC/williamhconrad4/OpenVS-main/experiments/E3L_6DO3/screening/inputs/validationset/E3L_6DO3_validation_chunk50/ligands_list_validation_0_241.txt
Saved: /lus/eagle/projects/marP_TB_VLS/WC/williamhconrad4/OpenVS-main/experiments/E3L_6DO3/screening/inputs/validationset/E3L_6DO3_validation_chunk50/flags_params_validation_0_241.flags
Saved: /lus/eagle/projects/marP_TB_VLS/WC/williamhconrad4/OpenVS-main/experiments/E3L_6DO3/screening/inputs/validationset/E3L_6DO3_validation_chunk50/tar_params_validation_0_242.tar
Saved: /lus/eagle/projects/marP_TB_VLS/WC/williamhconrad4/OpenVS-main/experiments/E3L_6DO3/screening/inputs/validationset/E3L_6DO3_validation_chunk50/ligands_list_validation_0_242.txt
Saved: /lus/eagle/projects/marP_TB_VLS/WC/williamhconrad4/OpenVS-main/experiments/E3L_6DO3/screening/inputs/validationset/E3L_6DO3_validation_chunk50/flags_params_validation_0_242.flags
Saved: /lus/eagle/projects/marP_TB_VLS/WC/williamhconrad4/OpenVS-main/experiments/E3L_6DO3/screening/inputs/validationset/E3L_6DO3_validation_chunk50/tar_params_validation_0_243.tar
Saved: /lus/eagle/projects/marP_TB_VLS/WC/williamhconrad4/OpenVS-main/experiments/E3L_6DO3/screening/inputs/validationset/E3L_6DO3_validation_chunk50/ligands_list_validation_0_243.txt
Saved: /lus/eagle/projects/marP_TB_VLS/WC/williamhconrad4/OpenVS-main/experiments/E3L_6DO3/screening/inputs/validationset/E3L_6DO3_validation_chunk50/flags_params_validation_0_243.flags
Saved: /lus/eagle/projects/marP_TB_VLS/WC/williamhconrad4/OpenVS-main/experiments/E3L_6DO3/screening/inputs/validationset/E3L_6DO3_validation_chunk50/tar_params_validation_0_244.tar
Saved: /lus/eagle/projects/marP_TB_VLS/WC/williamhconrad4/OpenVS-main/experiments/E3L_6DO3/screening/inputs/validationset/E3L_6DO3_validation_chunk50/ligands_list_validation_0_244.txt
Saved: /lus/eagle/projects/marP_TB_VLS/WC/williamhconrad4/OpenVS-main/experiments/E3L_6DO3/screening/inputs/validationset/E3L_6DO3_validation_chunk50/flags_params_validation_0_244.flags
Saved: /lus/eagle/projects/marP_TB_VLS/WC/williamhconrad4/OpenVS-main/experiments/E3L_6DO3/screening/inputs/validationset/E3L_6DO3_validation_chunk50/tar_params_validation_0_245.tar
Saved: /lus/eagle/projects/marP_TB_VLS/WC/williamhconrad4/OpenVS-main/experiments/E3L_6DO3/screening/inputs/validationset/E3L_6DO3_validation_chunk50/ligands_list_validation_0_245.txt
Saved: /lus/eagle/projects/marP_TB_VLS/WC/williamhconrad4/OpenVS-main/experiments/E3L_6DO3/screening/inputs/validationset/E3L_6DO3_validation_chunk50/flags_params_validation_0_245.flags
Saved: /lus/eagle/projects/marP_TB_VLS/WC/williamhconrad4/OpenVS-main/experiments/E3L_6DO3/screening/inputs/validationset/E3L_6DO3_validation_chunk50/tar_params_validation_0_246.tar
Saved: /lus/eagle/projects/marP_TB_VLS/WC/williamhconrad4/OpenVS-main/experiments/E3L_6DO3/screening/inputs/validationset/E3L_6DO3_validation_chunk50/ligands_list_validation_0_246.txt
Saved: /lus/eagle/projects/marP_TB_VLS/WC/williamhconrad4/OpenVS-main/experiments/E3L_6DO3/screening/inputs/validationset/E3L_6DO3_validation_chunk50/flags_params_validation_0_246.flags
Saved: /lus/eagle/projects/marP_TB_VLS/WC/williamhconrad4/OpenVS-main/experiments/E3L_6DO3/screening/inputs/validationset/E3L_6DO3_validation_chunk50/tar_params_validation_0_247.tar
Saved: /lus/eagle/projects/marP_TB_VLS/WC/williamhconrad4/OpenVS-main/experiments/E3L_6DO3/screening/inputs/validationset/E3L_6DO3_validation_chunk50/ligands_list_validation_0_247.txt
Saved: /lus/eagle/projects/marP_TB_VLS/WC/williamhconrad4/OpenVS-main/experiments/E3L_6DO3/screening/inputs/validationset/E3L_6DO3_validation_chunk50/flags_params_validation_0_247.flags
Saved: /lus/eagle/projects/marP_TB_VLS/WC/williamhconrad4/OpenVS-main/experiments/E3L_6DO3/screening/inputs/validationset/E3L_6DO3_validation_chunk50/tar_params_validation_0_248.tar
Saved: /lus/eagle/projects/marP_TB_VLS/WC/williamhconrad4/OpenVS-main/experiments/E3L_6DO3/screening/inputs/validationset/E3L_6DO3_validation_chunk50/ligands_list_validation_0_248.txt
Saved: /lus/eagle/projects/marP_TB_VLS/WC/williamhconrad4/OpenVS-main/experiments/E3L_6DO3/screening/inputs/validationset/E3L_6DO3_validation_chunk50/flags_params_validation_0_248.flags
Saved: /lus/eagle/projects/marP_TB_VLS/WC/williamhconrad4/OpenVS-main/experiments/E3L_6DO3/screening/inputs/validationset/E3L_6DO3_validation_chunk50/tar_params_validation_0_249.tar
Saved: /lus/eagle/projects/marP_TB_VLS/WC/williamhconrad4/OpenVS-main/experiments/E3L_6DO3/screening/inputs/validationset/E3L_6DO3_validation_chunk50/ligands_list_validation_0_249.txt
Saved: /lus/eagle/projects/marP_TB_VLS/WC/williamhconrad4/OpenVS-main/experiments/E3L_6DO3/screening/inputs/validationset/E3L_6DO3_validation_chunk50/flags_params_validation_0_249.flags
Saved: /lus/eagle/projects/marP_TB_VLS/WC/williamhconrad4/OpenVS-main/experiments/E3L_6DO3/screening/inputs/validationset/E3L_6DO3_validation_chunk50/tar_params_validation_0_250.tar
Saved: /lus/eagle/projects/marP_TB_VLS/WC/williamhconrad4/OpenVS-main/experiments/E3L_6DO3/screening/inputs/validationset/E3L_6DO3_validation_chunk50/ligands_list_validation_0_250.txt
Saved: /lus/eagle/projects/marP_TB_VLS/WC/williamhconrad4/OpenVS-main/experiments/E3L_6DO3/screening/inputs/validationset/E3L_6DO3_validation_chunk50/flags_params_validation_0_250.flags
Saved: /lus/eagle/projects/marP_TB_VLS/WC/williamhconrad4/OpenVS-main/experiments/E3L_6DO3/screening/inputs/validationset/E3L_6DO3_validation_chunk50/tar_params_validation_0_251.tar
Saved: /lus/eagle/projects/marP_TB_VLS/WC/williamhconrad4/OpenVS-main/experiments/E3L_6DO3/screening/inputs/validationset/E3L_6DO3_validation_chunk50/ligands_list_validation_0_251.txt
Saved: /lus/eagle/projects/marP_TB_VLS/WC/williamhconrad4/OpenVS-main/experiments/E3L_6DO3/screening/inputs/validationset/E3L_6DO3_validation_chunk50/flags_params_validation_0_251.flags
Saved: /lus/eagle/projects/marP_TB_VLS/WC/williamhconrad4/OpenVS-main/experiments/E3L_6DO3/screening/inputs/validationset/E3L_6DO3_validation_chunk50/tar_params_validation_0_252.tar
Saved: /lus/eagle/projects/marP_TB_VLS/WC/williamhconrad4/OpenVS-main/experiments/E3L_6DO3/screening/inputs/validationset/E3L_6DO3_validation_chunk50/ligands_list_validation_0_252.txt
Saved: /lus/eagle/projects/marP_TB_VLS/WC/williamhconrad4/OpenVS-main/experiments/E3L_6DO3/screening/inputs/validationset/E3L_6DO3_validation_chunk50/flags_params_validation_0_252.flags
Saved: /lus/eagle/projects/marP_TB_VLS/WC/williamhconrad4/OpenVS-main/experiments/E3L_6DO3/screening/inputs/validationset/E3L_6DO3_validation_chunk50/tar_params_validation_0_253.tar
Saved: /lus/eagle/projects/marP_TB_VLS/WC/williamhconrad4/OpenVS-main/experiments/E3L_6DO3/screening/inputs/validationset/E3L_6DO3_validation_chunk50/ligands_list_validation_0_253.txt
Saved: /lus/eagle/projects/marP_TB_VLS/WC/williamhconrad4/OpenVS-main/experiments/E3L_6DO3/screening/inputs/validationset/E3L_6DO3_validation_chunk50/flags_params_validation_0_253.flags
Saved: /lus/eagle/projects/marP_TB_VLS/WC/williamhconrad4/OpenVS-main/experiments/E3L_6DO3/screening/inputs/validationset/E3L_6DO3_validation_chunk50/tar_params_validation_0_254.tar
Saved: /lus/eagle/projects/marP_TB_VLS/WC/williamhconrad4/OpenVS-main/experiments/E3L_6DO3/screening/inputs/validationset/E3L_6DO3_validation_chunk50/ligands_list_validation_0_254.txt
Saved: /lus/eagle/projects/marP_TB_VLS/WC/williamhconrad4/OpenVS-main/experiments/E3L_6DO3/screening/inputs/validationset/E3L_6DO3_validation_chunk50/flags_params_validation_0_254.flags
Saved: /lus/eagle/projects/marP_TB_VLS/WC/williamhconrad4/OpenVS-main/experiments/E3L_6DO3/screening/inputs/validationset/E3L_6DO3_validation_chunk50/tar_params_validation_0_255.tar
Saved: /lus/eagle/projects/marP_TB_VLS/WC/williamhconrad4/OpenVS-main/experiments/E3L_6DO3/screening/inputs/validationset/E3L_6DO3_validation_chunk50/ligands_list_validation_0_255.txt
Saved: /lus/eagle/projects/marP_TB_VLS/WC/williamhconrad4/OpenVS-main/experiments/E3L_6DO3/screening/inputs/validationset/E3L_6DO3_validation_chunk50/flags_params_validation_0_255.flags
Saved: /lus/eagle/projects/marP_TB_VLS/WC/williamhconrad4/OpenVS-main/experiments/E3L_6DO3/screening/inputs/validationset/E3L_6DO3_validation_chunk50/tar_params_validation_0_256.tar
Saved: /lus/eagle/projects/marP_TB_VLS/WC/williamhconrad4/OpenVS-main/experiments/E3L_6DO3/screening/inputs/validationset/E3L_6DO3_validation_chunk50/ligands_list_validation_0_256.txt
Saved: /lus/eagle/projects/marP_TB_VLS/WC/williamhconrad4/OpenVS-main/experiments/E3L_6DO3/screening/inputs/validationset/E3L_6DO3_validation_chunk50/flags_params_validation_0_256.flags
Saved: /lus/eagle/projects/marP_TB_VLS/WC/williamhconrad4/OpenVS-main/experiments/E3L_6DO3/screening/inputs/validationset/E3L_6DO3_validation_chunk50/tar_params_validation_0_257.tar
Saved: /lus/eagle/projects/marP_TB_VLS/WC/williamhconrad4/OpenVS-main/experiments/E3L_6DO3/screening/inputs/validationset/E3L_6DO3_validation_chunk50/ligands_list_validation_0_257.txt
Saved: /lus/eagle/projects/marP_TB_VLS/WC/williamhconrad4/OpenVS-main/experiments/E3L_6DO3/screening/inputs/validationset/E3L_6DO3_validation_chunk50/flags_params_validation_0_257.flags
Saved: /lus/eagle/projects/marP_TB_VLS/WC/williamhconrad4/OpenVS-main/experiments/E3L_6DO3/screening/inputs/validationset/E3L_6DO3_validation_chunk50/tar_params_validation_0_258.tar
Saved: /lus/eagle/projects/marP_TB_VLS/WC/williamhconrad4/OpenVS-main/experiments/E3L_6DO3/screening/inputs/validationset/E3L_6DO3_validation_chunk50/ligands_list_validation_0_258.txt
Saved: /lus/eagle/projects/marP_TB_VLS/WC/williamhconrad4/OpenVS-main/experiments/E3L_6DO3/screening/inputs/validationset/E3L_6DO3_validation_chunk50/flags_params_validation_0_258.flags
Saved: /lus/eagle/projects/marP_TB_VLS/WC/williamhconrad4/OpenVS-main/experiments/E3L_6DO3/screening/inputs/validationset/E3L_6DO3_validation_chunk50/tar_params_validation_0_259.tar
Saved: /lus/eagle/projects/marP_TB_VLS/WC/williamhconrad4/OpenVS-main/experiments/E3L_6DO3/screening/inputs/validationset/E3L_6DO3_validation_chunk50/ligands_list_validation_0_259.txt
Saved: /lus/eagle/projects/marP_TB_VLS/WC/williamhconrad4/OpenVS-main/experiments/E3L_6DO3/screening/inputs/validationset/E3L_6DO3_validation_chunk50/flags_params_validation_0_259.flags
Saved: /lus/eagle/projects/marP_TB_VLS/WC/williamhconrad4/OpenVS-main/experiments/E3L_6DO3/screening/inputs/validationset/E3L_6DO3_validation_chunk50/tar_params_validation_0_260.tar
Saved: /lus/eagle/projects/marP_TB_VLS/WC/williamhconrad4/OpenVS-main/experiments/E3L_6DO3/screening/inputs/validationset/E3L_6DO3_validation_chunk50/ligands_list_validation_0_260.txt
Saved: /lus/eagle/projects/marP_TB_VLS/WC/williamhconrad4/OpenVS-main/experiments/E3L_6DO3/screening/inputs/validationset/E3L_6DO3_validation_chunk50/flags_params_validation_0_260.flags
Saved: /lus/eagle/projects/marP_TB_VLS/WC/williamhconrad4/OpenVS-main/experiments/E3L_6DO3/screening/inputs/validationset/E3L_6DO3_validation_chunk50/tar_params_validation_0_261.tar
Saved: /lus/eagle/projects/marP_TB_VLS/WC/williamhconrad4/OpenVS-main/experiments/E3L_6DO3/screening/inputs/validationset/E3L_6DO3_validation_chunk50/ligands_list_validation_0_261.txt
Saved: /lus/eagle/projects/marP_TB_VLS/WC/williamhconrad4/OpenVS-main/experiments/E3L_6DO3/screening/inputs/validationset/E3L_6DO3_validation_chunk50/flags_params_validation_0_261.flags
Saved: /lus/eagle/projects/marP_TB_VLS/WC/williamhconrad4/OpenVS-main/experiments/E3L_6DO3/screening/inputs/validationset/E3L_6DO3_validation_chunk50/tar_params_validation_0_262.tar
Saved: /lus/eagle/projects/marP_TB_VLS/WC/williamhconrad4/OpenVS-main/experiments/E3L_6DO3/screening/inputs/validationset/E3L_6DO3_validation_chunk50/ligands_list_validation_0_262.txt
Saved: /lus/eagle/projects/marP_TB_VLS/WC/williamhconrad4/OpenVS-main/experiments/E3L_6DO3/screening/inputs/validationset/E3L_6DO3_validation_chunk50/flags_params_validation_0_262.flags
Saved: /lus/eagle/projects/marP_TB_VLS/WC/williamhconrad4/OpenVS-main/experiments/E3L_6DO3/screening/inputs/validationset/E3L_6DO3_validation_chunk50/tar_params_validation_0_263.tar
Saved: /lus/eagle/projects/marP_TB_VLS/WC/williamhconrad4/OpenVS-main/experiments/E3L_6DO3/screening/inputs/validationset/E3L_6DO3_validation_chunk50/ligands_list_validation_0_263.txt
Saved: /lus/eagle/projects/marP_TB_VLS/WC/williamhconrad4/OpenVS-main/experiments/E3L_6DO3/screening/inputs/validationset/E3L_6DO3_validation_chunk50/flags_params_validation_0_263.flags
Saved: /lus/eagle/projects/marP_TB_VLS/WC/williamhconrad4/OpenVS-main/experiments/E3L_6DO3/screening/inputs/validationset/E3L_6DO3_validation_chunk50/tar_params_validation_0_264.tar
Saved: /lus/eagle/projects/marP_TB_VLS/WC/williamhconrad4/OpenVS-main/experiments/E3L_6DO3/screening/inputs/validationset/E3L_6DO3_validation_chunk50/ligands_list_validation_0_264.txt
Saved: /lus/eagle/projects/marP_TB_VLS/WC/williamhconrad4/OpenVS-main/experiments/E3L_6DO3/screening/inputs/validationset/E3L_6DO3_validation_chunk50/flags_params_validation_0_264.flags
Saved: /lus/eagle/projects/marP_TB_VLS/WC/williamhconrad4/OpenVS-main/experiments/E3L_6DO3/screening/inputs/validationset/E3L_6DO3_validation_chunk50/tar_params_validation_0_265.tar
Saved: /lus/eagle/projects/marP_TB_VLS/WC/williamhconrad4/OpenVS-main/experiments/E3L_6DO3/screening/inputs/validationset/E3L_6DO3_validation_chunk50/ligands_list_validation_0_265.txt
Saved: /lus/eagle/projects/marP_TB_VLS/WC/williamhconrad4/OpenVS-main/experiments/E3L_6DO3/screening/inputs/validationset/E3L_6DO3_validation_chunk50/flags_params_validation_0_265.flags
Saved: /lus/eagle/projects/marP_TB_VLS/WC/williamhconrad4/OpenVS-main/experiments/E3L_6DO3/screening/inputs/validationset/E3L_6DO3_validation_chunk50/tar_params_validation_0_266.tar
Saved: /lus/eagle/projects/marP_TB_VLS/WC/williamhconrad4/OpenVS-main/experiments/E3L_6DO3/screening/inputs/validationset/E3L_6DO3_validation_chunk50/ligands_list_validation_0_266.txt
Saved: /lus/eagle/projects/marP_TB_VLS/WC/williamhconrad4/OpenVS-main/experiments/E3L_6DO3/screening/inputs/validationset/E3L_6DO3_validation_chunk50/flags_params_validation_0_266.flags
Saved: /lus/eagle/projects/marP_TB_VLS/WC/williamhconrad4/OpenVS-main/experiments/E3L_6DO3/screening/inputs/validationset/E3L_6DO3_validation_chunk50/tar_params_validation_0_267.tar
Saved: /lus/eagle/projects/marP_TB_VLS/WC/williamhconrad4/OpenVS-main/experiments/E3L_6DO3/screening/inputs/validationset/E3L_6DO3_validation_chunk50/ligands_list_validation_0_267.txt
Saved: /lus/eagle/projects/marP_TB_VLS/WC/williamhconrad4/OpenVS-main/experiments/E3L_6DO3/screening/inputs/validationset/E3L_6DO3_validation_chunk50/flags_params_validation_0_267.flags
Saved: /lus/eagle/projects/marP_TB_VLS/WC/williamhconrad4/OpenVS-main/experiments/E3L_6DO3/screening/inputs/validationset/E3L_6DO3_validation_chunk50/tar_params_validation_0_268.tar
Saved: /lus/eagle/projects/marP_TB_VLS/WC/williamhconrad4/OpenVS-main/experiments/E3L_6DO3/screening/inputs/validationset/E3L_6DO3_validation_chunk50/ligands_list_validation_0_268.txt
Saved: /lus/eagle/projects/marP_TB_VLS/WC/williamhconrad4/OpenVS-main/experiments/E3L_6DO3/screening/inputs/validationset/E3L_6DO3_validation_chunk50/flags_params_validation_0_268.flags
Saved: /lus/eagle/projects/marP_TB_VLS/WC/williamhconrad4/OpenVS-main/experiments/E3L_6DO3/screening/inputs/validationset/E3L_6DO3_validation_chunk50/tar_params_validation_0_269.tar
Saved: /lus/eagle/projects/marP_TB_VLS/WC/williamhconrad4/OpenVS-main/experiments/E3L_6DO3/screening/inputs/validationset/E3L_6DO3_validation_chunk50/ligands_list_validation_0_269.txt
Saved: /lus/eagle/projects/marP_TB_VLS/WC/williamhconrad4/OpenVS-main/experiments/E3L_6DO3/screening/inputs/validationset/E3L_6DO3_validation_chunk50/flags_params_validation_0_269.flags
Saved: /lus/eagle/projects/marP_TB_VLS/WC/williamhconrad4/OpenVS-main/experiments/E3L_6DO3/screening/inputs/validationset/E3L_6DO3_validation_chunk50/tar_params_validation_0_270.tar
Saved: /lus/eagle/projects/marP_TB_VLS/WC/williamhconrad4/OpenVS-main/experiments/E3L_6DO3/screening/inputs/validationset/E3L_6DO3_validation_chunk50/ligands_list_validation_0_270.txt
Saved: /lus/eagle/projects/marP_TB_VLS/WC/williamhconrad4/OpenVS-main/experiments/E3L_6DO3/screening/inputs/validationset/E3L_6DO3_validation_chunk50/flags_params_validation_0_270.flags
Saved: /lus/eagle/projects/marP_TB_VLS/WC/williamhconrad4/OpenVS-main/experiments/E3L_6DO3/screening/inputs/validationset/E3L_6DO3_validation_chunk50/tar_params_validation_0_271.tar
Saved: /lus/eagle/projects/marP_TB_VLS/WC/williamhconrad4/OpenVS-main/experiments/E3L_6DO3/screening/inputs/validationset/E3L_6DO3_validation_chunk50/ligands_list_validation_0_271.txt
Saved: /lus/eagle/projects/marP_TB_VLS/WC/williamhconrad4/OpenVS-main/experiments/E3L_6DO3/screening/inputs/validationset/E3L_6DO3_validation_chunk50/flags_params_validation_0_271.flags
Saved: /lus/eagle/projects/marP_TB_VLS/WC/williamhconrad4/OpenVS-main/experiments/E3L_6DO3/screening/inputs/validationset/E3L_6DO3_validation_chunk50/tar_params_validation_0_272.tar
Saved: /lus/eagle/projects/marP_TB_VLS/WC/williamhconrad4/OpenVS-main/experiments/E3L_6DO3/screening/inputs/validationset/E3L_6DO3_validation_chunk50/ligands_list_validation_0_272.txt
Saved: /lus/eagle/projects/marP_TB_VLS/WC/williamhconrad4/OpenVS-main/experiments/E3L_6DO3/screening/inputs/validationset/E3L_6DO3_validation_chunk50/flags_params_validation_0_272.flags
Saved: /lus/eagle/projects/marP_TB_VLS/WC/williamhconrad4/OpenVS-main/experiments/E3L_6DO3/screening/inputs/validationset/E3L_6DO3_validation_chunk50/tar_params_validation_0_273.tar
Saved: /lus/eagle/projects/marP_TB_VLS/WC/williamhconrad4/OpenVS-main/experiments/E3L_6DO3/screening/inputs/validationset/E3L_6DO3_validation_chunk50/ligands_list_validation_0_273.txt
Saved: /lus/eagle/projects/marP_TB_VLS/WC/williamhconrad4/OpenVS-main/experiments/E3L_6DO3/screening/inputs/validationset/E3L_6DO3_validation_chunk50/flags_params_validation_0_273.flags
Saved: /lus/eagle/projects/marP_TB_VLS/WC/williamhconrad4/OpenVS-main/experiments/E3L_6DO3/screening/inputs/validationset/E3L_6DO3_validation_chunk50/tar_params_validation_0_274.tar
Saved: /lus/eagle/projects/marP_TB_VLS/WC/williamhconrad4/OpenVS-main/experiments/E3L_6DO3/screening/inputs/validationset/E3L_6DO3_validation_chunk50/ligands_list_validation_0_274.txt
Saved: /lus/eagle/projects/marP_TB_VLS/WC/williamhconrad4/OpenVS-main/experiments/E3L_6DO3/screening/inputs/validationset/E3L_6DO3_validation_chunk50/flags_params_validation_0_274.flags
Saved: /lus/eagle/projects/marP_TB_VLS/WC/williamhconrad4/OpenVS-main/experiments/E3L_6DO3/screening/inputs/validationset/E3L_6DO3_validation_chunk50/tar_params_validation_0_275.tar
Saved: /lus/eagle/projects/marP_TB_VLS/WC/williamhconrad4/OpenVS-main/experiments/E3L_6DO3/screening/inputs/validationset/E3L_6DO3_validation_chunk50/ligands_list_validation_0_275.txt
Saved: /lus/eagle/projects/marP_TB_VLS/WC/williamhconrad4/OpenVS-main/experiments/E3L_6DO3/screening/inputs/validationset/E3L_6DO3_validation_chunk50/flags_params_validation_0_275.flags
Saved: /lus/eagle/projects/marP_TB_VLS/WC/williamhconrad4/OpenVS-main/experiments/E3L_6DO3/screening/inputs/validationset/E3L_6DO3_validation_chunk50/tar_params_validation_0_276.tar
Saved: /lus/eagle/projects/marP_TB_VLS/WC/williamhconrad4/OpenVS-main/experiments/E3L_6DO3/screening/inputs/validationset/E3L_6DO3_validation_chunk50/ligands_list_validation_0_276.txt
Saved: /lus/eagle/projects/marP_TB_VLS/WC/williamhconrad4/OpenVS-main/experiments/E3L_6DO3/screening/inputs/validationset/E3L_6DO3_validation_chunk50/flags_params_validation_0_276.flags
Saved: /lus/eagle/projects/marP_TB_VLS/WC/williamhconrad4/OpenVS-main/experiments/E3L_6DO3/screening/inputs/validationset/E3L_6DO3_validation_chunk50/tar_params_validation_0_277.tar
Saved: /lus/eagle/projects/marP_TB_VLS/WC/williamhconrad4/OpenVS-main/experiments/E3L_6DO3/screening/inputs/validationset/E3L_6DO3_validation_chunk50/ligands_list_validation_0_277.txt
Saved: /lus/eagle/projects/marP_TB_VLS/WC/williamhconrad4/OpenVS-main/experiments/E3L_6DO3/screening/inputs/validationset/E3L_6DO3_validation_chunk50/flags_params_validation_0_277.flags
Saved: /lus/eagle/projects/marP_TB_VLS/WC/williamhconrad4/OpenVS-main/experiments/E3L_6DO3/screening/inputs/validationset/E3L_6DO3_validation_chunk50/tar_params_validation_0_278.tar
Saved: /lus/eagle/projects/marP_TB_VLS/WC/williamhconrad4/OpenVS-main/experiments/E3L_6DO3/screening/inputs/validationset/E3L_6DO3_validation_chunk50/ligands_list_validation_0_278.txt
Saved: /lus/eagle/projects/marP_TB_VLS/WC/williamhconrad4/OpenVS-main/experiments/E3L_6DO3/screening/inputs/validationset/E3L_6DO3_validation_chunk50/flags_params_validation_0_278.flags
Saved: /lus/eagle/projects/marP_TB_VLS/WC/williamhconrad4/OpenVS-main/experiments/E3L_6DO3/screening/inputs/validationset/E3L_6DO3_validation_chunk50/tar_params_validation_0_279.tar
Saved: /lus/eagle/projects/marP_TB_VLS/WC/williamhconrad4/OpenVS-main/experiments/E3L_6DO3/screening/inputs/validationset/E3L_6DO3_validation_chunk50/ligands_list_validation_0_279.txt
Saved: /lus/eagle/projects/marP_TB_VLS/WC/williamhconrad4/OpenVS-main/experiments/E3L_6DO3/screening/inputs/validationset/E3L_6DO3_validation_chunk50/flags_params_validation_0_279.flags
Saved: /lus/eagle/projects/marP_TB_VLS/WC/williamhconrad4/OpenVS-main/experiments/E3L_6DO3/screening/inputs/validationset/E3L_6DO3_validation_chunk50/tar_params_validation_0_280.tar
Saved: /lus/eagle/projects/marP_TB_VLS/WC/williamhconrad4/OpenVS-main/experiments/E3L_6DO3/screening/inputs/validationset/E3L_6DO3_validation_chunk50/ligands_list_validation_0_280.txt
Saved: /lus/eagle/projects/marP_TB_VLS/WC/williamhconrad4/OpenVS-main/experiments/E3L_6DO3/screening/inputs/validationset/E3L_6DO3_validation_chunk50/flags_params_validation_0_280.flags
Saved: /lus/eagle/projects/marP_TB_VLS/WC/williamhconrad4/OpenVS-main/experiments/E3L_6DO3/screening/inputs/validationset/E3L_6DO3_validation_chunk50/tar_params_validation_0_281.tar
Saved: /lus/eagle/projects/marP_TB_VLS/WC/williamhconrad4/OpenVS-main/experiments/E3L_6DO3/screening/inputs/validationset/E3L_6DO3_validation_chunk50/ligands_list_validation_0_281.txt
Saved: /lus/eagle/projects/marP_TB_VLS/WC/williamhconrad4/OpenVS-main/experiments/E3L_6DO3/screening/inputs/validationset/E3L_6DO3_validation_chunk50/flags_params_validation_0_281.flags
Saved: /lus/eagle/projects/marP_TB_VLS/WC/williamhconrad4/OpenVS-main/experiments/E3L_6DO3/screening/inputs/validationset/E3L_6DO3_validation_chunk50/tar_params_validation_0_282.tar
Saved: /lus/eagle/projects/marP_TB_VLS/WC/williamhconrad4/OpenVS-main/experiments/E3L_6DO3/screening/inputs/validationset/E3L_6DO3_validation_chunk50/ligands_list_validation_0_282.txt
Saved: /lus/eagle/projects/marP_TB_VLS/WC/williamhconrad4/OpenVS-main/experiments/E3L_6DO3/screening/inputs/validationset/E3L_6DO3_validation_chunk50/flags_params_validation_0_282.flags
Saved: /lus/eagle/projects/marP_TB_VLS/WC/williamhconrad4/OpenVS-main/experiments/E3L_6DO3/screening/inputs/validationset/E3L_6DO3_validation_chunk50/tar_params_validation_0_283.tar
Saved: /lus/eagle/projects/marP_TB_VLS/WC/williamhconrad4/OpenVS-main/experiments/E3L_6DO3/screening/inputs/validationset/E3L_6DO3_validation_chunk50/ligands_list_validation_0_283.txt
Saved: /lus/eagle/projects/marP_TB_VLS/WC/williamhconrad4/OpenVS-main/experiments/E3L_6DO3/screening/inputs/validationset/E3L_6DO3_validation_chunk50/flags_params_validation_0_283.flags
Saved: /lus/eagle/projects/marP_TB_VLS/WC/williamhconrad4/OpenVS-main/experiments/E3L_6DO3/screening/inputs/validationset/E3L_6DO3_validation_chunk50/tar_params_validation_0_284.tar
Saved: /lus/eagle/projects/marP_TB_VLS/WC/williamhconrad4/OpenVS-main/experiments/E3L_6DO3/screening/inputs/validationset/E3L_6DO3_validation_chunk50/ligands_list_validation_0_284.txt
Saved: /lus/eagle/projects/marP_TB_VLS/WC/williamhconrad4/OpenVS-main/experiments/E3L_6DO3/screening/inputs/validationset/E3L_6DO3_validation_chunk50/flags_params_validation_0_284.flags
Saved: /lus/eagle/projects/marP_TB_VLS/WC/williamhconrad4/OpenVS-main/experiments/E3L_6DO3/screening/inputs/validationset/E3L_6DO3_validation_chunk50/tar_params_validation_0_285.tar
Saved: /lus/eagle/projects/marP_TB_VLS/WC/williamhconrad4/OpenVS-main/experiments/E3L_6DO3/screening/inputs/validationset/E3L_6DO3_validation_chunk50/ligands_list_validation_0_285.txt
Saved: /lus/eagle/projects/marP_TB_VLS/WC/williamhconrad4/OpenVS-main/experiments/E3L_6DO3/screening/inputs/validationset/E3L_6DO3_validation_chunk50/flags_params_validation_0_285.flags
Saved: /lus/eagle/projects/marP_TB_VLS/WC/williamhconrad4/OpenVS-main/experiments/E3L_6DO3/screening/inputs/validationset/E3L_6DO3_validation_chunk50/tar_params_validation_0_286.tar
Saved: /lus/eagle/projects/marP_TB_VLS/WC/williamhconrad4/OpenVS-main/experiments/E3L_6DO3/screening/inputs/validationset/E3L_6DO3_validation_chunk50/ligands_list_validation_0_286.txt
Saved: /lus/eagle/projects/marP_TB_VLS/WC/williamhconrad4/OpenVS-main/experiments/E3L_6DO3/screening/inputs/validationset/E3L_6DO3_validation_chunk50/flags_params_validation_0_286.flags
Saved: /lus/eagle/projects/marP_TB_VLS/WC/williamhconrad4/OpenVS-main/experiments/E3L_6DO3/screening/inputs/validationset/E3L_6DO3_validation_chunk50/tar_params_validation_0_287.tar
Saved: /lus/eagle/projects/marP_TB_VLS/WC/williamhconrad4/OpenVS-main/experiments/E3L_6DO3/screening/inputs/validationset/E3L_6DO3_validation_chunk50/ligands_list_validation_0_287.txt
Saved: /lus/eagle/projects/marP_TB_VLS/WC/williamhconrad4/OpenVS-main/experiments/E3L_6DO3/screening/inputs/validationset/E3L_6DO3_validation_chunk50/flags_params_validation_0_287.flags
Saved: /lus/eagle/projects/marP_TB_VLS/WC/williamhconrad4/OpenVS-main/experiments/E3L_6DO3/screening/inputs/validationset/E3L_6DO3_validation_chunk50/tar_params_validation_0_288.tar
Saved: /lus/eagle/projects/marP_TB_VLS/WC/williamhconrad4/OpenVS-main/experiments/E3L_6DO3/screening/inputs/validationset/E3L_6DO3_validation_chunk50/ligands_list_validation_0_288.txt
Saved: /lus/eagle/projects/marP_TB_VLS/WC/williamhconrad4/OpenVS-main/experiments/E3L_6DO3/screening/inputs/validationset/E3L_6DO3_validation_chunk50/flags_params_validation_0_288.flags
Saved: /lus/eagle/projects/marP_TB_VLS/WC/williamhconrad4/OpenVS-main/experiments/E3L_6DO3/screening/inputs/validationset/E3L_6DO3_validation_chunk50/tar_params_validation_0_289.tar
Saved: /lus/eagle/projects/marP_TB_VLS/WC/williamhconrad4/OpenVS-main/experiments/E3L_6DO3/screening/inputs/validationset/E3L_6DO3_validation_chunk50/ligands_list_validation_0_289.txt
Saved: /lus/eagle/projects/marP_TB_VLS/WC/williamhconrad4/OpenVS-main/experiments/E3L_6DO3/screening/inputs/validationset/E3L_6DO3_validation_chunk50/flags_params_validation_0_289.flags
Saved: /lus/eagle/projects/marP_TB_VLS/WC/williamhconrad4/OpenVS-main/experiments/E3L_6DO3/screening/inputs/validationset/E3L_6DO3_validation_chunk50/tar_params_validation_0_290.tar
Saved: /lus/eagle/projects/marP_TB_VLS/WC/williamhconrad4/OpenVS-main/experiments/E3L_6DO3/screening/inputs/validationset/E3L_6DO3_validation_chunk50/ligands_list_validation_0_290.txt
Saved: /lus/eagle/projects/marP_TB_VLS/WC/williamhconrad4/OpenVS-main/experiments/E3L_6DO3/screening/inputs/validationset/E3L_6DO3_validation_chunk50/flags_params_validation_0_290.flags
Saved: /lus/eagle/projects/marP_TB_VLS/WC/williamhconrad4/OpenVS-main/experiments/E3L_6DO3/screening/inputs/validationset/E3L_6DO3_validation_chunk50/tar_params_validation_0_291.tar
Saved: /lus/eagle/projects/marP_TB_VLS/WC/williamhconrad4/OpenVS-main/experiments/E3L_6DO3/screening/inputs/validationset/E3L_6DO3_validation_chunk50/ligands_list_validation_0_291.txt
Saved: /lus/eagle/projects/marP_TB_VLS/WC/williamhconrad4/OpenVS-main/experiments/E3L_6DO3/screening/inputs/validationset/E3L_6DO3_validation_chunk50/flags_params_validation_0_291.flags
Saved: /lus/eagle/projects/marP_TB_VLS/WC/williamhconrad4/OpenVS-main/experiments/E3L_6DO3/screening/inputs/validationset/E3L_6DO3_validation_chunk50/tar_params_validation_0_292.tar
Saved: /lus/eagle/projects/marP_TB_VLS/WC/williamhconrad4/OpenVS-main/experiments/E3L_6DO3/screening/inputs/validationset/E3L_6DO3_validation_chunk50/ligands_list_validation_0_292.txt
Saved: /lus/eagle/projects/marP_TB_VLS/WC/williamhconrad4/OpenVS-main/experiments/E3L_6DO3/screening/inputs/validationset/E3L_6DO3_validation_chunk50/flags_params_validation_0_292.flags
Saved: /lus/eagle/projects/marP_TB_VLS/WC/williamhconrad4/OpenVS-main/experiments/E3L_6DO3/screening/inputs/validationset/E3L_6DO3_validation_chunk50/tar_params_validation_0_293.tar
Saved: /lus/eagle/projects/marP_TB_VLS/WC/williamhconrad4/OpenVS-main/experiments/E3L_6DO3/screening/inputs/validationset/E3L_6DO3_validation_chunk50/ligands_list_validation_0_293.txt
Saved: /lus/eagle/projects/marP_TB_VLS/WC/williamhconrad4/OpenVS-main/experiments/E3L_6DO3/screening/inputs/validationset/E3L_6DO3_validation_chunk50/flags_params_validation_0_293.flags
Saved: /lus/eagle/projects/marP_TB_VLS/WC/williamhconrad4/OpenVS-main/experiments/E3L_6DO3/screening/inputs/validationset/E3L_6DO3_validation_chunk50/tar_params_validation_0_294.tar
Saved: /lus/eagle/projects/marP_TB_VLS/WC/williamhconrad4/OpenVS-main/experiments/E3L_6DO3/screening/inputs/validationset/E3L_6DO3_validation_chunk50/ligands_list_validation_0_294.txt
Saved: /lus/eagle/projects/marP_TB_VLS/WC/williamhconrad4/OpenVS-main/experiments/E3L_6DO3/screening/inputs/validationset/E3L_6DO3_validation_chunk50/flags_params_validation_0_294.flags
Saved: /lus/eagle/projects/marP_TB_VLS/WC/williamhconrad4/OpenVS-main/experiments/E3L_6DO3/screening/inputs/validationset/E3L_6DO3_validation_chunk50/tar_params_validation_0_295.tar
Saved: /lus/eagle/projects/marP_TB_VLS/WC/williamhconrad4/OpenVS-main/experiments/E3L_6DO3/screening/inputs/validationset/E3L_6DO3_validation_chunk50/ligands_list_validation_0_295.txt
Saved: /lus/eagle/projects/marP_TB_VLS/WC/williamhconrad4/OpenVS-main/experiments/E3L_6DO3/screening/inputs/validationset/E3L_6DO3_validation_chunk50/flags_params_validation_0_295.flags
Saved: /lus/eagle/projects/marP_TB_VLS/WC/williamhconrad4/OpenVS-main/experiments/E3L_6DO3/screening/inputs/validationset/E3L_6DO3_validation_chunk50/tar_params_validation_0_296.tar
Saved: /lus/eagle/projects/marP_TB_VLS/WC/williamhconrad4/OpenVS-main/experiments/E3L_6DO3/screening/inputs/validationset/E3L_6DO3_validation_chunk50/ligands_list_validation_0_296.txt
Saved: /lus/eagle/projects/marP_TB_VLS/WC/williamhconrad4/OpenVS-main/experiments/E3L_6DO3/screening/inputs/validationset/E3L_6DO3_validation_chunk50/flags_params_validation_0_296.flags
Saved: /lus/eagle/projects/marP_TB_VLS/WC/williamhconrad4/OpenVS-main/experiments/E3L_6DO3/screening/inputs/validationset/E3L_6DO3_validation_chunk50/tar_params_validation_0_297.tar
Saved: /lus/eagle/projects/marP_TB_VLS/WC/williamhconrad4/OpenVS-main/experiments/E3L_6DO3/screening/inputs/validationset/E3L_6DO3_validation_chunk50/ligands_list_validation_0_297.txt
Saved: /lus/eagle/projects/marP_TB_VLS/WC/williamhconrad4/OpenVS-main/experiments/E3L_6DO3/screening/inputs/validationset/E3L_6DO3_validation_chunk50/flags_params_validation_0_297.flags
Saved: /lus/eagle/projects/marP_TB_VLS/WC/williamhconrad4/OpenVS-main/experiments/E3L_6DO3/screening/inputs/validationset/E3L_6DO3_validation_chunk50/tar_params_validation_0_298.tar
Saved: /lus/eagle/projects/marP_TB_VLS/WC/williamhconrad4/OpenVS-main/experiments/E3L_6DO3/screening/inputs/validationset/E3L_6DO3_validation_chunk50/ligands_list_validation_0_298.txt
Saved: /lus/eagle/projects/marP_TB_VLS/WC/williamhconrad4/OpenVS-main/experiments/E3L_6DO3/screening/inputs/validationset/E3L_6DO3_validation_chunk50/flags_params_validation_0_298.flags
Saved: /lus/eagle/projects/marP_TB_VLS/WC/williamhconrad4/OpenVS-main/experiments/E3L_6DO3/screening/inputs/validationset/E3L_6DO3_validation_chunk50/tar_params_validation_0_299.tar
Saved: /lus/eagle/projects/marP_TB_VLS/WC/williamhconrad4/OpenVS-main/experiments/E3L_6DO3/screening/inputs/validationset/E3L_6DO3_validation_chunk50/ligands_list_validation_0_299.txt
Saved: /lus/eagle/projects/marP_TB_VLS/WC/williamhconrad4/OpenVS-main/experiments/E3L_6DO3/screening/inputs/validationset/E3L_6DO3_validation_chunk50/flags_params_validation_0_299.flags
Saved: /lus/eagle/projects/marP_TB_VLS/WC/williamhconrad4/OpenVS-main/experiments/E3L_6DO3/screening/inputs/validationset/E3L_6DO3_validation_chunk50/tar_params_validation_0_300.tar
Saved: /lus/eagle/projects/marP_TB_VLS/WC/williamhconrad4/OpenVS-main/experiments/E3L_6DO3/screening/inputs/validationset/E3L_6DO3_validation_chunk50/ligands_list_validation_0_300.txt
Saved: /lus/eagle/projects/marP_TB_VLS/WC/williamhconrad4/OpenVS-main/experiments/E3L_6DO3/screening/inputs/validationset/E3L_6DO3_validation_chunk50/flags_params_validation_0_300.flags
Saved: /lus/eagle/projects/marP_TB_VLS/WC/williamhconrad4/OpenVS-main/experiments/E3L_6DO3/screening/inputs/validationset/E3L_6DO3_validation_chunk50/tar_params_validation_0_301.tar
Saved: /lus/eagle/projects/marP_TB_VLS/WC/williamhconrad4/OpenVS-main/experiments/E3L_6DO3/screening/inputs/validationset/E3L_6DO3_validation_chunk50/ligands_list_validation_0_301.txt
Saved: /lus/eagle/projects/marP_TB_VLS/WC/williamhconrad4/OpenVS-main/experiments/E3L_6DO3/screening/inputs/validationset/E3L_6DO3_validation_chunk50/flags_params_validation_0_301.flags
Saved: /lus/eagle/projects/marP_TB_VLS/WC/williamhconrad4/OpenVS-main/experiments/E3L_6DO3/screening/inputs/validationset/E3L_6DO3_validation_chunk50/tar_params_validation_0_302.tar
Saved: /lus/eagle/projects/marP_TB_VLS/WC/williamhconrad4/OpenVS-main/experiments/E3L_6DO3/screening/inputs/validationset/E3L_6DO3_validation_chunk50/ligands_list_validation_0_302.txt
Saved: /lus/eagle/projects/marP_TB_VLS/WC/williamhconrad4/OpenVS-main/experiments/E3L_6DO3/screening/inputs/validationset/E3L_6DO3_validation_chunk50/flags_params_validation_0_302.flags
Saved: /lus/eagle/projects/marP_TB_VLS/WC/williamhconrad4/OpenVS-main/experiments/E3L_6DO3/screening/inputs/validationset/E3L_6DO3_validation_chunk50/tar_params_validation_0_303.tar
Saved: /lus/eagle/projects/marP_TB_VLS/WC/williamhconrad4/OpenVS-main/experiments/E3L_6DO3/screening/inputs/validationset/E3L_6DO3_validation_chunk50/ligands_list_validation_0_303.txt
Saved: /lus/eagle/projects/marP_TB_VLS/WC/williamhconrad4/OpenVS-main/experiments/E3L_6DO3/screening/inputs/validationset/E3L_6DO3_validation_chunk50/flags_params_validation_0_303.flags
Saved: /lus/eagle/projects/marP_TB_VLS/WC/williamhconrad4/OpenVS-main/experiments/E3L_6DO3/screening/inputs/validationset/E3L_6DO3_validation_chunk50/tar_params_validation_0_304.tar
Saved: /lus/eagle/projects/marP_TB_VLS/WC/williamhconrad4/OpenVS-main/experiments/E3L_6DO3/screening/inputs/validationset/E3L_6DO3_validation_chunk50/ligands_list_validation_0_304.txt
Saved: /lus/eagle/projects/marP_TB_VLS/WC/williamhconrad4/OpenVS-main/experiments/E3L_6DO3/screening/inputs/validationset/E3L_6DO3_validation_chunk50/flags_params_validation_0_304.flags
Saved: /lus/eagle/projects/marP_TB_VLS/WC/williamhconrad4/OpenVS-main/experiments/E3L_6DO3/screening/inputs/validationset/E3L_6DO3_validation_chunk50/tar_params_validation_0_305.tar
Saved: /lus/eagle/projects/marP_TB_VLS/WC/williamhconrad4/OpenVS-main/experiments/E3L_6DO3/screening/inputs/validationset/E3L_6DO3_validation_chunk50/ligands_list_validation_0_305.txt
Saved: /lus/eagle/projects/marP_TB_VLS/WC/williamhconrad4/OpenVS-main/experiments/E3L_6DO3/screening/inputs/validationset/E3L_6DO3_validation_chunk50/flags_params_validation_0_305.flags
Saved: /lus/eagle/projects/marP_TB_VLS/WC/williamhconrad4/OpenVS-main/experiments/E3L_6DO3/screening/inputs/validationset/E3L_6DO3_validation_chunk50/tar_params_validation_0_306.tar
Saved: /lus/eagle/projects/marP_TB_VLS/WC/williamhconrad4/OpenVS-main/experiments/E3L_6DO3/screening/inputs/validationset/E3L_6DO3_validation_chunk50/ligands_list_validation_0_306.txt
Saved: /lus/eagle/projects/marP_TB_VLS/WC/williamhconrad4/OpenVS-main/experiments/E3L_6DO3/screening/inputs/validationset/E3L_6DO3_validation_chunk50/flags_params_validation_0_306.flags
Saved: /lus/eagle/projects/marP_TB_VLS/WC/williamhconrad4/OpenVS-main/experiments/E3L_6DO3/screening/inputs/validationset/E3L_6DO3_validation_chunk50/tar_params_validation_0_307.tar
Saved: /lus/eagle/projects/marP_TB_VLS/WC/williamhconrad4/OpenVS-main/experiments/E3L_6DO3/screening/inputs/validationset/E3L_6DO3_validation_chunk50/ligands_list_validation_0_307.txt
Saved: /lus/eagle/projects/marP_TB_VLS/WC/williamhconrad4/OpenVS-main/experiments/E3L_6DO3/screening/inputs/validationset/E3L_6DO3_validation_chunk50/flags_params_validation_0_307.flags
Saved: /lus/eagle/projects/marP_TB_VLS/WC/williamhconrad4/OpenVS-main/experiments/E3L_6DO3/screening/inputs/validationset/E3L_6DO3_validation_chunk50/tar_params_validation_0_308.tar
Saved: /lus/eagle/projects/marP_TB_VLS/WC/williamhconrad4/OpenVS-main/experiments/E3L_6DO3/screening/inputs/validationset/E3L_6DO3_validation_chunk50/ligands_list_validation_0_308.txt
Saved: /lus/eagle/projects/marP_TB_VLS/WC/williamhconrad4/OpenVS-main/experiments/E3L_6DO3/screening/inputs/validationset/E3L_6DO3_validation_chunk50/flags_params_validation_0_308.flags
Saved: /lus/eagle/projects/marP_TB_VLS/WC/williamhconrad4/OpenVS-main/experiments/E3L_6DO3/screening/inputs/validationset/E3L_6DO3_validation_chunk50/tar_params_validation_0_309.tar
Saved: /lus/eagle/projects/marP_TB_VLS/WC/williamhconrad4/OpenVS-main/experiments/E3L_6DO3/screening/inputs/validationset/E3L_6DO3_validation_chunk50/ligands_list_validation_0_309.txt
Saved: /lus/eagle/projects/marP_TB_VLS/WC/williamhconrad4/OpenVS-main/experiments/E3L_6DO3/screening/inputs/validationset/E3L_6DO3_validation_chunk50/flags_params_validation_0_309.flags
Saved: /lus/eagle/projects/marP_TB_VLS/WC/williamhconrad4/OpenVS-main/experiments/E3L_6DO3/screening/inputs/validationset/E3L_6DO3_validation_chunk50/tar_params_validation_0_310.tar
Saved: /lus/eagle/projects/marP_TB_VLS/WC/williamhconrad4/OpenVS-main/experiments/E3L_6DO3/screening/inputs/validationset/E3L_6DO3_validation_chunk50/ligands_list_validation_0_310.txt
Saved: /lus/eagle/projects/marP_TB_VLS/WC/williamhconrad4/OpenVS-main/experiments/E3L_6DO3/screening/inputs/validationset/E3L_6DO3_validation_chunk50/flags_params_validation_0_310.flags
Saved: /lus/eagle/projects/marP_TB_VLS/WC/williamhconrad4/OpenVS-main/experiments/E3L_6DO3/screening/inputs/validationset/E3L_6DO3_validation_chunk50/tar_params_validation_0_311.tar
Saved: /lus/eagle/projects/marP_TB_VLS/WC/williamhconrad4/OpenVS-main/experiments/E3L_6DO3/screening/inputs/validationset/E3L_6DO3_validation_chunk50/ligands_list_validation_0_311.txt
Saved: /lus/eagle/projects/marP_TB_VLS/WC/williamhconrad4/OpenVS-main/experiments/E3L_6DO3/screening/inputs/validationset/E3L_6DO3_validation_chunk50/flags_params_validation_0_311.flags
Saved: /lus/eagle/projects/marP_TB_VLS/WC/williamhconrad4/OpenVS-main/experiments/E3L_6DO3/screening/inputs/validationset/E3L_6DO3_validation_chunk50/tar_params_validation_0_312.tar
Saved: /lus/eagle/projects/marP_TB_VLS/WC/williamhconrad4/OpenVS-main/experiments/E3L_6DO3/screening/inputs/validationset/E3L_6DO3_validation_chunk50/ligands_list_validation_0_312.txt
Saved: /lus/eagle/projects/marP_TB_VLS/WC/williamhconrad4/OpenVS-main/experiments/E3L_6DO3/screening/inputs/validationset/E3L_6DO3_validation_chunk50/flags_params_validation_0_312.flags
Saved: /lus/eagle/projects/marP_TB_VLS/WC/williamhconrad4/OpenVS-main/experiments/E3L_6DO3/screening/inputs/validationset/E3L_6DO3_validation_chunk50/tar_params_validation_0_313.tar
Saved: /lus/eagle/projects/marP_TB_VLS/WC/williamhconrad4/OpenVS-main/experiments/E3L_6DO3/screening/inputs/validationset/E3L_6DO3_validation_chunk50/ligands_list_validation_0_313.txt
Saved: /lus/eagle/projects/marP_TB_VLS/WC/williamhconrad4/OpenVS-main/experiments/E3L_6DO3/screening/inputs/validationset/E3L_6DO3_validation_chunk50/flags_params_validation_0_313.flags
Saved: /lus/eagle/projects/marP_TB_VLS/WC/williamhconrad4/OpenVS-main/experiments/E3L_6DO3/screening/inputs/validationset/E3L_6DO3_validation_chunk50/tar_params_validation_0_314.tar
Saved: /lus/eagle/projects/marP_TB_VLS/WC/williamhconrad4/OpenVS-main/experiments/E3L_6DO3/screening/inputs/validationset/E3L_6DO3_validation_chunk50/ligands_list_validation_0_314.txt
Saved: /lus/eagle/projects/marP_TB_VLS/WC/williamhconrad4/OpenVS-main/experiments/E3L_6DO3/screening/inputs/validationset/E3L_6DO3_validation_chunk50/flags_params_validation_0_314.flags
Saved: /lus/eagle/projects/marP_TB_VLS/WC/williamhconrad4/OpenVS-main/experiments/E3L_6DO3/screening/inputs/validationset/E3L_6DO3_validation_chunk50/tar_params_validation_0_315.tar
Saved: /lus/eagle/projects/marP_TB_VLS/WC/williamhconrad4/OpenVS-main/experiments/E3L_6DO3/screening/inputs/validationset/E3L_6DO3_validation_chunk50/ligands_list_validation_0_315.txt
Saved: /lus/eagle/projects/marP_TB_VLS/WC/williamhconrad4/OpenVS-main/experiments/E3L_6DO3/screening/inputs/validationset/E3L_6DO3_validation_chunk50/flags_params_validation_0_315.flags
Saved: /lus/eagle/projects/marP_TB_VLS/WC/williamhconrad4/OpenVS-main/experiments/E3L_6DO3/screening/inputs/validationset/E3L_6DO3_validation_chunk50/tar_params_validation_0_316.tar
Saved: /lus/eagle/projects/marP_TB_VLS/WC/williamhconrad4/OpenVS-main/experiments/E3L_6DO3/screening/inputs/validationset/E3L_6DO3_validation_chunk50/ligands_list_validation_0_316.txt
Saved: /lus/eagle/projects/marP_TB_VLS/WC/williamhconrad4/OpenVS-main/experiments/E3L_6DO3/screening/inputs/validationset/E3L_6DO3_validation_chunk50/flags_params_validation_0_316.flags
Saved: /lus/eagle/projects/marP_TB_VLS/WC/williamhconrad4/OpenVS-main/experiments/E3L_6DO3/screening/inputs/validationset/E3L_6DO3_validation_chunk50/tar_params_validation_0_317.tar
Saved: /lus/eagle/projects/marP_TB_VLS/WC/williamhconrad4/OpenVS-main/experiments/E3L_6DO3/screening/inputs/validationset/E3L_6DO3_validation_chunk50/ligands_list_validation_0_317.txt
Saved: /lus/eagle/projects/marP_TB_VLS/WC/williamhconrad4/OpenVS-main/experiments/E3L_6DO3/screening/inputs/validationset/E3L_6DO3_validation_chunk50/flags_params_validation_0_317.flags
Saved: /lus/eagle/projects/marP_TB_VLS/WC/williamhconrad4/OpenVS-main/experiments/E3L_6DO3/screening/inputs/validationset/E3L_6DO3_validation_chunk50/tar_params_validation_0_318.tar
Saved: /lus/eagle/projects/marP_TB_VLS/WC/williamhconrad4/OpenVS-main/experiments/E3L_6DO3/screening/inputs/validationset/E3L_6DO3_validation_chunk50/ligands_list_validation_0_318.txt
Saved: /lus/eagle/projects/marP_TB_VLS/WC/williamhconrad4/OpenVS-main/experiments/E3L_6DO3/screening/inputs/validationset/E3L_6DO3_validation_chunk50/flags_params_validation_0_318.flags
Saved: /lus/eagle/projects/marP_TB_VLS/WC/williamhconrad4/OpenVS-main/experiments/E3L_6DO3/screening/inputs/validationset/E3L_6DO3_validation_chunk50/tar_params_validation_0_319.tar
Saved: /lus/eagle/projects/marP_TB_VLS/WC/williamhconrad4/OpenVS-main/experiments/E3L_6DO3/screening/inputs/validationset/E3L_6DO3_validation_chunk50/ligands_list_validation_0_319.txt
Saved: /lus/eagle/projects/marP_TB_VLS/WC/williamhconrad4/OpenVS-main/experiments/E3L_6DO3/screening/inputs/validationset/E3L_6DO3_validation_chunk50/flags_params_validation_0_319.flags
Saved: /lus/eagle/projects/marP_TB_VLS/WC/williamhconrad4/OpenVS-main/experiments/E3L_6DO3/screening/inputs/validationset/E3L_6DO3_validation_chunk50/tar_params_validation_0_320.tar
Saved: /lus/eagle/projects/marP_TB_VLS/WC/williamhconrad4/OpenVS-main/experiments/E3L_6DO3/screening/inputs/validationset/E3L_6DO3_validation_chunk50/ligands_list_validation_0_320.txt
Saved: /lus/eagle/projects/marP_TB_VLS/WC/williamhconrad4/OpenVS-main/experiments/E3L_6DO3/screening/inputs/validationset/E3L_6DO3_validation_chunk50/flags_params_validation_0_320.flags
Saved: /lus/eagle/projects/marP_TB_VLS/WC/williamhconrad4/OpenVS-main/experiments/E3L_6DO3/screening/inputs/validationset/E3L_6DO3_validation_chunk50/tar_params_validation_0_321.tar
Saved: /lus/eagle/projects/marP_TB_VLS/WC/williamhconrad4/OpenVS-main/experiments/E3L_6DO3/screening/inputs/validationset/E3L_6DO3_validation_chunk50/ligands_list_validation_0_321.txt
Saved: /lus/eagle/projects/marP_TB_VLS/WC/williamhconrad4/OpenVS-main/experiments/E3L_6DO3/screening/inputs/validationset/E3L_6DO3_validation_chunk50/flags_params_validation_0_321.flags
Saved: /lus/eagle/projects/marP_TB_VLS/WC/williamhconrad4/OpenVS-main/experiments/E3L_6DO3/screening/inputs/validationset/E3L_6DO3_validation_chunk50/tar_params_validation_0_322.tar
Saved: /lus/eagle/projects/marP_TB_VLS/WC/williamhconrad4/OpenVS-main/experiments/E3L_6DO3/screening/inputs/validationset/E3L_6DO3_validation_chunk50/ligands_list_validation_0_322.txt
Saved: /lus/eagle/projects/marP_TB_VLS/WC/williamhconrad4/OpenVS-main/experiments/E3L_6DO3/screening/inputs/validationset/E3L_6DO3_validation_chunk50/flags_params_validation_0_322.flags
Saved: /lus/eagle/projects/marP_TB_VLS/WC/williamhconrad4/OpenVS-main/experiments/E3L_6DO3/screening/inputs/validationset/E3L_6DO3_validation_chunk50/tar_params_validation_0_323.tar
Saved: /lus/eagle/projects/marP_TB_VLS/WC/williamhconrad4/OpenVS-main/experiments/E3L_6DO3/screening/inputs/validationset/E3L_6DO3_validation_chunk50/ligands_list_validation_0_323.txt
Saved: /lus/eagle/projects/marP_TB_VLS/WC/williamhconrad4/OpenVS-main/experiments/E3L_6DO3/screening/inputs/validationset/E3L_6DO3_validation_chunk50/flags_params_validation_0_323.flags
Saved: /lus/eagle/projects/marP_TB_VLS/WC/williamhconrad4/OpenVS-main/experiments/E3L_6DO3/screening/inputs/validationset/E3L_6DO3_validation_chunk50/tar_params_validation_0_324.tar
Saved: /lus/eagle/projects/marP_TB_VLS/WC/williamhconrad4/OpenVS-main/experiments/E3L_6DO3/screening/inputs/validationset/E3L_6DO3_validation_chunk50/ligands_list_validation_0_324.txt
Saved: /lus/eagle/projects/marP_TB_VLS/WC/williamhconrad4/OpenVS-main/experiments/E3L_6DO3/screening/inputs/validationset/E3L_6DO3_validation_chunk50/flags_params_validation_0_324.flags
Saved: /lus/eagle/projects/marP_TB_VLS/WC/williamhconrad4/OpenVS-main/experiments/E3L_6DO3/screening/inputs/validationset/E3L_6DO3_validation_chunk50/tar_params_validation_0_325.tar
Saved: /lus/eagle/projects/marP_TB_VLS/WC/williamhconrad4/OpenVS-main/experiments/E3L_6DO3/screening/inputs/validationset/E3L_6DO3_validation_chunk50/ligands_list_validation_0_325.txt
Saved: /lus/eagle/projects/marP_TB_VLS/WC/williamhconrad4/OpenVS-main/experiments/E3L_6DO3/screening/inputs/validationset/E3L_6DO3_validation_chunk50/flags_params_validation_0_325.flags
Saved: /lus/eagle/projects/marP_TB_VLS/WC/williamhconrad4/OpenVS-main/experiments/E3L_6DO3/screening/inputs/validationset/E3L_6DO3_validation_chunk50/tar_params_validation_0_326.tar
Saved: /lus/eagle/projects/marP_TB_VLS/WC/williamhconrad4/OpenVS-main/experiments/E3L_6DO3/screening/inputs/validationset/E3L_6DO3_validation_chunk50/ligands_list_validation_0_326.txt
Saved: /lus/eagle/projects/marP_TB_VLS/WC/williamhconrad4/OpenVS-main/experiments/E3L_6DO3/screening/inputs/validationset/E3L_6DO3_validation_chunk50/flags_params_validation_0_326.flags
Saved: /lus/eagle/projects/marP_TB_VLS/WC/williamhconrad4/OpenVS-main/experiments/E3L_6DO3/screening/inputs/validationset/E3L_6DO3_validation_chunk50/tar_params_validation_0_327.tar
Saved: /lus/eagle/projects/marP_TB_VLS/WC/williamhconrad4/OpenVS-main/experiments/E3L_6DO3/screening/inputs/validationset/E3L_6DO3_validation_chunk50/ligands_list_validation_0_327.txt
Saved: /lus/eagle/projects/marP_TB_VLS/WC/williamhconrad4/OpenVS-main/experiments/E3L_6DO3/screening/inputs/validationset/E3L_6DO3_validation_chunk50/flags_params_validation_0_327.flags
Saved: /lus/eagle/projects/marP_TB_VLS/WC/williamhconrad4/OpenVS-main/experiments/E3L_6DO3/screening/inputs/validationset/E3L_6DO3_validation_chunk50/tar_params_validation_0_328.tar
Saved: /lus/eagle/projects/marP_TB_VLS/WC/williamhconrad4/OpenVS-main/experiments/E3L_6DO3/screening/inputs/validationset/E3L_6DO3_validation_chunk50/ligands_list_validation_0_328.txt
Saved: /lus/eagle/projects/marP_TB_VLS/WC/williamhconrad4/OpenVS-main/experiments/E3L_6DO3/screening/inputs/validationset/E3L_6DO3_validation_chunk50/flags_params_validation_0_328.flags
Saved: /lus/eagle/projects/marP_TB_VLS/WC/williamhconrad4/OpenVS-main/experiments/E3L_6DO3/screening/inputs/validationset/E3L_6DO3_validation_chunk50/tar_params_validation_0_329.tar
Saved: /lus/eagle/projects/marP_TB_VLS/WC/williamhconrad4/OpenVS-main/experiments/E3L_6DO3/screening/inputs/validationset/E3L_6DO3_validation_chunk50/ligands_list_validation_0_329.txt
Saved: /lus/eagle/projects/marP_TB_VLS/WC/williamhconrad4/OpenVS-main/experiments/E3L_6DO3/screening/inputs/validationset/E3L_6DO3_validation_chunk50/flags_params_validation_0_329.flags
Saved: /lus/eagle/projects/marP_TB_VLS/WC/williamhconrad4/OpenVS-main/experiments/E3L_6DO3/screening/inputs/validationset/E3L_6DO3_validation_chunk50/tar_params_validation_0_330.tar
Saved: /lus/eagle/projects/marP_TB_VLS/WC/williamhconrad4/OpenVS-main/experiments/E3L_6DO3/screening/inputs/validationset/E3L_6DO3_validation_chunk50/ligands_list_validation_0_330.txt
Saved: /lus/eagle/projects/marP_TB_VLS/WC/williamhconrad4/OpenVS-main/experiments/E3L_6DO3/screening/inputs/validationset/E3L_6DO3_validation_chunk50/flags_params_validation_0_330.flags
Saved: /lus/eagle/projects/marP_TB_VLS/WC/williamhconrad4/OpenVS-main/experiments/E3L_6DO3/screening/inputs/validationset/E3L_6DO3_validation_chunk50/tar_params_validation_0_331.tar
Saved: /lus/eagle/projects/marP_TB_VLS/WC/williamhconrad4/OpenVS-main/experiments/E3L_6DO3/screening/inputs/validationset/E3L_6DO3_validation_chunk50/ligands_list_validation_0_331.txt
Saved: /lus/eagle/projects/marP_TB_VLS/WC/williamhconrad4/OpenVS-main/experiments/E3L_6DO3/screening/inputs/validationset/E3L_6DO3_validation_chunk50/flags_params_validation_0_331.flags
Saved: /lus/eagle/projects/marP_TB_VLS/WC/williamhconrad4/OpenVS-main/experiments/E3L_6DO3/screening/inputs/validationset/E3L_6DO3_validation_chunk50/tar_params_validation_0_332.tar
Saved: /lus/eagle/projects/marP_TB_VLS/WC/williamhconrad4/OpenVS-main/experiments/E3L_6DO3/screening/inputs/validationset/E3L_6DO3_validation_chunk50/ligands_list_validation_0_332.txt
Saved: /lus/eagle/projects/marP_TB_VLS/WC/williamhconrad4/OpenVS-main/experiments/E3L_6DO3/screening/inputs/validationset/E3L_6DO3_validation_chunk50/flags_params_validation_0_332.flags
Saved: /lus/eagle/projects/marP_TB_VLS/WC/williamhconrad4/OpenVS-main/experiments/E3L_6DO3/screening/inputs/validationset/E3L_6DO3_validation_chunk50/tar_params_validation_0_333.tar
Saved: /lus/eagle/projects/marP_TB_VLS/WC/williamhconrad4/OpenVS-main/experiments/E3L_6DO3/screening/inputs/validationset/E3L_6DO3_validation_chunk50/ligands_list_validation_0_333.txt
Saved: /lus/eagle/projects/marP_TB_VLS/WC/williamhconrad4/OpenVS-main/experiments/E3L_6DO3/screening/inputs/validationset/E3L_6DO3_validation_chunk50/flags_params_validation_0_333.flags
Saved: /lus/eagle/projects/marP_TB_VLS/WC/williamhconrad4/OpenVS-main/experiments/E3L_6DO3/screening/inputs/validationset/E3L_6DO3_validation_chunk50/tar_params_validation_0_334.tar
Saved: /lus/eagle/projects/marP_TB_VLS/WC/williamhconrad4/OpenVS-main/experiments/E3L_6DO3/screening/inputs/validationset/E3L_6DO3_validation_chunk50/ligands_list_validation_0_334.txt
Saved: /lus/eagle/projects/marP_TB_VLS/WC/williamhconrad4/OpenVS-main/experiments/E3L_6DO3/screening/inputs/validationset/E3L_6DO3_validation_chunk50/flags_params_validation_0_334.flags
Saved: /lus/eagle/projects/marP_TB_VLS/WC/williamhconrad4/OpenVS-main/experiments/E3L_6DO3/screening/inputs/validationset/E3L_6DO3_validation_chunk50/tar_params_validation_0_335.tar
Saved: /lus/eagle/projects/marP_TB_VLS/WC/williamhconrad4/OpenVS-main/experiments/E3L_6DO3/screening/inputs/validationset/E3L_6DO3_validation_chunk50/ligands_list_validation_0_335.txt
Saved: /lus/eagle/projects/marP_TB_VLS/WC/williamhconrad4/OpenVS-main/experiments/E3L_6DO3/screening/inputs/validationset/E3L_6DO3_validation_chunk50/flags_params_validation_0_335.flags
Saved: /lus/eagle/projects/marP_TB_VLS/WC/williamhconrad4/OpenVS-main/experiments/E3L_6DO3/screening/inputs/validationset/E3L_6DO3_validation_chunk50/tar_params_validation_0_336.tar
Saved: /lus/eagle/projects/marP_TB_VLS/WC/williamhconrad4/OpenVS-main/experiments/E3L_6DO3/screening/inputs/validationset/E3L_6DO3_validation_chunk50/ligands_list_validation_0_336.txt
Saved: /lus/eagle/projects/marP_TB_VLS/WC/williamhconrad4/OpenVS-main/experiments/E3L_6DO3/screening/inputs/validationset/E3L_6DO3_validation_chunk50/flags_params_validation_0_336.flags
Saved: /lus/eagle/projects/marP_TB_VLS/WC/williamhconrad4/OpenVS-main/experiments/E3L_6DO3/screening/inputs/validationset/E3L_6DO3_validation_chunk50/tar_params_validation_0_337.tar
Saved: /lus/eagle/projects/marP_TB_VLS/WC/williamhconrad4/OpenVS-main/experiments/E3L_6DO3/screening/inputs/validationset/E3L_6DO3_validation_chunk50/ligands_list_validation_0_337.txt
Saved: /lus/eagle/projects/marP_TB_VLS/WC/williamhconrad4/OpenVS-main/experiments/E3L_6DO3/screening/inputs/validationset/E3L_6DO3_validation_chunk50/flags_params_validation_0_337.flags
Saved: /lus/eagle/projects/marP_TB_VLS/WC/williamhconrad4/OpenVS-main/experiments/E3L_6DO3/screening/inputs/validationset/E3L_6DO3_validation_chunk50/tar_params_validation_0_338.tar
Saved: /lus/eagle/projects/marP_TB_VLS/WC/williamhconrad4/OpenVS-main/experiments/E3L_6DO3/screening/inputs/validationset/E3L_6DO3_validation_chunk50/ligands_list_validation_0_338.txt
Saved: /lus/eagle/projects/marP_TB_VLS/WC/williamhconrad4/OpenVS-main/experiments/E3L_6DO3/screening/inputs/validationset/E3L_6DO3_validation_chunk50/flags_params_validation_0_338.flags
Saved: /lus/eagle/projects/marP_TB_VLS/WC/williamhconrad4/OpenVS-main/experiments/E3L_6DO3/screening/inputs/validationset/E3L_6DO3_validation_chunk50/tar_params_validation_0_339.tar
Saved: /lus/eagle/projects/marP_TB_VLS/WC/williamhconrad4/OpenVS-main/experiments/E3L_6DO3/screening/inputs/validationset/E3L_6DO3_validation_chunk50/ligands_list_validation_0_339.txt
Saved: /lus/eagle/projects/marP_TB_VLS/WC/williamhconrad4/OpenVS-main/experiments/E3L_6DO3/screening/inputs/validationset/E3L_6DO3_validation_chunk50/flags_params_validation_0_339.flags
Saved: /lus/eagle/projects/marP_TB_VLS/WC/williamhconrad4/OpenVS-main/experiments/E3L_6DO3/screening/inputs/validationset/E3L_6DO3_validation_chunk50/tar_params_validation_0_340.tar
Saved: /lus/eagle/projects/marP_TB_VLS/WC/williamhconrad4/OpenVS-main/experiments/E3L_6DO3/screening/inputs/validationset/E3L_6DO3_validation_chunk50/ligands_list_validation_0_340.txt
Saved: /lus/eagle/projects/marP_TB_VLS/WC/williamhconrad4/OpenVS-main/experiments/E3L_6DO3/screening/inputs/validationset/E3L_6DO3_validation_chunk50/flags_params_validation_0_340.flags
Saved: /lus/eagle/projects/marP_TB_VLS/WC/williamhconrad4/OpenVS-main/experiments/E3L_6DO3/screening/inputs/validationset/E3L_6DO3_validation_chunk50/tar_params_validation_0_341.tar
Saved: /lus/eagle/projects/marP_TB_VLS/WC/williamhconrad4/OpenVS-main/experiments/E3L_6DO3/screening/inputs/validationset/E3L_6DO3_validation_chunk50/ligands_list_validation_0_341.txt
Saved: /lus/eagle/projects/marP_TB_VLS/WC/williamhconrad4/OpenVS-main/experiments/E3L_6DO3/screening/inputs/validationset/E3L_6DO3_validation_chunk50/flags_params_validation_0_341.flags
Saved: /lus/eagle/projects/marP_TB_VLS/WC/williamhconrad4/OpenVS-main/experiments/E3L_6DO3/screening/inputs/validationset/E3L_6DO3_validation_chunk50/tar_params_validation_0_342.tar
Saved: /lus/eagle/projects/marP_TB_VLS/WC/williamhconrad4/OpenVS-main/experiments/E3L_6DO3/screening/inputs/validationset/E3L_6DO3_validation_chunk50/ligands_list_validation_0_342.txt
Saved: /lus/eagle/projects/marP_TB_VLS/WC/williamhconrad4/OpenVS-main/experiments/E3L_6DO3/screening/inputs/validationset/E3L_6DO3_validation_chunk50/flags_params_validation_0_342.flags
Saved: /lus/eagle/projects/marP_TB_VLS/WC/williamhconrad4/OpenVS-main/experiments/E3L_6DO3/screening/inputs/validationset/E3L_6DO3_validation_chunk50/tar_params_validation_0_343.tar
Saved: /lus/eagle/projects/marP_TB_VLS/WC/williamhconrad4/OpenVS-main/experiments/E3L_6DO3/screening/inputs/validationset/E3L_6DO3_validation_chunk50/ligands_list_validation_0_343.txt
Saved: /lus/eagle/projects/marP_TB_VLS/WC/williamhconrad4/OpenVS-main/experiments/E3L_6DO3/screening/inputs/validationset/E3L_6DO3_validation_chunk50/flags_params_validation_0_343.flags
Saved: /lus/eagle/projects/marP_TB_VLS/WC/williamhconrad4/OpenVS-main/experiments/E3L_6DO3/screening/inputs/validationset/E3L_6DO3_validation_chunk50/tar_params_validation_0_344.tar
Saved: /lus/eagle/projects/marP_TB_VLS/WC/williamhconrad4/OpenVS-main/experiments/E3L_6DO3/screening/inputs/validationset/E3L_6DO3_validation_chunk50/ligands_list_validation_0_344.txt
Saved: /lus/eagle/projects/marP_TB_VLS/WC/williamhconrad4/OpenVS-main/experiments/E3L_6DO3/screening/inputs/validationset/E3L_6DO3_validation_chunk50/flags_params_validation_0_344.flags
Saved: /lus/eagle/projects/marP_TB_VLS/WC/williamhconrad4/OpenVS-main/experiments/E3L_6DO3/screening/inputs/validationset/E3L_6DO3_validation_chunk50/tar_params_validation_0_345.tar
Saved: /lus/eagle/projects/marP_TB_VLS/WC/williamhconrad4/OpenVS-main/experiments/E3L_6DO3/screening/inputs/validationset/E3L_6DO3_validation_chunk50/ligands_list_validation_0_345.txt
Saved: /lus/eagle/projects/marP_TB_VLS/WC/williamhconrad4/OpenVS-main/experiments/E3L_6DO3/screening/inputs/validationset/E3L_6DO3_validation_chunk50/flags_params_validation_0_345.flags
Saved: /lus/eagle/projects/marP_TB_VLS/WC/williamhconrad4/OpenVS-main/experiments/E3L_6DO3/screening/inputs/validationset/E3L_6DO3_validation_chunk50/tar_params_validation_0_346.tar
Saved: /lus/eagle/projects/marP_TB_VLS/WC/williamhconrad4/OpenVS-main/experiments/E3L_6DO3/screening/inputs/validationset/E3L_6DO3_validation_chunk50/ligands_list_validation_0_346.txt
Saved: /lus/eagle/projects/marP_TB_VLS/WC/williamhconrad4/OpenVS-main/experiments/E3L_6DO3/screening/inputs/validationset/E3L_6DO3_validation_chunk50/flags_params_validation_0_346.flags
Saved: /lus/eagle/projects/marP_TB_VLS/WC/williamhconrad4/OpenVS-main/experiments/E3L_6DO3/screening/inputs/validationset/E3L_6DO3_validation_chunk50/tar_params_validation_0_347.tar
Saved: /lus/eagle/projects/marP_TB_VLS/WC/williamhconrad4/OpenVS-main/experiments/E3L_6DO3/screening/inputs/validationset/E3L_6DO3_validation_chunk50/ligands_list_validation_0_347.txt
Saved: /lus/eagle/projects/marP_TB_VLS/WC/williamhconrad4/OpenVS-main/experiments/E3L_6DO3/screening/inputs/validationset/E3L_6DO3_validation_chunk50/flags_params_validation_0_347.flags
Saved: /lus/eagle/projects/marP_TB_VLS/WC/williamhconrad4/OpenVS-main/experiments/E3L_6DO3/screening/inputs/validationset/E3L_6DO3_validation_chunk50/tar_params_validation_0_348.tar
Saved: /lus/eagle/projects/marP_TB_VLS/WC/williamhconrad4/OpenVS-main/experiments/E3L_6DO3/screening/inputs/validationset/E3L_6DO3_validation_chunk50/ligands_list_validation_0_348.txt
Saved: /lus/eagle/projects/marP_TB_VLS/WC/williamhconrad4/OpenVS-main/experiments/E3L_6DO3/screening/inputs/validationset/E3L_6DO3_validation_chunk50/flags_params_validation_0_348.flags
Saved: /lus/eagle/projects/marP_TB_VLS/WC/williamhconrad4/OpenVS-main/experiments/E3L_6DO3/screening/inputs/validationset/E3L_6DO3_validation_chunk50/tar_params_validation_0_349.tar
Saved: /lus/eagle/projects/marP_TB_VLS/WC/williamhconrad4/OpenVS-main/experiments/E3L_6DO3/screening/inputs/validationset/E3L_6DO3_validation_chunk50/ligands_list_validation_0_349.txt
Saved: /lus/eagle/projects/marP_TB_VLS/WC/williamhconrad4/OpenVS-main/experiments/E3L_6DO3/screening/inputs/validationset/E3L_6DO3_validation_chunk50/flags_params_validation_0_349.flags
Saved: /lus/eagle/projects/marP_TB_VLS/WC/williamhconrad4/OpenVS-main/experiments/E3L_6DO3/screening/inputs/validationset/E3L_6DO3_validation_chunk50/tar_params_validation_0_350.tar
Saved: /lus/eagle/projects/marP_TB_VLS/WC/williamhconrad4/OpenVS-main/experiments/E3L_6DO3/screening/inputs/validationset/E3L_6DO3_validation_chunk50/ligands_list_validation_0_350.txt
Saved: /lus/eagle/projects/marP_TB_VLS/WC/williamhconrad4/OpenVS-main/experiments/E3L_6DO3/screening/inputs/validationset/E3L_6DO3_validation_chunk50/flags_params_validation_0_350.flags
Saved: /lus/eagle/projects/marP_TB_VLS/WC/williamhconrad4/OpenVS-main/experiments/E3L_6DO3/screening/inputs/validationset/E3L_6DO3_validation_chunk50/tar_params_validation_0_351.tar
Saved: /lus/eagle/projects/marP_TB_VLS/WC/williamhconrad4/OpenVS-main/experiments/E3L_6DO3/screening/inputs/validationset/E3L_6DO3_validation_chunk50/ligands_list_validation_0_351.txt
Saved: /lus/eagle/projects/marP_TB_VLS/WC/williamhconrad4/OpenVS-main/experiments/E3L_6DO3/screening/inputs/validationset/E3L_6DO3_validation_chunk50/flags_params_validation_0_351.flags
Saved: /lus/eagle/projects/marP_TB_VLS/WC/williamhconrad4/OpenVS-main/experiments/E3L_6DO3/screening/inputs/validationset/E3L_6DO3_validation_chunk50/tar_params_validation_0_352.tar
Saved: /lus/eagle/projects/marP_TB_VLS/WC/williamhconrad4/OpenVS-main/experiments/E3L_6DO3/screening/inputs/validationset/E3L_6DO3_validation_chunk50/ligands_list_validation_0_352.txt
Saved: /lus/eagle/projects/marP_TB_VLS/WC/williamhconrad4/OpenVS-main/experiments/E3L_6DO3/screening/inputs/validationset/E3L_6DO3_validation_chunk50/flags_params_validation_0_352.flags
Saved: /lus/eagle/projects/marP_TB_VLS/WC/williamhconrad4/OpenVS-main/experiments/E3L_6DO3/screening/inputs/validationset/E3L_6DO3_validation_chunk50/tar_params_validation_0_353.tar
Saved: /lus/eagle/projects/marP_TB_VLS/WC/williamhconrad4/OpenVS-main/experiments/E3L_6DO3/screening/inputs/validationset/E3L_6DO3_validation_chunk50/ligands_list_validation_0_353.txt
Saved: /lus/eagle/projects/marP_TB_VLS/WC/williamhconrad4/OpenVS-main/experiments/E3L_6DO3/screening/inputs/validationset/E3L_6DO3_validation_chunk50/flags_params_validation_0_353.flags
Saved: /lus/eagle/projects/marP_TB_VLS/WC/williamhconrad4/OpenVS-main/experiments/E3L_6DO3/screening/inputs/validationset/E3L_6DO3_validation_chunk50/tar_params_validation_0_354.tar
Saved: /lus/eagle/projects/marP_TB_VLS/WC/williamhconrad4/OpenVS-main/experiments/E3L_6DO3/screening/inputs/validationset/E3L_6DO3_validation_chunk50/ligands_list_validation_0_354.txt
Saved: /lus/eagle/projects/marP_TB_VLS/WC/williamhconrad4/OpenVS-main/experiments/E3L_6DO3/screening/inputs/validationset/E3L_6DO3_validation_chunk50/flags_params_validation_0_354.flags
Saved: /lus/eagle/projects/marP_TB_VLS/WC/williamhconrad4/OpenVS-main/experiments/E3L_6DO3/screening/inputs/validationset/E3L_6DO3_validation_chunk50/tar_params_validation_0_355.tar
Saved: /lus/eagle/projects/marP_TB_VLS/WC/williamhconrad4/OpenVS-main/experiments/E3L_6DO3/screening/inputs/validationset/E3L_6DO3_validation_chunk50/ligands_list_validation_0_355.txt
Saved: /lus/eagle/projects/marP_TB_VLS/WC/williamhconrad4/OpenVS-main/experiments/E3L_6DO3/screening/inputs/validationset/E3L_6DO3_validation_chunk50/flags_params_validation_0_355.flags
Saved: /lus/eagle/projects/marP_TB_VLS/WC/williamhconrad4/OpenVS-main/experiments/E3L_6DO3/screening/inputs/validationset/E3L_6DO3_validation_chunk50/tar_params_validation_0_356.tar
Saved: /lus/eagle/projects/marP_TB_VLS/WC/williamhconrad4/OpenVS-main/experiments/E3L_6DO3/screening/inputs/validationset/E3L_6DO3_validation_chunk50/ligands_list_validation_0_356.txt
Saved: /lus/eagle/projects/marP_TB_VLS/WC/williamhconrad4/OpenVS-main/experiments/E3L_6DO3/screening/inputs/validationset/E3L_6DO3_validation_chunk50/flags_params_validation_0_356.flags
Saved: /lus/eagle/projects/marP_TB_VLS/WC/williamhconrad4/OpenVS-main/experiments/E3L_6DO3/screening/inputs/validationset/E3L_6DO3_validation_chunk50/tar_params_validation_0_357.tar
Saved: /lus/eagle/projects/marP_TB_VLS/WC/williamhconrad4/OpenVS-main/experiments/E3L_6DO3/screening/inputs/validationset/E3L_6DO3_validation_chunk50/ligands_list_validation_0_357.txt
Saved: /lus/eagle/projects/marP_TB_VLS/WC/williamhconrad4/OpenVS-main/experiments/E3L_6DO3/screening/inputs/validationset/E3L_6DO3_validation_chunk50/flags_params_validation_0_357.flags
Saved: /lus/eagle/projects/marP_TB_VLS/WC/williamhconrad4/OpenVS-main/experiments/E3L_6DO3/screening/inputs/validationset/E3L_6DO3_validation_chunk50/tar_params_validation_0_358.tar
Saved: /lus/eagle/projects/marP_TB_VLS/WC/williamhconrad4/OpenVS-main/experiments/E3L_6DO3/screening/inputs/validationset/E3L_6DO3_validation_chunk50/ligands_list_validation_0_358.txt
Saved: /lus/eagle/projects/marP_TB_VLS/WC/williamhconrad4/OpenVS-main/experiments/E3L_6DO3/screening/inputs/validationset/E3L_6DO3_validation_chunk50/flags_params_validation_0_358.flags
Saved: /lus/eagle/projects/marP_TB_VLS/WC/williamhconrad4/OpenVS-main/experiments/E3L_6DO3/screening/inputs/validationset/E3L_6DO3_validation_chunk50/tar_params_validation_0_359.tar
Saved: /lus/eagle/projects/marP_TB_VLS/WC/williamhconrad4/OpenVS-main/experiments/E3L_6DO3/screening/inputs/validationset/E3L_6DO3_validation_chunk50/ligands_list_validation_0_359.txt
Saved: /lus/eagle/projects/marP_TB_VLS/WC/williamhconrad4/OpenVS-main/experiments/E3L_6DO3/screening/inputs/validationset/E3L_6DO3_validation_chunk50/flags_params_validation_0_359.flags
Saved: /lus/eagle/projects/marP_TB_VLS/WC/williamhconrad4/OpenVS-main/experiments/E3L_6DO3/screening/inputs/validationset/E3L_6DO3_validation_chunk50/tar_params_validation_0_360.tar
Saved: /lus/eagle/projects/marP_TB_VLS/WC/williamhconrad4/OpenVS-main/experiments/E3L_6DO3/screening/inputs/validationset/E3L_6DO3_validation_chunk50/ligands_list_validation_0_360.txt
Saved: /lus/eagle/projects/marP_TB_VLS/WC/williamhconrad4/OpenVS-main/experiments/E3L_6DO3/screening/inputs/validationset/E3L_6DO3_validation_chunk50/flags_params_validation_0_360.flags
Saved: /lus/eagle/projects/marP_TB_VLS/WC/williamhconrad4/OpenVS-main/experiments/E3L_6DO3/screening/inputs/validationset/E3L_6DO3_validation_chunk50/tar_params_validation_0_361.tar
Saved: /lus/eagle/projects/marP_TB_VLS/WC/williamhconrad4/OpenVS-main/experiments/E3L_6DO3/screening/inputs/validationset/E3L_6DO3_validation_chunk50/ligands_list_validation_0_361.txt
Saved: /lus/eagle/projects/marP_TB_VLS/WC/williamhconrad4/OpenVS-main/experiments/E3L_6DO3/screening/inputs/validationset/E3L_6DO3_validation_chunk50/flags_params_validation_0_361.flags
Saved: /lus/eagle/projects/marP_TB_VLS/WC/williamhconrad4/OpenVS-main/experiments/E3L_6DO3/screening/inputs/validationset/E3L_6DO3_validation_chunk50/tar_params_validation_0_362.tar
Saved: /lus/eagle/projects/marP_TB_VLS/WC/williamhconrad4/OpenVS-main/experiments/E3L_6DO3/screening/inputs/validationset/E3L_6DO3_validation_chunk50/ligands_list_validation_0_362.txt
Saved: /lus/eagle/projects/marP_TB_VLS/WC/williamhconrad4/OpenVS-main/experiments/E3L_6DO3/screening/inputs/validationset/E3L_6DO3_validation_chunk50/flags_params_validation_0_362.flags
Saved: /lus/eagle/projects/marP_TB_VLS/WC/williamhconrad4/OpenVS-main/experiments/E3L_6DO3/screening/inputs/validationset/E3L_6DO3_validation_chunk50/tar_params_validation_0_363.tar
Saved: /lus/eagle/projects/marP_TB_VLS/WC/williamhconrad4/OpenVS-main/experiments/E3L_6DO3/screening/inputs/validationset/E3L_6DO3_validation_chunk50/ligands_list_validation_0_363.txt
Saved: /lus/eagle/projects/marP_TB_VLS/WC/williamhconrad4/OpenVS-main/experiments/E3L_6DO3/screening/inputs/validationset/E3L_6DO3_validation_chunk50/flags_params_validation_0_363.flags
Saved: /lus/eagle/projects/marP_TB_VLS/WC/williamhconrad4/OpenVS-main/experiments/E3L_6DO3/screening/inputs/validationset/E3L_6DO3_validation_chunk50/tar_params_validation_0_364.tar
Saved: /lus/eagle/projects/marP_TB_VLS/WC/williamhconrad4/OpenVS-main/experiments/E3L_6DO3/screening/inputs/validationset/E3L_6DO3_validation_chunk50/ligands_list_validation_0_364.txt
Saved: /lus/eagle/projects/marP_TB_VLS/WC/williamhconrad4/OpenVS-main/experiments/E3L_6DO3/screening/inputs/validationset/E3L_6DO3_validation_chunk50/flags_params_validation_0_364.flags
Saved: /lus/eagle/projects/marP_TB_VLS/WC/williamhconrad4/OpenVS-main/experiments/E3L_6DO3/screening/inputs/validationset/E3L_6DO3_validation_chunk50/tar_params_validation_0_365.tar
Saved: /lus/eagle/projects/marP_TB_VLS/WC/williamhconrad4/OpenVS-main/experiments/E3L_6DO3/screening/inputs/validationset/E3L_6DO3_validation_chunk50/ligands_list_validation_0_365.txt
Saved: /lus/eagle/projects/marP_TB_VLS/WC/williamhconrad4/OpenVS-main/experiments/E3L_6DO3/screening/inputs/validationset/E3L_6DO3_validation_chunk50/flags_params_validation_0_365.flags
Saved: /lus/eagle/projects/marP_TB_VLS/WC/williamhconrad4/OpenVS-main/experiments/E3L_6DO3/screening/inputs/validationset/E3L_6DO3_validation_chunk50/tar_params_validation_0_366.tar
Saved: /lus/eagle/projects/marP_TB_VLS/WC/williamhconrad4/OpenVS-main/experiments/E3L_6DO3/screening/inputs/validationset/E3L_6DO3_validation_chunk50/ligands_list_validation_0_366.txt
Saved: /lus/eagle/projects/marP_TB_VLS/WC/williamhconrad4/OpenVS-main/experiments/E3L_6DO3/screening/inputs/validationset/E3L_6DO3_validation_chunk50/flags_params_validation_0_366.flags
Saved: /lus/eagle/projects/marP_TB_VLS/WC/williamhconrad4/OpenVS-main/experiments/E3L_6DO3/screening/inputs/validationset/E3L_6DO3_validation_chunk50/tar_params_validation_0_367.tar
Saved: /lus/eagle/projects/marP_TB_VLS/WC/williamhconrad4/OpenVS-main/experiments/E3L_6DO3/screening/inputs/validationset/E3L_6DO3_validation_chunk50/ligands_list_validation_0_367.txt
Saved: /lus/eagle/projects/marP_TB_VLS/WC/williamhconrad4/OpenVS-main/experiments/E3L_6DO3/screening/inputs/validationset/E3L_6DO3_validation_chunk50/flags_params_validation_0_367.flags
Saved: /lus/eagle/projects/marP_TB_VLS/WC/williamhconrad4/OpenVS-main/experiments/E3L_6DO3/screening/inputs/validationset/E3L_6DO3_validation_chunk50/tar_params_validation_0_368.tar
Saved: /lus/eagle/projects/marP_TB_VLS/WC/williamhconrad4/OpenVS-main/experiments/E3L_6DO3/screening/inputs/validationset/E3L_6DO3_validation_chunk50/ligands_list_validation_0_368.txt
Saved: /lus/eagle/projects/marP_TB_VLS/WC/williamhconrad4/OpenVS-main/experiments/E3L_6DO3/screening/inputs/validationset/E3L_6DO3_validation_chunk50/flags_params_validation_0_368.flags
Saved: /lus/eagle/projects/marP_TB_VLS/WC/williamhconrad4/OpenVS-main/experiments/E3L_6DO3/screening/inputs/validationset/E3L_6DO3_validation_chunk50/tar_params_validation_0_369.tar
Saved: /lus/eagle/projects/marP_TB_VLS/WC/williamhconrad4/OpenVS-main/experiments/E3L_6DO3/screening/inputs/validationset/E3L_6DO3_validation_chunk50/ligands_list_validation_0_369.txt
Saved: /lus/eagle/projects/marP_TB_VLS/WC/williamhconrad4/OpenVS-main/experiments/E3L_6DO3/screening/inputs/validationset/E3L_6DO3_validation_chunk50/flags_params_validation_0_369.flags
Saved: /lus/eagle/projects/marP_TB_VLS/WC/williamhconrad4/OpenVS-main/experiments/E3L_6DO3/screening/inputs/validationset/E3L_6DO3_validation_chunk50/tar_params_validation_0_370.tar
Saved: /lus/eagle/projects/marP_TB_VLS/WC/williamhconrad4/OpenVS-main/experiments/E3L_6DO3/screening/inputs/validationset/E3L_6DO3_validation_chunk50/ligands_list_validation_0_370.txt
Saved: /lus/eagle/projects/marP_TB_VLS/WC/williamhconrad4/OpenVS-main/experiments/E3L_6DO3/screening/inputs/validationset/E3L_6DO3_validation_chunk50/flags_params_validation_0_370.flags
Saved: /lus/eagle/projects/marP_TB_VLS/WC/williamhconrad4/OpenVS-main/experiments/E3L_6DO3/screening/inputs/validationset/E3L_6DO3_validation_chunk50/tar_params_validation_0_371.tar
Saved: /lus/eagle/projects/marP_TB_VLS/WC/williamhconrad4/OpenVS-main/experiments/E3L_6DO3/screening/inputs/validationset/E3L_6DO3_validation_chunk50/ligands_list_validation_0_371.txt
Saved: /lus/eagle/projects/marP_TB_VLS/WC/williamhconrad4/OpenVS-main/experiments/E3L_6DO3/screening/inputs/validationset/E3L_6DO3_validation_chunk50/flags_params_validation_0_371.flags
Saved: /lus/eagle/projects/marP_TB_VLS/WC/williamhconrad4/OpenVS-main/experiments/E3L_6DO3/screening/inputs/validationset/E3L_6DO3_validation_chunk50/tar_params_validation_0_372.tar
Saved: /lus/eagle/projects/marP_TB_VLS/WC/williamhconrad4/OpenVS-main/experiments/E3L_6DO3/screening/inputs/validationset/E3L_6DO3_validation_chunk50/ligands_list_validation_0_372.txt
Saved: /lus/eagle/projects/marP_TB_VLS/WC/williamhconrad4/OpenVS-main/experiments/E3L_6DO3/screening/inputs/validationset/E3L_6DO3_validation_chunk50/flags_params_validation_0_372.flags
Saved: /lus/eagle/projects/marP_TB_VLS/WC/williamhconrad4/OpenVS-main/experiments/E3L_6DO3/screening/inputs/validationset/E3L_6DO3_validation_chunk50/tar_params_validation_0_373.tar
Saved: /lus/eagle/projects/marP_TB_VLS/WC/williamhconrad4/OpenVS-main/experiments/E3L_6DO3/screening/inputs/validationset/E3L_6DO3_validation_chunk50/ligands_list_validation_0_373.txt
Saved: /lus/eagle/projects/marP_TB_VLS/WC/williamhconrad4/OpenVS-main/experiments/E3L_6DO3/screening/inputs/validationset/E3L_6DO3_validation_chunk50/flags_params_validation_0_373.flags
Saved: /lus/eagle/projects/marP_TB_VLS/WC/williamhconrad4/OpenVS-main/experiments/E3L_6DO3/screening/inputs/validationset/E3L_6DO3_validation_chunk50/tar_params_validation_0_374.tar
Saved: /lus/eagle/projects/marP_TB_VLS/WC/williamhconrad4/OpenVS-main/experiments/E3L_6DO3/screening/inputs/validationset/E3L_6DO3_validation_chunk50/ligands_list_validation_0_374.txt
Saved: /lus/eagle/projects/marP_TB_VLS/WC/williamhconrad4/OpenVS-main/experiments/E3L_6DO3/screening/inputs/validationset/E3L_6DO3_validation_chunk50/flags_params_validation_0_374.flags
Saved: /lus/eagle/projects/marP_TB_VLS/WC/williamhconrad4/OpenVS-main/experiments/E3L_6DO3/screening/inputs/validationset/E3L_6DO3_validation_chunk50/tar_params_validation_0_375.tar
Saved: /lus/eagle/projects/marP_TB_VLS/WC/williamhconrad4/OpenVS-main/experiments/E3L_6DO3/screening/inputs/validationset/E3L_6DO3_validation_chunk50/ligands_list_validation_0_375.txt
Saved: /lus/eagle/projects/marP_TB_VLS/WC/williamhconrad4/OpenVS-main/experiments/E3L_6DO3/screening/inputs/validationset/E3L_6DO3_validation_chunk50/flags_params_validation_0_375.flags
Saved: /lus/eagle/projects/marP_TB_VLS/WC/williamhconrad4/OpenVS-main/experiments/E3L_6DO3/screening/inputs/validationset/E3L_6DO3_validation_chunk50/tar_params_validation_0_376.tar
Saved: /lus/eagle/projects/marP_TB_VLS/WC/williamhconrad4/OpenVS-main/experiments/E3L_6DO3/screening/inputs/validationset/E3L_6DO3_validation_chunk50/ligands_list_validation_0_376.txt
Saved: /lus/eagle/projects/marP_TB_VLS/WC/williamhconrad4/OpenVS-main/experiments/E3L_6DO3/screening/inputs/validationset/E3L_6DO3_validation_chunk50/flags_params_validation_0_376.flags
Saved: /lus/eagle/projects/marP_TB_VLS/WC/williamhconrad4/OpenVS-main/experiments/E3L_6DO3/screening/inputs/validationset/E3L_6DO3_validation_chunk50/tar_params_validation_0_377.tar
Saved: /lus/eagle/projects/marP_TB_VLS/WC/williamhconrad4/OpenVS-main/experiments/E3L_6DO3/screening/inputs/validationset/E3L_6DO3_validation_chunk50/ligands_list_validation_0_377.txt
Saved: /lus/eagle/projects/marP_TB_VLS/WC/williamhconrad4/OpenVS-main/experiments/E3L_6DO3/screening/inputs/validationset/E3L_6DO3_validation_chunk50/flags_params_validation_0_377.flags
Saved: /lus/eagle/projects/marP_TB_VLS/WC/williamhconrad4/OpenVS-main/experiments/E3L_6DO3/screening/inputs/validationset/E3L_6DO3_validation_chunk50/tar_params_validation_0_378.tar
Saved: /lus/eagle/projects/marP_TB_VLS/WC/williamhconrad4/OpenVS-main/experiments/E3L_6DO3/screening/inputs/validationset/E3L_6DO3_validation_chunk50/ligands_list_validation_0_378.txt
Saved: /lus/eagle/projects/marP_TB_VLS/WC/williamhconrad4/OpenVS-main/experiments/E3L_6DO3/screening/inputs/validationset/E3L_6DO3_validation_chunk50/flags_params_validation_0_378.flags
Saved: /lus/eagle/projects/marP_TB_VLS/WC/williamhconrad4/OpenVS-main/experiments/E3L_6DO3/screening/inputs/validationset/E3L_6DO3_validation_chunk50/tar_params_validation_0_379.tar
Saved: /lus/eagle/projects/marP_TB_VLS/WC/williamhconrad4/OpenVS-main/experiments/E3L_6DO3/screening/inputs/validationset/E3L_6DO3_validation_chunk50/ligands_list_validation_0_379.txt
Saved: /lus/eagle/projects/marP_TB_VLS/WC/williamhconrad4/OpenVS-main/experiments/E3L_6DO3/screening/inputs/validationset/E3L_6DO3_validation_chunk50/flags_params_validation_0_379.flags
Saved: /lus/eagle/projects/marP_TB_VLS/WC/williamhconrad4/OpenVS-main/experiments/E3L_6DO3/screening/inputs/validationset/E3L_6DO3_validation_chunk50/tar_params_validation_0_380.tar
Saved: /lus/eagle/projects/marP_TB_VLS/WC/williamhconrad4/OpenVS-main/experiments/E3L_6DO3/screening/inputs/validationset/E3L_6DO3_validation_chunk50/ligands_list_validation_0_380.txt
Saved: /lus/eagle/projects/marP_TB_VLS/WC/williamhconrad4/OpenVS-main/experiments/E3L_6DO3/screening/inputs/validationset/E3L_6DO3_validation_chunk50/flags_params_validation_0_380.flags
Saved: /lus/eagle/projects/marP_TB_VLS/WC/williamhconrad4/OpenVS-main/experiments/E3L_6DO3/screening/inputs/validationset/E3L_6DO3_validation_chunk50/tar_params_validation_0_381.tar
Saved: /lus/eagle/projects/marP_TB_VLS/WC/williamhconrad4/OpenVS-main/experiments/E3L_6DO3/screening/inputs/validationset/E3L_6DO3_validation_chunk50/ligands_list_validation_0_381.txt
Saved: /lus/eagle/projects/marP_TB_VLS/WC/williamhconrad4/OpenVS-main/experiments/E3L_6DO3/screening/inputs/validationset/E3L_6DO3_validation_chunk50/flags_params_validation_0_381.flags
Saved: /lus/eagle/projects/marP_TB_VLS/WC/williamhconrad4/OpenVS-main/experiments/E3L_6DO3/screening/inputs/validationset/E3L_6DO3_validation_chunk50/tar_params_validation_0_382.tar
Saved: /lus/eagle/projects/marP_TB_VLS/WC/williamhconrad4/OpenVS-main/experiments/E3L_6DO3/screening/inputs/validationset/E3L_6DO3_validation_chunk50/ligands_list_validation_0_382.txt
Saved: /lus/eagle/projects/marP_TB_VLS/WC/williamhconrad4/OpenVS-main/experiments/E3L_6DO3/screening/inputs/validationset/E3L_6DO3_validation_chunk50/flags_params_validation_0_382.flags
Saved: /lus/eagle/projects/marP_TB_VLS/WC/williamhconrad4/OpenVS-main/experiments/E3L_6DO3/screening/inputs/validationset/E3L_6DO3_validation_chunk50/tar_params_validation_0_383.tar
Saved: /lus/eagle/projects/marP_TB_VLS/WC/williamhconrad4/OpenVS-main/experiments/E3L_6DO3/screening/inputs/validationset/E3L_6DO3_validation_chunk50/ligands_list_validation_0_383.txt
Saved: /lus/eagle/projects/marP_TB_VLS/WC/williamhconrad4/OpenVS-main/experiments/E3L_6DO3/screening/inputs/validationset/E3L_6DO3_validation_chunk50/flags_params_validation_0_383.flags
Saved: /lus/eagle/projects/marP_TB_VLS/WC/williamhconrad4/OpenVS-main/experiments/E3L_6DO3/screening/inputs/validationset/E3L_6DO3_validation_chunk50/tar_params_validation_0_384.tar
Saved: /lus/eagle/projects/marP_TB_VLS/WC/williamhconrad4/OpenVS-main/experiments/E3L_6DO3/screening/inputs/validationset/E3L_6DO3_validation_chunk50/ligands_list_validation_0_384.txt
Saved: /lus/eagle/projects/marP_TB_VLS/WC/williamhconrad4/OpenVS-main/experiments/E3L_6DO3/screening/inputs/validationset/E3L_6DO3_validation_chunk50/flags_params_validation_0_384.flags
Saved: /lus/eagle/projects/marP_TB_VLS/WC/williamhconrad4/OpenVS-main/experiments/E3L_6DO3/screening/inputs/validationset/E3L_6DO3_validation_chunk50/tar_params_validation_0_385.tar
Saved: /lus/eagle/projects/marP_TB_VLS/WC/williamhconrad4/OpenVS-main/experiments/E3L_6DO3/screening/inputs/validationset/E3L_6DO3_validation_chunk50/ligands_list_validation_0_385.txt
Saved: /lus/eagle/projects/marP_TB_VLS/WC/williamhconrad4/OpenVS-main/experiments/E3L_6DO3/screening/inputs/validationset/E3L_6DO3_validation_chunk50/flags_params_validation_0_385.flags
Saved: /lus/eagle/projects/marP_TB_VLS/WC/williamhconrad4/OpenVS-main/experiments/E3L_6DO3/screening/inputs/validationset/E3L_6DO3_validation_chunk50/tar_params_validation_0_386.tar
Saved: /lus/eagle/projects/marP_TB_VLS/WC/williamhconrad4/OpenVS-main/experiments/E3L_6DO3/screening/inputs/validationset/E3L_6DO3_validation_chunk50/ligands_list_validation_0_386.txt
Saved: /lus/eagle/projects/marP_TB_VLS/WC/williamhconrad4/OpenVS-main/experiments/E3L_6DO3/screening/inputs/validationset/E3L_6DO3_validation_chunk50/flags_params_validation_0_386.flags
Saved: /lus/eagle/projects/marP_TB_VLS/WC/williamhconrad4/OpenVS-main/experiments/E3L_6DO3/screening/inputs/validationset/E3L_6DO3_validation_chunk50/tar_params_validation_0_387.tar
Saved: /lus/eagle/projects/marP_TB_VLS/WC/williamhconrad4/OpenVS-main/experiments/E3L_6DO3/screening/inputs/validationset/E3L_6DO3_validation_chunk50/ligands_list_validation_0_387.txt
Saved: /lus/eagle/projects/marP_TB_VLS/WC/williamhconrad4/OpenVS-main/experiments/E3L_6DO3/screening/inputs/validationset/E3L_6DO3_validation_chunk50/flags_params_validation_0_387.flags
Saved: /lus/eagle/projects/marP_TB_VLS/WC/williamhconrad4/OpenVS-main/experiments/E3L_6DO3/screening/inputs/validationset/E3L_6DO3_validation_chunk50/tar_params_validation_0_388.tar
Saved: /lus/eagle/projects/marP_TB_VLS/WC/williamhconrad4/OpenVS-main/experiments/E3L_6DO3/screening/inputs/validationset/E3L_6DO3_validation_chunk50/ligands_list_validation_0_388.txt
Saved: /lus/eagle/projects/marP_TB_VLS/WC/williamhconrad4/OpenVS-main/experiments/E3L_6DO3/screening/inputs/validationset/E3L_6DO3_validation_chunk50/flags_params_validation_0_388.flags
Saved: /lus/eagle/projects/marP_TB_VLS/WC/williamhconrad4/OpenVS-main/experiments/E3L_6DO3/screening/inputs/validationset/E3L_6DO3_validation_chunk50/tar_params_validation_0_389.tar
Saved: /lus/eagle/projects/marP_TB_VLS/WC/williamhconrad4/OpenVS-main/experiments/E3L_6DO3/screening/inputs/validationset/E3L_6DO3_validation_chunk50/ligands_list_validation_0_389.txt
Saved: /lus/eagle/projects/marP_TB_VLS/WC/williamhconrad4/OpenVS-main/experiments/E3L_6DO3/screening/inputs/validationset/E3L_6DO3_validation_chunk50/flags_params_validation_0_389.flags
Saved: /lus/eagle/projects/marP_TB_VLS/WC/williamhconrad4/OpenVS-main/experiments/E3L_6DO3/screening/inputs/validationset/E3L_6DO3_validation_chunk50/tar_params_validation_0_390.tar
Saved: /lus/eagle/projects/marP_TB_VLS/WC/williamhconrad4/OpenVS-main/experiments/E3L_6DO3/screening/inputs/validationset/E3L_6DO3_validation_chunk50/ligands_list_validation_0_390.txt
Saved: /lus/eagle/projects/marP_TB_VLS/WC/williamhconrad4/OpenVS-main/experiments/E3L_6DO3/screening/inputs/validationset/E3L_6DO3_validation_chunk50/flags_params_validation_0_390.flags
Saved: /lus/eagle/projects/marP_TB_VLS/WC/williamhconrad4/OpenVS-main/experiments/E3L_6DO3/screening/inputs/validationset/E3L_6DO3_validation_chunk50/tar_params_validation_0_391.tar
Saved: /lus/eagle/projects/marP_TB_VLS/WC/williamhconrad4/OpenVS-main/experiments/E3L_6DO3/screening/inputs/validationset/E3L_6DO3_validation_chunk50/ligands_list_validation_0_391.txt
Saved: /lus/eagle/projects/marP_TB_VLS/WC/williamhconrad4/OpenVS-main/experiments/E3L_6DO3/screening/inputs/validationset/E3L_6DO3_validation_chunk50/flags_params_validation_0_391.flags
Saved: /lus/eagle/projects/marP_TB_VLS/WC/williamhconrad4/OpenVS-main/experiments/E3L_6DO3/screening/inputs/validationset/E3L_6DO3_validation_chunk50/tar_params_validation_0_392.tar
Saved: /lus/eagle/projects/marP_TB_VLS/WC/williamhconrad4/OpenVS-main/experiments/E3L_6DO3/screening/inputs/validationset/E3L_6DO3_validation_chunk50/ligands_list_validation_0_392.txt
Saved: /lus/eagle/projects/marP_TB_VLS/WC/williamhconrad4/OpenVS-main/experiments/E3L_6DO3/screening/inputs/validationset/E3L_6DO3_validation_chunk50/flags_params_validation_0_392.flags
Saved: /lus/eagle/projects/marP_TB_VLS/WC/williamhconrad4/OpenVS-main/experiments/E3L_6DO3/screening/inputs/validationset/E3L_6DO3_validation_chunk50/tar_params_validation_0_393.tar
Saved: /lus/eagle/projects/marP_TB_VLS/WC/williamhconrad4/OpenVS-main/experiments/E3L_6DO3/screening/inputs/validationset/E3L_6DO3_validation_chunk50/ligands_list_validation_0_393.txt
Saved: /lus/eagle/projects/marP_TB_VLS/WC/williamhconrad4/OpenVS-main/experiments/E3L_6DO3/screening/inputs/validationset/E3L_6DO3_validation_chunk50/flags_params_validation_0_393.flags
Saved: /lus/eagle/projects/marP_TB_VLS/WC/williamhconrad4/OpenVS-main/experiments/E3L_6DO3/screening/inputs/validationset/E3L_6DO3_validation_chunk50/tar_params_validation_0_394.tar
Saved: /lus/eagle/projects/marP_TB_VLS/WC/williamhconrad4/OpenVS-main/experiments/E3L_6DO3/screening/inputs/validationset/E3L_6DO3_validation_chunk50/ligands_list_validation_0_394.txt
Saved: /lus/eagle/projects/marP_TB_VLS/WC/williamhconrad4/OpenVS-main/experiments/E3L_6DO3/screening/inputs/validationset/E3L_6DO3_validation_chunk50/flags_params_validation_0_394.flags
Saved: /lus/eagle/projects/marP_TB_VLS/WC/williamhconrad4/OpenVS-main/experiments/E3L_6DO3/screening/inputs/validationset/E3L_6DO3_validation_chunk50/tar_params_validation_0_395.tar
Saved: /lus/eagle/projects/marP_TB_VLS/WC/williamhconrad4/OpenVS-main/experiments/E3L_6DO3/screening/inputs/validationset/E3L_6DO3_validation_chunk50/ligands_list_validation_0_395.txt
Saved: /lus/eagle/projects/marP_TB_VLS/WC/williamhconrad4/OpenVS-main/experiments/E3L_6DO3/screening/inputs/validationset/E3L_6DO3_validation_chunk50/flags_params_validation_0_395.flags
Saved: /lus/eagle/projects/marP_TB_VLS/WC/williamhconrad4/OpenVS-main/experiments/E3L_6DO3/screening/inputs/validationset/E3L_6DO3_validation_chunk50/tar_params_validation_0_396.tar
Saved: /lus/eagle/projects/marP_TB_VLS/WC/williamhconrad4/OpenVS-main/experiments/E3L_6DO3/screening/inputs/validationset/E3L_6DO3_validation_chunk50/ligands_list_validation_0_396.txt
Saved: /lus/eagle/projects/marP_TB_VLS/WC/williamhconrad4/OpenVS-main/experiments/E3L_6DO3/screening/inputs/validationset/E3L_6DO3_validation_chunk50/flags_params_validation_0_396.flags
Saved: /lus/eagle/projects/marP_TB_VLS/WC/williamhconrad4/OpenVS-main/experiments/E3L_6DO3/screening/inputs/validationset/E3L_6DO3_validation_chunk50/tar_params_validation_0_397.tar
Saved: /lus/eagle/projects/marP_TB_VLS/WC/williamhconrad4/OpenVS-main/experiments/E3L_6DO3/screening/inputs/validationset/E3L_6DO3_validation_chunk50/ligands_list_validation_0_397.txt
Saved: /lus/eagle/projects/marP_TB_VLS/WC/williamhconrad4/OpenVS-main/experiments/E3L_6DO3/screening/inputs/validationset/E3L_6DO3_validation_chunk50/flags_params_validation_0_397.flags
Saved: /lus/eagle/projects/marP_TB_VLS/WC/williamhconrad4/OpenVS-main/experiments/E3L_6DO3/screening/inputs/validationset/E3L_6DO3_validation_chunk50/tar_params_validation_0_398.tar
Saved: /lus/eagle/projects/marP_TB_VLS/WC/williamhconrad4/OpenVS-main/experiments/E3L_6DO3/screening/inputs/validationset/E3L_6DO3_validation_chunk50/ligands_list_validation_0_398.txt
Saved: /lus/eagle/projects/marP_TB_VLS/WC/williamhconrad4/OpenVS-main/experiments/E3L_6DO3/screening/inputs/validationset/E3L_6DO3_validation_chunk50/flags_params_validation_0_398.flags
Saved: /lus/eagle/projects/marP_TB_VLS/WC/williamhconrad4/OpenVS-main/experiments/E3L_6DO3/screening/inputs/validationset/E3L_6DO3_validation_chunk50/tar_params_validation_0_399.tar
Saved: /lus/eagle/projects/marP_TB_VLS/WC/williamhconrad4/OpenVS-main/experiments/E3L_6DO3/screening/inputs/validationset/E3L_6DO3_validation_chunk50/ligands_list_validation_0_399.txt
Saved: /lus/eagle/projects/marP_TB_VLS/WC/williamhconrad4/OpenVS-main/experiments/E3L_6DO3/screening/inputs/validationset/E3L_6DO3_validation_chunk50/flags_params_validation_0_399.flags
Saved: /lus/eagle/projects/marP_TB_VLS/WC/williamhconrad4/OpenVS-main/experiments/E3L_6DO3/screening/inputs/validationset/E3L_6DO3_validation_chunk50/tar_params_validation_0_400.tar
Saved: /lus/eagle/projects/marP_TB_VLS/WC/williamhconrad4/OpenVS-main/experiments/E3L_6DO3/screening/inputs/validationset/E3L_6DO3_validation_chunk50/ligands_list_validation_0_400.txt
Saved: /lus/eagle/projects/marP_TB_VLS/WC/williamhconrad4/OpenVS-main/experiments/E3L_6DO3/screening/inputs/validationset/E3L_6DO3_validation_chunk50/flags_params_validation_0_400.flags
Saved: /lus/eagle/projects/marP_TB_VLS/WC/williamhconrad4/OpenVS-main/experiments/E3L_6DO3/screening/inputs/validationset/E3L_6DO3_validation_chunk50/tar_params_validation_0_401.tar
Saved: /lus/eagle/projects/marP_TB_VLS/WC/williamhconrad4/OpenVS-main/experiments/E3L_6DO3/screening/inputs/validationset/E3L_6DO3_validation_chunk50/ligands_list_validation_0_401.txt
Saved: /lus/eagle/projects/marP_TB_VLS/WC/williamhconrad4/OpenVS-main/experiments/E3L_6DO3/screening/inputs/validationset/E3L_6DO3_validation_chunk50/flags_params_validation_0_401.flags
Saved: /lus/eagle/projects/marP_TB_VLS/WC/williamhconrad4/OpenVS-main/experiments/E3L_6DO3/screening/inputs/validationset/E3L_6DO3_validation_chunk50/tar_params_validation_0_402.tar
Saved: /lus/eagle/projects/marP_TB_VLS/WC/williamhconrad4/OpenVS-main/experiments/E3L_6DO3/screening/inputs/validationset/E3L_6DO3_validation_chunk50/ligands_list_validation_0_402.txt
Saved: /lus/eagle/projects/marP_TB_VLS/WC/williamhconrad4/OpenVS-main/experiments/E3L_6DO3/screening/inputs/validationset/E3L_6DO3_validation_chunk50/flags_params_validation_0_402.flags
Saved: /lus/eagle/projects/marP_TB_VLS/WC/williamhconrad4/OpenVS-main/experiments/E3L_6DO3/screening/inputs/validationset/E3L_6DO3_validation_chunk50/tar_params_validation_0_403.tar
Saved: /lus/eagle/projects/marP_TB_VLS/WC/williamhconrad4/OpenVS-main/experiments/E3L_6DO3/screening/inputs/validationset/E3L_6DO3_validation_chunk50/ligands_list_validation_0_403.txt
Saved: /lus/eagle/projects/marP_TB_VLS/WC/williamhconrad4/OpenVS-main/experiments/E3L_6DO3/screening/inputs/validationset/E3L_6DO3_validation_chunk50/flags_params_validation_0_403.flags
Saved: /lus/eagle/projects/marP_TB_VLS/WC/williamhconrad4/OpenVS-main/experiments/E3L_6DO3/screening/inputs/validationset/E3L_6DO3_validation_chunk50/tar_params_validation_0_404.tar
Saved: /lus/eagle/projects/marP_TB_VLS/WC/williamhconrad4/OpenVS-main/experiments/E3L_6DO3/screening/inputs/validationset/E3L_6DO3_validation_chunk50/ligands_list_validation_0_404.txt
Saved: /lus/eagle/projects/marP_TB_VLS/WC/williamhconrad4/OpenVS-main/experiments/E3L_6DO3/screening/inputs/validationset/E3L_6DO3_validation_chunk50/flags_params_validation_0_404.flags
Saved: /lus/eagle/projects/marP_TB_VLS/WC/williamhconrad4/OpenVS-main/experiments/E3L_6DO3/screening/inputs/validationset/E3L_6DO3_validation_chunk50/tar_params_validation_0_405.tar
Saved: /lus/eagle/projects/marP_TB_VLS/WC/williamhconrad4/OpenVS-main/experiments/E3L_6DO3/screening/inputs/validationset/E3L_6DO3_validation_chunk50/ligands_list_validation_0_405.txt
Saved: /lus/eagle/projects/marP_TB_VLS/WC/williamhconrad4/OpenVS-main/experiments/E3L_6DO3/screening/inputs/validationset/E3L_6DO3_validation_chunk50/flags_params_validation_0_405.flags
Saved: /lus/eagle/projects/marP_TB_VLS/WC/williamhconrad4/OpenVS-main/experiments/E3L_6DO3/screening/inputs/validationset/E3L_6DO3_validation_chunk50/tar_params_validation_0_406.tar
Saved: /lus/eagle/projects/marP_TB_VLS/WC/williamhconrad4/OpenVS-main/experiments/E3L_6DO3/screening/inputs/validationset/E3L_6DO3_validation_chunk50/ligands_list_validation_0_406.txt
Saved: /lus/eagle/projects/marP_TB_VLS/WC/williamhconrad4/OpenVS-main/experiments/E3L_6DO3/screening/inputs/validationset/E3L_6DO3_validation_chunk50/flags_params_validation_0_406.flags
Saved: /lus/eagle/projects/marP_TB_VLS/WC/williamhconrad4/OpenVS-main/experiments/E3L_6DO3/screening/inputs/validationset/E3L_6DO3_validation_chunk50/tar_params_validation_0_407.tar
Saved: /lus/eagle/projects/marP_TB_VLS/WC/williamhconrad4/OpenVS-main/experiments/E3L_6DO3/screening/inputs/validationset/E3L_6DO3_validation_chunk50/ligands_list_validation_0_407.txt
Saved: /lus/eagle/projects/marP_TB_VLS/WC/williamhconrad4/OpenVS-main/experiments/E3L_6DO3/screening/inputs/validationset/E3L_6DO3_validation_chunk50/flags_params_validation_0_407.flags
Saved: /lus/eagle/projects/marP_TB_VLS/WC/williamhconrad4/OpenVS-main/experiments/E3L_6DO3/screening/inputs/validationset/E3L_6DO3_validation_chunk50/tar_params_validation_0_408.tar
Saved: /lus/eagle/projects/marP_TB_VLS/WC/williamhconrad4/OpenVS-main/experiments/E3L_6DO3/screening/inputs/validationset/E3L_6DO3_validation_chunk50/ligands_list_validation_0_408.txt
Saved: /lus/eagle/projects/marP_TB_VLS/WC/williamhconrad4/OpenVS-main/experiments/E3L_6DO3/screening/inputs/validationset/E3L_6DO3_validation_chunk50/flags_params_validation_0_408.flags
Saved: /lus/eagle/projects/marP_TB_VLS/WC/williamhconrad4/OpenVS-main/experiments/E3L_6DO3/screening/inputs/validationset/E3L_6DO3_validation_chunk50/tar_params_validation_0_409.tar
Saved: /lus/eagle/projects/marP_TB_VLS/WC/williamhconrad4/OpenVS-main/experiments/E3L_6DO3/screening/inputs/validationset/E3L_6DO3_validation_chunk50/ligands_list_validation_0_409.txt
Saved: /lus/eagle/projects/marP_TB_VLS/WC/williamhconrad4/OpenVS-main/experiments/E3L_6DO3/screening/inputs/validationset/E3L_6DO3_validation_chunk50/flags_params_validation_0_409.flags
Saved: /lus/eagle/projects/marP_TB_VLS/WC/williamhconrad4/OpenVS-main/experiments/E3L_6DO3/screening/inputs/validationset/E3L_6DO3_validation_chunk50/tar_params_validation_0_410.tar
Saved: /lus/eagle/projects/marP_TB_VLS/WC/williamhconrad4/OpenVS-main/experiments/E3L_6DO3/screening/inputs/validationset/E3L_6DO3_validation_chunk50/ligands_list_validation_0_410.txt
Saved: /lus/eagle/projects/marP_TB_VLS/WC/williamhconrad4/OpenVS-main/experiments/E3L_6DO3/screening/inputs/validationset/E3L_6DO3_validation_chunk50/flags_params_validation_0_410.flags
Saved: /lus/eagle/projects/marP_TB_VLS/WC/williamhconrad4/OpenVS-main/experiments/E3L_6DO3/screening/inputs/validationset/E3L_6DO3_validation_chunk50/tar_params_validation_0_411.tar
Saved: /lus/eagle/projects/marP_TB_VLS/WC/williamhconrad4/OpenVS-main/experiments/E3L_6DO3/screening/inputs/validationset/E3L_6DO3_validation_chunk50/ligands_list_validation_0_411.txt
Saved: /lus/eagle/projects/marP_TB_VLS/WC/williamhconrad4/OpenVS-main/experiments/E3L_6DO3/screening/inputs/validationset/E3L_6DO3_validation_chunk50/flags_params_validation_0_411.flags
Saved: /lus/eagle/projects/marP_TB_VLS/WC/williamhconrad4/OpenVS-main/experiments/E3L_6DO3/screening/inputs/validationset/E3L_6DO3_validation_chunk50/tar_params_validation_0_412.tar
Saved: /lus/eagle/projects/marP_TB_VLS/WC/williamhconrad4/OpenVS-main/experiments/E3L_6DO3/screening/inputs/validationset/E3L_6DO3_validation_chunk50/ligands_list_validation_0_412.txt
Saved: /lus/eagle/projects/marP_TB_VLS/WC/williamhconrad4/OpenVS-main/experiments/E3L_6DO3/screening/inputs/validationset/E3L_6DO3_validation_chunk50/flags_params_validation_0_412.flags
Saved: /lus/eagle/projects/marP_TB_VLS/WC/williamhconrad4/OpenVS-main/experiments/E3L_6DO3/screening/inputs/validationset/E3L_6DO3_validation_chunk50/tar_params_validation_0_413.tar
Saved: /lus/eagle/projects/marP_TB_VLS/WC/williamhconrad4/OpenVS-main/experiments/E3L_6DO3/screening/inputs/validationset/E3L_6DO3_validation_chunk50/ligands_list_validation_0_413.txt
Saved: /lus/eagle/projects/marP_TB_VLS/WC/williamhconrad4/OpenVS-main/experiments/E3L_6DO3/screening/inputs/validationset/E3L_6DO3_validation_chunk50/flags_params_validation_0_413.flags
Saved: /lus/eagle/projects/marP_TB_VLS/WC/williamhconrad4/OpenVS-main/experiments/E3L_6DO3/screening/inputs/validationset/E3L_6DO3_validation_chunk50/tar_params_validation_0_414.tar
Saved: /lus/eagle/projects/marP_TB_VLS/WC/williamhconrad4/OpenVS-main/experiments/E3L_6DO3/screening/inputs/validationset/E3L_6DO3_validation_chunk50/ligands_list_validation_0_414.txt
Saved: /lus/eagle/projects/marP_TB_VLS/WC/williamhconrad4/OpenVS-main/experiments/E3L_6DO3/screening/inputs/validationset/E3L_6DO3_validation_chunk50/flags_params_validation_0_414.flags
Saved: /lus/eagle/projects/marP_TB_VLS/WC/williamhconrad4/OpenVS-main/experiments/E3L_6DO3/screening/inputs/validationset/E3L_6DO3_validation_chunk50/tar_params_validation_0_415.tar
Saved: /lus/eagle/projects/marP_TB_VLS/WC/williamhconrad4/OpenVS-main/experiments/E3L_6DO3/screening/inputs/validationset/E3L_6DO3_validation_chunk50/ligands_list_validation_0_415.txt
Saved: /lus/eagle/projects/marP_TB_VLS/WC/williamhconrad4/OpenVS-main/experiments/E3L_6DO3/screening/inputs/validationset/E3L_6DO3_validation_chunk50/flags_params_validation_0_415.flags
Saved: /lus/eagle/projects/marP_TB_VLS/WC/williamhconrad4/OpenVS-main/experiments/E3L_6DO3/screening/inputs/validationset/E3L_6DO3_validation_chunk50/tar_params_validation_0_416.tar
Saved: /lus/eagle/projects/marP_TB_VLS/WC/williamhconrad4/OpenVS-main/experiments/E3L_6DO3/screening/inputs/validationset/E3L_6DO3_validation_chunk50/ligands_list_validation_0_416.txt
Saved: /lus/eagle/projects/marP_TB_VLS/WC/williamhconrad4/OpenVS-main/experiments/E3L_6DO3/screening/inputs/validationset/E3L_6DO3_validation_chunk50/flags_params_validation_0_416.flags
Saved: /lus/eagle/projects/marP_TB_VLS/WC/williamhconrad4/OpenVS-main/experiments/E3L_6DO3/screening/inputs/validationset/E3L_6DO3_validation_chunk50/tar_params_validation_0_417.tar
Saved: /lus/eagle/projects/marP_TB_VLS/WC/williamhconrad4/OpenVS-main/experiments/E3L_6DO3/screening/inputs/validationset/E3L_6DO3_validation_chunk50/ligands_list_validation_0_417.txt
Saved: /lus/eagle/projects/marP_TB_VLS/WC/williamhconrad4/OpenVS-main/experiments/E3L_6DO3/screening/inputs/validationset/E3L_6DO3_validation_chunk50/flags_params_validation_0_417.flags
Saved: /lus/eagle/projects/marP_TB_VLS/WC/williamhconrad4/OpenVS-main/experiments/E3L_6DO3/screening/inputs/validationset/E3L_6DO3_validation_chunk50/tar_params_validation_0_418.tar
Saved: /lus/eagle/projects/marP_TB_VLS/WC/williamhconrad4/OpenVS-main/experiments/E3L_6DO3/screening/inputs/validationset/E3L_6DO3_validation_chunk50/ligands_list_validation_0_418.txt
Saved: /lus/eagle/projects/marP_TB_VLS/WC/williamhconrad4/OpenVS-main/experiments/E3L_6DO3/screening/inputs/validationset/E3L_6DO3_validation_chunk50/flags_params_validation_0_418.flags
Saved: /lus/eagle/projects/marP_TB_VLS/WC/williamhconrad4/OpenVS-main/experiments/E3L_6DO3/screening/inputs/validationset/E3L_6DO3_validation_chunk50/tar_params_validation_0_419.tar
Saved: /lus/eagle/projects/marP_TB_VLS/WC/williamhconrad4/OpenVS-main/experiments/E3L_6DO3/screening/inputs/validationset/E3L_6DO3_validation_chunk50/ligands_list_validation_0_419.txt
Saved: /lus/eagle/projects/marP_TB_VLS/WC/williamhconrad4/OpenVS-main/experiments/E3L_6DO3/screening/inputs/validationset/E3L_6DO3_validation_chunk50/flags_params_validation_0_419.flags
Saved: /lus/eagle/projects/marP_TB_VLS/WC/williamhconrad4/OpenVS-main/experiments/E3L_6DO3/screening/inputs/validationset/E3L_6DO3_validation_chunk50/tar_params_validation_0_420.tar
Saved: /lus/eagle/projects/marP_TB_VLS/WC/williamhconrad4/OpenVS-main/experiments/E3L_6DO3/screening/inputs/validationset/E3L_6DO3_validation_chunk50/ligands_list_validation_0_420.txt
Saved: /lus/eagle/projects/marP_TB_VLS/WC/williamhconrad4/OpenVS-main/experiments/E3L_6DO3/screening/inputs/validationset/E3L_6DO3_validation_chunk50/flags_params_validation_0_420.flags
Saved: /lus/eagle/projects/marP_TB_VLS/WC/williamhconrad4/OpenVS-main/experiments/E3L_6DO3/screening/inputs/validationset/E3L_6DO3_validation_chunk50/tar_params_validation_0_421.tar
Saved: /lus/eagle/projects/marP_TB_VLS/WC/williamhconrad4/OpenVS-main/experiments/E3L_6DO3/screening/inputs/validationset/E3L_6DO3_validation_chunk50/ligands_list_validation_0_421.txt
Saved: /lus/eagle/projects/marP_TB_VLS/WC/williamhconrad4/OpenVS-main/experiments/E3L_6DO3/screening/inputs/validationset/E3L_6DO3_validation_chunk50/flags_params_validation_0_421.flags
Saved: /lus/eagle/projects/marP_TB_VLS/WC/williamhconrad4/OpenVS-main/experiments/E3L_6DO3/screening/inputs/validationset/E3L_6DO3_validation_chunk50/tar_params_validation_0_422.tar
Saved: /lus/eagle/projects/marP_TB_VLS/WC/williamhconrad4/OpenVS-main/experiments/E3L_6DO3/screening/inputs/validationset/E3L_6DO3_validation_chunk50/ligands_list_validation_0_422.txt
Saved: /lus/eagle/projects/marP_TB_VLS/WC/williamhconrad4/OpenVS-main/experiments/E3L_6DO3/screening/inputs/validationset/E3L_6DO3_validation_chunk50/flags_params_validation_0_422.flags
Saved: /lus/eagle/projects/marP_TB_VLS/WC/williamhconrad4/OpenVS-main/experiments/E3L_6DO3/screening/inputs/validationset/E3L_6DO3_validation_chunk50/tar_params_validation_0_423.tar
Saved: /lus/eagle/projects/marP_TB_VLS/WC/williamhconrad4/OpenVS-main/experiments/E3L_6DO3/screening/inputs/validationset/E3L_6DO3_validation_chunk50/ligands_list_validation_0_423.txt
Saved: /lus/eagle/projects/marP_TB_VLS/WC/williamhconrad4/OpenVS-main/experiments/E3L_6DO3/screening/inputs/validationset/E3L_6DO3_validation_chunk50/flags_params_validation_0_423.flags
Saved: /lus/eagle/projects/marP_TB_VLS/WC/williamhconrad4/OpenVS-main/experiments/E3L_6DO3/screening/inputs/validationset/E3L_6DO3_validation_chunk50/tar_params_validation_0_424.tar
Saved: /lus/eagle/projects/marP_TB_VLS/WC/williamhconrad4/OpenVS-main/experiments/E3L_6DO3/screening/inputs/validationset/E3L_6DO3_validation_chunk50/ligands_list_validation_0_424.txt
Saved: /lus/eagle/projects/marP_TB_VLS/WC/williamhconrad4/OpenVS-main/experiments/E3L_6DO3/screening/inputs/validationset/E3L_6DO3_validation_chunk50/flags_params_validation_0_424.flags
Saved: /lus/eagle/projects/marP_TB_VLS/WC/williamhconrad4/OpenVS-main/experiments/E3L_6DO3/screening/inputs/validationset/E3L_6DO3_validation_chunk50/tar_params_validation_0_425.tar
Saved: /lus/eagle/projects/marP_TB_VLS/WC/williamhconrad4/OpenVS-main/experiments/E3L_6DO3/screening/inputs/validationset/E3L_6DO3_validation_chunk50/ligands_list_validation_0_425.txt
Saved: /lus/eagle/projects/marP_TB_VLS/WC/williamhconrad4/OpenVS-main/experiments/E3L_6DO3/screening/inputs/validationset/E3L_6DO3_validation_chunk50/flags_params_validation_0_425.flags
Saved: /lus/eagle/projects/marP_TB_VLS/WC/williamhconrad4/OpenVS-main/experiments/E3L_6DO3/screening/inputs/validationset/E3L_6DO3_validation_chunk50/tar_params_validation_0_426.tar
Saved: /lus/eagle/projects/marP_TB_VLS/WC/williamhconrad4/OpenVS-main/experiments/E3L_6DO3/screening/inputs/validationset/E3L_6DO3_validation_chunk50/ligands_list_validation_0_426.txt
Saved: /lus/eagle/projects/marP_TB_VLS/WC/williamhconrad4/OpenVS-main/experiments/E3L_6DO3/screening/inputs/validationset/E3L_6DO3_validation_chunk50/flags_params_validation_0_426.flags
Saved: /lus/eagle/projects/marP_TB_VLS/WC/williamhconrad4/OpenVS-main/experiments/E3L_6DO3/screening/inputs/validationset/E3L_6DO3_validation_chunk50/tar_params_validation_0_427.tar
Saved: /lus/eagle/projects/marP_TB_VLS/WC/williamhconrad4/OpenVS-main/experiments/E3L_6DO3/screening/inputs/validationset/E3L_6DO3_validation_chunk50/ligands_list_validation_0_427.txt
Saved: /lus/eagle/projects/marP_TB_VLS/WC/williamhconrad4/OpenVS-main/experiments/E3L_6DO3/screening/inputs/validationset/E3L_6DO3_validation_chunk50/flags_params_validation_0_427.flags
Saved: /lus/eagle/projects/marP_TB_VLS/WC/williamhconrad4/OpenVS-main/experiments/E3L_6DO3/screening/inputs/validationset/E3L_6DO3_validation_chunk50/tar_params_validation_0_428.tar
Saved: /lus/eagle/projects/marP_TB_VLS/WC/williamhconrad4/OpenVS-main/experiments/E3L_6DO3/screening/inputs/validationset/E3L_6DO3_validation_chunk50/ligands_list_validation_0_428.txt
Saved: /lus/eagle/projects/marP_TB_VLS/WC/williamhconrad4/OpenVS-main/experiments/E3L_6DO3/screening/inputs/validationset/E3L_6DO3_validation_chunk50/flags_params_validation_0_428.flags
Saved: /lus/eagle/projects/marP_TB_VLS/WC/williamhconrad4/OpenVS-main/experiments/E3L_6DO3/screening/inputs/validationset/E3L_6DO3_validation_chunk50/tar_params_validation_0_429.tar
Saved: /lus/eagle/projects/marP_TB_VLS/WC/williamhconrad4/OpenVS-main/experiments/E3L_6DO3/screening/inputs/validationset/E3L_6DO3_validation_chunk50/ligands_list_validation_0_429.txt
Saved: /lus/eagle/projects/marP_TB_VLS/WC/williamhconrad4/OpenVS-main/experiments/E3L_6DO3/screening/inputs/validationset/E3L_6DO3_validation_chunk50/flags_params_validation_0_429.flags
Saved: /lus/eagle/projects/marP_TB_VLS/WC/williamhconrad4/OpenVS-main/experiments/E3L_6DO3/screening/inputs/validationset/E3L_6DO3_validation_chunk50/tar_params_validation_0_430.tar
Saved: /lus/eagle/projects/marP_TB_VLS/WC/williamhconrad4/OpenVS-main/experiments/E3L_6DO3/screening/inputs/validationset/E3L_6DO3_validation_chunk50/ligands_list_validation_0_430.txt
Saved: /lus/eagle/projects/marP_TB_VLS/WC/williamhconrad4/OpenVS-main/experiments/E3L_6DO3/screening/inputs/validationset/E3L_6DO3_validation_chunk50/flags_params_validation_0_430.flags
Saved: /lus/eagle/projects/marP_TB_VLS/WC/williamhconrad4/OpenVS-main/experiments/E3L_6DO3/screening/inputs/validationset/E3L_6DO3_validation_chunk50/tar_params_validation_0_431.tar
Saved: /lus/eagle/projects/marP_TB_VLS/WC/williamhconrad4/OpenVS-main/experiments/E3L_6DO3/screening/inputs/validationset/E3L_6DO3_validation_chunk50/ligands_list_validation_0_431.txt
Saved: /lus/eagle/projects/marP_TB_VLS/WC/williamhconrad4/OpenVS-main/experiments/E3L_6DO3/screening/inputs/validationset/E3L_6DO3_validation_chunk50/flags_params_validation_0_431.flags
Saved: /lus/eagle/projects/marP_TB_VLS/WC/williamhconrad4/OpenVS-main/experiments/E3L_6DO3/screening/inputs/validationset/E3L_6DO3_validation_chunk50/tar_params_validation_0_432.tar
Saved: /lus/eagle/projects/marP_TB_VLS/WC/williamhconrad4/OpenVS-main/experiments/E3L_6DO3/screening/inputs/validationset/E3L_6DO3_validation_chunk50/ligands_list_validation_0_432.txt
Saved: /lus/eagle/projects/marP_TB_VLS/WC/williamhconrad4/OpenVS-main/experiments/E3L_6DO3/screening/inputs/validationset/E3L_6DO3_validation_chunk50/flags_params_validation_0_432.flags
Saved: /lus/eagle/projects/marP_TB_VLS/WC/williamhconrad4/OpenVS-main/experiments/E3L_6DO3/screening/inputs/validationset/E3L_6DO3_validation_chunk50/tar_params_validation_0_433.tar
Saved: /lus/eagle/projects/marP_TB_VLS/WC/williamhconrad4/OpenVS-main/experiments/E3L_6DO3/screening/inputs/validationset/E3L_6DO3_validation_chunk50/ligands_list_validation_0_433.txt
Saved: /lus/eagle/projects/marP_TB_VLS/WC/williamhconrad4/OpenVS-main/experiments/E3L_6DO3/screening/inputs/validationset/E3L_6DO3_validation_chunk50/flags_params_validation_0_433.flags
Saved: /lus/eagle/projects/marP_TB_VLS/WC/williamhconrad4/OpenVS-main/experiments/E3L_6DO3/screening/inputs/validationset/E3L_6DO3_validation_chunk50/tar_params_validation_0_434.tar
Saved: /lus/eagle/projects/marP_TB_VLS/WC/williamhconrad4/OpenVS-main/experiments/E3L_6DO3/screening/inputs/validationset/E3L_6DO3_validation_chunk50/ligands_list_validation_0_434.txt
Saved: /lus/eagle/projects/marP_TB_VLS/WC/williamhconrad4/OpenVS-main/experiments/E3L_6DO3/screening/inputs/validationset/E3L_6DO3_validation_chunk50/flags_params_validation_0_434.flags
Saved: /lus/eagle/projects/marP_TB_VLS/WC/williamhconrad4/OpenVS-main/experiments/E3L_6DO3/screening/inputs/validationset/E3L_6DO3_validation_chunk50/tar_params_validation_0_435.tar
Saved: /lus/eagle/projects/marP_TB_VLS/WC/williamhconrad4/OpenVS-main/experiments/E3L_6DO3/screening/inputs/validationset/E3L_6DO3_validation_chunk50/ligands_list_validation_0_435.txt
Saved: /lus/eagle/projects/marP_TB_VLS/WC/williamhconrad4/OpenVS-main/experiments/E3L_6DO3/screening/inputs/validationset/E3L_6DO3_validation_chunk50/flags_params_validation_0_435.flags
Saved: /lus/eagle/projects/marP_TB_VLS/WC/williamhconrad4/OpenVS-main/experiments/E3L_6DO3/screening/inputs/validationset/E3L_6DO3_validation_chunk50/tar_params_validation_0_436.tar
Saved: /lus/eagle/projects/marP_TB_VLS/WC/williamhconrad4/OpenVS-main/experiments/E3L_6DO3/screening/inputs/validationset/E3L_6DO3_validation_chunk50/ligands_list_validation_0_436.txt
Saved: /lus/eagle/projects/marP_TB_VLS/WC/williamhconrad4/OpenVS-main/experiments/E3L_6DO3/screening/inputs/validationset/E3L_6DO3_validation_chunk50/flags_params_validation_0_436.flags
Saved: /lus/eagle/projects/marP_TB_VLS/WC/williamhconrad4/OpenVS-main/experiments/E3L_6DO3/screening/inputs/validationset/E3L_6DO3_validation_chunk50/tar_params_validation_0_437.tar
Saved: /lus/eagle/projects/marP_TB_VLS/WC/williamhconrad4/OpenVS-main/experiments/E3L_6DO3/screening/inputs/validationset/E3L_6DO3_validation_chunk50/ligands_list_validation_0_437.txt
Saved: /lus/eagle/projects/marP_TB_VLS/WC/williamhconrad4/OpenVS-main/experiments/E3L_6DO3/screening/inputs/validationset/E3L_6DO3_validation_chunk50/flags_params_validation_0_437.flags
Saved: /lus/eagle/projects/marP_TB_VLS/WC/williamhconrad4/OpenVS-main/experiments/E3L_6DO3/screening/inputs/validationset/E3L_6DO3_validation_chunk50/tar_params_validation_0_438.tar
Saved: /lus/eagle/projects/marP_TB_VLS/WC/williamhconrad4/OpenVS-main/experiments/E3L_6DO3/screening/inputs/validationset/E3L_6DO3_validation_chunk50/ligands_list_validation_0_438.txt
Saved: /lus/eagle/projects/marP_TB_VLS/WC/williamhconrad4/OpenVS-main/experiments/E3L_6DO3/screening/inputs/validationset/E3L_6DO3_validation_chunk50/flags_params_validation_0_438.flags
Saved: /lus/eagle/projects/marP_TB_VLS/WC/williamhconrad4/OpenVS-main/experiments/E3L_6DO3/screening/inputs/validationset/E3L_6DO3_validation_chunk50/tar_params_validation_0_439.tar
Saved: /lus/eagle/projects/marP_TB_VLS/WC/williamhconrad4/OpenVS-main/experiments/E3L_6DO3/screening/inputs/validationset/E3L_6DO3_validation_chunk50/ligands_list_validation_0_439.txt
Saved: /lus/eagle/projects/marP_TB_VLS/WC/williamhconrad4/OpenVS-main/experiments/E3L_6DO3/screening/inputs/validationset/E3L_6DO3_validation_chunk50/flags_params_validation_0_439.flags
Saved: /lus/eagle/projects/marP_TB_VLS/WC/williamhconrad4/OpenVS-main/experiments/E3L_6DO3/screening/inputs/validationset/E3L_6DO3_validation_chunk50/tar_params_validation_0_440.tar
Saved: /lus/eagle/projects/marP_TB_VLS/WC/williamhconrad4/OpenVS-main/experiments/E3L_6DO3/screening/inputs/validationset/E3L_6DO3_validation_chunk50/ligands_list_validation_0_440.txt
Saved: /lus/eagle/projects/marP_TB_VLS/WC/williamhconrad4/OpenVS-main/experiments/E3L_6DO3/screening/inputs/validationset/E3L_6DO3_validation_chunk50/flags_params_validation_0_440.flags
Saved: /lus/eagle/projects/marP_TB_VLS/WC/williamhconrad4/OpenVS-main/experiments/E3L_6DO3/screening/inputs/validationset/E3L_6DO3_validation_chunk50/tar_params_validation_0_441.tar
Saved: /lus/eagle/projects/marP_TB_VLS/WC/williamhconrad4/OpenVS-main/experiments/E3L_6DO3/screening/inputs/validationset/E3L_6DO3_validation_chunk50/ligands_list_validation_0_441.txt
Saved: /lus/eagle/projects/marP_TB_VLS/WC/williamhconrad4/OpenVS-main/experiments/E3L_6DO3/screening/inputs/validationset/E3L_6DO3_validation_chunk50/flags_params_validation_0_441.flags
Saved: /lus/eagle/projects/marP_TB_VLS/WC/williamhconrad4/OpenVS-main/experiments/E3L_6DO3/screening/inputs/validationset/E3L_6DO3_validation_chunk50/tar_params_validation_0_442.tar
Saved: /lus/eagle/projects/marP_TB_VLS/WC/williamhconrad4/OpenVS-main/experiments/E3L_6DO3/screening/inputs/validationset/E3L_6DO3_validation_chunk50/ligands_list_validation_0_442.txt
Saved: /lus/eagle/projects/marP_TB_VLS/WC/williamhconrad4/OpenVS-main/experiments/E3L_6DO3/screening/inputs/validationset/E3L_6DO3_validation_chunk50/flags_params_validation_0_442.flags
Saved: /lus/eagle/projects/marP_TB_VLS/WC/williamhconrad4/OpenVS-main/experiments/E3L_6DO3/screening/inputs/validationset/E3L_6DO3_validation_chunk50/tar_params_validation_0_443.tar
Saved: /lus/eagle/projects/marP_TB_VLS/WC/williamhconrad4/OpenVS-main/experiments/E3L_6DO3/screening/inputs/validationset/E3L_6DO3_validation_chunk50/ligands_list_validation_0_443.txt
Saved: /lus/eagle/projects/marP_TB_VLS/WC/williamhconrad4/OpenVS-main/experiments/E3L_6DO3/screening/inputs/validationset/E3L_6DO3_validation_chunk50/flags_params_validation_0_443.flags
Saved: /lus/eagle/projects/marP_TB_VLS/WC/williamhconrad4/OpenVS-main/experiments/E3L_6DO3/screening/inputs/validationset/E3L_6DO3_validation_chunk50/tar_params_validation_0_444.tar
Saved: /lus/eagle/projects/marP_TB_VLS/WC/williamhconrad4/OpenVS-main/experiments/E3L_6DO3/screening/inputs/validationset/E3L_6DO3_validation_chunk50/ligands_list_validation_0_444.txt
Saved: /lus/eagle/projects/marP_TB_VLS/WC/williamhconrad4/OpenVS-main/experiments/E3L_6DO3/screening/inputs/validationset/E3L_6DO3_validation_chunk50/flags_params_validation_0_444.flags
Saved: /lus/eagle/projects/marP_TB_VLS/WC/williamhconrad4/OpenVS-main/experiments/E3L_6DO3/screening/inputs/validationset/E3L_6DO3_validation_chunk50/tar_params_validation_0_445.tar
Saved: /lus/eagle/projects/marP_TB_VLS/WC/williamhconrad4/OpenVS-main/experiments/E3L_6DO3/screening/inputs/validationset/E3L_6DO3_validation_chunk50/ligands_list_validation_0_445.txt
Saved: /lus/eagle/projects/marP_TB_VLS/WC/williamhconrad4/OpenVS-main/experiments/E3L_6DO3/screening/inputs/validationset/E3L_6DO3_validation_chunk50/flags_params_validation_0_445.flags
Saved: /lus/eagle/projects/marP_TB_VLS/WC/williamhconrad4/OpenVS-main/experiments/E3L_6DO3/screening/inputs/validationset/E3L_6DO3_validation_chunk50/tar_params_validation_0_446.tar
Saved: /lus/eagle/projects/marP_TB_VLS/WC/williamhconrad4/OpenVS-main/experiments/E3L_6DO3/screening/inputs/validationset/E3L_6DO3_validation_chunk50/ligands_list_validation_0_446.txt
Saved: /lus/eagle/projects/marP_TB_VLS/WC/williamhconrad4/OpenVS-main/experiments/E3L_6DO3/screening/inputs/validationset/E3L_6DO3_validation_chunk50/flags_params_validation_0_446.flags
Saved: /lus/eagle/projects/marP_TB_VLS/WC/williamhconrad4/OpenVS-main/experiments/E3L_6DO3/screening/inputs/validationset/E3L_6DO3_validation_chunk50/tar_params_validation_0_447.tar
Saved: /lus/eagle/projects/marP_TB_VLS/WC/williamhconrad4/OpenVS-main/experiments/E3L_6DO3/screening/inputs/validationset/E3L_6DO3_validation_chunk50/ligands_list_validation_0_447.txt
Saved: /lus/eagle/projects/marP_TB_VLS/WC/williamhconrad4/OpenVS-main/experiments/E3L_6DO3/screening/inputs/validationset/E3L_6DO3_validation_chunk50/flags_params_validation_0_447.flags
Saved: /lus/eagle/projects/marP_TB_VLS/WC/williamhconrad4/OpenVS-main/experiments/E3L_6DO3/screening/inputs/validationset/E3L_6DO3_validation_chunk50/tar_params_validation_0_448.tar
Saved: /lus/eagle/projects/marP_TB_VLS/WC/williamhconrad4/OpenVS-main/experiments/E3L_6DO3/screening/inputs/validationset/E3L_6DO3_validation_chunk50/ligands_list_validation_0_448.txt
Saved: /lus/eagle/projects/marP_TB_VLS/WC/williamhconrad4/OpenVS-main/experiments/E3L_6DO3/screening/inputs/validationset/E3L_6DO3_validation_chunk50/flags_params_validation_0_448.flags
Saved: /lus/eagle/projects/marP_TB_VLS/WC/williamhconrad4/OpenVS-main/experiments/E3L_6DO3/screening/inputs/validationset/E3L_6DO3_validation_chunk50/tar_params_validation_0_449.tar
Saved: /lus/eagle/projects/marP_TB_VLS/WC/williamhconrad4/OpenVS-main/experiments/E3L_6DO3/screening/inputs/validationset/E3L_6DO3_validation_chunk50/ligands_list_validation_0_449.txt
Saved: /lus/eagle/projects/marP_TB_VLS/WC/williamhconrad4/OpenVS-main/experiments/E3L_6DO3/screening/inputs/validationset/E3L_6DO3_validation_chunk50/flags_params_validation_0_449.flags
Saved: /lus/eagle/projects/marP_TB_VLS/WC/williamhconrad4/OpenVS-main/experiments/E3L_6DO3/screening/inputs/validationset/E3L_6DO3_validation_chunk50/tar_params_validation_0_450.tar
Saved: /lus/eagle/projects/marP_TB_VLS/WC/williamhconrad4/OpenVS-main/experiments/E3L_6DO3/screening/inputs/validationset/E3L_6DO3_validation_chunk50/ligands_list_validation_0_450.txt
Saved: /lus/eagle/projects/marP_TB_VLS/WC/williamhconrad4/OpenVS-main/experiments/E3L_6DO3/screening/inputs/validationset/E3L_6DO3_validation_chunk50/flags_params_validation_0_450.flags
Saved: /lus/eagle/projects/marP_TB_VLS/WC/williamhconrad4/OpenVS-main/experiments/E3L_6DO3/screening/inputs/validationset/E3L_6DO3_validation_chunk50/tar_params_validation_0_451.tar
Saved: /lus/eagle/projects/marP_TB_VLS/WC/williamhconrad4/OpenVS-main/experiments/E3L_6DO3/screening/inputs/validationset/E3L_6DO3_validation_chunk50/ligands_list_validation_0_451.txt
Saved: /lus/eagle/projects/marP_TB_VLS/WC/williamhconrad4/OpenVS-main/experiments/E3L_6DO3/screening/inputs/validationset/E3L_6DO3_validation_chunk50/flags_params_validation_0_451.flags
Saved: /lus/eagle/projects/marP_TB_VLS/WC/williamhconrad4/OpenVS-main/experiments/E3L_6DO3/screening/inputs/validationset/E3L_6DO3_validation_chunk50/tar_params_validation_0_452.tar
Saved: /lus/eagle/projects/marP_TB_VLS/WC/williamhconrad4/OpenVS-main/experiments/E3L_6DO3/screening/inputs/validationset/E3L_6DO3_validation_chunk50/ligands_list_validation_0_452.txt
Saved: /lus/eagle/projects/marP_TB_VLS/WC/williamhconrad4/OpenVS-main/experiments/E3L_6DO3/screening/inputs/validationset/E3L_6DO3_validation_chunk50/flags_params_validation_0_452.flags
Saved: /lus/eagle/projects/marP_TB_VLS/WC/williamhconrad4/OpenVS-main/experiments/E3L_6DO3/screening/inputs/validationset/E3L_6DO3_validation_chunk50/tar_params_validation_0_453.tar
Saved: /lus/eagle/projects/marP_TB_VLS/WC/williamhconrad4/OpenVS-main/experiments/E3L_6DO3/screening/inputs/validationset/E3L_6DO3_validation_chunk50/ligands_list_validation_0_453.txt
Saved: /lus/eagle/projects/marP_TB_VLS/WC/williamhconrad4/OpenVS-main/experiments/E3L_6DO3/screening/inputs/validationset/E3L_6DO3_validation_chunk50/flags_params_validation_0_453.flags
Saved: /lus/eagle/projects/marP_TB_VLS/WC/williamhconrad4/OpenVS-main/experiments/E3L_6DO3/screening/inputs/validationset/E3L_6DO3_validation_chunk50/tar_params_validation_0_454.tar
Saved: /lus/eagle/projects/marP_TB_VLS/WC/williamhconrad4/OpenVS-main/experiments/E3L_6DO3/screening/inputs/validationset/E3L_6DO3_validation_chunk50/ligands_list_validation_0_454.txt
Saved: /lus/eagle/projects/marP_TB_VLS/WC/williamhconrad4/OpenVS-main/experiments/E3L_6DO3/screening/inputs/validationset/E3L_6DO3_validation_chunk50/flags_params_validation_0_454.flags
Saved: /lus/eagle/projects/marP_TB_VLS/WC/williamhconrad4/OpenVS-main/experiments/E3L_6DO3/screening/inputs/validationset/E3L_6DO3_validation_chunk50/tar_params_validation_0_455.tar
Saved: /lus/eagle/projects/marP_TB_VLS/WC/williamhconrad4/OpenVS-main/experiments/E3L_6DO3/screening/inputs/validationset/E3L_6DO3_validation_chunk50/ligands_list_validation_0_455.txt
Saved: /lus/eagle/projects/marP_TB_VLS/WC/williamhconrad4/OpenVS-main/experiments/E3L_6DO3/screening/inputs/validationset/E3L_6DO3_validation_chunk50/flags_params_validation_0_455.flags
Saved: /lus/eagle/projects/marP_TB_VLS/WC/williamhconrad4/OpenVS-main/experiments/E3L_6DO3/screening/inputs/validationset/E3L_6DO3_validation_chunk50/tar_params_validation_0_456.tar
Saved: /lus/eagle/projects/marP_TB_VLS/WC/williamhconrad4/OpenVS-main/experiments/E3L_6DO3/screening/inputs/validationset/E3L_6DO3_validation_chunk50/ligands_list_validation_0_456.txt
Saved: /lus/eagle/projects/marP_TB_VLS/WC/williamhconrad4/OpenVS-main/experiments/E3L_6DO3/screening/inputs/validationset/E3L_6DO3_validation_chunk50/flags_params_validation_0_456.flags
Saved: /lus/eagle/projects/marP_TB_VLS/WC/williamhconrad4/OpenVS-main/experiments/E3L_6DO3/screening/inputs/validationset/E3L_6DO3_validation_chunk50/tar_params_validation_0_457.tar
Saved: /lus/eagle/projects/marP_TB_VLS/WC/williamhconrad4/OpenVS-main/experiments/E3L_6DO3/screening/inputs/validationset/E3L_6DO3_validation_chunk50/ligands_list_validation_0_457.txt
Saved: /lus/eagle/projects/marP_TB_VLS/WC/williamhconrad4/OpenVS-main/experiments/E3L_6DO3/screening/inputs/validationset/E3L_6DO3_validation_chunk50/flags_params_validation_0_457.flags
Saved: /lus/eagle/projects/marP_TB_VLS/WC/williamhconrad4/OpenVS-main/experiments/E3L_6DO3/screening/inputs/validationset/E3L_6DO3_validation_chunk50/tar_params_validation_0_458.tar
Saved: /lus/eagle/projects/marP_TB_VLS/WC/williamhconrad4/OpenVS-main/experiments/E3L_6DO3/screening/inputs/validationset/E3L_6DO3_validation_chunk50/ligands_list_validation_0_458.txt
Saved: /lus/eagle/projects/marP_TB_VLS/WC/williamhconrad4/OpenVS-main/experiments/E3L_6DO3/screening/inputs/validationset/E3L_6DO3_validation_chunk50/flags_params_validation_0_458.flags
Saved: /lus/eagle/projects/marP_TB_VLS/WC/williamhconrad4/OpenVS-main/experiments/E3L_6DO3/screening/inputs/validationset/E3L_6DO3_validation_chunk50/tar_params_validation_0_459.tar
Saved: /lus/eagle/projects/marP_TB_VLS/WC/williamhconrad4/OpenVS-main/experiments/E3L_6DO3/screening/inputs/validationset/E3L_6DO3_validation_chunk50/ligands_list_validation_0_459.txt
Saved: /lus/eagle/projects/marP_TB_VLS/WC/williamhconrad4/OpenVS-main/experiments/E3L_6DO3/screening/inputs/validationset/E3L_6DO3_validation_chunk50/flags_params_validation_0_459.flags
Saved: /lus/eagle/projects/marP_TB_VLS/WC/williamhconrad4/OpenVS-main/experiments/E3L_6DO3/screening/inputs/validationset/E3L_6DO3_validation_chunk50/tar_params_validation_0_460.tar
Saved: /lus/eagle/projects/marP_TB_VLS/WC/williamhconrad4/OpenVS-main/experiments/E3L_6DO3/screening/inputs/validationset/E3L_6DO3_validation_chunk50/ligands_list_validation_0_460.txt
Saved: /lus/eagle/projects/marP_TB_VLS/WC/williamhconrad4/OpenVS-main/experiments/E3L_6DO3/screening/inputs/validationset/E3L_6DO3_validation_chunk50/flags_params_validation_0_460.flags
Saved: /lus/eagle/projects/marP_TB_VLS/WC/williamhconrad4/OpenVS-main/experiments/E3L_6DO3/screening/inputs/validationset/E3L_6DO3_validation_chunk50/tar_params_validation_0_461.tar
Saved: /lus/eagle/projects/marP_TB_VLS/WC/williamhconrad4/OpenVS-main/experiments/E3L_6DO3/screening/inputs/validationset/E3L_6DO3_validation_chunk50/ligands_list_validation_0_461.txt
Saved: /lus/eagle/projects/marP_TB_VLS/WC/williamhconrad4/OpenVS-main/experiments/E3L_6DO3/screening/inputs/validationset/E3L_6DO3_validation_chunk50/flags_params_validation_0_461.flags
Saved: /lus/eagle/projects/marP_TB_VLS/WC/williamhconrad4/OpenVS-main/experiments/E3L_6DO3/screening/inputs/validationset/E3L_6DO3_validation_chunk50/tar_params_validation_0_462.tar
Saved: /lus/eagle/projects/marP_TB_VLS/WC/williamhconrad4/OpenVS-main/experiments/E3L_6DO3/screening/inputs/validationset/E3L_6DO3_validation_chunk50/ligands_list_validation_0_462.txt
Saved: /lus/eagle/projects/marP_TB_VLS/WC/williamhconrad4/OpenVS-main/experiments/E3L_6DO3/screening/inputs/validationset/E3L_6DO3_validation_chunk50/flags_params_validation_0_462.flags
Saved: /lus/eagle/projects/marP_TB_VLS/WC/williamhconrad4/OpenVS-main/experiments/E3L_6DO3/screening/inputs/validationset/E3L_6DO3_validation_chunk50/tar_params_validation_0_463.tar
Saved: /lus/eagle/projects/marP_TB_VLS/WC/williamhconrad4/OpenVS-main/experiments/E3L_6DO3/screening/inputs/validationset/E3L_6DO3_validation_chunk50/ligands_list_validation_0_463.txt
Saved: /lus/eagle/projects/marP_TB_VLS/WC/williamhconrad4/OpenVS-main/experiments/E3L_6DO3/screening/inputs/validationset/E3L_6DO3_validation_chunk50/flags_params_validation_0_463.flags
Saved: /lus/eagle/projects/marP_TB_VLS/WC/williamhconrad4/OpenVS-main/experiments/E3L_6DO3/screening/inputs/validationset/E3L_6DO3_validation_chunk50/tar_params_validation_0_464.tar
Saved: /lus/eagle/projects/marP_TB_VLS/WC/williamhconrad4/OpenVS-main/experiments/E3L_6DO3/screening/inputs/validationset/E3L_6DO3_validation_chunk50/ligands_list_validation_0_464.txt
Saved: /lus/eagle/projects/marP_TB_VLS/WC/williamhconrad4/OpenVS-main/experiments/E3L_6DO3/screening/inputs/validationset/E3L_6DO3_validation_chunk50/flags_params_validation_0_464.flags
Saved: /lus/eagle/projects/marP_TB_VLS/WC/williamhconrad4/OpenVS-main/experiments/E3L_6DO3/screening/inputs/validationset/E3L_6DO3_validation_chunk50/tar_params_validation_0_465.tar
Saved: /lus/eagle/projects/marP_TB_VLS/WC/williamhconrad4/OpenVS-main/experiments/E3L_6DO3/screening/inputs/validationset/E3L_6DO3_validation_chunk50/ligands_list_validation_0_465.txt
Saved: /lus/eagle/projects/marP_TB_VLS/WC/williamhconrad4/OpenVS-main/experiments/E3L_6DO3/screening/inputs/validationset/E3L_6DO3_validation_chunk50/flags_params_validation_0_465.flags
Saved: /lus/eagle/projects/marP_TB_VLS/WC/williamhconrad4/OpenVS-main/experiments/E3L_6DO3/screening/inputs/validationset/E3L_6DO3_validation_chunk50/tar_params_validation_0_466.tar
Saved: /lus/eagle/projects/marP_TB_VLS/WC/williamhconrad4/OpenVS-main/experiments/E3L_6DO3/screening/inputs/validationset/E3L_6DO3_validation_chunk50/ligands_list_validation_0_466.txt
Saved: /lus/eagle/projects/marP_TB_VLS/WC/williamhconrad4/OpenVS-main/experiments/E3L_6DO3/screening/inputs/validationset/E3L_6DO3_validation_chunk50/flags_params_validation_0_466.flags
Saved: /lus/eagle/projects/marP_TB_VLS/WC/williamhconrad4/OpenVS-main/experiments/E3L_6DO3/screening/inputs/validationset/E3L_6DO3_validation_chunk50/tar_params_validation_0_467.tar
Saved: /lus/eagle/projects/marP_TB_VLS/WC/williamhconrad4/OpenVS-main/experiments/E3L_6DO3/screening/inputs/validationset/E3L_6DO3_validation_chunk50/ligands_list_validation_0_467.txt
Saved: /lus/eagle/projects/marP_TB_VLS/WC/williamhconrad4/OpenVS-main/experiments/E3L_6DO3/screening/inputs/validationset/E3L_6DO3_validation_chunk50/flags_params_validation_0_467.flags
Saved: /lus/eagle/projects/marP_TB_VLS/WC/williamhconrad4/OpenVS-main/experiments/E3L_6DO3/screening/inputs/validationset/E3L_6DO3_validation_chunk50/tar_params_validation_0_468.tar
Saved: /lus/eagle/projects/marP_TB_VLS/WC/williamhconrad4/OpenVS-main/experiments/E3L_6DO3/screening/inputs/validationset/E3L_6DO3_validation_chunk50/ligands_list_validation_0_468.txt
Saved: /lus/eagle/projects/marP_TB_VLS/WC/williamhconrad4/OpenVS-main/experiments/E3L_6DO3/screening/inputs/validationset/E3L_6DO3_validation_chunk50/flags_params_validation_0_468.flags
Saved: /lus/eagle/projects/marP_TB_VLS/WC/williamhconrad4/OpenVS-main/experiments/E3L_6DO3/screening/inputs/validationset/E3L_6DO3_validation_chunk50/tar_params_validation_0_469.tar
Saved: /lus/eagle/projects/marP_TB_VLS/WC/williamhconrad4/OpenVS-main/experiments/E3L_6DO3/screening/inputs/validationset/E3L_6DO3_validation_chunk50/ligands_list_validation_0_469.txt
Saved: /lus/eagle/projects/marP_TB_VLS/WC/williamhconrad4/OpenVS-main/experiments/E3L_6DO3/screening/inputs/validationset/E3L_6DO3_validation_chunk50/flags_params_validation_0_469.flags
Saved: /lus/eagle/projects/marP_TB_VLS/WC/williamhconrad4/OpenVS-main/experiments/E3L_6DO3/screening/inputs/validationset/E3L_6DO3_validation_chunk50/tar_params_validation_0_470.tar
Saved: /lus/eagle/projects/marP_TB_VLS/WC/williamhconrad4/OpenVS-main/experiments/E3L_6DO3/screening/inputs/validationset/E3L_6DO3_validation_chunk50/ligands_list_validation_0_470.txt
Saved: /lus/eagle/projects/marP_TB_VLS/WC/williamhconrad4/OpenVS-main/experiments/E3L_6DO3/screening/inputs/validationset/E3L_6DO3_validation_chunk50/flags_params_validation_0_470.flags
Saved: /lus/eagle/projects/marP_TB_VLS/WC/williamhconrad4/OpenVS-main/experiments/E3L_6DO3/screening/inputs/validationset/E3L_6DO3_validation_chunk50/tar_params_validation_0_471.tar
Saved: /lus/eagle/projects/marP_TB_VLS/WC/williamhconrad4/OpenVS-main/experiments/E3L_6DO3/screening/inputs/validationset/E3L_6DO3_validation_chunk50/ligands_list_validation_0_471.txt
Saved: /lus/eagle/projects/marP_TB_VLS/WC/williamhconrad4/OpenVS-main/experiments/E3L_6DO3/screening/inputs/validationset/E3L_6DO3_validation_chunk50/flags_params_validation_0_471.flags
Saved: /lus/eagle/projects/marP_TB_VLS/WC/williamhconrad4/OpenVS-main/experiments/E3L_6DO3/screening/inputs/validationset/E3L_6DO3_validation_chunk50/tar_params_validation_0_472.tar
Saved: /lus/eagle/projects/marP_TB_VLS/WC/williamhconrad4/OpenVS-main/experiments/E3L_6DO3/screening/inputs/validationset/E3L_6DO3_validation_chunk50/ligands_list_validation_0_472.txt
Saved: /lus/eagle/projects/marP_TB_VLS/WC/williamhconrad4/OpenVS-main/experiments/E3L_6DO3/screening/inputs/validationset/E3L_6DO3_validation_chunk50/flags_params_validation_0_472.flags
Saved: /lus/eagle/projects/marP_TB_VLS/WC/williamhconrad4/OpenVS-main/experiments/E3L_6DO3/screening/inputs/validationset/E3L_6DO3_validation_chunk50/tar_params_validation_0_473.tar
Saved: /lus/eagle/projects/marP_TB_VLS/WC/williamhconrad4/OpenVS-main/experiments/E3L_6DO3/screening/inputs/validationset/E3L_6DO3_validation_chunk50/ligands_list_validation_0_473.txt
Saved: /lus/eagle/projects/marP_TB_VLS/WC/williamhconrad4/OpenVS-main/experiments/E3L_6DO3/screening/inputs/validationset/E3L_6DO3_validation_chunk50/flags_params_validation_0_473.flags
Saved: /lus/eagle/projects/marP_TB_VLS/WC/williamhconrad4/OpenVS-main/experiments/E3L_6DO3/screening/inputs/validationset/E3L_6DO3_validation_chunk50/tar_params_validation_0_474.tar
Saved: /lus/eagle/projects/marP_TB_VLS/WC/williamhconrad4/OpenVS-main/experiments/E3L_6DO3/screening/inputs/validationset/E3L_6DO3_validation_chunk50/ligands_list_validation_0_474.txt
Saved: /lus/eagle/projects/marP_TB_VLS/WC/williamhconrad4/OpenVS-main/experiments/E3L_6DO3/screening/inputs/validationset/E3L_6DO3_validation_chunk50/flags_params_validation_0_474.flags
Saved: /lus/eagle/projects/marP_TB_VLS/WC/williamhconrad4/OpenVS-main/experiments/E3L_6DO3/screening/inputs/validationset/E3L_6DO3_validation_chunk50/tar_params_validation_0_475.tar
Saved: /lus/eagle/projects/marP_TB_VLS/WC/williamhconrad4/OpenVS-main/experiments/E3L_6DO3/screening/inputs/validationset/E3L_6DO3_validation_chunk50/ligands_list_validation_0_475.txt
Saved: /lus/eagle/projects/marP_TB_VLS/WC/williamhconrad4/OpenVS-main/experiments/E3L_6DO3/screening/inputs/validationset/E3L_6DO3_validation_chunk50/flags_params_validation_0_475.flags
Saved: /lus/eagle/projects/marP_TB_VLS/WC/williamhconrad4/OpenVS-main/experiments/E3L_6DO3/screening/inputs/validationset/E3L_6DO3_validation_chunk50/tar_params_validation_0_476.tar
Saved: /lus/eagle/projects/marP_TB_VLS/WC/williamhconrad4/OpenVS-main/experiments/E3L_6DO3/screening/inputs/validationset/E3L_6DO3_validation_chunk50/ligands_list_validation_0_476.txt
Saved: /lus/eagle/projects/marP_TB_VLS/WC/williamhconrad4/OpenVS-main/experiments/E3L_6DO3/screening/inputs/validationset/E3L_6DO3_validation_chunk50/flags_params_validation_0_476.flags
Saved: /lus/eagle/projects/marP_TB_VLS/WC/williamhconrad4/OpenVS-main/experiments/E3L_6DO3/screening/inputs/validationset/E3L_6DO3_validation_chunk50/tar_params_validation_0_477.tar
Saved: /lus/eagle/projects/marP_TB_VLS/WC/williamhconrad4/OpenVS-main/experiments/E3L_6DO3/screening/inputs/validationset/E3L_6DO3_validation_chunk50/ligands_list_validation_0_477.txt
Saved: /lus/eagle/projects/marP_TB_VLS/WC/williamhconrad4/OpenVS-main/experiments/E3L_6DO3/screening/inputs/validationset/E3L_6DO3_validation_chunk50/flags_params_validation_0_477.flags
Saved: /lus/eagle/projects/marP_TB_VLS/WC/williamhconrad4/OpenVS-main/experiments/E3L_6DO3/screening/inputs/validationset/E3L_6DO3_validation_chunk50/tar_params_validation_0_478.tar
Saved: /lus/eagle/projects/marP_TB_VLS/WC/williamhconrad4/OpenVS-main/experiments/E3L_6DO3/screening/inputs/validationset/E3L_6DO3_validation_chunk50/ligands_list_validation_0_478.txt
Saved: /lus/eagle/projects/marP_TB_VLS/WC/williamhconrad4/OpenVS-main/experiments/E3L_6DO3/screening/inputs/validationset/E3L_6DO3_validation_chunk50/flags_params_validation_0_478.flags
Saved: /lus/eagle/projects/marP_TB_VLS/WC/williamhconrad4/OpenVS-main/experiments/E3L_6DO3/screening/inputs/validationset/E3L_6DO3_validation_chunk50/tar_params_validation_0_479.tar
Saved: /lus/eagle/projects/marP_TB_VLS/WC/williamhconrad4/OpenVS-main/experiments/E3L_6DO3/screening/inputs/validationset/E3L_6DO3_validation_chunk50/ligands_list_validation_0_479.txt
Saved: /lus/eagle/projects/marP_TB_VLS/WC/williamhconrad4/OpenVS-main/experiments/E3L_6DO3/screening/inputs/validationset/E3L_6DO3_validation_chunk50/flags_params_validation_0_479.flags
Saved: /lus/eagle/projects/marP_TB_VLS/WC/williamhconrad4/OpenVS-main/experiments/E3L_6DO3/screening/inputs/validationset/E3L_6DO3_validation_chunk50/tar_params_validation_0_480.tar
Saved: /lus/eagle/projects/marP_TB_VLS/WC/williamhconrad4/OpenVS-main/experiments/E3L_6DO3/screening/inputs/validationset/E3L_6DO3_validation_chunk50/ligands_list_validation_0_480.txt
Saved: /lus/eagle/projects/marP_TB_VLS/WC/williamhconrad4/OpenVS-main/experiments/E3L_6DO3/screening/inputs/validationset/E3L_6DO3_validation_chunk50/flags_params_validation_0_480.flags
Saved: /lus/eagle/projects/marP_TB_VLS/WC/williamhconrad4/OpenVS-main/experiments/E3L_6DO3/screening/inputs/validationset/E3L_6DO3_validation_chunk50/tar_params_validation_0_481.tar
Saved: /lus/eagle/projects/marP_TB_VLS/WC/williamhconrad4/OpenVS-main/experiments/E3L_6DO3/screening/inputs/validationset/E3L_6DO3_validation_chunk50/ligands_list_validation_0_481.txt
Saved: /lus/eagle/projects/marP_TB_VLS/WC/williamhconrad4/OpenVS-main/experiments/E3L_6DO3/screening/inputs/validationset/E3L_6DO3_validation_chunk50/flags_params_validation_0_481.flags
Saved: /lus/eagle/projects/marP_TB_VLS/WC/williamhconrad4/OpenVS-main/experiments/E3L_6DO3/screening/inputs/validationset/E3L_6DO3_validation_chunk50/tar_params_validation_0_482.tar
Saved: /lus/eagle/projects/marP_TB_VLS/WC/williamhconrad4/OpenVS-main/experiments/E3L_6DO3/screening/inputs/validationset/E3L_6DO3_validation_chunk50/ligands_list_validation_0_482.txt
Saved: /lus/eagle/projects/marP_TB_VLS/WC/williamhconrad4/OpenVS-main/experiments/E3L_6DO3/screening/inputs/validationset/E3L_6DO3_validation_chunk50/flags_params_validation_0_482.flags
Saved: /lus/eagle/projects/marP_TB_VLS/WC/williamhconrad4/OpenVS-main/experiments/E3L_6DO3/screening/inputs/validationset/E3L_6DO3_validation_chunk50/tar_params_validation_0_483.tar
Saved: /lus/eagle/projects/marP_TB_VLS/WC/williamhconrad4/OpenVS-main/experiments/E3L_6DO3/screening/inputs/validationset/E3L_6DO3_validation_chunk50/ligands_list_validation_0_483.txt
Saved: /lus/eagle/projects/marP_TB_VLS/WC/williamhconrad4/OpenVS-main/experiments/E3L_6DO3/screening/inputs/validationset/E3L_6DO3_validation_chunk50/flags_params_validation_0_483.flags
Saved: /lus/eagle/projects/marP_TB_VLS/WC/williamhconrad4/OpenVS-main/experiments/E3L_6DO3/screening/inputs/validationset/E3L_6DO3_validation_chunk50/tar_params_validation_0_484.tar
Saved: /lus/eagle/projects/marP_TB_VLS/WC/williamhconrad4/OpenVS-main/experiments/E3L_6DO3/screening/inputs/validationset/E3L_6DO3_validation_chunk50/ligands_list_validation_0_484.txt
Saved: /lus/eagle/projects/marP_TB_VLS/WC/williamhconrad4/OpenVS-main/experiments/E3L_6DO3/screening/inputs/validationset/E3L_6DO3_validation_chunk50/flags_params_validation_0_484.flags
Saved: /lus/eagle/projects/marP_TB_VLS/WC/williamhconrad4/OpenVS-main/experiments/E3L_6DO3/screening/inputs/validationset/E3L_6DO3_validation_chunk50/tar_params_validation_0_485.tar
Saved: /lus/eagle/projects/marP_TB_VLS/WC/williamhconrad4/OpenVS-main/experiments/E3L_6DO3/screening/inputs/validationset/E3L_6DO3_validation_chunk50/ligands_list_validation_0_485.txt
Saved: /lus/eagle/projects/marP_TB_VLS/WC/williamhconrad4/OpenVS-main/experiments/E3L_6DO3/screening/inputs/validationset/E3L_6DO3_validation_chunk50/flags_params_validation_0_485.flags
Saved: /lus/eagle/projects/marP_TB_VLS/WC/williamhconrad4/OpenVS-main/experiments/E3L_6DO3/screening/inputs/validationset/E3L_6DO3_validation_chunk50/tar_params_validation_0_486.tar
Saved: /lus/eagle/projects/marP_TB_VLS/WC/williamhconrad4/OpenVS-main/experiments/E3L_6DO3/screening/inputs/validationset/E3L_6DO3_validation_chunk50/ligands_list_validation_0_486.txt
Saved: /lus/eagle/projects/marP_TB_VLS/WC/williamhconrad4/OpenVS-main/experiments/E3L_6DO3/screening/inputs/validationset/E3L_6DO3_validation_chunk50/flags_params_validation_0_486.flags
Saved: /lus/eagle/projects/marP_TB_VLS/WC/williamhconrad4/OpenVS-main/experiments/E3L_6DO3/screening/inputs/validationset/E3L_6DO3_validation_chunk50/tar_params_validation_0_487.tar
Saved: /lus/eagle/projects/marP_TB_VLS/WC/williamhconrad4/OpenVS-main/experiments/E3L_6DO3/screening/inputs/validationset/E3L_6DO3_validation_chunk50/ligands_list_validation_0_487.txt
Saved: /lus/eagle/projects/marP_TB_VLS/WC/williamhconrad4/OpenVS-main/experiments/E3L_6DO3/screening/inputs/validationset/E3L_6DO3_validation_chunk50/flags_params_validation_0_487.flags
Saved: /lus/eagle/projects/marP_TB_VLS/WC/williamhconrad4/OpenVS-main/experiments/E3L_6DO3/screening/inputs/validationset/E3L_6DO3_validation_chunk50/tar_params_validation_0_488.tar
Saved: /lus/eagle/projects/marP_TB_VLS/WC/williamhconrad4/OpenVS-main/experiments/E3L_6DO3/screening/inputs/validationset/E3L_6DO3_validation_chunk50/ligands_list_validation_0_488.txt
Saved: /lus/eagle/projects/marP_TB_VLS/WC/williamhconrad4/OpenVS-main/experiments/E3L_6DO3/screening/inputs/validationset/E3L_6DO3_validation_chunk50/flags_params_validation_0_488.flags
Saved: /lus/eagle/projects/marP_TB_VLS/WC/williamhconrad4/OpenVS-main/experiments/E3L_6DO3/screening/inputs/validationset/E3L_6DO3_validation_chunk50/tar_params_validation_0_489.tar
Saved: /lus/eagle/projects/marP_TB_VLS/WC/williamhconrad4/OpenVS-main/experiments/E3L_6DO3/screening/inputs/validationset/E3L_6DO3_validation_chunk50/ligands_list_validation_0_489.txt
Saved: /lus/eagle/projects/marP_TB_VLS/WC/williamhconrad4/OpenVS-main/experiments/E3L_6DO3/screening/inputs/validationset/E3L_6DO3_validation_chunk50/flags_params_validation_0_489.flags
Saved: /lus/eagle/projects/marP_TB_VLS/WC/williamhconrad4/OpenVS-main/experiments/E3L_6DO3/screening/inputs/validationset/E3L_6DO3_validation_chunk50/tar_params_validation_0_490.tar
Saved: /lus/eagle/projects/marP_TB_VLS/WC/williamhconrad4/OpenVS-main/experiments/E3L_6DO3/screening/inputs/validationset/E3L_6DO3_validation_chunk50/ligands_list_validation_0_490.txt
Saved: /lus/eagle/projects/marP_TB_VLS/WC/williamhconrad4/OpenVS-main/experiments/E3L_6DO3/screening/inputs/validationset/E3L_6DO3_validation_chunk50/flags_params_validation_0_490.flags
Saved: /lus/eagle/projects/marP_TB_VLS/WC/williamhconrad4/OpenVS-main/experiments/E3L_6DO3/screening/inputs/validationset/E3L_6DO3_validation_chunk50/tar_params_validation_0_491.tar
Saved: /lus/eagle/projects/marP_TB_VLS/WC/williamhconrad4/OpenVS-main/experiments/E3L_6DO3/screening/inputs/validationset/E3L_6DO3_validation_chunk50/ligands_list_validation_0_491.txt
Saved: /lus/eagle/projects/marP_TB_VLS/WC/williamhconrad4/OpenVS-main/experiments/E3L_6DO3/screening/inputs/validationset/E3L_6DO3_validation_chunk50/flags_params_validation_0_491.flags
Saved: /lus/eagle/projects/marP_TB_VLS/WC/williamhconrad4/OpenVS-main/experiments/E3L_6DO3/screening/inputs/validationset/E3L_6DO3_validation_chunk50/tar_params_validation_0_492.tar
Saved: /lus/eagle/projects/marP_TB_VLS/WC/williamhconrad4/OpenVS-main/experiments/E3L_6DO3/screening/inputs/validationset/E3L_6DO3_validation_chunk50/ligands_list_validation_0_492.txt
Saved: /lus/eagle/projects/marP_TB_VLS/WC/williamhconrad4/OpenVS-main/experiments/E3L_6DO3/screening/inputs/validationset/E3L_6DO3_validation_chunk50/flags_params_validation_0_492.flags
Saved: /lus/eagle/projects/marP_TB_VLS/WC/williamhconrad4/OpenVS-main/experiments/E3L_6DO3/screening/inputs/validationset/E3L_6DO3_validation_chunk50/tar_params_validation_0_493.tar
Saved: /lus/eagle/projects/marP_TB_VLS/WC/williamhconrad4/OpenVS-main/experiments/E3L_6DO3/screening/inputs/validationset/E3L_6DO3_validation_chunk50/ligands_list_validation_0_493.txt
Saved: /lus/eagle/projects/marP_TB_VLS/WC/williamhconrad4/OpenVS-main/experiments/E3L_6DO3/screening/inputs/validationset/E3L_6DO3_validation_chunk50/flags_params_validation_0_493.flags
Saved: /lus/eagle/projects/marP_TB_VLS/WC/williamhconrad4/OpenVS-main/experiments/E3L_6DO3/screening/inputs/validationset/E3L_6DO3_validation_chunk50/tar_params_validation_0_494.tar
Saved: /lus/eagle/projects/marP_TB_VLS/WC/williamhconrad4/OpenVS-main/experiments/E3L_6DO3/screening/inputs/validationset/E3L_6DO3_validation_chunk50/ligands_list_validation_0_494.txt
Saved: /lus/eagle/projects/marP_TB_VLS/WC/williamhconrad4/OpenVS-main/experiments/E3L_6DO3/screening/inputs/validationset/E3L_6DO3_validation_chunk50/flags_params_validation_0_494.flags
Saved: /lus/eagle/projects/marP_TB_VLS/WC/williamhconrad4/OpenVS-main/experiments/E3L_6DO3/screening/inputs/validationset/E3L_6DO3_validation_chunk50/tar_params_validation_0_495.tar
Saved: /lus/eagle/projects/marP_TB_VLS/WC/williamhconrad4/OpenVS-main/experiments/E3L_6DO3/screening/inputs/validationset/E3L_6DO3_validation_chunk50/ligands_list_validation_0_495.txt
Saved: /lus/eagle/projects/marP_TB_VLS/WC/williamhconrad4/OpenVS-main/experiments/E3L_6DO3/screening/inputs/validationset/E3L_6DO3_validation_chunk50/flags_params_validation_0_495.flags
Saved: /lus/eagle/projects/marP_TB_VLS/WC/williamhconrad4/OpenVS-main/experiments/E3L_6DO3/screening/inputs/validationset/E3L_6DO3_validation_chunk50/tar_params_validation_0_496.tar
Saved: /lus/eagle/projects/marP_TB_VLS/WC/williamhconrad4/OpenVS-main/experiments/E3L_6DO3/screening/inputs/validationset/E3L_6DO3_validation_chunk50/ligands_list_validation_0_496.txt
Saved: /lus/eagle/projects/marP_TB_VLS/WC/williamhconrad4/OpenVS-main/experiments/E3L_6DO3/screening/inputs/validationset/E3L_6DO3_validation_chunk50/flags_params_validation_0_496.flags
Saved: /lus/eagle/projects/marP_TB_VLS/WC/williamhconrad4/OpenVS-main/experiments/E3L_6DO3/screening/inputs/validationset/E3L_6DO3_validation_chunk50/tar_params_validation_0_497.tar
Saved: /lus/eagle/projects/marP_TB_VLS/WC/williamhconrad4/OpenVS-main/experiments/E3L_6DO3/screening/inputs/validationset/E3L_6DO3_validation_chunk50/ligands_list_validation_0_497.txt
Saved: /lus/eagle/projects/marP_TB_VLS/WC/williamhconrad4/OpenVS-main/experiments/E3L_6DO3/screening/inputs/validationset/E3L_6DO3_validation_chunk50/flags_params_validation_0_497.flags
Saved: /lus/eagle/projects/marP_TB_VLS/WC/williamhconrad4/OpenVS-main/experiments/E3L_6DO3/screening/inputs/validationset/E3L_6DO3_validation_chunk50/tar_params_validation_0_498.tar
Saved: /lus/eagle/projects/marP_TB_VLS/WC/williamhconrad4/OpenVS-main/experiments/E3L_6DO3/screening/inputs/validationset/E3L_6DO3_validation_chunk50/ligands_list_validation_0_498.txt
Saved: /lus/eagle/projects/marP_TB_VLS/WC/williamhconrad4/OpenVS-main/experiments/E3L_6DO3/screening/inputs/validationset/E3L_6DO3_validation_chunk50/flags_params_validation_0_498.flags
Saved: /lus/eagle/projects/marP_TB_VLS/WC/williamhconrad4/OpenVS-main/experiments/E3L_6DO3/screening/inputs/validationset/E3L_6DO3_validation_chunk50/tar_params_validation_0_499.tar
Saved: /lus/eagle/projects/marP_TB_VLS/WC/williamhconrad4/OpenVS-main/experiments/E3L_6DO3/screening/inputs/validationset/E3L_6DO3_validation_chunk50/ligands_list_validation_0_499.txt
Saved: /lus/eagle/projects/marP_TB_VLS/WC/williamhconrad4/OpenVS-main/experiments/E3L_6DO3/screening/inputs/validationset/E3L_6DO3_validation_chunk50/flags_params_validation_0_499.flags
Saved: /lus/eagle/projects/marP_TB_VLS/WC/williamhconrad4/OpenVS-main/experiments/E3L_6DO3/screening/inputs/validationset/E3L_6DO3_validation_chunk50/tar_params_validation_0_500.tar
Saved: /lus/eagle/projects/marP_TB_VLS/WC/williamhconrad4/OpenVS-main/experiments/E3L_6DO3/screening/inputs/validationset/E3L_6DO3_validation_chunk50/ligands_list_validation_0_500.txt
Saved: /lus/eagle/projects/marP_TB_VLS/WC/williamhconrad4/OpenVS-main/experiments/E3L_6DO3/screening/inputs/validationset/E3L_6DO3_validation_chunk50/flags_params_validation_0_500.flags
Saved: /lus/eagle/projects/marP_TB_VLS/WC/williamhconrad4/OpenVS-main/experiments/E3L_6DO3/screening/inputs/validationset/E3L_6DO3_validation_chunk50/tar_params_validation_0_501.tar
Saved: /lus/eagle/projects/marP_TB_VLS/WC/williamhconrad4/OpenVS-main/experiments/E3L_6DO3/screening/inputs/validationset/E3L_6DO3_validation_chunk50/ligands_list_validation_0_501.txt
Saved: /lus/eagle/projects/marP_TB_VLS/WC/williamhconrad4/OpenVS-main/experiments/E3L_6DO3/screening/inputs/validationset/E3L_6DO3_validation_chunk50/flags_params_validation_0_501.flags
Saved: /lus/eagle/projects/marP_TB_VLS/WC/williamhconrad4/OpenVS-main/experiments/E3L_6DO3/screening/inputs/validationset/E3L_6DO3_validation_chunk50/tar_params_validation_0_502.tar
Saved: /lus/eagle/projects/marP_TB_VLS/WC/williamhconrad4/OpenVS-main/experiments/E3L_6DO3/screening/inputs/validationset/E3L_6DO3_validation_chunk50/ligands_list_validation_0_502.txt
Saved: /lus/eagle/projects/marP_TB_VLS/WC/williamhconrad4/OpenVS-main/experiments/E3L_6DO3/screening/inputs/validationset/E3L_6DO3_validation_chunk50/flags_params_validation_0_502.flags
Saved: /lus/eagle/projects/marP_TB_VLS/WC/williamhconrad4/OpenVS-main/experiments/E3L_6DO3/screening/inputs/validationset/E3L_6DO3_validation_chunk50/tar_params_validation_0_503.tar
Saved: /lus/eagle/projects/marP_TB_VLS/WC/williamhconrad4/OpenVS-main/experiments/E3L_6DO3/screening/inputs/validationset/E3L_6DO3_validation_chunk50/ligands_list_validation_0_503.txt
Saved: /lus/eagle/projects/marP_TB_VLS/WC/williamhconrad4/OpenVS-main/experiments/E3L_6DO3/screening/inputs/validationset/E3L_6DO3_validation_chunk50/flags_params_validation_0_503.flags
Saved: /lus/eagle/projects/marP_TB_VLS/WC/williamhconrad4/OpenVS-main/experiments/E3L_6DO3/screening/inputs/validationset/E3L_6DO3_validation_chunk50/tar_params_validation_0_504.tar
Saved: /lus/eagle/projects/marP_TB_VLS/WC/williamhconrad4/OpenVS-main/experiments/E3L_6DO3/screening/inputs/validationset/E3L_6DO3_validation_chunk50/ligands_list_validation_0_504.txt
Saved: /lus/eagle/projects/marP_TB_VLS/WC/williamhconrad4/OpenVS-main/experiments/E3L_6DO3/screening/inputs/validationset/E3L_6DO3_validation_chunk50/flags_params_validation_0_504.flags
Saved: /lus/eagle/projects/marP_TB_VLS/WC/williamhconrad4/OpenVS-main/experiments/E3L_6DO3/screening/inputs/validationset/E3L_6DO3_validation_chunk50/tar_params_validation_0_505.tar
Saved: /lus/eagle/projects/marP_TB_VLS/WC/williamhconrad4/OpenVS-main/experiments/E3L_6DO3/screening/inputs/validationset/E3L_6DO3_validation_chunk50/ligands_list_validation_0_505.txt
Saved: /lus/eagle/projects/marP_TB_VLS/WC/williamhconrad4/OpenVS-main/experiments/E3L_6DO3/screening/inputs/validationset/E3L_6DO3_validation_chunk50/flags_params_validation_0_505.flags
Saved: /lus/eagle/projects/marP_TB_VLS/WC/williamhconrad4/OpenVS-main/experiments/E3L_6DO3/screening/inputs/validationset/E3L_6DO3_validation_chunk50/tar_params_validation_0_506.tar
Saved: /lus/eagle/projects/marP_TB_VLS/WC/williamhconrad4/OpenVS-main/experiments/E3L_6DO3/screening/inputs/validationset/E3L_6DO3_validation_chunk50/ligands_list_validation_0_506.txt
Saved: /lus/eagle/projects/marP_TB_VLS/WC/williamhconrad4/OpenVS-main/experiments/E3L_6DO3/screening/inputs/validationset/E3L_6DO3_validation_chunk50/flags_params_validation_0_506.flags
Saved: /lus/eagle/projects/marP_TB_VLS/WC/williamhconrad4/OpenVS-main/experiments/E3L_6DO3/screening/inputs/validationset/E3L_6DO3_validation_chunk50/tar_params_validation_0_507.tar
Saved: /lus/eagle/projects/marP_TB_VLS/WC/williamhconrad4/OpenVS-main/experiments/E3L_6DO3/screening/inputs/validationset/E3L_6DO3_validation_chunk50/ligands_list_validation_0_507.txt
Saved: /lus/eagle/projects/marP_TB_VLS/WC/williamhconrad4/OpenVS-main/experiments/E3L_6DO3/screening/inputs/validationset/E3L_6DO3_validation_chunk50/flags_params_validation_0_507.flags
Saved: /lus/eagle/projects/marP_TB_VLS/WC/williamhconrad4/OpenVS-main/experiments/E3L_6DO3/screening/inputs/validationset/E3L_6DO3_validation_chunk50/tar_params_validation_0_508.tar
Saved: /lus/eagle/projects/marP_TB_VLS/WC/williamhconrad4/OpenVS-main/experiments/E3L_6DO3/screening/inputs/validationset/E3L_6DO3_validation_chunk50/ligands_list_validation_0_508.txt
Saved: /lus/eagle/projects/marP_TB_VLS/WC/williamhconrad4/OpenVS-main/experiments/E3L_6DO3/screening/inputs/validationset/E3L_6DO3_validation_chunk50/flags_params_validation_0_508.flags
Saved: /lus/eagle/projects/marP_TB_VLS/WC/williamhconrad4/OpenVS-main/experiments/E3L_6DO3/screening/inputs/validationset/E3L_6DO3_validation_chunk50/tar_params_validation_0_509.tar
Saved: /lus/eagle/projects/marP_TB_VLS/WC/williamhconrad4/OpenVS-main/experiments/E3L_6DO3/screening/inputs/validationset/E3L_6DO3_validation_chunk50/ligands_list_validation_0_509.txt
Saved: /lus/eagle/projects/marP_TB_VLS/WC/williamhconrad4/OpenVS-main/experiments/E3L_6DO3/screening/inputs/validationset/E3L_6DO3_validation_chunk50/flags_params_validation_0_509.flags
Saved: /lus/eagle/projects/marP_TB_VLS/WC/williamhconrad4/OpenVS-main/experiments/E3L_6DO3/screening/inputs/validationset/E3L_6DO3_validation_chunk50/tar_params_validation_0_510.tar
Saved: /lus/eagle/projects/marP_TB_VLS/WC/williamhconrad4/OpenVS-main/experiments/E3L_6DO3/screening/inputs/validationset/E3L_6DO3_validation_chunk50/ligands_list_validation_0_510.txt
Saved: /lus/eagle/projects/marP_TB_VLS/WC/williamhconrad4/OpenVS-main/experiments/E3L_6DO3/screening/inputs/validationset/E3L_6DO3_validation_chunk50/flags_params_validation_0_510.flags
Saved: /lus/eagle/projects/marP_TB_VLS/WC/williamhconrad4/OpenVS-main/experiments/E3L_6DO3/screening/inputs/validationset/E3L_6DO3_validation_chunk50/tar_params_validation_0_511.tar
Saved: /lus/eagle/projects/marP_TB_VLS/WC/williamhconrad4/OpenVS-main/experiments/E3L_6DO3/screening/inputs/validationset/E3L_6DO3_validation_chunk50/ligands_list_validation_0_511.txt
Saved: /lus/eagle/projects/marP_TB_VLS/WC/williamhconrad4/OpenVS-main/experiments/E3L_6DO3/screening/inputs/validationset/E3L_6DO3_validation_chunk50/flags_params_validation_0_511.flags
Saved: /lus/eagle/projects/marP_TB_VLS/WC/williamhconrad4/OpenVS-main/experiments/E3L_6DO3/screening/inputs/validationset/E3L_6DO3_validation_chunk50/tar_params_validation_0_512.tar
Saved: /lus/eagle/projects/marP_TB_VLS/WC/williamhconrad4/OpenVS-main/experiments/E3L_6DO3/screening/inputs/validationset/E3L_6DO3_validation_chunk50/ligands_list_validation_0_512.txt
Saved: /lus/eagle/projects/marP_TB_VLS/WC/williamhconrad4/OpenVS-main/experiments/E3L_6DO3/screening/inputs/validationset/E3L_6DO3_validation_chunk50/flags_params_validation_0_512.flags
Saved: /lus/eagle/projects/marP_TB_VLS/WC/williamhconrad4/OpenVS-main/experiments/E3L_6DO3/screening/inputs/validationset/E3L_6DO3_validation_chunk50/tar_params_validation_0_513.tar
Saved: /lus/eagle/projects/marP_TB_VLS/WC/williamhconrad4/OpenVS-main/experiments/E3L_6DO3/screening/inputs/validationset/E3L_6DO3_validation_chunk50/ligands_list_validation_0_513.txt
Saved: /lus/eagle/projects/marP_TB_VLS/WC/williamhconrad4/OpenVS-main/experiments/E3L_6DO3/screening/inputs/validationset/E3L_6DO3_validation_chunk50/flags_params_validation_0_513.flags
Saved: /lus/eagle/projects/marP_TB_VLS/WC/williamhconrad4/OpenVS-main/experiments/E3L_6DO3/screening/inputs/validationset/E3L_6DO3_validation_chunk50/tar_params_validation_0_514.tar
Saved: /lus/eagle/projects/marP_TB_VLS/WC/williamhconrad4/OpenVS-main/experiments/E3L_6DO3/screening/inputs/validationset/E3L_6DO3_validation_chunk50/ligands_list_validation_0_514.txt
Saved: /lus/eagle/projects/marP_TB_VLS/WC/williamhconrad4/OpenVS-main/experiments/E3L_6DO3/screening/inputs/validationset/E3L_6DO3_validation_chunk50/flags_params_validation_0_514.flags
Saved: /lus/eagle/projects/marP_TB_VLS/WC/williamhconrad4/OpenVS-main/experiments/E3L_6DO3/screening/inputs/validationset/E3L_6DO3_validation_chunk50/tar_params_validation_0_515.tar
Saved: /lus/eagle/projects/marP_TB_VLS/WC/williamhconrad4/OpenVS-main/experiments/E3L_6DO3/screening/inputs/validationset/E3L_6DO3_validation_chunk50/ligands_list_validation_0_515.txt
Saved: /lus/eagle/projects/marP_TB_VLS/WC/williamhconrad4/OpenVS-main/experiments/E3L_6DO3/screening/inputs/validationset/E3L_6DO3_validation_chunk50/flags_params_validation_0_515.flags
Saved: /lus/eagle/projects/marP_TB_VLS/WC/williamhconrad4/OpenVS-main/experiments/E3L_6DO3/screening/inputs/validationset/E3L_6DO3_validation_chunk50/tar_params_validation_0_516.tar
Saved: /lus/eagle/projects/marP_TB_VLS/WC/williamhconrad4/OpenVS-main/experiments/E3L_6DO3/screening/inputs/validationset/E3L_6DO3_validation_chunk50/ligands_list_validation_0_516.txt
Saved: /lus/eagle/projects/marP_TB_VLS/WC/williamhconrad4/OpenVS-main/experiments/E3L_6DO3/screening/inputs/validationset/E3L_6DO3_validation_chunk50/flags_params_validation_0_516.flags
Saved: /lus/eagle/projects/marP_TB_VLS/WC/williamhconrad4/OpenVS-main/experiments/E3L_6DO3/screening/inputs/validationset/E3L_6DO3_validation_chunk50/tar_params_validation_0_517.tar
Saved: /lus/eagle/projects/marP_TB_VLS/WC/williamhconrad4/OpenVS-main/experiments/E3L_6DO3/screening/inputs/validationset/E3L_6DO3_validation_chunk50/ligands_list_validation_0_517.txt
Saved: /lus/eagle/projects/marP_TB_VLS/WC/williamhconrad4/OpenVS-main/experiments/E3L_6DO3/screening/inputs/validationset/E3L_6DO3_validation_chunk50/flags_params_validation_0_517.flags
Saved: /lus/eagle/projects/marP_TB_VLS/WC/williamhconrad4/OpenVS-main/experiments/E3L_6DO3/screening/inputs/validationset/E3L_6DO3_validation_chunk50/tar_params_validation_0_518.tar
Saved: /lus/eagle/projects/marP_TB_VLS/WC/williamhconrad4/OpenVS-main/experiments/E3L_6DO3/screening/inputs/validationset/E3L_6DO3_validation_chunk50/ligands_list_validation_0_518.txt
Saved: /lus/eagle/projects/marP_TB_VLS/WC/williamhconrad4/OpenVS-main/experiments/E3L_6DO3/screening/inputs/validationset/E3L_6DO3_validation_chunk50/flags_params_validation_0_518.flags
Saved: /lus/eagle/projects/marP_TB_VLS/WC/williamhconrad4/OpenVS-main/experiments/E3L_6DO3/screening/inputs/validationset/E3L_6DO3_validation_chunk50/tar_params_validation_0_519.tar
Saved: /lus/eagle/projects/marP_TB_VLS/WC/williamhconrad4/OpenVS-main/experiments/E3L_6DO3/screening/inputs/validationset/E3L_6DO3_validation_chunk50/ligands_list_validation_0_519.txt
Saved: /lus/eagle/projects/marP_TB_VLS/WC/williamhconrad4/OpenVS-main/experiments/E3L_6DO3/screening/inputs/validationset/E3L_6DO3_validation_chunk50/flags_params_validation_0_519.flags
Saved: /lus/eagle/projects/marP_TB_VLS/WC/williamhconrad4/OpenVS-main/experiments/E3L_6DO3/screening/inputs/validationset/E3L_6DO3_validation_chunk50/tar_params_validation_0_520.tar
Saved: /lus/eagle/projects/marP_TB_VLS/WC/williamhconrad4/OpenVS-main/experiments/E3L_6DO3/screening/inputs/validationset/E3L_6DO3_validation_chunk50/ligands_list_validation_0_520.txt
Saved: /lus/eagle/projects/marP_TB_VLS/WC/williamhconrad4/OpenVS-main/experiments/E3L_6DO3/screening/inputs/validationset/E3L_6DO3_validation_chunk50/flags_params_validation_0_520.flags
Saved: /lus/eagle/projects/marP_TB_VLS/WC/williamhconrad4/OpenVS-main/experiments/E3L_6DO3/screening/inputs/validationset/E3L_6DO3_validation_chunk50/tar_params_validation_0_521.tar
Saved: /lus/eagle/projects/marP_TB_VLS/WC/williamhconrad4/OpenVS-main/experiments/E3L_6DO3/screening/inputs/validationset/E3L_6DO3_validation_chunk50/ligands_list_validation_0_521.txt
Saved: /lus/eagle/projects/marP_TB_VLS/WC/williamhconrad4/OpenVS-main/experiments/E3L_6DO3/screening/inputs/validationset/E3L_6DO3_validation_chunk50/flags_params_validation_0_521.flags
Saved: /lus/eagle/projects/marP_TB_VLS/WC/williamhconrad4/OpenVS-main/experiments/E3L_6DO3/screening/inputs/validationset/E3L_6DO3_validation_chunk50/tar_params_validation_0_522.tar
Saved: /lus/eagle/projects/marP_TB_VLS/WC/williamhconrad4/OpenVS-main/experiments/E3L_6DO3/screening/inputs/validationset/E3L_6DO3_validation_chunk50/ligands_list_validation_0_522.txt
Saved: /lus/eagle/projects/marP_TB_VLS/WC/williamhconrad4/OpenVS-main/experiments/E3L_6DO3/screening/inputs/validationset/E3L_6DO3_validation_chunk50/flags_params_validation_0_522.flags
Saved: /lus/eagle/projects/marP_TB_VLS/WC/williamhconrad4/OpenVS-main/experiments/E3L_6DO3/screening/inputs/validationset/E3L_6DO3_validation_chunk50/tar_params_validation_0_523.tar
Saved: /lus/eagle/projects/marP_TB_VLS/WC/williamhconrad4/OpenVS-main/experiments/E3L_6DO3/screening/inputs/validationset/E3L_6DO3_validation_chunk50/ligands_list_validation_0_523.txt
Saved: /lus/eagle/projects/marP_TB_VLS/WC/williamhconrad4/OpenVS-main/experiments/E3L_6DO3/screening/inputs/validationset/E3L_6DO3_validation_chunk50/flags_params_validation_0_523.flags
Saved: /lus/eagle/projects/marP_TB_VLS/WC/williamhconrad4/OpenVS-main/experiments/E3L_6DO3/screening/inputs/validationset/E3L_6DO3_validation_chunk50/tar_params_validation_0_524.tar
Saved: /lus/eagle/projects/marP_TB_VLS/WC/williamhconrad4/OpenVS-main/experiments/E3L_6DO3/screening/inputs/validationset/E3L_6DO3_validation_chunk50/ligands_list_validation_0_524.txt
Saved: /lus/eagle/projects/marP_TB_VLS/WC/williamhconrad4/OpenVS-main/experiments/E3L_6DO3/screening/inputs/validationset/E3L_6DO3_validation_chunk50/flags_params_validation_0_524.flags
Saved: /lus/eagle/projects/marP_TB_VLS/WC/williamhconrad4/OpenVS-main/experiments/E3L_6DO3/screening/inputs/validationset/E3L_6DO3_validation_chunk50/tar_params_validation_0_525.tar
Saved: /lus/eagle/projects/marP_TB_VLS/WC/williamhconrad4/OpenVS-main/experiments/E3L_6DO3/screening/inputs/validationset/E3L_6DO3_validation_chunk50/ligands_list_validation_0_525.txt
Saved: /lus/eagle/projects/marP_TB_VLS/WC/williamhconrad4/OpenVS-main/experiments/E3L_6DO3/screening/inputs/validationset/E3L_6DO3_validation_chunk50/flags_params_validation_0_525.flags
Saved: /lus/eagle/projects/marP_TB_VLS/WC/williamhconrad4/OpenVS-main/experiments/E3L_6DO3/screening/inputs/validationset/E3L_6DO3_validation_chunk50/tar_params_validation_0_526.tar
Saved: /lus/eagle/projects/marP_TB_VLS/WC/williamhconrad4/OpenVS-main/experiments/E3L_6DO3/screening/inputs/validationset/E3L_6DO3_validation_chunk50/ligands_list_validation_0_526.txt
Saved: /lus/eagle/projects/marP_TB_VLS/WC/williamhconrad4/OpenVS-main/experiments/E3L_6DO3/screening/inputs/validationset/E3L_6DO3_validation_chunk50/flags_params_validation_0_526.flags
Saved: /lus/eagle/projects/marP_TB_VLS/WC/williamhconrad4/OpenVS-main/experiments/E3L_6DO3/screening/inputs/validationset/E3L_6DO3_validation_chunk50/tar_params_validation_0_527.tar
Saved: /lus/eagle/projects/marP_TB_VLS/WC/williamhconrad4/OpenVS-main/experiments/E3L_6DO3/screening/inputs/validationset/E3L_6DO3_validation_chunk50/ligands_list_validation_0_527.txt
Saved: /lus/eagle/projects/marP_TB_VLS/WC/williamhconrad4/OpenVS-main/experiments/E3L_6DO3/screening/inputs/validationset/E3L_6DO3_validation_chunk50/flags_params_validation_0_527.flags
Saved: /lus/eagle/projects/marP_TB_VLS/WC/williamhconrad4/OpenVS-main/experiments/E3L_6DO3/screening/inputs/validationset/E3L_6DO3_validation_chunk50/tar_params_validation_0_528.tar
Saved: /lus/eagle/projects/marP_TB_VLS/WC/williamhconrad4/OpenVS-main/experiments/E3L_6DO3/screening/inputs/validationset/E3L_6DO3_validation_chunk50/ligands_list_validation_0_528.txt
Saved: /lus/eagle/projects/marP_TB_VLS/WC/williamhconrad4/OpenVS-main/experiments/E3L_6DO3/screening/inputs/validationset/E3L_6DO3_validation_chunk50/flags_params_validation_0_528.flags
Saved: /lus/eagle/projects/marP_TB_VLS/WC/williamhconrad4/OpenVS-main/experiments/E3L_6DO3/screening/inputs/validationset/E3L_6DO3_validation_chunk50/tar_params_validation_0_529.tar
Saved: /lus/eagle/projects/marP_TB_VLS/WC/williamhconrad4/OpenVS-main/experiments/E3L_6DO3/screening/inputs/validationset/E3L_6DO3_validation_chunk50/ligands_list_validation_0_529.txt
Saved: /lus/eagle/projects/marP_TB_VLS/WC/williamhconrad4/OpenVS-main/experiments/E3L_6DO3/screening/inputs/validationset/E3L_6DO3_validation_chunk50/flags_params_validation_0_529.flags
Saved: /lus/eagle/projects/marP_TB_VLS/WC/williamhconrad4/OpenVS-main/experiments/E3L_6DO3/screening/inputs/validationset/E3L_6DO3_validation_chunk50/tar_params_validation_0_530.tar
Saved: /lus/eagle/projects/marP_TB_VLS/WC/williamhconrad4/OpenVS-main/experiments/E3L_6DO3/screening/inputs/validationset/E3L_6DO3_validation_chunk50/ligands_list_validation_0_530.txt
Saved: /lus/eagle/projects/marP_TB_VLS/WC/williamhconrad4/OpenVS-main/experiments/E3L_6DO3/screening/inputs/validationset/E3L_6DO3_validation_chunk50/flags_params_validation_0_530.flags
Saved: /lus/eagle/projects/marP_TB_VLS/WC/williamhconrad4/OpenVS-main/experiments/E3L_6DO3/screening/inputs/validationset/E3L_6DO3_validation_chunk50/tar_params_validation_0_531.tar
Saved: /lus/eagle/projects/marP_TB_VLS/WC/williamhconrad4/OpenVS-main/experiments/E3L_6DO3/screening/inputs/validationset/E3L_6DO3_validation_chunk50/ligands_list_validation_0_531.txt
Saved: /lus/eagle/projects/marP_TB_VLS/WC/williamhconrad4/OpenVS-main/experiments/E3L_6DO3/screening/inputs/validationset/E3L_6DO3_validation_chunk50/flags_params_validation_0_531.flags
Saved: /lus/eagle/projects/marP_TB_VLS/WC/williamhconrad4/OpenVS-main/experiments/E3L_6DO3/screening/inputs/validationset/E3L_6DO3_validation_chunk50/tar_params_validation_0_532.tar
Saved: /lus/eagle/projects/marP_TB_VLS/WC/williamhconrad4/OpenVS-main/experiments/E3L_6DO3/screening/inputs/validationset/E3L_6DO3_validation_chunk50/ligands_list_validation_0_532.txt
Saved: /lus/eagle/projects/marP_TB_VLS/WC/williamhconrad4/OpenVS-main/experiments/E3L_6DO3/screening/inputs/validationset/E3L_6DO3_validation_chunk50/flags_params_validation_0_532.flags
Saved: /lus/eagle/projects/marP_TB_VLS/WC/williamhconrad4/OpenVS-main/experiments/E3L_6DO3/screening/inputs/validationset/E3L_6DO3_validation_chunk50/tar_params_validation_0_533.tar
Saved: /lus/eagle/projects/marP_TB_VLS/WC/williamhconrad4/OpenVS-main/experiments/E3L_6DO3/screening/inputs/validationset/E3L_6DO3_validation_chunk50/ligands_list_validation_0_533.txt
Saved: /lus/eagle/projects/marP_TB_VLS/WC/williamhconrad4/OpenVS-main/experiments/E3L_6DO3/screening/inputs/validationset/E3L_6DO3_validation_chunk50/flags_params_validation_0_533.flags
Saved: /lus/eagle/projects/marP_TB_VLS/WC/williamhconrad4/OpenVS-main/experiments/E3L_6DO3/screening/inputs/validationset/E3L_6DO3_validation_chunk50/tar_params_validation_0_534.tar
Saved: /lus/eagle/projects/marP_TB_VLS/WC/williamhconrad4/OpenVS-main/experiments/E3L_6DO3/screening/inputs/validationset/E3L_6DO3_validation_chunk50/ligands_list_validation_0_534.txt
Saved: /lus/eagle/projects/marP_TB_VLS/WC/williamhconrad4/OpenVS-main/experiments/E3L_6DO3/screening/inputs/validationset/E3L_6DO3_validation_chunk50/flags_params_validation_0_534.flags
Saved: /lus/eagle/projects/marP_TB_VLS/WC/williamhconrad4/OpenVS-main/experiments/E3L_6DO3/screening/inputs/validationset/E3L_6DO3_validation_chunk50/tar_params_validation_0_535.tar
Saved: /lus/eagle/projects/marP_TB_VLS/WC/williamhconrad4/OpenVS-main/experiments/E3L_6DO3/screening/inputs/validationset/E3L_6DO3_validation_chunk50/ligands_list_validation_0_535.txt
Saved: /lus/eagle/projects/marP_TB_VLS/WC/williamhconrad4/OpenVS-main/experiments/E3L_6DO3/screening/inputs/validationset/E3L_6DO3_validation_chunk50/flags_params_validation_0_535.flags
Saved: /lus/eagle/projects/marP_TB_VLS/WC/williamhconrad4/OpenVS-main/experiments/E3L_6DO3/screening/inputs/validationset/E3L_6DO3_validation_chunk50/tar_params_validation_0_536.tar
Saved: /lus/eagle/projects/marP_TB_VLS/WC/williamhconrad4/OpenVS-main/experiments/E3L_6DO3/screening/inputs/validationset/E3L_6DO3_validation_chunk50/ligands_list_validation_0_536.txt
Saved: /lus/eagle/projects/marP_TB_VLS/WC/williamhconrad4/OpenVS-main/experiments/E3L_6DO3/screening/inputs/validationset/E3L_6DO3_validation_chunk50/flags_params_validation_0_536.flags
Saved: /lus/eagle/projects/marP_TB_VLS/WC/williamhconrad4/OpenVS-main/experiments/E3L_6DO3/screening/inputs/validationset/E3L_6DO3_validation_chunk50/tar_params_validation_0_537.tar
Saved: /lus/eagle/projects/marP_TB_VLS/WC/williamhconrad4/OpenVS-main/experiments/E3L_6DO3/screening/inputs/validationset/E3L_6DO3_validation_chunk50/ligands_list_validation_0_537.txt
Saved: /lus/eagle/projects/marP_TB_VLS/WC/williamhconrad4/OpenVS-main/experiments/E3L_6DO3/screening/inputs/validationset/E3L_6DO3_validation_chunk50/flags_params_validation_0_537.flags
Saved: /lus/eagle/projects/marP_TB_VLS/WC/williamhconrad4/OpenVS-main/experiments/E3L_6DO3/screening/inputs/validationset/E3L_6DO3_validation_chunk50/tar_params_validation_0_538.tar
Saved: /lus/eagle/projects/marP_TB_VLS/WC/williamhconrad4/OpenVS-main/experiments/E3L_6DO3/screening/inputs/validationset/E3L_6DO3_validation_chunk50/ligands_list_validation_0_538.txt
Saved: /lus/eagle/projects/marP_TB_VLS/WC/williamhconrad4/OpenVS-main/experiments/E3L_6DO3/screening/inputs/validationset/E3L_6DO3_validation_chunk50/flags_params_validation_0_538.flags
Saved: /lus/eagle/projects/marP_TB_VLS/WC/williamhconrad4/OpenVS-main/experiments/E3L_6DO3/screening/inputs/validationset/E3L_6DO3_validation_chunk50/tar_params_validation_0_539.tar
Saved: /lus/eagle/projects/marP_TB_VLS/WC/williamhconrad4/OpenVS-main/experiments/E3L_6DO3/screening/inputs/validationset/E3L_6DO3_validation_chunk50/ligands_list_validation_0_539.txt
Saved: /lus/eagle/projects/marP_TB_VLS/WC/williamhconrad4/OpenVS-main/experiments/E3L_6DO3/screening/inputs/validationset/E3L_6DO3_validation_chunk50/flags_params_validation_0_539.flags
Saved: /lus/eagle/projects/marP_TB_VLS/WC/williamhconrad4/OpenVS-main/experiments/E3L_6DO3/screening/inputs/validationset/E3L_6DO3_validation_chunk50/tar_params_validation_0_540.tar
Saved: /lus/eagle/projects/marP_TB_VLS/WC/williamhconrad4/OpenVS-main/experiments/E3L_6DO3/screening/inputs/validationset/E3L_6DO3_validation_chunk50/ligands_list_validation_0_540.txt
Saved: /lus/eagle/projects/marP_TB_VLS/WC/williamhconrad4/OpenVS-main/experiments/E3L_6DO3/screening/inputs/validationset/E3L_6DO3_validation_chunk50/flags_params_validation_0_540.flags
Saved: /lus/eagle/projects/marP_TB_VLS/WC/williamhconrad4/OpenVS-main/experiments/E3L_6DO3/screening/inputs/validationset/E3L_6DO3_validation_chunk50/tar_params_validation_0_541.tar
Saved: /lus/eagle/projects/marP_TB_VLS/WC/williamhconrad4/OpenVS-main/experiments/E3L_6DO3/screening/inputs/validationset/E3L_6DO3_validation_chunk50/ligands_list_validation_0_541.txt
Saved: /lus/eagle/projects/marP_TB_VLS/WC/williamhconrad4/OpenVS-main/experiments/E3L_6DO3/screening/inputs/validationset/E3L_6DO3_validation_chunk50/flags_params_validation_0_541.flags
Saved: /lus/eagle/projects/marP_TB_VLS/WC/williamhconrad4/OpenVS-main/experiments/E3L_6DO3/screening/inputs/validationset/E3L_6DO3_validation_chunk50/tar_params_validation_0_542.tar
Saved: /lus/eagle/projects/marP_TB_VLS/WC/williamhconrad4/OpenVS-main/experiments/E3L_6DO3/screening/inputs/validationset/E3L_6DO3_validation_chunk50/ligands_list_validation_0_542.txt
Saved: /lus/eagle/projects/marP_TB_VLS/WC/williamhconrad4/OpenVS-main/experiments/E3L_6DO3/screening/inputs/validationset/E3L_6DO3_validation_chunk50/flags_params_validation_0_542.flags
Saved: /lus/eagle/projects/marP_TB_VLS/WC/williamhconrad4/OpenVS-main/experiments/E3L_6DO3/screening/inputs/validationset/E3L_6DO3_validation_chunk50/tar_params_validation_0_543.tar
Saved: /lus/eagle/projects/marP_TB_VLS/WC/williamhconrad4/OpenVS-main/experiments/E3L_6DO3/screening/inputs/validationset/E3L_6DO3_validation_chunk50/ligands_list_validation_0_543.txt
Saved: /lus/eagle/projects/marP_TB_VLS/WC/williamhconrad4/OpenVS-main/experiments/E3L_6DO3/screening/inputs/validationset/E3L_6DO3_validation_chunk50/flags_params_validation_0_543.flags
Saved: /lus/eagle/projects/marP_TB_VLS/WC/williamhconrad4/OpenVS-main/experiments/E3L_6DO3/screening/inputs/validationset/E3L_6DO3_validation_chunk50/tar_params_validation_0_544.tar
Saved: /lus/eagle/projects/marP_TB_VLS/WC/williamhconrad4/OpenVS-main/experiments/E3L_6DO3/screening/inputs/validationset/E3L_6DO3_validation_chunk50/ligands_list_validation_0_544.txt
Saved: /lus/eagle/projects/marP_TB_VLS/WC/williamhconrad4/OpenVS-main/experiments/E3L_6DO3/screening/inputs/validationset/E3L_6DO3_validation_chunk50/flags_params_validation_0_544.flags
Saved: /lus/eagle/projects/marP_TB_VLS/WC/williamhconrad4/OpenVS-main/experiments/E3L_6DO3/screening/inputs/validationset/E3L_6DO3_validation_chunk50/tar_params_validation_0_545.tar
Saved: /lus/eagle/projects/marP_TB_VLS/WC/williamhconrad4/OpenVS-main/experiments/E3L_6DO3/screening/inputs/validationset/E3L_6DO3_validation_chunk50/ligands_list_validation_0_545.txt
Saved: /lus/eagle/projects/marP_TB_VLS/WC/williamhconrad4/OpenVS-main/experiments/E3L_6DO3/screening/inputs/validationset/E3L_6DO3_validation_chunk50/flags_params_validation_0_545.flags
Saved: /lus/eagle/projects/marP_TB_VLS/WC/williamhconrad4/OpenVS-main/experiments/E3L_6DO3/screening/inputs/validationset/E3L_6DO3_validation_chunk50/tar_params_validation_0_546.tar
Saved: /lus/eagle/projects/marP_TB_VLS/WC/williamhconrad4/OpenVS-main/experiments/E3L_6DO3/screening/inputs/validationset/E3L_6DO3_validation_chunk50/ligands_list_validation_0_546.txt
Saved: /lus/eagle/projects/marP_TB_VLS/WC/williamhconrad4/OpenVS-main/experiments/E3L_6DO3/screening/inputs/validationset/E3L_6DO3_validation_chunk50/flags_params_validation_0_546.flags
Saved: /lus/eagle/projects/marP_TB_VLS/WC/williamhconrad4/OpenVS-main/experiments/E3L_6DO3/screening/inputs/validationset/E3L_6DO3_validation_chunk50/tar_params_validation_0_547.tar
Saved: /lus/eagle/projects/marP_TB_VLS/WC/williamhconrad4/OpenVS-main/experiments/E3L_6DO3/screening/inputs/validationset/E3L_6DO3_validation_chunk50/ligands_list_validation_0_547.txt
Saved: /lus/eagle/projects/marP_TB_VLS/WC/williamhconrad4/OpenVS-main/experiments/E3L_6DO3/screening/inputs/validationset/E3L_6DO3_validation_chunk50/flags_params_validation_0_547.flags
Saved: /lus/eagle/projects/marP_TB_VLS/WC/williamhconrad4/OpenVS-main/experiments/E3L_6DO3/screening/inputs/validationset/E3L_6DO3_validation_chunk50/tar_params_validation_0_548.tar
Saved: /lus/eagle/projects/marP_TB_VLS/WC/williamhconrad4/OpenVS-main/experiments/E3L_6DO3/screening/inputs/validationset/E3L_6DO3_validation_chunk50/ligands_list_validation_0_548.txt
Saved: /lus/eagle/projects/marP_TB_VLS/WC/williamhconrad4/OpenVS-main/experiments/E3L_6DO3/screening/inputs/validationset/E3L_6DO3_validation_chunk50/flags_params_validation_0_548.flags
Saved: /lus/eagle/projects/marP_TB_VLS/WC/williamhconrad4/OpenVS-main/experiments/E3L_6DO3/screening/inputs/validationset/E3L_6DO3_validation_chunk50/tar_params_validation_0_549.tar
Saved: /lus/eagle/projects/marP_TB_VLS/WC/williamhconrad4/OpenVS-main/experiments/E3L_6DO3/screening/inputs/validationset/E3L_6DO3_validation_chunk50/ligands_list_validation_0_549.txt
Saved: /lus/eagle/projects/marP_TB_VLS/WC/williamhconrad4/OpenVS-main/experiments/E3L_6DO3/screening/inputs/validationset/E3L_6DO3_validation_chunk50/flags_params_validation_0_549.flags
Saved: /lus/eagle/projects/marP_TB_VLS/WC/williamhconrad4/OpenVS-main/experiments/E3L_6DO3/screening/inputs/validationset/E3L_6DO3_validation_chunk50/tar_params_validation_0_550.tar
Saved: /lus/eagle/projects/marP_TB_VLS/WC/williamhconrad4/OpenVS-main/experiments/E3L_6DO3/screening/inputs/validationset/E3L_6DO3_validation_chunk50/ligands_list_validation_0_550.txt
Saved: /lus/eagle/projects/marP_TB_VLS/WC/williamhconrad4/OpenVS-main/experiments/E3L_6DO3/screening/inputs/validationset/E3L_6DO3_validation_chunk50/flags_params_validation_0_550.flags
Saved: /lus/eagle/projects/marP_TB_VLS/WC/williamhconrad4/OpenVS-main/experiments/E3L_6DO3/screening/inputs/validationset/E3L_6DO3_validation_chunk50/tar_params_validation_0_551.tar
Saved: /lus/eagle/projects/marP_TB_VLS/WC/williamhconrad4/OpenVS-main/experiments/E3L_6DO3/screening/inputs/validationset/E3L_6DO3_validation_chunk50/ligands_list_validation_0_551.txt
Saved: /lus/eagle/projects/marP_TB_VLS/WC/williamhconrad4/OpenVS-main/experiments/E3L_6DO3/screening/inputs/validationset/E3L_6DO3_validation_chunk50/flags_params_validation_0_551.flags
Saved: /lus/eagle/projects/marP_TB_VLS/WC/williamhconrad4/OpenVS-main/experiments/E3L_6DO3/screening/inputs/validationset/E3L_6DO3_validation_chunk50/tar_params_validation_0_552.tar
Saved: /lus/eagle/projects/marP_TB_VLS/WC/williamhconrad4/OpenVS-main/experiments/E3L_6DO3/screening/inputs/validationset/E3L_6DO3_validation_chunk50/ligands_list_validation_0_552.txt
Saved: /lus/eagle/projects/marP_TB_VLS/WC/williamhconrad4/OpenVS-main/experiments/E3L_6DO3/screening/inputs/validationset/E3L_6DO3_validation_chunk50/flags_params_validation_0_552.flags
Saved: /lus/eagle/projects/marP_TB_VLS/WC/williamhconrad4/OpenVS-main/experiments/E3L_6DO3/screening/inputs/validationset/E3L_6DO3_validation_chunk50/tar_params_validation_0_553.tar
Saved: /lus/eagle/projects/marP_TB_VLS/WC/williamhconrad4/OpenVS-main/experiments/E3L_6DO3/screening/inputs/validationset/E3L_6DO3_validation_chunk50/ligands_list_validation_0_553.txt
Saved: /lus/eagle/projects/marP_TB_VLS/WC/williamhconrad4/OpenVS-main/experiments/E3L_6DO3/screening/inputs/validationset/E3L_6DO3_validation_chunk50/flags_params_validation_0_553.flags
Saved: /lus/eagle/projects/marP_TB_VLS/WC/williamhconrad4/OpenVS-main/experiments/E3L_6DO3/screening/inputs/validationset/E3L_6DO3_validation_chunk50/tar_params_validation_0_554.tar
Saved: /lus/eagle/projects/marP_TB_VLS/WC/williamhconrad4/OpenVS-main/experiments/E3L_6DO3/screening/inputs/validationset/E3L_6DO3_validation_chunk50/ligands_list_validation_0_554.txt
Saved: /lus/eagle/projects/marP_TB_VLS/WC/williamhconrad4/OpenVS-main/experiments/E3L_6DO3/screening/inputs/validationset/E3L_6DO3_validation_chunk50/flags_params_validation_0_554.flags
Saved: /lus/eagle/projects/marP_TB_VLS/WC/williamhconrad4/OpenVS-main/experiments/E3L_6DO3/screening/inputs/validationset/E3L_6DO3_validation_chunk50/tar_params_validation_0_555.tar
Saved: /lus/eagle/projects/marP_TB_VLS/WC/williamhconrad4/OpenVS-main/experiments/E3L_6DO3/screening/inputs/validationset/E3L_6DO3_validation_chunk50/ligands_list_validation_0_555.txt
Saved: /lus/eagle/projects/marP_TB_VLS/WC/williamhconrad4/OpenVS-main/experiments/E3L_6DO3/screening/inputs/validationset/E3L_6DO3_validation_chunk50/flags_params_validation_0_555.flags
Saved: /lus/eagle/projects/marP_TB_VLS/WC/williamhconrad4/OpenVS-main/experiments/E3L_6DO3/screening/inputs/validationset/E3L_6DO3_validation_chunk50/tar_params_validation_0_556.tar
Saved: /lus/eagle/projects/marP_TB_VLS/WC/williamhconrad4/OpenVS-main/experiments/E3L_6DO3/screening/inputs/validationset/E3L_6DO3_validation_chunk50/ligands_list_validation_0_556.txt
Saved: /lus/eagle/projects/marP_TB_VLS/WC/williamhconrad4/OpenVS-main/experiments/E3L_6DO3/screening/inputs/validationset/E3L_6DO3_validation_chunk50/flags_params_validation_0_556.flags
Saved: /lus/eagle/projects/marP_TB_VLS/WC/williamhconrad4/OpenVS-main/experiments/E3L_6DO3/screening/inputs/validationset/E3L_6DO3_validation_chunk50/tar_params_validation_0_557.tar
Saved: /lus/eagle/projects/marP_TB_VLS/WC/williamhconrad4/OpenVS-main/experiments/E3L_6DO3/screening/inputs/validationset/E3L_6DO3_validation_chunk50/ligands_list_validation_0_557.txt
Saved: /lus/eagle/projects/marP_TB_VLS/WC/williamhconrad4/OpenVS-main/experiments/E3L_6DO3/screening/inputs/validationset/E3L_6DO3_validation_chunk50/flags_params_validation_0_557.flags
Saved: /lus/eagle/projects/marP_TB_VLS/WC/williamhconrad4/OpenVS-main/experiments/E3L_6DO3/screening/inputs/validationset/E3L_6DO3_validation_chunk50/tar_params_validation_0_558.tar
Saved: /lus/eagle/projects/marP_TB_VLS/WC/williamhconrad4/OpenVS-main/experiments/E3L_6DO3/screening/inputs/validationset/E3L_6DO3_validation_chunk50/ligands_list_validation_0_558.txt
Saved: /lus/eagle/projects/marP_TB_VLS/WC/williamhconrad4/OpenVS-main/experiments/E3L_6DO3/screening/inputs/validationset/E3L_6DO3_validation_chunk50/flags_params_validation_0_558.flags
Saved: /lus/eagle/projects/marP_TB_VLS/WC/williamhconrad4/OpenVS-main/experiments/E3L_6DO3/screening/inputs/validationset/E3L_6DO3_validation_chunk50/tar_params_validation_0_559.tar
Saved: /lus/eagle/projects/marP_TB_VLS/WC/williamhconrad4/OpenVS-main/experiments/E3L_6DO3/screening/inputs/validationset/E3L_6DO3_validation_chunk50/ligands_list_validation_0_559.txt
Saved: /lus/eagle/projects/marP_TB_VLS/WC/williamhconrad4/OpenVS-main/experiments/E3L_6DO3/screening/inputs/validationset/E3L_6DO3_validation_chunk50/flags_params_validation_0_559.flags
Saved: /lus/eagle/projects/marP_TB_VLS/WC/williamhconrad4/OpenVS-main/experiments/E3L_6DO3/screening/inputs/validationset/E3L_6DO3_validation_chunk50/tar_params_validation_0_560.tar
Saved: /lus/eagle/projects/marP_TB_VLS/WC/williamhconrad4/OpenVS-main/experiments/E3L_6DO3/screening/inputs/validationset/E3L_6DO3_validation_chunk50/ligands_list_validation_0_560.txt
Saved: /lus/eagle/projects/marP_TB_VLS/WC/williamhconrad4/OpenVS-main/experiments/E3L_6DO3/screening/inputs/validationset/E3L_6DO3_validation_chunk50/flags_params_validation_0_560.flags
Saved: /lus/eagle/projects/marP_TB_VLS/WC/williamhconrad4/OpenVS-main/experiments/E3L_6DO3/screening/inputs/validationset/E3L_6DO3_validation_chunk50/tar_params_validation_0_561.tar
Saved: /lus/eagle/projects/marP_TB_VLS/WC/williamhconrad4/OpenVS-main/experiments/E3L_6DO3/screening/inputs/validationset/E3L_6DO3_validation_chunk50/ligands_list_validation_0_561.txt
Saved: /lus/eagle/projects/marP_TB_VLS/WC/williamhconrad4/OpenVS-main/experiments/E3L_6DO3/screening/inputs/validationset/E3L_6DO3_validation_chunk50/flags_params_validation_0_561.flags
Saved: /lus/eagle/projects/marP_TB_VLS/WC/williamhconrad4/OpenVS-main/experiments/E3L_6DO3/screening/inputs/validationset/E3L_6DO3_validation_chunk50/tar_params_validation_0_562.tar
Saved: /lus/eagle/projects/marP_TB_VLS/WC/williamhconrad4/OpenVS-main/experiments/E3L_6DO3/screening/inputs/validationset/E3L_6DO3_validation_chunk50/ligands_list_validation_0_562.txt
Saved: /lus/eagle/projects/marP_TB_VLS/WC/williamhconrad4/OpenVS-main/experiments/E3L_6DO3/screening/inputs/validationset/E3L_6DO3_validation_chunk50/flags_params_validation_0_562.flags
Saved: /lus/eagle/projects/marP_TB_VLS/WC/williamhconrad4/OpenVS-main/experiments/E3L_6DO3/screening/inputs/validationset/E3L_6DO3_validation_chunk50/tar_params_validation_0_563.tar
Saved: /lus/eagle/projects/marP_TB_VLS/WC/williamhconrad4/OpenVS-main/experiments/E3L_6DO3/screening/inputs/validationset/E3L_6DO3_validation_chunk50/ligands_list_validation_0_563.txt
Saved: /lus/eagle/projects/marP_TB_VLS/WC/williamhconrad4/OpenVS-main/experiments/E3L_6DO3/screening/inputs/validationset/E3L_6DO3_validation_chunk50/flags_params_validation_0_563.flags
Saved: /lus/eagle/projects/marP_TB_VLS/WC/williamhconrad4/OpenVS-main/experiments/E3L_6DO3/screening/inputs/validationset/E3L_6DO3_validation_chunk50/tar_params_validation_0_564.tar
Saved: /lus/eagle/projects/marP_TB_VLS/WC/williamhconrad4/OpenVS-main/experiments/E3L_6DO3/screening/inputs/validationset/E3L_6DO3_validation_chunk50/ligands_list_validation_0_564.txt
Saved: /lus/eagle/projects/marP_TB_VLS/WC/williamhconrad4/OpenVS-main/experiments/E3L_6DO3/screening/inputs/validationset/E3L_6DO3_validation_chunk50/flags_params_validation_0_564.flags
Saved: /lus/eagle/projects/marP_TB_VLS/WC/williamhconrad4/OpenVS-main/experiments/E3L_6DO3/screening/inputs/validationset/E3L_6DO3_validation_chunk50/tar_params_validation_0_565.tar
Saved: /lus/eagle/projects/marP_TB_VLS/WC/williamhconrad4/OpenVS-main/experiments/E3L_6DO3/screening/inputs/validationset/E3L_6DO3_validation_chunk50/ligands_list_validation_0_565.txt
Saved: /lus/eagle/projects/marP_TB_VLS/WC/williamhconrad4/OpenVS-main/experiments/E3L_6DO3/screening/inputs/validationset/E3L_6DO3_validation_chunk50/flags_params_validation_0_565.flags
Saved: /lus/eagle/projects/marP_TB_VLS/WC/williamhconrad4/OpenVS-main/experiments/E3L_6DO3/screening/inputs/validationset/E3L_6DO3_validation_chunk50/tar_params_validation_0_566.tar
Saved: /lus/eagle/projects/marP_TB_VLS/WC/williamhconrad4/OpenVS-main/experiments/E3L_6DO3/screening/inputs/validationset/E3L_6DO3_validation_chunk50/ligands_list_validation_0_566.txt
Saved: /lus/eagle/projects/marP_TB_VLS/WC/williamhconrad4/OpenVS-main/experiments/E3L_6DO3/screening/inputs/validationset/E3L_6DO3_validation_chunk50/flags_params_validation_0_566.flags
Saved: /lus/eagle/projects/marP_TB_VLS/WC/williamhconrad4/OpenVS-main/experiments/E3L_6DO3/screening/inputs/validationset/E3L_6DO3_validation_chunk50/tar_params_validation_0_567.tar
Saved: /lus/eagle/projects/marP_TB_VLS/WC/williamhconrad4/OpenVS-main/experiments/E3L_6DO3/screening/inputs/validationset/E3L_6DO3_validation_chunk50/ligands_list_validation_0_567.txt
Saved: /lus/eagle/projects/marP_TB_VLS/WC/williamhconrad4/OpenVS-main/experiments/E3L_6DO3/screening/inputs/validationset/E3L_6DO3_validation_chunk50/flags_params_validation_0_567.flags
Saved: /lus/eagle/projects/marP_TB_VLS/WC/williamhconrad4/OpenVS-main/experiments/E3L_6DO3/screening/inputs/validationset/E3L_6DO3_validation_chunk50/tar_params_validation_0_568.tar
Saved: /lus/eagle/projects/marP_TB_VLS/WC/williamhconrad4/OpenVS-main/experiments/E3L_6DO3/screening/inputs/validationset/E3L_6DO3_validation_chunk50/ligands_list_validation_0_568.txt
Saved: /lus/eagle/projects/marP_TB_VLS/WC/williamhconrad4/OpenVS-main/experiments/E3L_6DO3/screening/inputs/validationset/E3L_6DO3_validation_chunk50/flags_params_validation_0_568.flags
Saved: /lus/eagle/projects/marP_TB_VLS/WC/williamhconrad4/OpenVS-main/experiments/E3L_6DO3/screening/inputs/validationset/E3L_6DO3_validation_chunk50/tar_params_validation_0_569.tar
Saved: /lus/eagle/projects/marP_TB_VLS/WC/williamhconrad4/OpenVS-main/experiments/E3L_6DO3/screening/inputs/validationset/E3L_6DO3_validation_chunk50/ligands_list_validation_0_569.txt
Saved: /lus/eagle/projects/marP_TB_VLS/WC/williamhconrad4/OpenVS-main/experiments/E3L_6DO3/screening/inputs/validationset/E3L_6DO3_validation_chunk50/flags_params_validation_0_569.flags
Saved: /lus/eagle/projects/marP_TB_VLS/WC/williamhconrad4/OpenVS-main/experiments/E3L_6DO3/screening/inputs/validationset/E3L_6DO3_validation_chunk50/tar_params_validation_0_570.tar
Saved: /lus/eagle/projects/marP_TB_VLS/WC/williamhconrad4/OpenVS-main/experiments/E3L_6DO3/screening/inputs/validationset/E3L_6DO3_validation_chunk50/ligands_list_validation_0_570.txt
Saved: /lus/eagle/projects/marP_TB_VLS/WC/williamhconrad4/OpenVS-main/experiments/E3L_6DO3/screening/inputs/validationset/E3L_6DO3_validation_chunk50/flags_params_validation_0_570.flags
Saved: /lus/eagle/projects/marP_TB_VLS/WC/williamhconrad4/OpenVS-main/experiments/E3L_6DO3/screening/inputs/validationset/E3L_6DO3_validation_chunk50/tar_params_validation_0_571.tar
Saved: /lus/eagle/projects/marP_TB_VLS/WC/williamhconrad4/OpenVS-main/experiments/E3L_6DO3/screening/inputs/validationset/E3L_6DO3_validation_chunk50/ligands_list_validation_0_571.txt
Saved: /lus/eagle/projects/marP_TB_VLS/WC/williamhconrad4/OpenVS-main/experiments/E3L_6DO3/screening/inputs/validationset/E3L_6DO3_validation_chunk50/flags_params_validation_0_571.flags
Saved: /lus/eagle/projects/marP_TB_VLS/WC/williamhconrad4/OpenVS-main/experiments/E3L_6DO3/screening/inputs/validationset/E3L_6DO3_validation_chunk50/tar_params_validation_0_572.tar
Saved: /lus/eagle/projects/marP_TB_VLS/WC/williamhconrad4/OpenVS-main/experiments/E3L_6DO3/screening/inputs/validationset/E3L_6DO3_validation_chunk50/ligands_list_validation_0_572.txt
Saved: /lus/eagle/projects/marP_TB_VLS/WC/williamhconrad4/OpenVS-main/experiments/E3L_6DO3/screening/inputs/validationset/E3L_6DO3_validation_chunk50/flags_params_validation_0_572.flags
Saved: /lus/eagle/projects/marP_TB_VLS/WC/williamhconrad4/OpenVS-main/experiments/E3L_6DO3/screening/inputs/validationset/E3L_6DO3_validation_chunk50/tar_params_validation_0_573.tar
Saved: /lus/eagle/projects/marP_TB_VLS/WC/williamhconrad4/OpenVS-main/experiments/E3L_6DO3/screening/inputs/validationset/E3L_6DO3_validation_chunk50/ligands_list_validation_0_573.txt
Saved: /lus/eagle/projects/marP_TB_VLS/WC/williamhconrad4/OpenVS-main/experiments/E3L_6DO3/screening/inputs/validationset/E3L_6DO3_validation_chunk50/flags_params_validation_0_573.flags
Saved: /lus/eagle/projects/marP_TB_VLS/WC/williamhconrad4/OpenVS-main/experiments/E3L_6DO3/screening/inputs/validationset/E3L_6DO3_validation_chunk50/tar_params_validation_0_574.tar
Saved: /lus/eagle/projects/marP_TB_VLS/WC/williamhconrad4/OpenVS-main/experiments/E3L_6DO3/screening/inputs/validationset/E3L_6DO3_validation_chunk50/ligands_list_validation_0_574.txt
Saved: /lus/eagle/projects/marP_TB_VLS/WC/williamhconrad4/OpenVS-main/experiments/E3L_6DO3/screening/inputs/validationset/E3L_6DO3_validation_chunk50/flags_params_validation_0_574.flags
Saved: /lus/eagle/projects/marP_TB_VLS/WC/williamhconrad4/OpenVS-main/experiments/E3L_6DO3/screening/inputs/validationset/E3L_6DO3_validation_chunk50/tar_params_validation_0_575.tar
Saved: /lus/eagle/projects/marP_TB_VLS/WC/williamhconrad4/OpenVS-main/experiments/E3L_6DO3/screening/inputs/validationset/E3L_6DO3_validation_chunk50/ligands_list_validation_0_575.txt
Saved: /lus/eagle/projects/marP_TB_VLS/WC/williamhconrad4/OpenVS-main/experiments/E3L_6DO3/screening/inputs/validationset/E3L_6DO3_validation_chunk50/flags_params_validation_0_575.flags
Saved: /lus/eagle/projects/marP_TB_VLS/WC/williamhconrad4/OpenVS-main/experiments/E3L_6DO3/screening/inputs/validationset/E3L_6DO3_validation_chunk50/tar_params_validation_0_576.tar
Saved: /lus/eagle/projects/marP_TB_VLS/WC/williamhconrad4/OpenVS-main/experiments/E3L_6DO3/screening/inputs/validationset/E3L_6DO3_validation_chunk50/ligands_list_validation_0_576.txt
Saved: /lus/eagle/projects/marP_TB_VLS/WC/williamhconrad4/OpenVS-main/experiments/E3L_6DO3/screening/inputs/validationset/E3L_6DO3_validation_chunk50/flags_params_validation_0_576.flags
Saved: /lus/eagle/projects/marP_TB_VLS/WC/williamhconrad4/OpenVS-main/experiments/E3L_6DO3/screening/inputs/validationset/E3L_6DO3_validation_chunk50/tar_params_validation_0_577.tar
Saved: /lus/eagle/projects/marP_TB_VLS/WC/williamhconrad4/OpenVS-main/experiments/E3L_6DO3/screening/inputs/validationset/E3L_6DO3_validation_chunk50/ligands_list_validation_0_577.txt
Saved: /lus/eagle/projects/marP_TB_VLS/WC/williamhconrad4/OpenVS-main/experiments/E3L_6DO3/screening/inputs/validationset/E3L_6DO3_validation_chunk50/flags_params_validation_0_577.flags
Saved: /lus/eagle/projects/marP_TB_VLS/WC/williamhconrad4/OpenVS-main/experiments/E3L_6DO3/screening/inputs/validationset/E3L_6DO3_validation_chunk50/tar_params_validation_0_578.tar
Saved: /lus/eagle/projects/marP_TB_VLS/WC/williamhconrad4/OpenVS-main/experiments/E3L_6DO3/screening/inputs/validationset/E3L_6DO3_validation_chunk50/ligands_list_validation_0_578.txt
Saved: /lus/eagle/projects/marP_TB_VLS/WC/williamhconrad4/OpenVS-main/experiments/E3L_6DO3/screening/inputs/validationset/E3L_6DO3_validation_chunk50/flags_params_validation_0_578.flags
Saved: /lus/eagle/projects/marP_TB_VLS/WC/williamhconrad4/OpenVS-main/experiments/E3L_6DO3/screening/inputs/validationset/E3L_6DO3_validation_chunk50/tar_params_validation_0_579.tar
Saved: /lus/eagle/projects/marP_TB_VLS/WC/williamhconrad4/OpenVS-main/experiments/E3L_6DO3/screening/inputs/validationset/E3L_6DO3_validation_chunk50/ligands_list_validation_0_579.txt
Saved: /lus/eagle/projects/marP_TB_VLS/WC/williamhconrad4/OpenVS-main/experiments/E3L_6DO3/screening/inputs/validationset/E3L_6DO3_validation_chunk50/flags_params_validation_0_579.flags
Saved: /lus/eagle/projects/marP_TB_VLS/WC/williamhconrad4/OpenVS-main/experiments/E3L_6DO3/screening/inputs/validationset/E3L_6DO3_validation_chunk50/tar_params_validation_0_580.tar
Saved: /lus/eagle/projects/marP_TB_VLS/WC/williamhconrad4/OpenVS-main/experiments/E3L_6DO3/screening/inputs/validationset/E3L_6DO3_validation_chunk50/ligands_list_validation_0_580.txt
Saved: /lus/eagle/projects/marP_TB_VLS/WC/williamhconrad4/OpenVS-main/experiments/E3L_6DO3/screening/inputs/validationset/E3L_6DO3_validation_chunk50/flags_params_validation_0_580.flags
Saved: /lus/eagle/projects/marP_TB_VLS/WC/williamhconrad4/OpenVS-main/experiments/E3L_6DO3/screening/inputs/validationset/E3L_6DO3_validation_chunk50/tar_params_validation_0_581.tar
Saved: /lus/eagle/projects/marP_TB_VLS/WC/williamhconrad4/OpenVS-main/experiments/E3L_6DO3/screening/inputs/validationset/E3L_6DO3_validation_chunk50/ligands_list_validation_0_581.txt
Saved: /lus/eagle/projects/marP_TB_VLS/WC/williamhconrad4/OpenVS-main/experiments/E3L_6DO3/screening/inputs/validationset/E3L_6DO3_validation_chunk50/flags_params_validation_0_581.flags
Saved: /lus/eagle/projects/marP_TB_VLS/WC/williamhconrad4/OpenVS-main/experiments/E3L_6DO3/screening/inputs/validationset/E3L_6DO3_validation_chunk50/tar_params_validation_0_582.tar
Saved: /lus/eagle/projects/marP_TB_VLS/WC/williamhconrad4/OpenVS-main/experiments/E3L_6DO3/screening/inputs/validationset/E3L_6DO3_validation_chunk50/ligands_list_validation_0_582.txt
Saved: /lus/eagle/projects/marP_TB_VLS/WC/williamhconrad4/OpenVS-main/experiments/E3L_6DO3/screening/inputs/validationset/E3L_6DO3_validation_chunk50/flags_params_validation_0_582.flags
Saved: /lus/eagle/projects/marP_TB_VLS/WC/williamhconrad4/OpenVS-main/experiments/E3L_6DO3/screening/inputs/validationset/E3L_6DO3_validation_chunk50/tar_params_validation_0_583.tar
Saved: /lus/eagle/projects/marP_TB_VLS/WC/williamhconrad4/OpenVS-main/experiments/E3L_6DO3/screening/inputs/validationset/E3L_6DO3_validation_chunk50/ligands_list_validation_0_583.txt
Saved: /lus/eagle/projects/marP_TB_VLS/WC/williamhconrad4/OpenVS-main/experiments/E3L_6DO3/screening/inputs/validationset/E3L_6DO3_validation_chunk50/flags_params_validation_0_583.flags
Saved: /lus/eagle/projects/marP_TB_VLS/WC/williamhconrad4/OpenVS-main/experiments/E3L_6DO3/screening/inputs/validationset/E3L_6DO3_validation_chunk50/tar_params_validation_0_584.tar
Saved: /lus/eagle/projects/marP_TB_VLS/WC/williamhconrad4/OpenVS-main/experiments/E3L_6DO3/screening/inputs/validationset/E3L_6DO3_validation_chunk50/ligands_list_validation_0_584.txt
Saved: /lus/eagle/projects/marP_TB_VLS/WC/williamhconrad4/OpenVS-main/experiments/E3L_6DO3/screening/inputs/validationset/E3L_6DO3_validation_chunk50/flags_params_validation_0_584.flags
Saved: /lus/eagle/projects/marP_TB_VLS/WC/williamhconrad4/OpenVS-main/experiments/E3L_6DO3/screening/inputs/validationset/E3L_6DO3_validation_chunk50/tar_params_validation_0_585.tar
Saved: /lus/eagle/projects/marP_TB_VLS/WC/williamhconrad4/OpenVS-main/experiments/E3L_6DO3/screening/inputs/validationset/E3L_6DO3_validation_chunk50/ligands_list_validation_0_585.txt
Saved: /lus/eagle/projects/marP_TB_VLS/WC/williamhconrad4/OpenVS-main/experiments/E3L_6DO3/screening/inputs/validationset/E3L_6DO3_validation_chunk50/flags_params_validation_0_585.flags
Saved: /lus/eagle/projects/marP_TB_VLS/WC/williamhconrad4/OpenVS-main/experiments/E3L_6DO3/screening/inputs/validationset/E3L_6DO3_validation_chunk50/tar_params_validation_0_586.tar
Saved: /lus/eagle/projects/marP_TB_VLS/WC/williamhconrad4/OpenVS-main/experiments/E3L_6DO3/screening/inputs/validationset/E3L_6DO3_validation_chunk50/ligands_list_validation_0_586.txt
Saved: /lus/eagle/projects/marP_TB_VLS/WC/williamhconrad4/OpenVS-main/experiments/E3L_6DO3/screening/inputs/validationset/E3L_6DO3_validation_chunk50/flags_params_validation_0_586.flags
Saved: /lus/eagle/projects/marP_TB_VLS/WC/williamhconrad4/OpenVS-main/experiments/E3L_6DO3/screening/inputs/validationset/E3L_6DO3_validation_chunk50/tar_params_validation_0_587.tar
Saved: /lus/eagle/projects/marP_TB_VLS/WC/williamhconrad4/OpenVS-main/experiments/E3L_6DO3/screening/inputs/validationset/E3L_6DO3_validation_chunk50/ligands_list_validation_0_587.txt
Saved: /lus/eagle/projects/marP_TB_VLS/WC/williamhconrad4/OpenVS-main/experiments/E3L_6DO3/screening/inputs/validationset/E3L_6DO3_validation_chunk50/flags_params_validation_0_587.flags
Saved: /lus/eagle/projects/marP_TB_VLS/WC/williamhconrad4/OpenVS-main/experiments/E3L_6DO3/screening/inputs/validationset/E3L_6DO3_validation_chunk50/tar_params_validation_0_588.tar
Saved: /lus/eagle/projects/marP_TB_VLS/WC/williamhconrad4/OpenVS-main/experiments/E3L_6DO3/screening/inputs/validationset/E3L_6DO3_validation_chunk50/ligands_list_validation_0_588.txt
Saved: /lus/eagle/projects/marP_TB_VLS/WC/williamhconrad4/OpenVS-main/experiments/E3L_6DO3/screening/inputs/validationset/E3L_6DO3_validation_chunk50/flags_params_validation_0_588.flags
Saved: /lus/eagle/projects/marP_TB_VLS/WC/williamhconrad4/OpenVS-main/experiments/E3L_6DO3/screening/inputs/validationset/E3L_6DO3_validation_chunk50/tar_params_validation_0_589.tar
Saved: /lus/eagle/projects/marP_TB_VLS/WC/williamhconrad4/OpenVS-main/experiments/E3L_6DO3/screening/inputs/validationset/E3L_6DO3_validation_chunk50/ligands_list_validation_0_589.txt
Saved: /lus/eagle/projects/marP_TB_VLS/WC/williamhconrad4/OpenVS-main/experiments/E3L_6DO3/screening/inputs/validationset/E3L_6DO3_validation_chunk50/flags_params_validation_0_589.flags
Saved: /lus/eagle/projects/marP_TB_VLS/WC/williamhconrad4/OpenVS-main/experiments/E3L_6DO3/screening/inputs/validationset/E3L_6DO3_validation_chunk50/tar_params_validation_0_590.tar
Saved: /lus/eagle/projects/marP_TB_VLS/WC/williamhconrad4/OpenVS-main/experiments/E3L_6DO3/screening/inputs/validationset/E3L_6DO3_validation_chunk50/ligands_list_validation_0_590.txt
Saved: /lus/eagle/projects/marP_TB_VLS/WC/williamhconrad4/OpenVS-main/experiments/E3L_6DO3/screening/inputs/validationset/E3L_6DO3_validation_chunk50/flags_params_validation_0_590.flags
Saved: /lus/eagle/projects/marP_TB_VLS/WC/williamhconrad4/OpenVS-main/experiments/E3L_6DO3/screening/inputs/validationset/E3L_6DO3_validation_chunk50/tar_params_validation_0_591.tar
Saved: /lus/eagle/projects/marP_TB_VLS/WC/williamhconrad4/OpenVS-main/experiments/E3L_6DO3/screening/inputs/validationset/E3L_6DO3_validation_chunk50/ligands_list_validation_0_591.txt
Saved: /lus/eagle/projects/marP_TB_VLS/WC/williamhconrad4/OpenVS-main/experiments/E3L_6DO3/screening/inputs/validationset/E3L_6DO3_validation_chunk50/flags_params_validation_0_591.flags
Saved: /lus/eagle/projects/marP_TB_VLS/WC/williamhconrad4/OpenVS-main/experiments/E3L_6DO3/screening/inputs/validationset/E3L_6DO3_validation_chunk50/tar_params_validation_0_592.tar
Saved: /lus/eagle/projects/marP_TB_VLS/WC/williamhconrad4/OpenVS-main/experiments/E3L_6DO3/screening/inputs/validationset/E3L_6DO3_validation_chunk50/ligands_list_validation_0_592.txt
Saved: /lus/eagle/projects/marP_TB_VLS/WC/williamhconrad4/OpenVS-main/experiments/E3L_6DO3/screening/inputs/validationset/E3L_6DO3_validation_chunk50/flags_params_validation_0_592.flags
Saved: /lus/eagle/projects/marP_TB_VLS/WC/williamhconrad4/OpenVS-main/experiments/E3L_6DO3/screening/inputs/validationset/E3L_6DO3_validation_chunk50/tar_params_validation_0_593.tar
Saved: /lus/eagle/projects/marP_TB_VLS/WC/williamhconrad4/OpenVS-main/experiments/E3L_6DO3/screening/inputs/validationset/E3L_6DO3_validation_chunk50/ligands_list_validation_0_593.txt
Saved: /lus/eagle/projects/marP_TB_VLS/WC/williamhconrad4/OpenVS-main/experiments/E3L_6DO3/screening/inputs/validationset/E3L_6DO3_validation_chunk50/flags_params_validation_0_593.flags
Saved: /lus/eagle/projects/marP_TB_VLS/WC/williamhconrad4/OpenVS-main/experiments/E3L_6DO3/screening/inputs/validationset/E3L_6DO3_validation_chunk50/tar_params_validation_0_594.tar
Saved: /lus/eagle/projects/marP_TB_VLS/WC/williamhconrad4/OpenVS-main/experiments/E3L_6DO3/screening/inputs/validationset/E3L_6DO3_validation_chunk50/ligands_list_validation_0_594.txt
Saved: /lus/eagle/projects/marP_TB_VLS/WC/williamhconrad4/OpenVS-main/experiments/E3L_6DO3/screening/inputs/validationset/E3L_6DO3_validation_chunk50/flags_params_validation_0_594.flags
Saved: /lus/eagle/projects/marP_TB_VLS/WC/williamhconrad4/OpenVS-main/experiments/E3L_6DO3/screening/inputs/validationset/E3L_6DO3_validation_chunk50/tar_params_validation_0_595.tar
Saved: /lus/eagle/projects/marP_TB_VLS/WC/williamhconrad4/OpenVS-main/experiments/E3L_6DO3/screening/inputs/validationset/E3L_6DO3_validation_chunk50/ligands_list_validation_0_595.txt
Saved: /lus/eagle/projects/marP_TB_VLS/WC/williamhconrad4/OpenVS-main/experiments/E3L_6DO3/screening/inputs/validationset/E3L_6DO3_validation_chunk50/flags_params_validation_0_595.flags
Saved: /lus/eagle/projects/marP_TB_VLS/WC/williamhconrad4/OpenVS-main/experiments/E3L_6DO3/screening/inputs/validationset/E3L_6DO3_validation_chunk50/tar_params_validation_0_596.tar
Saved: /lus/eagle/projects/marP_TB_VLS/WC/williamhconrad4/OpenVS-main/experiments/E3L_6DO3/screening/inputs/validationset/E3L_6DO3_validation_chunk50/ligands_list_validation_0_596.txt
Saved: /lus/eagle/projects/marP_TB_VLS/WC/williamhconrad4/OpenVS-main/experiments/E3L_6DO3/screening/inputs/validationset/E3L_6DO3_validation_chunk50/flags_params_validation_0_596.flags
Saved: /lus/eagle/projects/marP_TB_VLS/WC/williamhconrad4/OpenVS-main/experiments/E3L_6DO3/screening/inputs/validationset/E3L_6DO3_validation_chunk50/tar_params_validation_0_597.tar
Saved: /lus/eagle/projects/marP_TB_VLS/WC/williamhconrad4/OpenVS-main/experiments/E3L_6DO3/screening/inputs/validationset/E3L_6DO3_validation_chunk50/ligands_list_validation_0_597.txt
Saved: /lus/eagle/projects/marP_TB_VLS/WC/williamhconrad4/OpenVS-main/experiments/E3L_6DO3/screening/inputs/validationset/E3L_6DO3_validation_chunk50/flags_params_validation_0_597.flags
Saved: /lus/eagle/projects/marP_TB_VLS/WC/williamhconrad4/OpenVS-main/experiments/E3L_6DO3/screening/inputs/validationset/E3L_6DO3_validation_chunk50/tar_params_validation_0_598.tar
Saved: /lus/eagle/projects/marP_TB_VLS/WC/williamhconrad4/OpenVS-main/experiments/E3L_6DO3/screening/inputs/validationset/E3L_6DO3_validation_chunk50/ligands_list_validation_0_598.txt
Saved: /lus/eagle/projects/marP_TB_VLS/WC/williamhconrad4/OpenVS-main/experiments/E3L_6DO3/screening/inputs/validationset/E3L_6DO3_validation_chunk50/flags_params_validation_0_598.flags
Saved: /lus/eagle/projects/marP_TB_VLS/WC/williamhconrad4/OpenVS-main/experiments/E3L_6DO3/screening/inputs/validationset/E3L_6DO3_validation_chunk50/tar_params_validation_0_599.tar
Saved: /lus/eagle/projects/marP_TB_VLS/WC/williamhconrad4/OpenVS-main/experiments/E3L_6DO3/screening/inputs/validationset/E3L_6DO3_validation_chunk50/ligands_list_validation_0_599.txt
Saved: /lus/eagle/projects/marP_TB_VLS/WC/williamhconrad4/OpenVS-main/experiments/E3L_6DO3/screening/inputs/validationset/E3L_6DO3_validation_chunk50/flags_params_validation_0_599.flags
Saved: /lus/eagle/projects/marP_TB_VLS/WC/williamhconrad4/OpenVS-main/experiments/E3L_6DO3/screening/inputs/validationset/E3L_6DO3_validation_chunk50/tar_params_validation_0_600.tar
Saved: /lus/eagle/projects/marP_TB_VLS/WC/williamhconrad4/OpenVS-main/experiments/E3L_6DO3/screening/inputs/validationset/E3L_6DO3_validation_chunk50/ligands_list_validation_0_600.txt
Saved: /lus/eagle/projects/marP_TB_VLS/WC/williamhconrad4/OpenVS-main/experiments/E3L_6DO3/screening/inputs/validationset/E3L_6DO3_validation_chunk50/flags_params_validation_0_600.flags
Saved: /lus/eagle/projects/marP_TB_VLS/WC/williamhconrad4/OpenVS-main/experiments/E3L_6DO3/screening/inputs/validationset/E3L_6DO3_validation_chunk50/tar_params_validation_0_601.tar
Saved: /lus/eagle/projects/marP_TB_VLS/WC/williamhconrad4/OpenVS-main/experiments/E3L_6DO3/screening/inputs/validationset/E3L_6DO3_validation_chunk50/ligands_list_validation_0_601.txt
Saved: /lus/eagle/projects/marP_TB_VLS/WC/williamhconrad4/OpenVS-main/experiments/E3L_6DO3/screening/inputs/validationset/E3L_6DO3_validation_chunk50/flags_params_validation_0_601.flags
Saved: /lus/eagle/projects/marP_TB_VLS/WC/williamhconrad4/OpenVS-main/experiments/E3L_6DO3/screening/inputs/validationset/E3L_6DO3_validation_chunk50/tar_params_validation_0_602.tar
Saved: /lus/eagle/projects/marP_TB_VLS/WC/williamhconrad4/OpenVS-main/experiments/E3L_6DO3/screening/inputs/validationset/E3L_6DO3_validation_chunk50/ligands_list_validation_0_602.txt
Saved: /lus/eagle/projects/marP_TB_VLS/WC/williamhconrad4/OpenVS-main/experiments/E3L_6DO3/screening/inputs/validationset/E3L_6DO3_validation_chunk50/flags_params_validation_0_602.flags
Saved: /lus/eagle/projects/marP_TB_VLS/WC/williamhconrad4/OpenVS-main/experiments/E3L_6DO3/screening/inputs/validationset/E3L_6DO3_validation_chunk50/tar_params_validation_0_603.tar
Saved: /lus/eagle/projects/marP_TB_VLS/WC/williamhconrad4/OpenVS-main/experiments/E3L_6DO3/screening/inputs/validationset/E3L_6DO3_validation_chunk50/ligands_list_validation_0_603.txt
Saved: /lus/eagle/projects/marP_TB_VLS/WC/williamhconrad4/OpenVS-main/experiments/E3L_6DO3/screening/inputs/validationset/E3L_6DO3_validation_chunk50/flags_params_validation_0_603.flags
Saved: /lus/eagle/projects/marP_TB_VLS/WC/williamhconrad4/OpenVS-main/experiments/E3L_6DO3/screening/inputs/validationset/E3L_6DO3_validation_chunk50/tar_params_validation_0_604.tar
Saved: /lus/eagle/projects/marP_TB_VLS/WC/williamhconrad4/OpenVS-main/experiments/E3L_6DO3/screening/inputs/validationset/E3L_6DO3_validation_chunk50/ligands_list_validation_0_604.txt
Saved: /lus/eagle/projects/marP_TB_VLS/WC/williamhconrad4/OpenVS-main/experiments/E3L_6DO3/screening/inputs/validationset/E3L_6DO3_validation_chunk50/flags_params_validation_0_604.flags
Saved: /lus/eagle/projects/marP_TB_VLS/WC/williamhconrad4/OpenVS-main/experiments/E3L_6DO3/screening/inputs/validationset/E3L_6DO3_validation_chunk50/tar_params_validation_0_605.tar
Saved: /lus/eagle/projects/marP_TB_VLS/WC/williamhconrad4/OpenVS-main/experiments/E3L_6DO3/screening/inputs/validationset/E3L_6DO3_validation_chunk50/ligands_list_validation_0_605.txt
Saved: /lus/eagle/projects/marP_TB_VLS/WC/williamhconrad4/OpenVS-main/experiments/E3L_6DO3/screening/inputs/validationset/E3L_6DO3_validation_chunk50/flags_params_validation_0_605.flags
Saved: /lus/eagle/projects/marP_TB_VLS/WC/williamhconrad4/OpenVS-main/experiments/E3L_6DO3/screening/inputs/validationset/E3L_6DO3_validation_chunk50/tar_params_validation_0_606.tar
Saved: /lus/eagle/projects/marP_TB_VLS/WC/williamhconrad4/OpenVS-main/experiments/E3L_6DO3/screening/inputs/validationset/E3L_6DO3_validation_chunk50/ligands_list_validation_0_606.txt
Saved: /lus/eagle/projects/marP_TB_VLS/WC/williamhconrad4/OpenVS-main/experiments/E3L_6DO3/screening/inputs/validationset/E3L_6DO3_validation_chunk50/flags_params_validation_0_606.flags
Saved: /lus/eagle/projects/marP_TB_VLS/WC/williamhconrad4/OpenVS-main/experiments/E3L_6DO3/screening/inputs/validationset/E3L_6DO3_validation_chunk50/tar_params_validation_0_607.tar
Saved: /lus/eagle/projects/marP_TB_VLS/WC/williamhconrad4/OpenVS-main/experiments/E3L_6DO3/screening/inputs/validationset/E3L_6DO3_validation_chunk50/ligands_list_validation_0_607.txt
Saved: /lus/eagle/projects/marP_TB_VLS/WC/williamhconrad4/OpenVS-main/experiments/E3L_6DO3/screening/inputs/validationset/E3L_6DO3_validation_chunk50/flags_params_validation_0_607.flags
Saved: /lus/eagle/projects/marP_TB_VLS/WC/williamhconrad4/OpenVS-main/experiments/E3L_6DO3/screening/inputs/validationset/E3L_6DO3_validation_chunk50/tar_params_validation_0_608.tar
Saved: /lus/eagle/projects/marP_TB_VLS/WC/williamhconrad4/OpenVS-main/experiments/E3L_6DO3/screening/inputs/validationset/E3L_6DO3_validation_chunk50/ligands_list_validation_0_608.txt
Saved: /lus/eagle/projects/marP_TB_VLS/WC/williamhconrad4/OpenVS-main/experiments/E3L_6DO3/screening/inputs/validationset/E3L_6DO3_validation_chunk50/flags_params_validation_0_608.flags
Saved: /lus/eagle/projects/marP_TB_VLS/WC/williamhconrad4/OpenVS-main/experiments/E3L_6DO3/screening/inputs/validationset/E3L_6DO3_validation_chunk50/tar_params_validation_0_609.tar
Saved: /lus/eagle/projects/marP_TB_VLS/WC/williamhconrad4/OpenVS-main/experiments/E3L_6DO3/screening/inputs/validationset/E3L_6DO3_validation_chunk50/ligands_list_validation_0_609.txt
Saved: /lus/eagle/projects/marP_TB_VLS/WC/williamhconrad4/OpenVS-main/experiments/E3L_6DO3/screening/inputs/validationset/E3L_6DO3_validation_chunk50/flags_params_validation_0_609.flags
Saved: /lus/eagle/projects/marP_TB_VLS/WC/williamhconrad4/OpenVS-main/experiments/E3L_6DO3/screening/inputs/validationset/E3L_6DO3_validation_chunk50/tar_params_validation_0_610.tar
Saved: /lus/eagle/projects/marP_TB_VLS/WC/williamhconrad4/OpenVS-main/experiments/E3L_6DO3/screening/inputs/validationset/E3L_6DO3_validation_chunk50/ligands_list_validation_0_610.txt
Saved: /lus/eagle/projects/marP_TB_VLS/WC/williamhconrad4/OpenVS-main/experiments/E3L_6DO3/screening/inputs/validationset/E3L_6DO3_validation_chunk50/flags_params_validation_0_610.flags
Saved: /lus/eagle/projects/marP_TB_VLS/WC/williamhconrad4/OpenVS-main/experiments/E3L_6DO3/screening/inputs/validationset/E3L_6DO3_validation_chunk50/tar_params_validation_0_611.tar
Saved: /lus/eagle/projects/marP_TB_VLS/WC/williamhconrad4/OpenVS-main/experiments/E3L_6DO3/screening/inputs/validationset/E3L_6DO3_validation_chunk50/ligands_list_validation_0_611.txt
Saved: /lus/eagle/projects/marP_TB_VLS/WC/williamhconrad4/OpenVS-main/experiments/E3L_6DO3/screening/inputs/validationset/E3L_6DO3_validation_chunk50/flags_params_validation_0_611.flags
Saved: /lus/eagle/projects/marP_TB_VLS/WC/williamhconrad4/OpenVS-main/experiments/E3L_6DO3/screening/inputs/validationset/E3L_6DO3_validation_chunk50/tar_params_validation_0_612.tar
Saved: /lus/eagle/projects/marP_TB_VLS/WC/williamhconrad4/OpenVS-main/experiments/E3L_6DO3/screening/inputs/validationset/E3L_6DO3_validation_chunk50/ligands_list_validation_0_612.txt
Saved: /lus/eagle/projects/marP_TB_VLS/WC/williamhconrad4/OpenVS-main/experiments/E3L_6DO3/screening/inputs/validationset/E3L_6DO3_validation_chunk50/flags_params_validation_0_612.flags
Saved: /lus/eagle/projects/marP_TB_VLS/WC/williamhconrad4/OpenVS-main/experiments/E3L_6DO3/screening/inputs/validationset/E3L_6DO3_validation_chunk50/tar_params_validation_0_613.tar
Saved: /lus/eagle/projects/marP_TB_VLS/WC/williamhconrad4/OpenVS-main/experiments/E3L_6DO3/screening/inputs/validationset/E3L_6DO3_validation_chunk50/ligands_list_validation_0_613.txt
Saved: /lus/eagle/projects/marP_TB_VLS/WC/williamhconrad4/OpenVS-main/experiments/E3L_6DO3/screening/inputs/validationset/E3L_6DO3_validation_chunk50/flags_params_validation_0_613.flags
Saved: /lus/eagle/projects/marP_TB_VLS/WC/williamhconrad4/OpenVS-main/experiments/E3L_6DO3/screening/inputs/validationset/E3L_6DO3_validation_chunk50/tar_params_validation_0_614.tar
Saved: /lus/eagle/projects/marP_TB_VLS/WC/williamhconrad4/OpenVS-main/experiments/E3L_6DO3/screening/inputs/validationset/E3L_6DO3_validation_chunk50/ligands_list_validation_0_614.txt
Saved: /lus/eagle/projects/marP_TB_VLS/WC/williamhconrad4/OpenVS-main/experiments/E3L_6DO3/screening/inputs/validationset/E3L_6DO3_validation_chunk50/flags_params_validation_0_614.flags
Saved: /lus/eagle/projects/marP_TB_VLS/WC/williamhconrad4/OpenVS-main/experiments/E3L_6DO3/screening/inputs/validationset/E3L_6DO3_validation_chunk50/tar_params_validation_0_615.tar
Saved: /lus/eagle/projects/marP_TB_VLS/WC/williamhconrad4/OpenVS-main/experiments/E3L_6DO3/screening/inputs/validationset/E3L_6DO3_validation_chunk50/ligands_list_validation_0_615.txt
Saved: /lus/eagle/projects/marP_TB_VLS/WC/williamhconrad4/OpenVS-main/experiments/E3L_6DO3/screening/inputs/validationset/E3L_6DO3_validation_chunk50/flags_params_validation_0_615.flags
Saved: /lus/eagle/projects/marP_TB_VLS/WC/williamhconrad4/OpenVS-main/experiments/E3L_6DO3/screening/inputs/validationset/E3L_6DO3_validation_chunk50/tar_params_validation_0_616.tar
Saved: /lus/eagle/projects/marP_TB_VLS/WC/williamhconrad4/OpenVS-main/experiments/E3L_6DO3/screening/inputs/validationset/E3L_6DO3_validation_chunk50/ligands_list_validation_0_616.txt
Saved: /lus/eagle/projects/marP_TB_VLS/WC/williamhconrad4/OpenVS-main/experiments/E3L_6DO3/screening/inputs/validationset/E3L_6DO3_validation_chunk50/flags_params_validation_0_616.flags
Saved: /lus/eagle/projects/marP_TB_VLS/WC/williamhconrad4/OpenVS-main/experiments/E3L_6DO3/screening/inputs/validationset/E3L_6DO3_validation_chunk50/tar_params_validation_0_617.tar
Saved: /lus/eagle/projects/marP_TB_VLS/WC/williamhconrad4/OpenVS-main/experiments/E3L_6DO3/screening/inputs/validationset/E3L_6DO3_validation_chunk50/ligands_list_validation_0_617.txt
Saved: /lus/eagle/projects/marP_TB_VLS/WC/williamhconrad4/OpenVS-main/experiments/E3L_6DO3/screening/inputs/validationset/E3L_6DO3_validation_chunk50/flags_params_validation_0_617.flags
Saved: /lus/eagle/projects/marP_TB_VLS/WC/williamhconrad4/OpenVS-main/experiments/E3L_6DO3/screening/inputs/validationset/E3L_6DO3_validation_chunk50/tar_params_validation_0_618.tar
Saved: /lus/eagle/projects/marP_TB_VLS/WC/williamhconrad4/OpenVS-main/experiments/E3L_6DO3/screening/inputs/validationset/E3L_6DO3_validation_chunk50/ligands_list_validation_0_618.txt
Saved: /lus/eagle/projects/marP_TB_VLS/WC/williamhconrad4/OpenVS-main/experiments/E3L_6DO3/screening/inputs/validationset/E3L_6DO3_validation_chunk50/flags_params_validation_0_618.flags
Saved: /lus/eagle/projects/marP_TB_VLS/WC/williamhconrad4/OpenVS-main/experiments/E3L_6DO3/screening/inputs/validationset/E3L_6DO3_validation_chunk50/tar_params_validation_0_619.tar
Saved: /lus/eagle/projects/marP_TB_VLS/WC/williamhconrad4/OpenVS-main/experiments/E3L_6DO3/screening/inputs/validationset/E3L_6DO3_validation_chunk50/ligands_list_validation_0_619.txt
Saved: /lus/eagle/projects/marP_TB_VLS/WC/williamhconrad4/OpenVS-main/experiments/E3L_6DO3/screening/inputs/validationset/E3L_6DO3_validation_chunk50/flags_params_validation_0_619.flags
Saved: /lus/eagle/projects/marP_TB_VLS/WC/williamhconrad4/OpenVS-main/experiments/E3L_6DO3/screening/inputs/validationset/E3L_6DO3_validation_chunk50/tar_params_validation_0_620.tar
Saved: /lus/eagle/projects/marP_TB_VLS/WC/williamhconrad4/OpenVS-main/experiments/E3L_6DO3/screening/inputs/validationset/E3L_6DO3_validation_chunk50/ligands_list_validation_0_620.txt
Saved: /lus/eagle/projects/marP_TB_VLS/WC/williamhconrad4/OpenVS-main/experiments/E3L_6DO3/screening/inputs/validationset/E3L_6DO3_validation_chunk50/flags_params_validation_0_620.flags
Saved: /lus/eagle/projects/marP_TB_VLS/WC/williamhconrad4/OpenVS-main/experiments/E3L_6DO3/screening/inputs/validationset/E3L_6DO3_validation_chunk50/tar_params_validation_0_621.tar
Saved: /lus/eagle/projects/marP_TB_VLS/WC/williamhconrad4/OpenVS-main/experiments/E3L_6DO3/screening/inputs/validationset/E3L_6DO3_validation_chunk50/ligands_list_validation_0_621.txt
Saved: /lus/eagle/projects/marP_TB_VLS/WC/williamhconrad4/OpenVS-main/experiments/E3L_6DO3/screening/inputs/validationset/E3L_6DO3_validation_chunk50/flags_params_validation_0_621.flags
Saved: /lus/eagle/projects/marP_TB_VLS/WC/williamhconrad4/OpenVS-main/experiments/E3L_6DO3/screening/inputs/validationset/E3L_6DO3_validation_chunk50/tar_params_validation_0_622.tar
Saved: /lus/eagle/projects/marP_TB_VLS/WC/williamhconrad4/OpenVS-main/experiments/E3L_6DO3/screening/inputs/validationset/E3L_6DO3_validation_chunk50/ligands_list_validation_0_622.txt
Saved: /lus/eagle/projects/marP_TB_VLS/WC/williamhconrad4/OpenVS-main/experiments/E3L_6DO3/screening/inputs/validationset/E3L_6DO3_validation_chunk50/flags_params_validation_0_622.flags
Saved: /lus/eagle/projects/marP_TB_VLS/WC/williamhconrad4/OpenVS-main/experiments/E3L_6DO3/screening/inputs/validationset/E3L_6DO3_validation_chunk50/tar_params_validation_0_623.tar
Saved: /lus/eagle/projects/marP_TB_VLS/WC/williamhconrad4/OpenVS-main/experiments/E3L_6DO3/screening/inputs/validationset/E3L_6DO3_validation_chunk50/ligands_list_validation_0_623.txt
Saved: /lus/eagle/projects/marP_TB_VLS/WC/williamhconrad4/OpenVS-main/experiments/E3L_6DO3/screening/inputs/validationset/E3L_6DO3_validation_chunk50/flags_params_validation_0_623.flags
Saved: /lus/eagle/projects/marP_TB_VLS/WC/williamhconrad4/OpenVS-main/experiments/E3L_6DO3/screening/inputs/validationset/E3L_6DO3_validation_chunk50/tar_params_validation_0_624.tar
Saved: /lus/eagle/projects/marP_TB_VLS/WC/williamhconrad4/OpenVS-main/experiments/E3L_6DO3/screening/inputs/validationset/E3L_6DO3_validation_chunk50/ligands_list_validation_0_624.txt
Saved: /lus/eagle/projects/marP_TB_VLS/WC/williamhconrad4/OpenVS-main/experiments/E3L_6DO3/screening/inputs/validationset/E3L_6DO3_validation_chunk50/flags_params_validation_0_624.flags
Saved: /lus/eagle/projects/marP_TB_VLS/WC/williamhconrad4/OpenVS-main/experiments/E3L_6DO3/screening/inputs/validationset/E3L_6DO3_validation_chunk50/tar_params_validation_0_625.tar
Saved: /lus/eagle/projects/marP_TB_VLS/WC/williamhconrad4/OpenVS-main/experiments/E3L_6DO3/screening/inputs/validationset/E3L_6DO3_validation_chunk50/ligands_list_validation_0_625.txt
Saved: /lus/eagle/projects/marP_TB_VLS/WC/williamhconrad4/OpenVS-main/experiments/E3L_6DO3/screening/inputs/validationset/E3L_6DO3_validation_chunk50/flags_params_validation_0_625.flags
Saved: /lus/eagle/projects/marP_TB_VLS/WC/williamhconrad4/OpenVS-main/experiments/E3L_6DO3/screening/inputs/validationset/E3L_6DO3_validation_chunk50/tar_params_validation_0_626.tar
Saved: /lus/eagle/projects/marP_TB_VLS/WC/williamhconrad4/OpenVS-main/experiments/E3L_6DO3/screening/inputs/validationset/E3L_6DO3_validation_chunk50/ligands_list_validation_0_626.txt
Saved: /lus/eagle/projects/marP_TB_VLS/WC/williamhconrad4/OpenVS-main/experiments/E3L_6DO3/screening/inputs/validationset/E3L_6DO3_validation_chunk50/flags_params_validation_0_626.flags
Saved: /lus/eagle/projects/marP_TB_VLS/WC/williamhconrad4/OpenVS-main/experiments/E3L_6DO3/screening/inputs/validationset/E3L_6DO3_validation_chunk50/tar_params_validation_0_627.tar
Saved: /lus/eagle/projects/marP_TB_VLS/WC/williamhconrad4/OpenVS-main/experiments/E3L_6DO3/screening/inputs/validationset/E3L_6DO3_validation_chunk50/ligands_list_validation_0_627.txt
Saved: /lus/eagle/projects/marP_TB_VLS/WC/williamhconrad4/OpenVS-main/experiments/E3L_6DO3/screening/inputs/validationset/E3L_6DO3_validation_chunk50/flags_params_validation_0_627.flags
Saved: /lus/eagle/projects/marP_TB_VLS/WC/williamhconrad4/OpenVS-main/experiments/E3L_6DO3/screening/inputs/validationset/E3L_6DO3_validation_chunk50/tar_params_validation_0_628.tar
Saved: /lus/eagle/projects/marP_TB_VLS/WC/williamhconrad4/OpenVS-main/experiments/E3L_6DO3/screening/inputs/validationset/E3L_6DO3_validation_chunk50/ligands_list_validation_0_628.txt
Saved: /lus/eagle/projects/marP_TB_VLS/WC/williamhconrad4/OpenVS-main/experiments/E3L_6DO3/screening/inputs/validationset/E3L_6DO3_validation_chunk50/flags_params_validation_0_628.flags
Saved: /lus/eagle/projects/marP_TB_VLS/WC/williamhconrad4/OpenVS-main/experiments/E3L_6DO3/screening/inputs/validationset/E3L_6DO3_validation_chunk50/tar_params_validation_0_629.tar
Saved: /lus/eagle/projects/marP_TB_VLS/WC/williamhconrad4/OpenVS-main/experiments/E3L_6DO3/screening/inputs/validationset/E3L_6DO3_validation_chunk50/ligands_list_validation_0_629.txt
Saved: /lus/eagle/projects/marP_TB_VLS/WC/williamhconrad4/OpenVS-main/experiments/E3L_6DO3/screening/inputs/validationset/E3L_6DO3_validation_chunk50/flags_params_validation_0_629.flags
Saved: /lus/eagle/projects/marP_TB_VLS/WC/williamhconrad4/OpenVS-main/experiments/E3L_6DO3/screening/inputs/validationset/E3L_6DO3_validation_chunk50/tar_params_validation_0_630.tar
Saved: /lus/eagle/projects/marP_TB_VLS/WC/williamhconrad4/OpenVS-main/experiments/E3L_6DO3/screening/inputs/validationset/E3L_6DO3_validation_chunk50/ligands_list_validation_0_630.txt
Saved: /lus/eagle/projects/marP_TB_VLS/WC/williamhconrad4/OpenVS-main/experiments/E3L_6DO3/screening/inputs/validationset/E3L_6DO3_validation_chunk50/flags_params_validation_0_630.flags
Saved: /lus/eagle/projects/marP_TB_VLS/WC/williamhconrad4/OpenVS-main/experiments/E3L_6DO3/screening/inputs/validationset/E3L_6DO3_validation_chunk50/tar_params_validation_0_631.tar
Saved: /lus/eagle/projects/marP_TB_VLS/WC/williamhconrad4/OpenVS-main/experiments/E3L_6DO3/screening/inputs/validationset/E3L_6DO3_validation_chunk50/ligands_list_validation_0_631.txt
Saved: /lus/eagle/projects/marP_TB_VLS/WC/williamhconrad4/OpenVS-main/experiments/E3L_6DO3/screening/inputs/validationset/E3L_6DO3_validation_chunk50/flags_params_validation_0_631.flags
Saved: /lus/eagle/projects/marP_TB_VLS/WC/williamhconrad4/OpenVS-main/experiments/E3L_6DO3/screening/inputs/validationset/E3L_6DO3_validation_chunk50/tar_params_validation_0_632.tar
Saved: /lus/eagle/projects/marP_TB_VLS/WC/williamhconrad4/OpenVS-main/experiments/E3L_6DO3/screening/inputs/validationset/E3L_6DO3_validation_chunk50/ligands_list_validation_0_632.txt
Saved: /lus/eagle/projects/marP_TB_VLS/WC/williamhconrad4/OpenVS-main/experiments/E3L_6DO3/screening/inputs/validationset/E3L_6DO3_validation_chunk50/flags_params_validation_0_632.flags
Saved: /lus/eagle/projects/marP_TB_VLS/WC/williamhconrad4/OpenVS-main/experiments/E3L_6DO3/screening/inputs/validationset/E3L_6DO3_validation_chunk50/tar_params_validation_0_633.tar
Saved: /lus/eagle/projects/marP_TB_VLS/WC/williamhconrad4/OpenVS-main/experiments/E3L_6DO3/screening/inputs/validationset/E3L_6DO3_validation_chunk50/ligands_list_validation_0_633.txt
Saved: /lus/eagle/projects/marP_TB_VLS/WC/williamhconrad4/OpenVS-main/experiments/E3L_6DO3/screening/inputs/validationset/E3L_6DO3_validation_chunk50/flags_params_validation_0_633.flags
Saved: /lus/eagle/projects/marP_TB_VLS/WC/williamhconrad4/OpenVS-main/experiments/E3L_6DO3/screening/inputs/validationset/E3L_6DO3_validation_chunk50/tar_params_validation_0_634.tar
Saved: /lus/eagle/projects/marP_TB_VLS/WC/williamhconrad4/OpenVS-main/experiments/E3L_6DO3/screening/inputs/validationset/E3L_6DO3_validation_chunk50/ligands_list_validation_0_634.txt
Saved: /lus/eagle/projects/marP_TB_VLS/WC/williamhconrad4/OpenVS-main/experiments/E3L_6DO3/screening/inputs/validationset/E3L_6DO3_validation_chunk50/flags_params_validation_0_634.flags
Saved: /lus/eagle/projects/marP_TB_VLS/WC/williamhconrad4/OpenVS-main/experiments/E3L_6DO3/screening/inputs/validationset/E3L_6DO3_validation_chunk50/tar_params_validation_0_635.tar
Saved: /lus/eagle/projects/marP_TB_VLS/WC/williamhconrad4/OpenVS-main/experiments/E3L_6DO3/screening/inputs/validationset/E3L_6DO3_validation_chunk50/ligands_list_validation_0_635.txt
Saved: /lus/eagle/projects/marP_TB_VLS/WC/williamhconrad4/OpenVS-main/experiments/E3L_6DO3/screening/inputs/validationset/E3L_6DO3_validation_chunk50/flags_params_validation_0_635.flags
Saved: /lus/eagle/projects/marP_TB_VLS/WC/williamhconrad4/OpenVS-main/experiments/E3L_6DO3/screening/inputs/validationset/E3L_6DO3_validation_chunk50/tar_params_validation_0_636.tar
Saved: /lus/eagle/projects/marP_TB_VLS/WC/williamhconrad4/OpenVS-main/experiments/E3L_6DO3/screening/inputs/validationset/E3L_6DO3_validation_chunk50/ligands_list_validation_0_636.txt
Saved: /lus/eagle/projects/marP_TB_VLS/WC/williamhconrad4/OpenVS-main/experiments/E3L_6DO3/screening/inputs/validationset/E3L_6DO3_validation_chunk50/flags_params_validation_0_636.flags
Saved: /lus/eagle/projects/marP_TB_VLS/WC/williamhconrad4/OpenVS-main/experiments/E3L_6DO3/screening/inputs/validationset/E3L_6DO3_validation_chunk50/tar_params_validation_0_637.tar
Saved: /lus/eagle/projects/marP_TB_VLS/WC/williamhconrad4/OpenVS-main/experiments/E3L_6DO3/screening/inputs/validationset/E3L_6DO3_validation_chunk50/ligands_list_validation_0_637.txt
Saved: /lus/eagle/projects/marP_TB_VLS/WC/williamhconrad4/OpenVS-main/experiments/E3L_6DO3/screening/inputs/validationset/E3L_6DO3_validation_chunk50/flags_params_validation_0_637.flags
Saved: /lus/eagle/projects/marP_TB_VLS/WC/williamhconrad4/OpenVS-main/experiments/E3L_6DO3/screening/inputs/validationset/E3L_6DO3_validation_chunk50/tar_params_validation_0_638.tar
Saved: /lus/eagle/projects/marP_TB_VLS/WC/williamhconrad4/OpenVS-main/experiments/E3L_6DO3/screening/inputs/validationset/E3L_6DO3_validation_chunk50/ligands_list_validation_0_638.txt
Saved: /lus/eagle/projects/marP_TB_VLS/WC/williamhconrad4/OpenVS-main/experiments/E3L_6DO3/screening/inputs/validationset/E3L_6DO3_validation_chunk50/flags_params_validation_0_638.flags
Saved: /lus/eagle/projects/marP_TB_VLS/WC/williamhconrad4/OpenVS-main/experiments/E3L_6DO3/screening/inputs/validationset/E3L_6DO3_validation_chunk50/tar_params_validation_0_639.tar
Saved: /lus/eagle/projects/marP_TB_VLS/WC/williamhconrad4/OpenVS-main/experiments/E3L_6DO3/screening/inputs/validationset/E3L_6DO3_validation_chunk50/ligands_list_validation_0_639.txt
Saved: /lus/eagle/projects/marP_TB_VLS/WC/williamhconrad4/OpenVS-main/experiments/E3L_6DO3/screening/inputs/validationset/E3L_6DO3_validation_chunk50/flags_params_validation_0_639.flags
/lus/eagle/projects/marP_TB_VLS/WC/williamhconrad4/OpenVS-main/experiments/E3L_6DO3/screening
input dir: /lus/eagle/projects/marP_TB_VLS/WC/williamhconrad4/OpenVS-main/experiments/E3L_6DO3/screening/inputs/validationset/E3L_6DO3_validation_chunk50
result dir: /lus/eagle/projects/marP_TB_VLS/WC/williamhconrad4/OpenVS-main/experiments/E3L_6DO3/screening/outputs/E3L_6DO3_validation
rm /lus/eagle/projects/marP_TB_VLS/WC/williamhconrad4/OpenVS-main/experiments/E3L_6DO3/screening/validation/E3L_6DO3_cmdlistfn/*.cmdlist
Wrote: /lus/eagle/projects/marP_TB_VLS/WC/williamhconrad4/OpenVS-main/experiments/E3L_6DO3/screening/validation/E3L_6DO3_cmdlistfn/E3L_6DO3_0.cmdlist
Wrote: /lus/eagle/projects/marP_TB_VLS/WC/williamhconrad4/OpenVS-main/experiments/E3L_6DO3/screening/validation/E3L_6DO3_cmdlistfn/E3L_6DO3_1.cmdlist
Wrote: /lus/eagle/projects/marP_TB_VLS/WC/williamhconrad4/OpenVS-main/experiments/E3L_6DO3/screening/validation/E3L_6DO3_cmdlistfn/E3L_6DO3_2.cmdlist
Wrote: /lus/eagle/projects/marP_TB_VLS/WC/williamhconrad4/OpenVS-main/experiments/E3L_6DO3/screening/validation/E3L_6DO3_cmdlistfn/E3L_6DO3_3.cmdlist
Wrote: /lus/eagle/projects/marP_TB_VLS/WC/williamhconrad4/OpenVS-main/experiments/E3L_6DO3/screening/validation/E3L_6DO3_cmdlistfn/E3L_6DO3_4.cmdlist
Wrote: /lus/eagle/projects/marP_TB_VLS/WC/williamhconrad4/OpenVS-main/experiments/E3L_6DO3/screening/validation/E3L_6DO3_cmdlistfn/E3L_6DO3_5.cmdlist
Wrote: /lus/eagle/projects/marP_TB_VLS/WC/williamhconrad4/OpenVS-main/experiments/E3L_6DO3/screening/validation/E3L_6DO3_cmdlistfn/E3L_6DO3_6.cmdlist
Wrote: /lus/eagle/projects/marP_TB_VLS/WC/williamhconrad4/OpenVS-main/experiments/E3L_6DO3/screening/validation/E3L_6DO3_cmdlistfn/E3L_6DO3_7.cmdlist
Wrote: /lus/eagle/projects/marP_TB_VLS/WC/williamhconrad4/OpenVS-main/experiments/E3L_6DO3/screening/validation/E3L_6DO3_cmdlistfn/E3L_6DO3_8.cmdlist
Wrote: /lus/eagle/projects/marP_TB_VLS/WC/williamhconrad4/OpenVS-main/experiments/E3L_6DO3/screening/validation/E3L_6DO3_cmdlistfn/E3L_6DO3_9.cmdlist
parallel ::::  /lus/eagle/projects/marP_TB_VLS/WC/williamhconrad4/OpenVS-main/experiments/E3L_6DO3/screening/validation/E3L_6DO3_cmdlistfn/E3L_6DO3_0.cmdlist
parallel ::::  /lus/eagle/projects/marP_TB_VLS/WC/williamhconrad4/OpenVS-main/experiments/E3L_6DO3/screening/validation/E3L_6DO3_cmdlistfn/E3L_6DO3_1.cmdlist
parallel ::::  /lus/eagle/projects/marP_TB_VLS/WC/williamhconrad4/OpenVS-main/experiments/E3L_6DO3/screening/validation/E3L_6DO3_cmdlistfn/E3L_6DO3_2.cmdlist
parallel ::::  /lus/eagle/projects/marP_TB_VLS/WC/williamhconrad4/OpenVS-main/experiments/E3L_6DO3/screening/validation/E3L_6DO3_cmdlistfn/E3L_6DO3_3.cmdlist
parallel ::::  /lus/eagle/projects/marP_TB_VLS/WC/williamhconrad4/OpenVS-main/experiments/E3L_6DO3/screening/validation/E3L_6DO3_cmdlistfn/E3L_6DO3_4.cmdlist
parallel ::::  /lus/eagle/projects/marP_TB_VLS/WC/williamhconrad4/OpenVS-main/experiments/E3L_6DO3/screening/validation/E3L_6DO3_cmdlistfn/E3L_6DO3_5.cmdlist
parallel ::::  /lus/eagle/projects/marP_TB_VLS/WC/williamhconrad4/OpenVS-main/experiments/E3L_6DO3/screening/validation/E3L_6DO3_cmdlistfn/E3L_6DO3_6.cmdlist
parallel ::::  /lus/eagle/projects/marP_TB_VLS/WC/williamhconrad4/OpenVS-main/experiments/E3L_6DO3/screening/validation/E3L_6DO3_cmdlistfn/E3L_6DO3_7.cmdlist
parallel ::::  /lus/eagle/projects/marP_TB_VLS/WC/williamhconrad4/OpenVS-main/experiments/E3L_6DO3/screening/validation/E3L_6DO3_cmdlistfn/E3L_6DO3_8.cmdlist
parallel ::::  /lus/eagle/projects/marP_TB_VLS/WC/williamhconrad4/OpenVS-main/experiments/E3L_6DO3/screening/validation/E3L_6DO3_cmdlistfn/E3L_6DO3_9.cmdlist
Wrote: ./E3L_6DO3_dock.joblist
Wrote: ./sbatch_dock_arrayjobs.sh
Wrote: ./submit_arrayjobs.sh
[2026-08-14 19:17:48] validation -> 10 array tasks
[2026-08-14 19:17:48] submitting: qsub -r y -J 1-10%10 sbatch_dock_arrayjobs.sh
[2026-08-14 19:17:49] job id: 246763[].crux-pbs-0001.head.cm.crux.alcf.anl.gov
[2026-08-14 19:17:49] waiting on job 246763 (polling every 120s)
[2026-08-14 23:34:26]   job 246763 finished
[2026-08-14 23:34:26] validation complete: 639 score files written
[2026-08-14 23:34:26] ================ all three sets done ================
