[2026-08-19 02:33:29] =========== CYCLE 2  (dock round 2, leaves train3_params) ===========
[2026-08-19 02:33:29] queue=preemptable  walltime=06:00:00
[2026-08-19 02:33:29] --- prechecks for docking round 2
[2026-08-19 02:33:29]   GATE OK: 16362 params for round 2
[2026-08-19 02:33:29] --- packaging params
[2026-08-19 02:35:36]   GATE OK: tar has 16363 members
[2026-08-19 02:35:36]   creating screening/train2 from train1
[2026-08-19 02:35:36]   GATE OK: screening/train2 ready
[2026-08-19 02:35:36] --- screening inputs (prefix=train2)
Saved: /lus/eagle/projects/marP_TB_VLS/WC/williamhconrad4/OpenVS-main/experiments/E3L_6DO3/screening/inputs/train2set/E3L_6DO3_train2_chunk50/tar_params_train2_0_0.tar
Saved: /lus/eagle/projects/marP_TB_VLS/WC/williamhconrad4/OpenVS-main/experiments/E3L_6DO3/screening/inputs/train2set/E3L_6DO3_train2_chunk50/ligands_list_train2_0_0.txt
Saved: /lus/eagle/projects/marP_TB_VLS/WC/williamhconrad4/OpenVS-main/experiments/E3L_6DO3/screening/inputs/train2set/E3L_6DO3_train2_chunk50/flags_params_train2_0_0.flags
Saved: /lus/eagle/projects/marP_TB_VLS/WC/williamhconrad4/OpenVS-main/experiments/E3L_6DO3/screening/inputs/train2set/E3L_6DO3_train2_chunk50/tar_params_train2_0_1.tar
Saved: /lus/eagle/projects/marP_TB_VLS/WC/williamhconrad4/OpenVS-main/experiments/E3L_6DO3/screening/inputs/train2set/E3L_6DO3_train2_chunk50/ligands_list_train2_0_1.txt
Saved: /lus/eagle/projects/marP_TB_VLS/WC/williamhconrad4/OpenVS-main/experiments/E3L_6DO3/screening/inputs/train2set/E3L_6DO3_train2_chunk50/flags_params_train2_0_1.flags
Saved: /lus/eagle/projects/marP_TB_VLS/WC/williamhconrad4/OpenVS-main/experiments/E3L_6DO3/screening/inputs/train2set/E3L_6DO3_train2_chunk50/tar_params_train2_0_2.tar
Saved: /lus/eagle/projects/marP_TB_VLS/WC/williamhconrad4/OpenVS-main/experiments/E3L_6DO3/screening/inputs/train2set/E3L_6DO3_train2_chunk50/ligands_list_train2_0_2.txt
Saved: /lus/eagle/projects/marP_TB_VLS/WC/williamhconrad4/OpenVS-main/experiments/E3L_6DO3/screening/inputs/train2set/E3L_6DO3_train2_chunk50/flags_params_train2_0_2.flags
Saved: /lus/eagle/projects/marP_TB_VLS/WC/williamhconrad4/OpenVS-main/experiments/E3L_6DO3/screening/inputs/train2set/E3L_6DO3_train2_chunk50/tar_params_train2_0_3.tar
Saved: /lus/eagle/projects/marP_TB_VLS/WC/williamhconrad4/OpenVS-main/experiments/E3L_6DO3/screening/inputs/train2set/E3L_6DO3_train2_chunk50/ligands_list_train2_0_3.txt
Saved: /lus/eagle/projects/marP_TB_VLS/WC/williamhconrad4/OpenVS-main/experiments/E3L_6DO3/screening/inputs/train2set/E3L_6DO3_train2_chunk50/flags_params_train2_0_3.flags
Saved: /lus/eagle/projects/marP_TB_VLS/WC/williamhconrad4/OpenVS-main/experiments/E3L_6DO3/screening/inputs/train2set/E3L_6DO3_train2_chunk50/tar_params_train2_0_4.tar
Saved: /lus/eagle/projects/marP_TB_VLS/WC/williamhconrad4/OpenVS-main/experiments/E3L_6DO3/screening/inputs/train2set/E3L_6DO3_train2_chunk50/ligands_list_train2_0_4.txt
Saved: /lus/eagle/projects/marP_TB_VLS/WC/williamhconrad4/OpenVS-main/experiments/E3L_6DO3/screening/inputs/train2set/E3L_6DO3_train2_chunk50/flags_params_train2_0_4.flags
Saved: /lus/eagle/projects/marP_TB_VLS/WC/williamhconrad4/OpenVS-main/experiments/E3L_6DO3/screening/inputs/train2set/E3L_6DO3_train2_chunk50/tar_params_train2_0_5.tar
Saved: /lus/eagle/projects/marP_TB_VLS/WC/williamhconrad4/OpenVS-main/experiments/E3L_6DO3/screening/inputs/train2set/E3L_6DO3_train2_chunk50/ligands_list_train2_0_5.txt
Saved: /lus/eagle/projects/marP_TB_VLS/WC/williamhconrad4/OpenVS-main/experiments/E3L_6DO3/screening/inputs/train2set/E3L_6DO3_train2_chunk50/flags_params_train2_0_5.flags
Saved: /lus/eagle/projects/marP_TB_VLS/WC/williamhconrad4/OpenVS-main/experiments/E3L_6DO3/screening/inputs/train2set/E3L_6DO3_train2_chunk50/tar_params_train2_0_6.tar
Saved: /lus/eagle/projects/marP_TB_VLS/WC/williamhconrad4/OpenVS-main/experiments/E3L_6DO3/screening/inputs/train2set/E3L_6DO3_train2_chunk50/ligands_list_train2_0_6.txt
Saved: /lus/eagle/projects/marP_TB_VLS/WC/williamhconrad4/OpenVS-main/experiments/E3L_6DO3/screening/inputs/train2set/E3L_6DO3_train2_chunk50/flags_params_train2_0_6.flags
Saved: /lus/eagle/projects/marP_TB_VLS/WC/williamhconrad4/OpenVS-main/experiments/E3L_6DO3/screening/inputs/train2set/E3L_6DO3_train2_chunk50/tar_params_train2_0_7.tar
Saved: /lus/eagle/projects/marP_TB_VLS/WC/williamhconrad4/OpenVS-main/experiments/E3L_6DO3/screening/inputs/train2set/E3L_6DO3_train2_chunk50/ligands_list_train2_0_7.txt
Saved: /lus/eagle/projects/marP_TB_VLS/WC/williamhconrad4/OpenVS-main/experiments/E3L_6DO3/screening/inputs/train2set/E3L_6DO3_train2_chunk50/flags_params_train2_0_7.flags
Saved: /lus/eagle/projects/marP_TB_VLS/WC/williamhconrad4/OpenVS-main/experiments/E3L_6DO3/screening/inputs/train2set/E3L_6DO3_train2_chunk50/tar_params_train2_0_8.tar
Saved: /lus/eagle/projects/marP_TB_VLS/WC/williamhconrad4/OpenVS-main/experiments/E3L_6DO3/screening/inputs/train2set/E3L_6DO3_train2_chunk50/ligands_list_train2_0_8.txt
Saved: /lus/eagle/projects/marP_TB_VLS/WC/williamhconrad4/OpenVS-main/experiments/E3L_6DO3/screening/inputs/train2set/E3L_6DO3_train2_chunk50/flags_params_train2_0_8.flags
Saved: /lus/eagle/projects/marP_TB_VLS/WC/williamhconrad4/OpenVS-main/experiments/E3L_6DO3/screening/inputs/train2set/E3L_6DO3_train2_chunk50/tar_params_train2_0_9.tar
Saved: /lus/eagle/projects/marP_TB_VLS/WC/williamhconrad4/OpenVS-main/experiments/E3L_6DO3/screening/inputs/train2set/E3L_6DO3_train2_chunk50/ligands_list_train2_0_9.txt
Saved: /lus/eagle/projects/marP_TB_VLS/WC/williamhconrad4/OpenVS-main/experiments/E3L_6DO3/screening/inputs/train2set/E3L_6DO3_train2_chunk50/flags_params_train2_0_9.flags
Saved: /lus/eagle/projects/marP_TB_VLS/WC/williamhconrad4/OpenVS-main/experiments/E3L_6DO3/screening/inputs/train2set/E3L_6DO3_train2_chunk50/tar_params_train2_0_10.tar
Saved: /lus/eagle/projects/marP_TB_VLS/WC/williamhconrad4/OpenVS-main/experiments/E3L_6DO3/screening/inputs/train2set/E3L_6DO3_train2_chunk50/ligands_list_train2_0_10.txt
Saved: /lus/eagle/projects/marP_TB_VLS/WC/williamhconrad4/OpenVS-main/experiments/E3L_6DO3/screening/inputs/train2set/E3L_6DO3_train2_chunk50/flags_params_train2_0_10.flags
Saved: /lus/eagle/projects/marP_TB_VLS/WC/williamhconrad4/OpenVS-main/experiments/E3L_6DO3/screening/inputs/train2set/E3L_6DO3_train2_chunk50/tar_params_train2_0_11.tar
Saved: /lus/eagle/projects/marP_TB_VLS/WC/williamhconrad4/OpenVS-main/experiments/E3L_6DO3/screening/inputs/train2set/E3L_6DO3_train2_chunk50/ligands_list_train2_0_11.txt
Saved: /lus/eagle/projects/marP_TB_VLS/WC/williamhconrad4/OpenVS-main/experiments/E3L_6DO3/screening/inputs/train2set/E3L_6DO3_train2_chunk50/flags_params_train2_0_11.flags
Saved: /lus/eagle/projects/marP_TB_VLS/WC/williamhconrad4/OpenVS-main/experiments/E3L_6DO3/screening/inputs/train2set/E3L_6DO3_train2_chunk50/tar_params_train2_0_12.tar
Saved: /lus/eagle/projects/marP_TB_VLS/WC/williamhconrad4/OpenVS-main/experiments/E3L_6DO3/screening/inputs/train2set/E3L_6DO3_train2_chunk50/ligands_list_train2_0_12.txt
Saved: /lus/eagle/projects/marP_TB_VLS/WC/williamhconrad4/OpenVS-main/experiments/E3L_6DO3/screening/inputs/train2set/E3L_6DO3_train2_chunk50/flags_params_train2_0_12.flags
Saved: /lus/eagle/projects/marP_TB_VLS/WC/williamhconrad4/OpenVS-main/experiments/E3L_6DO3/screening/inputs/train2set/E3L_6DO3_train2_chunk50/tar_params_train2_0_13.tar
Saved: /lus/eagle/projects/marP_TB_VLS/WC/williamhconrad4/OpenVS-main/experiments/E3L_6DO3/screening/inputs/train2set/E3L_6DO3_train2_chunk50/ligands_list_train2_0_13.txt
Saved: /lus/eagle/projects/marP_TB_VLS/WC/williamhconrad4/OpenVS-main/experiments/E3L_6DO3/screening/inputs/train2set/E3L_6DO3_train2_chunk50/flags_params_train2_0_13.flags
Saved: /lus/eagle/projects/marP_TB_VLS/WC/williamhconrad4/OpenVS-main/experiments/E3L_6DO3/screening/inputs/train2set/E3L_6DO3_train2_chunk50/tar_params_train2_0_14.tar
Saved: /lus/eagle/projects/marP_TB_VLS/WC/williamhconrad4/OpenVS-main/experiments/E3L_6DO3/screening/inputs/train2set/E3L_6DO3_train2_chunk50/ligands_list_train2_0_14.txt
Saved: /lus/eagle/projects/marP_TB_VLS/WC/williamhconrad4/OpenVS-main/experiments/E3L_6DO3/screening/inputs/train2set/E3L_6DO3_train2_chunk50/flags_params_train2_0_14.flags
Saved: /lus/eagle/projects/marP_TB_VLS/WC/williamhconrad4/OpenVS-main/experiments/E3L_6DO3/screening/inputs/train2set/E3L_6DO3_train2_chunk50/tar_params_train2_0_15.tar
Saved: /lus/eagle/projects/marP_TB_VLS/WC/williamhconrad4/OpenVS-main/experiments/E3L_6DO3/screening/inputs/train2set/E3L_6DO3_train2_chunk50/ligands_list_train2_0_15.txt
Saved: /lus/eagle/projects/marP_TB_VLS/WC/williamhconrad4/OpenVS-main/experiments/E3L_6DO3/screening/inputs/train2set/E3L_6DO3_train2_chunk50/flags_params_train2_0_15.flags
Saved: /lus/eagle/projects/marP_TB_VLS/WC/williamhconrad4/OpenVS-main/experiments/E3L_6DO3/screening/inputs/train2set/E3L_6DO3_train2_chunk50/tar_params_train2_0_16.tar
Saved: /lus/eagle/projects/marP_TB_VLS/WC/williamhconrad4/OpenVS-main/experiments/E3L_6DO3/screening/inputs/train2set/E3L_6DO3_train2_chunk50/ligands_list_train2_0_16.txt
Saved: /lus/eagle/projects/marP_TB_VLS/WC/williamhconrad4/OpenVS-main/experiments/E3L_6DO3/screening/inputs/train2set/E3L_6DO3_train2_chunk50/flags_params_train2_0_16.flags
Saved: /lus/eagle/projects/marP_TB_VLS/WC/williamhconrad4/OpenVS-main/experiments/E3L_6DO3/screening/inputs/train2set/E3L_6DO3_train2_chunk50/tar_params_train2_0_17.tar
Saved: /lus/eagle/projects/marP_TB_VLS/WC/williamhconrad4/OpenVS-main/experiments/E3L_6DO3/screening/inputs/train2set/E3L_6DO3_train2_chunk50/ligands_list_train2_0_17.txt
Saved: /lus/eagle/projects/marP_TB_VLS/WC/williamhconrad4/OpenVS-main/experiments/E3L_6DO3/screening/inputs/train2set/E3L_6DO3_train2_chunk50/flags_params_train2_0_17.flags
Saved: /lus/eagle/projects/marP_TB_VLS/WC/williamhconrad4/OpenVS-main/experiments/E3L_6DO3/screening/inputs/train2set/E3L_6DO3_train2_chunk50/tar_params_train2_0_18.tar
Saved: /lus/eagle/projects/marP_TB_VLS/WC/williamhconrad4/OpenVS-main/experiments/E3L_6DO3/screening/inputs/train2set/E3L_6DO3_train2_chunk50/ligands_list_train2_0_18.txt
Saved: /lus/eagle/projects/marP_TB_VLS/WC/williamhconrad4/OpenVS-main/experiments/E3L_6DO3/screening/inputs/train2set/E3L_6DO3_train2_chunk50/flags_params_train2_0_18.flags
Saved: /lus/eagle/projects/marP_TB_VLS/WC/williamhconrad4/OpenVS-main/experiments/E3L_6DO3/screening/inputs/train2set/E3L_6DO3_train2_chunk50/tar_params_train2_0_19.tar
Saved: /lus/eagle/projects/marP_TB_VLS/WC/williamhconrad4/OpenVS-main/experiments/E3L_6DO3/screening/inputs/train2set/E3L_6DO3_train2_chunk50/ligands_list_train2_0_19.txt
Saved: /lus/eagle/projects/marP_TB_VLS/WC/williamhconrad4/OpenVS-main/experiments/E3L_6DO3/screening/inputs/train2set/E3L_6DO3_train2_chunk50/flags_params_train2_0_19.flags
Saved: /lus/eagle/projects/marP_TB_VLS/WC/williamhconrad4/OpenVS-main/experiments/E3L_6DO3/screening/inputs/train2set/E3L_6DO3_train2_chunk50/tar_params_train2_0_20.tar
Saved: /lus/eagle/projects/marP_TB_VLS/WC/williamhconrad4/OpenVS-main/experiments/E3L_6DO3/screening/inputs/train2set/E3L_6DO3_train2_chunk50/ligands_list_train2_0_20.txt
Saved: /lus/eagle/projects/marP_TB_VLS/WC/williamhconrad4/OpenVS-main/experiments/E3L_6DO3/screening/inputs/train2set/E3L_6DO3_train2_chunk50/flags_params_train2_0_20.flags
Saved: /lus/eagle/projects/marP_TB_VLS/WC/williamhconrad4/OpenVS-main/experiments/E3L_6DO3/screening/inputs/train2set/E3L_6DO3_train2_chunk50/tar_params_train2_0_21.tar
Saved: /lus/eagle/projects/marP_TB_VLS/WC/williamhconrad4/OpenVS-main/experiments/E3L_6DO3/screening/inputs/train2set/E3L_6DO3_train2_chunk50/ligands_list_train2_0_21.txt
Saved: /lus/eagle/projects/marP_TB_VLS/WC/williamhconrad4/OpenVS-main/experiments/E3L_6DO3/screening/inputs/train2set/E3L_6DO3_train2_chunk50/flags_params_train2_0_21.flags
Saved: /lus/eagle/projects/marP_TB_VLS/WC/williamhconrad4/OpenVS-main/experiments/E3L_6DO3/screening/inputs/train2set/E3L_6DO3_train2_chunk50/tar_params_train2_0_22.tar
Saved: /lus/eagle/projects/marP_TB_VLS/WC/williamhconrad4/OpenVS-main/experiments/E3L_6DO3/screening/inputs/train2set/E3L_6DO3_train2_chunk50/ligands_list_train2_0_22.txt
Saved: /lus/eagle/projects/marP_TB_VLS/WC/williamhconrad4/OpenVS-main/experiments/E3L_6DO3/screening/inputs/train2set/E3L_6DO3_train2_chunk50/flags_params_train2_0_22.flags
Saved: /lus/eagle/projects/marP_TB_VLS/WC/williamhconrad4/OpenVS-main/experiments/E3L_6DO3/screening/inputs/train2set/E3L_6DO3_train2_chunk50/tar_params_train2_0_23.tar
Saved: /lus/eagle/projects/marP_TB_VLS/WC/williamhconrad4/OpenVS-main/experiments/E3L_6DO3/screening/inputs/train2set/E3L_6DO3_train2_chunk50/ligands_list_train2_0_23.txt
Saved: /lus/eagle/projects/marP_TB_VLS/WC/williamhconrad4/OpenVS-main/experiments/E3L_6DO3/screening/inputs/train2set/E3L_6DO3_train2_chunk50/flags_params_train2_0_23.flags
Saved: /lus/eagle/projects/marP_TB_VLS/WC/williamhconrad4/OpenVS-main/experiments/E3L_6DO3/screening/inputs/train2set/E3L_6DO3_train2_chunk50/tar_params_train2_0_24.tar
Saved: /lus/eagle/projects/marP_TB_VLS/WC/williamhconrad4/OpenVS-main/experiments/E3L_6DO3/screening/inputs/train2set/E3L_6DO3_train2_chunk50/ligands_list_train2_0_24.txt
Saved: /lus/eagle/projects/marP_TB_VLS/WC/williamhconrad4/OpenVS-main/experiments/E3L_6DO3/screening/inputs/train2set/E3L_6DO3_train2_chunk50/flags_params_train2_0_24.flags
Saved: /lus/eagle/projects/marP_TB_VLS/WC/williamhconrad4/OpenVS-main/experiments/E3L_6DO3/screening/inputs/train2set/E3L_6DO3_train2_chunk50/tar_params_train2_0_25.tar
Saved: /lus/eagle/projects/marP_TB_VLS/WC/williamhconrad4/OpenVS-main/experiments/E3L_6DO3/screening/inputs/train2set/E3L_6DO3_train2_chunk50/ligands_list_train2_0_25.txt
Saved: /lus/eagle/projects/marP_TB_VLS/WC/williamhconrad4/OpenVS-main/experiments/E3L_6DO3/screening/inputs/train2set/E3L_6DO3_train2_chunk50/flags_params_train2_0_25.flags
Saved: /lus/eagle/projects/marP_TB_VLS/WC/williamhconrad4/OpenVS-main/experiments/E3L_6DO3/screening/inputs/train2set/E3L_6DO3_train2_chunk50/tar_params_train2_0_26.tar
Saved: /lus/eagle/projects/marP_TB_VLS/WC/williamhconrad4/OpenVS-main/experiments/E3L_6DO3/screening/inputs/train2set/E3L_6DO3_train2_chunk50/ligands_list_train2_0_26.txt
Saved: /lus/eagle/projects/marP_TB_VLS/WC/williamhconrad4/OpenVS-main/experiments/E3L_6DO3/screening/inputs/train2set/E3L_6DO3_train2_chunk50/flags_params_train2_0_26.flags
Saved: /lus/eagle/projects/marP_TB_VLS/WC/williamhconrad4/OpenVS-main/experiments/E3L_6DO3/screening/inputs/train2set/E3L_6DO3_train2_chunk50/tar_params_train2_0_27.tar
Saved: /lus/eagle/projects/marP_TB_VLS/WC/williamhconrad4/OpenVS-main/experiments/E3L_6DO3/screening/inputs/train2set/E3L_6DO3_train2_chunk50/ligands_list_train2_0_27.txt
Saved: /lus/eagle/projects/marP_TB_VLS/WC/williamhconrad4/OpenVS-main/experiments/E3L_6DO3/screening/inputs/train2set/E3L_6DO3_train2_chunk50/flags_params_train2_0_27.flags
Saved: /lus/eagle/projects/marP_TB_VLS/WC/williamhconrad4/OpenVS-main/experiments/E3L_6DO3/screening/inputs/train2set/E3L_6DO3_train2_chunk50/tar_params_train2_0_28.tar
Saved: /lus/eagle/projects/marP_TB_VLS/WC/williamhconrad4/OpenVS-main/experiments/E3L_6DO3/screening/inputs/train2set/E3L_6DO3_train2_chunk50/ligands_list_train2_0_28.txt
Saved: /lus/eagle/projects/marP_TB_VLS/WC/williamhconrad4/OpenVS-main/experiments/E3L_6DO3/screening/inputs/train2set/E3L_6DO3_train2_chunk50/flags_params_train2_0_28.flags
Saved: /lus/eagle/projects/marP_TB_VLS/WC/williamhconrad4/OpenVS-main/experiments/E3L_6DO3/screening/inputs/train2set/E3L_6DO3_train2_chunk50/tar_params_train2_0_29.tar
Saved: /lus/eagle/projects/marP_TB_VLS/WC/williamhconrad4/OpenVS-main/experiments/E3L_6DO3/screening/inputs/train2set/E3L_6DO3_train2_chunk50/ligands_list_train2_0_29.txt
Saved: /lus/eagle/projects/marP_TB_VLS/WC/williamhconrad4/OpenVS-main/experiments/E3L_6DO3/screening/inputs/train2set/E3L_6DO3_train2_chunk50/flags_params_train2_0_29.flags
Saved: /lus/eagle/projects/marP_TB_VLS/WC/williamhconrad4/OpenVS-main/experiments/E3L_6DO3/screening/inputs/train2set/E3L_6DO3_train2_chunk50/tar_params_train2_0_30.tar
Saved: /lus/eagle/projects/marP_TB_VLS/WC/williamhconrad4/OpenVS-main/experiments/E3L_6DO3/screening/inputs/train2set/E3L_6DO3_train2_chunk50/ligands_list_train2_0_30.txt
Saved: /lus/eagle/projects/marP_TB_VLS/WC/williamhconrad4/OpenVS-main/experiments/E3L_6DO3/screening/inputs/train2set/E3L_6DO3_train2_chunk50/flags_params_train2_0_30.flags
Saved: /lus/eagle/projects/marP_TB_VLS/WC/williamhconrad4/OpenVS-main/experiments/E3L_6DO3/screening/inputs/train2set/E3L_6DO3_train2_chunk50/tar_params_train2_0_31.tar
Saved: /lus/eagle/projects/marP_TB_VLS/WC/williamhconrad4/OpenVS-main/experiments/E3L_6DO3/screening/inputs/train2set/E3L_6DO3_train2_chunk50/ligands_list_train2_0_31.txt
Saved: /lus/eagle/projects/marP_TB_VLS/WC/williamhconrad4/OpenVS-main/experiments/E3L_6DO3/screening/inputs/train2set/E3L_6DO3_train2_chunk50/flags_params_train2_0_31.flags
Saved: /lus/eagle/projects/marP_TB_VLS/WC/williamhconrad4/OpenVS-main/experiments/E3L_6DO3/screening/inputs/train2set/E3L_6DO3_train2_chunk50/tar_params_train2_0_32.tar
Saved: /lus/eagle/projects/marP_TB_VLS/WC/williamhconrad4/OpenVS-main/experiments/E3L_6DO3/screening/inputs/train2set/E3L_6DO3_train2_chunk50/ligands_list_train2_0_32.txt
Saved: /lus/eagle/projects/marP_TB_VLS/WC/williamhconrad4/OpenVS-main/experiments/E3L_6DO3/screening/inputs/train2set/E3L_6DO3_train2_chunk50/flags_params_train2_0_32.flags
Saved: /lus/eagle/projects/marP_TB_VLS/WC/williamhconrad4/OpenVS-main/experiments/E3L_6DO3/screening/inputs/train2set/E3L_6DO3_train2_chunk50/tar_params_train2_0_33.tar
Saved: /lus/eagle/projects/marP_TB_VLS/WC/williamhconrad4/OpenVS-main/experiments/E3L_6DO3/screening/inputs/train2set/E3L_6DO3_train2_chunk50/ligands_list_train2_0_33.txt
Saved: /lus/eagle/projects/marP_TB_VLS/WC/williamhconrad4/OpenVS-main/experiments/E3L_6DO3/screening/inputs/train2set/E3L_6DO3_train2_chunk50/flags_params_train2_0_33.flags
Saved: /lus/eagle/projects/marP_TB_VLS/WC/williamhconrad4/OpenVS-main/experiments/E3L_6DO3/screening/inputs/train2set/E3L_6DO3_train2_chunk50/tar_params_train2_0_34.tar
Saved: /lus/eagle/projects/marP_TB_VLS/WC/williamhconrad4/OpenVS-main/experiments/E3L_6DO3/screening/inputs/train2set/E3L_6DO3_train2_chunk50/ligands_list_train2_0_34.txt
Saved: /lus/eagle/projects/marP_TB_VLS/WC/williamhconrad4/OpenVS-main/experiments/E3L_6DO3/screening/inputs/train2set/E3L_6DO3_train2_chunk50/flags_params_train2_0_34.flags
Saved: /lus/eagle/projects/marP_TB_VLS/WC/williamhconrad4/OpenVS-main/experiments/E3L_6DO3/screening/inputs/train2set/E3L_6DO3_train2_chunk50/tar_params_train2_0_35.tar
Saved: /lus/eagle/projects/marP_TB_VLS/WC/williamhconrad4/OpenVS-main/experiments/E3L_6DO3/screening/inputs/train2set/E3L_6DO3_train2_chunk50/ligands_list_train2_0_35.txt
Saved: /lus/eagle/projects/marP_TB_VLS/WC/williamhconrad4/OpenVS-main/experiments/E3L_6DO3/screening/inputs/train2set/E3L_6DO3_train2_chunk50/flags_params_train2_0_35.flags
Saved: /lus/eagle/projects/marP_TB_VLS/WC/williamhconrad4/OpenVS-main/experiments/E3L_6DO3/screening/inputs/train2set/E3L_6DO3_train2_chunk50/tar_params_train2_0_36.tar
Saved: /lus/eagle/projects/marP_TB_VLS/WC/williamhconrad4/OpenVS-main/experiments/E3L_6DO3/screening/inputs/train2set/E3L_6DO3_train2_chunk50/ligands_list_train2_0_36.txt
Saved: /lus/eagle/projects/marP_TB_VLS/WC/williamhconrad4/OpenVS-main/experiments/E3L_6DO3/screening/inputs/train2set/E3L_6DO3_train2_chunk50/flags_params_train2_0_36.flags
Saved: /lus/eagle/projects/marP_TB_VLS/WC/williamhconrad4/OpenVS-main/experiments/E3L_6DO3/screening/inputs/train2set/E3L_6DO3_train2_chunk50/tar_params_train2_0_37.tar
Saved: /lus/eagle/projects/marP_TB_VLS/WC/williamhconrad4/OpenVS-main/experiments/E3L_6DO3/screening/inputs/train2set/E3L_6DO3_train2_chunk50/ligands_list_train2_0_37.txt
Saved: /lus/eagle/projects/marP_TB_VLS/WC/williamhconrad4/OpenVS-main/experiments/E3L_6DO3/screening/inputs/train2set/E3L_6DO3_train2_chunk50/flags_params_train2_0_37.flags
Saved: /lus/eagle/projects/marP_TB_VLS/WC/williamhconrad4/OpenVS-main/experiments/E3L_6DO3/screening/inputs/train2set/E3L_6DO3_train2_chunk50/tar_params_train2_0_38.tar
Saved: /lus/eagle/projects/marP_TB_VLS/WC/williamhconrad4/OpenVS-main/experiments/E3L_6DO3/screening/inputs/train2set/E3L_6DO3_train2_chunk50/ligands_list_train2_0_38.txt
Saved: /lus/eagle/projects/marP_TB_VLS/WC/williamhconrad4/OpenVS-main/experiments/E3L_6DO3/screening/inputs/train2set/E3L_6DO3_train2_chunk50/flags_params_train2_0_38.flags
Saved: /lus/eagle/projects/marP_TB_VLS/WC/williamhconrad4/OpenVS-main/experiments/E3L_6DO3/screening/inputs/train2set/E3L_6DO3_train2_chunk50/tar_params_train2_0_39.tar
Saved: /lus/eagle/projects/marP_TB_VLS/WC/williamhconrad4/OpenVS-main/experiments/E3L_6DO3/screening/inputs/train2set/E3L_6DO3_train2_chunk50/ligands_list_train2_0_39.txt
Saved: /lus/eagle/projects/marP_TB_VLS/WC/williamhconrad4/OpenVS-main/experiments/E3L_6DO3/screening/inputs/train2set/E3L_6DO3_train2_chunk50/flags_params_train2_0_39.flags
Saved: /lus/eagle/projects/marP_TB_VLS/WC/williamhconrad4/OpenVS-main/experiments/E3L_6DO3/screening/inputs/train2set/E3L_6DO3_train2_chunk50/tar_params_train2_0_40.tar
Saved: /lus/eagle/projects/marP_TB_VLS/WC/williamhconrad4/OpenVS-main/experiments/E3L_6DO3/screening/inputs/train2set/E3L_6DO3_train2_chunk50/ligands_list_train2_0_40.txt
Saved: /lus/eagle/projects/marP_TB_VLS/WC/williamhconrad4/OpenVS-main/experiments/E3L_6DO3/screening/inputs/train2set/E3L_6DO3_train2_chunk50/flags_params_train2_0_40.flags
Saved: /lus/eagle/projects/marP_TB_VLS/WC/williamhconrad4/OpenVS-main/experiments/E3L_6DO3/screening/inputs/train2set/E3L_6DO3_train2_chunk50/tar_params_train2_0_41.tar
Saved: /lus/eagle/projects/marP_TB_VLS/WC/williamhconrad4/OpenVS-main/experiments/E3L_6DO3/screening/inputs/train2set/E3L_6DO3_train2_chunk50/ligands_list_train2_0_41.txt
Saved: /lus/eagle/projects/marP_TB_VLS/WC/williamhconrad4/OpenVS-main/experiments/E3L_6DO3/screening/inputs/train2set/E3L_6DO3_train2_chunk50/flags_params_train2_0_41.flags
Saved: /lus/eagle/projects/marP_TB_VLS/WC/williamhconrad4/OpenVS-main/experiments/E3L_6DO3/screening/inputs/train2set/E3L_6DO3_train2_chunk50/tar_params_train2_0_42.tar
Saved: /lus/eagle/projects/marP_TB_VLS/WC/williamhconrad4/OpenVS-main/experiments/E3L_6DO3/screening/inputs/train2set/E3L_6DO3_train2_chunk50/ligands_list_train2_0_42.txt
Saved: /lus/eagle/projects/marP_TB_VLS/WC/williamhconrad4/OpenVS-main/experiments/E3L_6DO3/screening/inputs/train2set/E3L_6DO3_train2_chunk50/flags_params_train2_0_42.flags
Saved: /lus/eagle/projects/marP_TB_VLS/WC/williamhconrad4/OpenVS-main/experiments/E3L_6DO3/screening/inputs/train2set/E3L_6DO3_train2_chunk50/tar_params_train2_0_43.tar
Saved: /lus/eagle/projects/marP_TB_VLS/WC/williamhconrad4/OpenVS-main/experiments/E3L_6DO3/screening/inputs/train2set/E3L_6DO3_train2_chunk50/ligands_list_train2_0_43.txt
Saved: /lus/eagle/projects/marP_TB_VLS/WC/williamhconrad4/OpenVS-main/experiments/E3L_6DO3/screening/inputs/train2set/E3L_6DO3_train2_chunk50/flags_params_train2_0_43.flags
Saved: /lus/eagle/projects/marP_TB_VLS/WC/williamhconrad4/OpenVS-main/experiments/E3L_6DO3/screening/inputs/train2set/E3L_6DO3_train2_chunk50/tar_params_train2_0_44.tar
Saved: /lus/eagle/projects/marP_TB_VLS/WC/williamhconrad4/OpenVS-main/experiments/E3L_6DO3/screening/inputs/train2set/E3L_6DO3_train2_chunk50/ligands_list_train2_0_44.txt
Saved: /lus/eagle/projects/marP_TB_VLS/WC/williamhconrad4/OpenVS-main/experiments/E3L_6DO3/screening/inputs/train2set/E3L_6DO3_train2_chunk50/flags_params_train2_0_44.flags
Saved: /lus/eagle/projects/marP_TB_VLS/WC/williamhconrad4/OpenVS-main/experiments/E3L_6DO3/screening/inputs/train2set/E3L_6DO3_train2_chunk50/tar_params_train2_0_45.tar
Saved: /lus/eagle/projects/marP_TB_VLS/WC/williamhconrad4/OpenVS-main/experiments/E3L_6DO3/screening/inputs/train2set/E3L_6DO3_train2_chunk50/ligands_list_train2_0_45.txt
Saved: /lus/eagle/projects/marP_TB_VLS/WC/williamhconrad4/OpenVS-main/experiments/E3L_6DO3/screening/inputs/train2set/E3L_6DO3_train2_chunk50/flags_params_train2_0_45.flags
Saved: /lus/eagle/projects/marP_TB_VLS/WC/williamhconrad4/OpenVS-main/experiments/E3L_6DO3/screening/inputs/train2set/E3L_6DO3_train2_chunk50/tar_params_train2_0_46.tar
Saved: /lus/eagle/projects/marP_TB_VLS/WC/williamhconrad4/OpenVS-main/experiments/E3L_6DO3/screening/inputs/train2set/E3L_6DO3_train2_chunk50/ligands_list_train2_0_46.txt
Saved: /lus/eagle/projects/marP_TB_VLS/WC/williamhconrad4/OpenVS-main/experiments/E3L_6DO3/screening/inputs/train2set/E3L_6DO3_train2_chunk50/flags_params_train2_0_46.flags
Saved: /lus/eagle/projects/marP_TB_VLS/WC/williamhconrad4/OpenVS-main/experiments/E3L_6DO3/screening/inputs/train2set/E3L_6DO3_train2_chunk50/tar_params_train2_0_47.tar
Saved: /lus/eagle/projects/marP_TB_VLS/WC/williamhconrad4/OpenVS-main/experiments/E3L_6DO3/screening/inputs/train2set/E3L_6DO3_train2_chunk50/ligands_list_train2_0_47.txt
Saved: /lus/eagle/projects/marP_TB_VLS/WC/williamhconrad4/OpenVS-main/experiments/E3L_6DO3/screening/inputs/train2set/E3L_6DO3_train2_chunk50/flags_params_train2_0_47.flags
Saved: /lus/eagle/projects/marP_TB_VLS/WC/williamhconrad4/OpenVS-main/experiments/E3L_6DO3/screening/inputs/train2set/E3L_6DO3_train2_chunk50/tar_params_train2_0_48.tar
Saved: /lus/eagle/projects/marP_TB_VLS/WC/williamhconrad4/OpenVS-main/experiments/E3L_6DO3/screening/inputs/train2set/E3L_6DO3_train2_chunk50/ligands_list_train2_0_48.txt
Saved: /lus/eagle/projects/marP_TB_VLS/WC/williamhconrad4/OpenVS-main/experiments/E3L_6DO3/screening/inputs/train2set/E3L_6DO3_train2_chunk50/flags_params_train2_0_48.flags
Saved: /lus/eagle/projects/marP_TB_VLS/WC/williamhconrad4/OpenVS-main/experiments/E3L_6DO3/screening/inputs/train2set/E3L_6DO3_train2_chunk50/tar_params_train2_0_49.tar
Saved: /lus/eagle/projects/marP_TB_VLS/WC/williamhconrad4/OpenVS-main/experiments/E3L_6DO3/screening/inputs/train2set/E3L_6DO3_train2_chunk50/ligands_list_train2_0_49.txt
Saved: /lus/eagle/projects/marP_TB_VLS/WC/williamhconrad4/OpenVS-main/experiments/E3L_6DO3/screening/inputs/train2set/E3L_6DO3_train2_chunk50/flags_params_train2_0_49.flags
Saved: /lus/eagle/projects/marP_TB_VLS/WC/williamhconrad4/OpenVS-main/experiments/E3L_6DO3/screening/inputs/train2set/E3L_6DO3_train2_chunk50/tar_params_train2_0_50.tar
Saved: /lus/eagle/projects/marP_TB_VLS/WC/williamhconrad4/OpenVS-main/experiments/E3L_6DO3/screening/inputs/train2set/E3L_6DO3_train2_chunk50/ligands_list_train2_0_50.txt
Saved: /lus/eagle/projects/marP_TB_VLS/WC/williamhconrad4/OpenVS-main/experiments/E3L_6DO3/screening/inputs/train2set/E3L_6DO3_train2_chunk50/flags_params_train2_0_50.flags
Saved: /lus/eagle/projects/marP_TB_VLS/WC/williamhconrad4/OpenVS-main/experiments/E3L_6DO3/screening/inputs/train2set/E3L_6DO3_train2_chunk50/tar_params_train2_0_51.tar
Saved: /lus/eagle/projects/marP_TB_VLS/WC/williamhconrad4/OpenVS-main/experiments/E3L_6DO3/screening/inputs/train2set/E3L_6DO3_train2_chunk50/ligands_list_train2_0_51.txt
Saved: /lus/eagle/projects/marP_TB_VLS/WC/williamhconrad4/OpenVS-main/experiments/E3L_6DO3/screening/inputs/train2set/E3L_6DO3_train2_chunk50/flags_params_train2_0_51.flags
Saved: /lus/eagle/projects/marP_TB_VLS/WC/williamhconrad4/OpenVS-main/experiments/E3L_6DO3/screening/inputs/train2set/E3L_6DO3_train2_chunk50/tar_params_train2_0_52.tar
Saved: /lus/eagle/projects/marP_TB_VLS/WC/williamhconrad4/OpenVS-main/experiments/E3L_6DO3/screening/inputs/train2set/E3L_6DO3_train2_chunk50/ligands_list_train2_0_52.txt
Saved: /lus/eagle/projects/marP_TB_VLS/WC/williamhconrad4/OpenVS-main/experiments/E3L_6DO3/screening/inputs/train2set/E3L_6DO3_train2_chunk50/flags_params_train2_0_52.flags
Saved: /lus/eagle/projects/marP_TB_VLS/WC/williamhconrad4/OpenVS-main/experiments/E3L_6DO3/screening/inputs/train2set/E3L_6DO3_train2_chunk50/tar_params_train2_0_53.tar
Saved: /lus/eagle/projects/marP_TB_VLS/WC/williamhconrad4/OpenVS-main/experiments/E3L_6DO3/screening/inputs/train2set/E3L_6DO3_train2_chunk50/ligands_list_train2_0_53.txt
Saved: /lus/eagle/projects/marP_TB_VLS/WC/williamhconrad4/OpenVS-main/experiments/E3L_6DO3/screening/inputs/train2set/E3L_6DO3_train2_chunk50/flags_params_train2_0_53.flags
Saved: /lus/eagle/projects/marP_TB_VLS/WC/williamhconrad4/OpenVS-main/experiments/E3L_6DO3/screening/inputs/train2set/E3L_6DO3_train2_chunk50/tar_params_train2_0_54.tar
Saved: /lus/eagle/projects/marP_TB_VLS/WC/williamhconrad4/OpenVS-main/experiments/E3L_6DO3/screening/inputs/train2set/E3L_6DO3_train2_chunk50/ligands_list_train2_0_54.txt
Saved: /lus/eagle/projects/marP_TB_VLS/WC/williamhconrad4/OpenVS-main/experiments/E3L_6DO3/screening/inputs/train2set/E3L_6DO3_train2_chunk50/flags_params_train2_0_54.flags
Saved: /lus/eagle/projects/marP_TB_VLS/WC/williamhconrad4/OpenVS-main/experiments/E3L_6DO3/screening/inputs/train2set/E3L_6DO3_train2_chunk50/tar_params_train2_0_55.tar
Saved: /lus/eagle/projects/marP_TB_VLS/WC/williamhconrad4/OpenVS-main/experiments/E3L_6DO3/screening/inputs/train2set/E3L_6DO3_train2_chunk50/ligands_list_train2_0_55.txt
Saved: /lus/eagle/projects/marP_TB_VLS/WC/williamhconrad4/OpenVS-main/experiments/E3L_6DO3/screening/inputs/train2set/E3L_6DO3_train2_chunk50/flags_params_train2_0_55.flags
Saved: /lus/eagle/projects/marP_TB_VLS/WC/williamhconrad4/OpenVS-main/experiments/E3L_6DO3/screening/inputs/train2set/E3L_6DO3_train2_chunk50/tar_params_train2_0_56.tar
Saved: /lus/eagle/projects/marP_TB_VLS/WC/williamhconrad4/OpenVS-main/experiments/E3L_6DO3/screening/inputs/train2set/E3L_6DO3_train2_chunk50/ligands_list_train2_0_56.txt
Saved: /lus/eagle/projects/marP_TB_VLS/WC/williamhconrad4/OpenVS-main/experiments/E3L_6DO3/screening/inputs/train2set/E3L_6DO3_train2_chunk50/flags_params_train2_0_56.flags
Saved: /lus/eagle/projects/marP_TB_VLS/WC/williamhconrad4/OpenVS-main/experiments/E3L_6DO3/screening/inputs/train2set/E3L_6DO3_train2_chunk50/tar_params_train2_0_57.tar
Saved: /lus/eagle/projects/marP_TB_VLS/WC/williamhconrad4/OpenVS-main/experiments/E3L_6DO3/screening/inputs/train2set/E3L_6DO3_train2_chunk50/ligands_list_train2_0_57.txt
Saved: /lus/eagle/projects/marP_TB_VLS/WC/williamhconrad4/OpenVS-main/experiments/E3L_6DO3/screening/inputs/train2set/E3L_6DO3_train2_chunk50/flags_params_train2_0_57.flags
Saved: /lus/eagle/projects/marP_TB_VLS/WC/williamhconrad4/OpenVS-main/experiments/E3L_6DO3/screening/inputs/train2set/E3L_6DO3_train2_chunk50/tar_params_train2_0_58.tar
Saved: /lus/eagle/projects/marP_TB_VLS/WC/williamhconrad4/OpenVS-main/experiments/E3L_6DO3/screening/inputs/train2set/E3L_6DO3_train2_chunk50/ligands_list_train2_0_58.txt
Saved: /lus/eagle/projects/marP_TB_VLS/WC/williamhconrad4/OpenVS-main/experiments/E3L_6DO3/screening/inputs/train2set/E3L_6DO3_train2_chunk50/flags_params_train2_0_58.flags
Saved: /lus/eagle/projects/marP_TB_VLS/WC/williamhconrad4/OpenVS-main/experiments/E3L_6DO3/screening/inputs/train2set/E3L_6DO3_train2_chunk50/tar_params_train2_0_59.tar
Saved: /lus/eagle/projects/marP_TB_VLS/WC/williamhconrad4/OpenVS-main/experiments/E3L_6DO3/screening/inputs/train2set/E3L_6DO3_train2_chunk50/ligands_list_train2_0_59.txt
Saved: /lus/eagle/projects/marP_TB_VLS/WC/williamhconrad4/OpenVS-main/experiments/E3L_6DO3/screening/inputs/train2set/E3L_6DO3_train2_chunk50/flags_params_train2_0_59.flags
Saved: /lus/eagle/projects/marP_TB_VLS/WC/williamhconrad4/OpenVS-main/experiments/E3L_6DO3/screening/inputs/train2set/E3L_6DO3_train2_chunk50/tar_params_train2_0_60.tar
Saved: /lus/eagle/projects/marP_TB_VLS/WC/williamhconrad4/OpenVS-main/experiments/E3L_6DO3/screening/inputs/train2set/E3L_6DO3_train2_chunk50/ligands_list_train2_0_60.txt
Saved: /lus/eagle/projects/marP_TB_VLS/WC/williamhconrad4/OpenVS-main/experiments/E3L_6DO3/screening/inputs/train2set/E3L_6DO3_train2_chunk50/flags_params_train2_0_60.flags
Saved: /lus/eagle/projects/marP_TB_VLS/WC/williamhconrad4/OpenVS-main/experiments/E3L_6DO3/screening/inputs/train2set/E3L_6DO3_train2_chunk50/tar_params_train2_0_61.tar
Saved: /lus/eagle/projects/marP_TB_VLS/WC/williamhconrad4/OpenVS-main/experiments/E3L_6DO3/screening/inputs/train2set/E3L_6DO3_train2_chunk50/ligands_list_train2_0_61.txt
Saved: /lus/eagle/projects/marP_TB_VLS/WC/williamhconrad4/OpenVS-main/experiments/E3L_6DO3/screening/inputs/train2set/E3L_6DO3_train2_chunk50/flags_params_train2_0_61.flags
Saved: /lus/eagle/projects/marP_TB_VLS/WC/williamhconrad4/OpenVS-main/experiments/E3L_6DO3/screening/inputs/train2set/E3L_6DO3_train2_chunk50/tar_params_train2_0_62.tar
Saved: /lus/eagle/projects/marP_TB_VLS/WC/williamhconrad4/OpenVS-main/experiments/E3L_6DO3/screening/inputs/train2set/E3L_6DO3_train2_chunk50/ligands_list_train2_0_62.txt
Saved: /lus/eagle/projects/marP_TB_VLS/WC/williamhconrad4/OpenVS-main/experiments/E3L_6DO3/screening/inputs/train2set/E3L_6DO3_train2_chunk50/flags_params_train2_0_62.flags
Saved: /lus/eagle/projects/marP_TB_VLS/WC/williamhconrad4/OpenVS-main/experiments/E3L_6DO3/screening/inputs/train2set/E3L_6DO3_train2_chunk50/tar_params_train2_0_63.tar
Saved: /lus/eagle/projects/marP_TB_VLS/WC/williamhconrad4/OpenVS-main/experiments/E3L_6DO3/screening/inputs/train2set/E3L_6DO3_train2_chunk50/ligands_list_train2_0_63.txt
Saved: /lus/eagle/projects/marP_TB_VLS/WC/williamhconrad4/OpenVS-main/experiments/E3L_6DO3/screening/inputs/train2set/E3L_6DO3_train2_chunk50/flags_params_train2_0_63.flags
Saved: /lus/eagle/projects/marP_TB_VLS/WC/williamhconrad4/OpenVS-main/experiments/E3L_6DO3/screening/inputs/train2set/E3L_6DO3_train2_chunk50/tar_params_train2_0_64.tar
Saved: /lus/eagle/projects/marP_TB_VLS/WC/williamhconrad4/OpenVS-main/experiments/E3L_6DO3/screening/inputs/train2set/E3L_6DO3_train2_chunk50/ligands_list_train2_0_64.txt
Saved: /lus/eagle/projects/marP_TB_VLS/WC/williamhconrad4/OpenVS-main/experiments/E3L_6DO3/screening/inputs/train2set/E3L_6DO3_train2_chunk50/flags_params_train2_0_64.flags
Saved: /lus/eagle/projects/marP_TB_VLS/WC/williamhconrad4/OpenVS-main/experiments/E3L_6DO3/screening/inputs/train2set/E3L_6DO3_train2_chunk50/tar_params_train2_0_65.tar
Saved: /lus/eagle/projects/marP_TB_VLS/WC/williamhconrad4/OpenVS-main/experiments/E3L_6DO3/screening/inputs/train2set/E3L_6DO3_train2_chunk50/ligands_list_train2_0_65.txt
Saved: /lus/eagle/projects/marP_TB_VLS/WC/williamhconrad4/OpenVS-main/experiments/E3L_6DO3/screening/inputs/train2set/E3L_6DO3_train2_chunk50/flags_params_train2_0_65.flags
Saved: /lus/eagle/projects/marP_TB_VLS/WC/williamhconrad4/OpenVS-main/experiments/E3L_6DO3/screening/inputs/train2set/E3L_6DO3_train2_chunk50/tar_params_train2_0_66.tar
Saved: /lus/eagle/projects/marP_TB_VLS/WC/williamhconrad4/OpenVS-main/experiments/E3L_6DO3/screening/inputs/train2set/E3L_6DO3_train2_chunk50/ligands_list_train2_0_66.txt
Saved: /lus/eagle/projects/marP_TB_VLS/WC/williamhconrad4/OpenVS-main/experiments/E3L_6DO3/screening/inputs/train2set/E3L_6DO3_train2_chunk50/flags_params_train2_0_66.flags
Saved: /lus/eagle/projects/marP_TB_VLS/WC/williamhconrad4/OpenVS-main/experiments/E3L_6DO3/screening/inputs/train2set/E3L_6DO3_train2_chunk50/tar_params_train2_0_67.tar
Saved: /lus/eagle/projects/marP_TB_VLS/WC/williamhconrad4/OpenVS-main/experiments/E3L_6DO3/screening/inputs/train2set/E3L_6DO3_train2_chunk50/ligands_list_train2_0_67.txt
Saved: /lus/eagle/projects/marP_TB_VLS/WC/williamhconrad4/OpenVS-main/experiments/E3L_6DO3/screening/inputs/train2set/E3L_6DO3_train2_chunk50/flags_params_train2_0_67.flags
Saved: /lus/eagle/projects/marP_TB_VLS/WC/williamhconrad4/OpenVS-main/experiments/E3L_6DO3/screening/inputs/train2set/E3L_6DO3_train2_chunk50/tar_params_train2_0_68.tar
Saved: /lus/eagle/projects/marP_TB_VLS/WC/williamhconrad4/OpenVS-main/experiments/E3L_6DO3/screening/inputs/train2set/E3L_6DO3_train2_chunk50/ligands_list_train2_0_68.txt
Saved: /lus/eagle/projects/marP_TB_VLS/WC/williamhconrad4/OpenVS-main/experiments/E3L_6DO3/screening/inputs/train2set/E3L_6DO3_train2_chunk50/flags_params_train2_0_68.flags
Saved: /lus/eagle/projects/marP_TB_VLS/WC/williamhconrad4/OpenVS-main/experiments/E3L_6DO3/screening/inputs/train2set/E3L_6DO3_train2_chunk50/tar_params_train2_0_69.tar
Saved: /lus/eagle/projects/marP_TB_VLS/WC/williamhconrad4/OpenVS-main/experiments/E3L_6DO3/screening/inputs/train2set/E3L_6DO3_train2_chunk50/ligands_list_train2_0_69.txt
Saved: /lus/eagle/projects/marP_TB_VLS/WC/williamhconrad4/OpenVS-main/experiments/E3L_6DO3/screening/inputs/train2set/E3L_6DO3_train2_chunk50/flags_params_train2_0_69.flags
Saved: /lus/eagle/projects/marP_TB_VLS/WC/williamhconrad4/OpenVS-main/experiments/E3L_6DO3/screening/inputs/train2set/E3L_6DO3_train2_chunk50/tar_params_train2_0_70.tar
Saved: /lus/eagle/projects/marP_TB_VLS/WC/williamhconrad4/OpenVS-main/experiments/E3L_6DO3/screening/inputs/train2set/E3L_6DO3_train2_chunk50/ligands_list_train2_0_70.txt
Saved: /lus/eagle/projects/marP_TB_VLS/WC/williamhconrad4/OpenVS-main/experiments/E3L_6DO3/screening/inputs/train2set/E3L_6DO3_train2_chunk50/flags_params_train2_0_70.flags
Saved: /lus/eagle/projects/marP_TB_VLS/WC/williamhconrad4/OpenVS-main/experiments/E3L_6DO3/screening/inputs/train2set/E3L_6DO3_train2_chunk50/tar_params_train2_0_71.tar
Saved: /lus/eagle/projects/marP_TB_VLS/WC/williamhconrad4/OpenVS-main/experiments/E3L_6DO3/screening/inputs/train2set/E3L_6DO3_train2_chunk50/ligands_list_train2_0_71.txt
Saved: /lus/eagle/projects/marP_TB_VLS/WC/williamhconrad4/OpenVS-main/experiments/E3L_6DO3/screening/inputs/train2set/E3L_6DO3_train2_chunk50/flags_params_train2_0_71.flags
Saved: /lus/eagle/projects/marP_TB_VLS/WC/williamhconrad4/OpenVS-main/experiments/E3L_6DO3/screening/inputs/train2set/E3L_6DO3_train2_chunk50/tar_params_train2_0_72.tar
Saved: /lus/eagle/projects/marP_TB_VLS/WC/williamhconrad4/OpenVS-main/experiments/E3L_6DO3/screening/inputs/train2set/E3L_6DO3_train2_chunk50/ligands_list_train2_0_72.txt
Saved: /lus/eagle/projects/marP_TB_VLS/WC/williamhconrad4/OpenVS-main/experiments/E3L_6DO3/screening/inputs/train2set/E3L_6DO3_train2_chunk50/flags_params_train2_0_72.flags
Saved: /lus/eagle/projects/marP_TB_VLS/WC/williamhconrad4/OpenVS-main/experiments/E3L_6DO3/screening/inputs/train2set/E3L_6DO3_train2_chunk50/tar_params_train2_0_73.tar
Saved: /lus/eagle/projects/marP_TB_VLS/WC/williamhconrad4/OpenVS-main/experiments/E3L_6DO3/screening/inputs/train2set/E3L_6DO3_train2_chunk50/ligands_list_train2_0_73.txt
Saved: /lus/eagle/projects/marP_TB_VLS/WC/williamhconrad4/OpenVS-main/experiments/E3L_6DO3/screening/inputs/train2set/E3L_6DO3_train2_chunk50/flags_params_train2_0_73.flags
Saved: /lus/eagle/projects/marP_TB_VLS/WC/williamhconrad4/OpenVS-main/experiments/E3L_6DO3/screening/inputs/train2set/E3L_6DO3_train2_chunk50/tar_params_train2_0_74.tar
Saved: /lus/eagle/projects/marP_TB_VLS/WC/williamhconrad4/OpenVS-main/experiments/E3L_6DO3/screening/inputs/train2set/E3L_6DO3_train2_chunk50/ligands_list_train2_0_74.txt
Saved: /lus/eagle/projects/marP_TB_VLS/WC/williamhconrad4/OpenVS-main/experiments/E3L_6DO3/screening/inputs/train2set/E3L_6DO3_train2_chunk50/flags_params_train2_0_74.flags
Saved: /lus/eagle/projects/marP_TB_VLS/WC/williamhconrad4/OpenVS-main/experiments/E3L_6DO3/screening/inputs/train2set/E3L_6DO3_train2_chunk50/tar_params_train2_0_75.tar
Saved: /lus/eagle/projects/marP_TB_VLS/WC/williamhconrad4/OpenVS-main/experiments/E3L_6DO3/screening/inputs/train2set/E3L_6DO3_train2_chunk50/ligands_list_train2_0_75.txt
Saved: /lus/eagle/projects/marP_TB_VLS/WC/williamhconrad4/OpenVS-main/experiments/E3L_6DO3/screening/inputs/train2set/E3L_6DO3_train2_chunk50/flags_params_train2_0_75.flags
Saved: /lus/eagle/projects/marP_TB_VLS/WC/williamhconrad4/OpenVS-main/experiments/E3L_6DO3/screening/inputs/train2set/E3L_6DO3_train2_chunk50/tar_params_train2_0_76.tar
Saved: /lus/eagle/projects/marP_TB_VLS/WC/williamhconrad4/OpenVS-main/experiments/E3L_6DO3/screening/inputs/train2set/E3L_6DO3_train2_chunk50/ligands_list_train2_0_76.txt
Saved: /lus/eagle/projects/marP_TB_VLS/WC/williamhconrad4/OpenVS-main/experiments/E3L_6DO3/screening/inputs/train2set/E3L_6DO3_train2_chunk50/flags_params_train2_0_76.flags
Saved: /lus/eagle/projects/marP_TB_VLS/WC/williamhconrad4/OpenVS-main/experiments/E3L_6DO3/screening/inputs/train2set/E3L_6DO3_train2_chunk50/tar_params_train2_0_77.tar
Saved: /lus/eagle/projects/marP_TB_VLS/WC/williamhconrad4/OpenVS-main/experiments/E3L_6DO3/screening/inputs/train2set/E3L_6DO3_train2_chunk50/ligands_list_train2_0_77.txt
Saved: /lus/eagle/projects/marP_TB_VLS/WC/williamhconrad4/OpenVS-main/experiments/E3L_6DO3/screening/inputs/train2set/E3L_6DO3_train2_chunk50/flags_params_train2_0_77.flags
Saved: /lus/eagle/projects/marP_TB_VLS/WC/williamhconrad4/OpenVS-main/experiments/E3L_6DO3/screening/inputs/train2set/E3L_6DO3_train2_chunk50/tar_params_train2_0_78.tar
Saved: /lus/eagle/projects/marP_TB_VLS/WC/williamhconrad4/OpenVS-main/experiments/E3L_6DO3/screening/inputs/train2set/E3L_6DO3_train2_chunk50/ligands_list_train2_0_78.txt
Saved: /lus/eagle/projects/marP_TB_VLS/WC/williamhconrad4/OpenVS-main/experiments/E3L_6DO3/screening/inputs/train2set/E3L_6DO3_train2_chunk50/flags_params_train2_0_78.flags
Saved: /lus/eagle/projects/marP_TB_VLS/WC/williamhconrad4/OpenVS-main/experiments/E3L_6DO3/screening/inputs/train2set/E3L_6DO3_train2_chunk50/tar_params_train2_0_79.tar
Saved: /lus/eagle/projects/marP_TB_VLS/WC/williamhconrad4/OpenVS-main/experiments/E3L_6DO3/screening/inputs/train2set/E3L_6DO3_train2_chunk50/ligands_list_train2_0_79.txt
Saved: /lus/eagle/projects/marP_TB_VLS/WC/williamhconrad4/OpenVS-main/experiments/E3L_6DO3/screening/inputs/train2set/E3L_6DO3_train2_chunk50/flags_params_train2_0_79.flags
Saved: /lus/eagle/projects/marP_TB_VLS/WC/williamhconrad4/OpenVS-main/experiments/E3L_6DO3/screening/inputs/train2set/E3L_6DO3_train2_chunk50/tar_params_train2_0_80.tar
Saved: /lus/eagle/projects/marP_TB_VLS/WC/williamhconrad4/OpenVS-main/experiments/E3L_6DO3/screening/inputs/train2set/E3L_6DO3_train2_chunk50/ligands_list_train2_0_80.txt
Saved: /lus/eagle/projects/marP_TB_VLS/WC/williamhconrad4/OpenVS-main/experiments/E3L_6DO3/screening/inputs/train2set/E3L_6DO3_train2_chunk50/flags_params_train2_0_80.flags
Saved: /lus/eagle/projects/marP_TB_VLS/WC/williamhconrad4/OpenVS-main/experiments/E3L_6DO3/screening/inputs/train2set/E3L_6DO3_train2_chunk50/tar_params_train2_0_81.tar
Saved: /lus/eagle/projects/marP_TB_VLS/WC/williamhconrad4/OpenVS-main/experiments/E3L_6DO3/screening/inputs/train2set/E3L_6DO3_train2_chunk50/ligands_list_train2_0_81.txt
Saved: /lus/eagle/projects/marP_TB_VLS/WC/williamhconrad4/OpenVS-main/experiments/E3L_6DO3/screening/inputs/train2set/E3L_6DO3_train2_chunk50/flags_params_train2_0_81.flags
Saved: /lus/eagle/projects/marP_TB_VLS/WC/williamhconrad4/OpenVS-main/experiments/E3L_6DO3/screening/inputs/train2set/E3L_6DO3_train2_chunk50/tar_params_train2_0_82.tar
Saved: /lus/eagle/projects/marP_TB_VLS/WC/williamhconrad4/OpenVS-main/experiments/E3L_6DO3/screening/inputs/train2set/E3L_6DO3_train2_chunk50/ligands_list_train2_0_82.txt
Saved: /lus/eagle/projects/marP_TB_VLS/WC/williamhconrad4/OpenVS-main/experiments/E3L_6DO3/screening/inputs/train2set/E3L_6DO3_train2_chunk50/flags_params_train2_0_82.flags
Saved: /lus/eagle/projects/marP_TB_VLS/WC/williamhconrad4/OpenVS-main/experiments/E3L_6DO3/screening/inputs/train2set/E3L_6DO3_train2_chunk50/tar_params_train2_0_83.tar
Saved: /lus/eagle/projects/marP_TB_VLS/WC/williamhconrad4/OpenVS-main/experiments/E3L_6DO3/screening/inputs/train2set/E3L_6DO3_train2_chunk50/ligands_list_train2_0_83.txt
Saved: /lus/eagle/projects/marP_TB_VLS/WC/williamhconrad4/OpenVS-main/experiments/E3L_6DO3/screening/inputs/train2set/E3L_6DO3_train2_chunk50/flags_params_train2_0_83.flags
Saved: /lus/eagle/projects/marP_TB_VLS/WC/williamhconrad4/OpenVS-main/experiments/E3L_6DO3/screening/inputs/train2set/E3L_6DO3_train2_chunk50/tar_params_train2_0_84.tar
Saved: /lus/eagle/projects/marP_TB_VLS/WC/williamhconrad4/OpenVS-main/experiments/E3L_6DO3/screening/inputs/train2set/E3L_6DO3_train2_chunk50/ligands_list_train2_0_84.txt
Saved: /lus/eagle/projects/marP_TB_VLS/WC/williamhconrad4/OpenVS-main/experiments/E3L_6DO3/screening/inputs/train2set/E3L_6DO3_train2_chunk50/flags_params_train2_0_84.flags
Saved: /lus/eagle/projects/marP_TB_VLS/WC/williamhconrad4/OpenVS-main/experiments/E3L_6DO3/screening/inputs/train2set/E3L_6DO3_train2_chunk50/tar_params_train2_0_85.tar
Saved: /lus/eagle/projects/marP_TB_VLS/WC/williamhconrad4/OpenVS-main/experiments/E3L_6DO3/screening/inputs/train2set/E3L_6DO3_train2_chunk50/ligands_list_train2_0_85.txt
Saved: /lus/eagle/projects/marP_TB_VLS/WC/williamhconrad4/OpenVS-main/experiments/E3L_6DO3/screening/inputs/train2set/E3L_6DO3_train2_chunk50/flags_params_train2_0_85.flags
Saved: /lus/eagle/projects/marP_TB_VLS/WC/williamhconrad4/OpenVS-main/experiments/E3L_6DO3/screening/inputs/train2set/E3L_6DO3_train2_chunk50/tar_params_train2_0_86.tar
Saved: /lus/eagle/projects/marP_TB_VLS/WC/williamhconrad4/OpenVS-main/experiments/E3L_6DO3/screening/inputs/train2set/E3L_6DO3_train2_chunk50/ligands_list_train2_0_86.txt
Saved: /lus/eagle/projects/marP_TB_VLS/WC/williamhconrad4/OpenVS-main/experiments/E3L_6DO3/screening/inputs/train2set/E3L_6DO3_train2_chunk50/flags_params_train2_0_86.flags
Saved: /lus/eagle/projects/marP_TB_VLS/WC/williamhconrad4/OpenVS-main/experiments/E3L_6DO3/screening/inputs/train2set/E3L_6DO3_train2_chunk50/tar_params_train2_0_87.tar
Saved: /lus/eagle/projects/marP_TB_VLS/WC/williamhconrad4/OpenVS-main/experiments/E3L_6DO3/screening/inputs/train2set/E3L_6DO3_train2_chunk50/ligands_list_train2_0_87.txt
Saved: /lus/eagle/projects/marP_TB_VLS/WC/williamhconrad4/OpenVS-main/experiments/E3L_6DO3/screening/inputs/train2set/E3L_6DO3_train2_chunk50/flags_params_train2_0_87.flags
Saved: /lus/eagle/projects/marP_TB_VLS/WC/williamhconrad4/OpenVS-main/experiments/E3L_6DO3/screening/inputs/train2set/E3L_6DO3_train2_chunk50/tar_params_train2_0_88.tar
Saved: /lus/eagle/projects/marP_TB_VLS/WC/williamhconrad4/OpenVS-main/experiments/E3L_6DO3/screening/inputs/train2set/E3L_6DO3_train2_chunk50/ligands_list_train2_0_88.txt
Saved: /lus/eagle/projects/marP_TB_VLS/WC/williamhconrad4/OpenVS-main/experiments/E3L_6DO3/screening/inputs/train2set/E3L_6DO3_train2_chunk50/flags_params_train2_0_88.flags
Saved: /lus/eagle/projects/marP_TB_VLS/WC/williamhconrad4/OpenVS-main/experiments/E3L_6DO3/screening/inputs/train2set/E3L_6DO3_train2_chunk50/tar_params_train2_0_89.tar
Saved: /lus/eagle/projects/marP_TB_VLS/WC/williamhconrad4/OpenVS-main/experiments/E3L_6DO3/screening/inputs/train2set/E3L_6DO3_train2_chunk50/ligands_list_train2_0_89.txt
Saved: /lus/eagle/projects/marP_TB_VLS/WC/williamhconrad4/OpenVS-main/experiments/E3L_6DO3/screening/inputs/train2set/E3L_6DO3_train2_chunk50/flags_params_train2_0_89.flags
Saved: /lus/eagle/projects/marP_TB_VLS/WC/williamhconrad4/OpenVS-main/experiments/E3L_6DO3/screening/inputs/train2set/E3L_6DO3_train2_chunk50/tar_params_train2_0_90.tar
Saved: /lus/eagle/projects/marP_TB_VLS/WC/williamhconrad4/OpenVS-main/experiments/E3L_6DO3/screening/inputs/train2set/E3L_6DO3_train2_chunk50/ligands_list_train2_0_90.txt
Saved: /lus/eagle/projects/marP_TB_VLS/WC/williamhconrad4/OpenVS-main/experiments/E3L_6DO3/screening/inputs/train2set/E3L_6DO3_train2_chunk50/flags_params_train2_0_90.flags
Saved: /lus/eagle/projects/marP_TB_VLS/WC/williamhconrad4/OpenVS-main/experiments/E3L_6DO3/screening/inputs/train2set/E3L_6DO3_train2_chunk50/tar_params_train2_0_91.tar
Saved: /lus/eagle/projects/marP_TB_VLS/WC/williamhconrad4/OpenVS-main/experiments/E3L_6DO3/screening/inputs/train2set/E3L_6DO3_train2_chunk50/ligands_list_train2_0_91.txt
Saved: /lus/eagle/projects/marP_TB_VLS/WC/williamhconrad4/OpenVS-main/experiments/E3L_6DO3/screening/inputs/train2set/E3L_6DO3_train2_chunk50/flags_params_train2_0_91.flags
Saved: /lus/eagle/projects/marP_TB_VLS/WC/williamhconrad4/OpenVS-main/experiments/E3L_6DO3/screening/inputs/train2set/E3L_6DO3_train2_chunk50/tar_params_train2_0_92.tar
Saved: /lus/eagle/projects/marP_TB_VLS/WC/williamhconrad4/OpenVS-main/experiments/E3L_6DO3/screening/inputs/train2set/E3L_6DO3_train2_chunk50/ligands_list_train2_0_92.txt
Saved: /lus/eagle/projects/marP_TB_VLS/WC/williamhconrad4/OpenVS-main/experiments/E3L_6DO3/screening/inputs/train2set/E3L_6DO3_train2_chunk50/flags_params_train2_0_92.flags
Saved: /lus/eagle/projects/marP_TB_VLS/WC/williamhconrad4/OpenVS-main/experiments/E3L_6DO3/screening/inputs/train2set/E3L_6DO3_train2_chunk50/tar_params_train2_0_93.tar
Saved: /lus/eagle/projects/marP_TB_VLS/WC/williamhconrad4/OpenVS-main/experiments/E3L_6DO3/screening/inputs/train2set/E3L_6DO3_train2_chunk50/ligands_list_train2_0_93.txt
Saved: /lus/eagle/projects/marP_TB_VLS/WC/williamhconrad4/OpenVS-main/experiments/E3L_6DO3/screening/inputs/train2set/E3L_6DO3_train2_chunk50/flags_params_train2_0_93.flags
Saved: /lus/eagle/projects/marP_TB_VLS/WC/williamhconrad4/OpenVS-main/experiments/E3L_6DO3/screening/inputs/train2set/E3L_6DO3_train2_chunk50/tar_params_train2_0_94.tar
Saved: /lus/eagle/projects/marP_TB_VLS/WC/williamhconrad4/OpenVS-main/experiments/E3L_6DO3/screening/inputs/train2set/E3L_6DO3_train2_chunk50/ligands_list_train2_0_94.txt
Saved: /lus/eagle/projects/marP_TB_VLS/WC/williamhconrad4/OpenVS-main/experiments/E3L_6DO3/screening/inputs/train2set/E3L_6DO3_train2_chunk50/flags_params_train2_0_94.flags
Saved: /lus/eagle/projects/marP_TB_VLS/WC/williamhconrad4/OpenVS-main/experiments/E3L_6DO3/screening/inputs/train2set/E3L_6DO3_train2_chunk50/tar_params_train2_0_95.tar
Saved: /lus/eagle/projects/marP_TB_VLS/WC/williamhconrad4/OpenVS-main/experiments/E3L_6DO3/screening/inputs/train2set/E3L_6DO3_train2_chunk50/ligands_list_train2_0_95.txt
Saved: /lus/eagle/projects/marP_TB_VLS/WC/williamhconrad4/OpenVS-main/experiments/E3L_6DO3/screening/inputs/train2set/E3L_6DO3_train2_chunk50/flags_params_train2_0_95.flags
Saved: /lus/eagle/projects/marP_TB_VLS/WC/williamhconrad4/OpenVS-main/experiments/E3L_6DO3/screening/inputs/train2set/E3L_6DO3_train2_chunk50/tar_params_train2_0_96.tar
Saved: /lus/eagle/projects/marP_TB_VLS/WC/williamhconrad4/OpenVS-main/experiments/E3L_6DO3/screening/inputs/train2set/E3L_6DO3_train2_chunk50/ligands_list_train2_0_96.txt
Saved: /lus/eagle/projects/marP_TB_VLS/WC/williamhconrad4/OpenVS-main/experiments/E3L_6DO3/screening/inputs/train2set/E3L_6DO3_train2_chunk50/flags_params_train2_0_96.flags
Saved: /lus/eagle/projects/marP_TB_VLS/WC/williamhconrad4/OpenVS-main/experiments/E3L_6DO3/screening/inputs/train2set/E3L_6DO3_train2_chunk50/tar_params_train2_0_97.tar
Saved: /lus/eagle/projects/marP_TB_VLS/WC/williamhconrad4/OpenVS-main/experiments/E3L_6DO3/screening/inputs/train2set/E3L_6DO3_train2_chunk50/ligands_list_train2_0_97.txt
Saved: /lus/eagle/projects/marP_TB_VLS/WC/williamhconrad4/OpenVS-main/experiments/E3L_6DO3/screening/inputs/train2set/E3L_6DO3_train2_chunk50/flags_params_train2_0_97.flags
Saved: /lus/eagle/projects/marP_TB_VLS/WC/williamhconrad4/OpenVS-main/experiments/E3L_6DO3/screening/inputs/train2set/E3L_6DO3_train2_chunk50/tar_params_train2_0_98.tar
Saved: /lus/eagle/projects/marP_TB_VLS/WC/williamhconrad4/OpenVS-main/experiments/E3L_6DO3/screening/inputs/train2set/E3L_6DO3_train2_chunk50/ligands_list_train2_0_98.txt
Saved: /lus/eagle/projects/marP_TB_VLS/WC/williamhconrad4/OpenVS-main/experiments/E3L_6DO3/screening/inputs/train2set/E3L_6DO3_train2_chunk50/flags_params_train2_0_98.flags
Saved: /lus/eagle/projects/marP_TB_VLS/WC/williamhconrad4/OpenVS-main/experiments/E3L_6DO3/screening/inputs/train2set/E3L_6DO3_train2_chunk50/tar_params_train2_0_99.tar
Saved: /lus/eagle/projects/marP_TB_VLS/WC/williamhconrad4/OpenVS-main/experiments/E3L_6DO3/screening/inputs/train2set/E3L_6DO3_train2_chunk50/ligands_list_train2_0_99.txt
Saved: /lus/eagle/projects/marP_TB_VLS/WC/williamhconrad4/OpenVS-main/experiments/E3L_6DO3/screening/inputs/train2set/E3L_6DO3_train2_chunk50/flags_params_train2_0_99.flags
Saved: /lus/eagle/projects/marP_TB_VLS/WC/williamhconrad4/OpenVS-main/experiments/E3L_6DO3/screening/inputs/train2set/E3L_6DO3_train2_chunk50/tar_params_train2_0_100.tar
Saved: /lus/eagle/projects/marP_TB_VLS/WC/williamhconrad4/OpenVS-main/experiments/E3L_6DO3/screening/inputs/train2set/E3L_6DO3_train2_chunk50/ligands_list_train2_0_100.txt
Saved: /lus/eagle/projects/marP_TB_VLS/WC/williamhconrad4/OpenVS-main/experiments/E3L_6DO3/screening/inputs/train2set/E3L_6DO3_train2_chunk50/flags_params_train2_0_100.flags
Saved: /lus/eagle/projects/marP_TB_VLS/WC/williamhconrad4/OpenVS-main/experiments/E3L_6DO3/screening/inputs/train2set/E3L_6DO3_train2_chunk50/tar_params_train2_0_101.tar
Saved: /lus/eagle/projects/marP_TB_VLS/WC/williamhconrad4/OpenVS-main/experiments/E3L_6DO3/screening/inputs/train2set/E3L_6DO3_train2_chunk50/ligands_list_train2_0_101.txt
Saved: /lus/eagle/projects/marP_TB_VLS/WC/williamhconrad4/OpenVS-main/experiments/E3L_6DO3/screening/inputs/train2set/E3L_6DO3_train2_chunk50/flags_params_train2_0_101.flags
Saved: /lus/eagle/projects/marP_TB_VLS/WC/williamhconrad4/OpenVS-main/experiments/E3L_6DO3/screening/inputs/train2set/E3L_6DO3_train2_chunk50/tar_params_train2_0_102.tar
Saved: /lus/eagle/projects/marP_TB_VLS/WC/williamhconrad4/OpenVS-main/experiments/E3L_6DO3/screening/inputs/train2set/E3L_6DO3_train2_chunk50/ligands_list_train2_0_102.txt
Saved: /lus/eagle/projects/marP_TB_VLS/WC/williamhconrad4/OpenVS-main/experiments/E3L_6DO3/screening/inputs/train2set/E3L_6DO3_train2_chunk50/flags_params_train2_0_102.flags
Saved: /lus/eagle/projects/marP_TB_VLS/WC/williamhconrad4/OpenVS-main/experiments/E3L_6DO3/screening/inputs/train2set/E3L_6DO3_train2_chunk50/tar_params_train2_0_103.tar
Saved: /lus/eagle/projects/marP_TB_VLS/WC/williamhconrad4/OpenVS-main/experiments/E3L_6DO3/screening/inputs/train2set/E3L_6DO3_train2_chunk50/ligands_list_train2_0_103.txt
Saved: /lus/eagle/projects/marP_TB_VLS/WC/williamhconrad4/OpenVS-main/experiments/E3L_6DO3/screening/inputs/train2set/E3L_6DO3_train2_chunk50/flags_params_train2_0_103.flags
Saved: /lus/eagle/projects/marP_TB_VLS/WC/williamhconrad4/OpenVS-main/experiments/E3L_6DO3/screening/inputs/train2set/E3L_6DO3_train2_chunk50/tar_params_train2_0_104.tar
Saved: /lus/eagle/projects/marP_TB_VLS/WC/williamhconrad4/OpenVS-main/experiments/E3L_6DO3/screening/inputs/train2set/E3L_6DO3_train2_chunk50/ligands_list_train2_0_104.txt
Saved: /lus/eagle/projects/marP_TB_VLS/WC/williamhconrad4/OpenVS-main/experiments/E3L_6DO3/screening/inputs/train2set/E3L_6DO3_train2_chunk50/flags_params_train2_0_104.flags
Saved: /lus/eagle/projects/marP_TB_VLS/WC/williamhconrad4/OpenVS-main/experiments/E3L_6DO3/screening/inputs/train2set/E3L_6DO3_train2_chunk50/tar_params_train2_0_105.tar
Saved: /lus/eagle/projects/marP_TB_VLS/WC/williamhconrad4/OpenVS-main/experiments/E3L_6DO3/screening/inputs/train2set/E3L_6DO3_train2_chunk50/ligands_list_train2_0_105.txt
Saved: /lus/eagle/projects/marP_TB_VLS/WC/williamhconrad4/OpenVS-main/experiments/E3L_6DO3/screening/inputs/train2set/E3L_6DO3_train2_chunk50/flags_params_train2_0_105.flags
Saved: /lus/eagle/projects/marP_TB_VLS/WC/williamhconrad4/OpenVS-main/experiments/E3L_6DO3/screening/inputs/train2set/E3L_6DO3_train2_chunk50/tar_params_train2_0_106.tar
Saved: /lus/eagle/projects/marP_TB_VLS/WC/williamhconrad4/OpenVS-main/experiments/E3L_6DO3/screening/inputs/train2set/E3L_6DO3_train2_chunk50/ligands_list_train2_0_106.txt
Saved: /lus/eagle/projects/marP_TB_VLS/WC/williamhconrad4/OpenVS-main/experiments/E3L_6DO3/screening/inputs/train2set/E3L_6DO3_train2_chunk50/flags_params_train2_0_106.flags
Saved: /lus/eagle/projects/marP_TB_VLS/WC/williamhconrad4/OpenVS-main/experiments/E3L_6DO3/screening/inputs/train2set/E3L_6DO3_train2_chunk50/tar_params_train2_0_107.tar
Saved: /lus/eagle/projects/marP_TB_VLS/WC/williamhconrad4/OpenVS-main/experiments/E3L_6DO3/screening/inputs/train2set/E3L_6DO3_train2_chunk50/ligands_list_train2_0_107.txt
Saved: /lus/eagle/projects/marP_TB_VLS/WC/williamhconrad4/OpenVS-main/experiments/E3L_6DO3/screening/inputs/train2set/E3L_6DO3_train2_chunk50/flags_params_train2_0_107.flags
Saved: /lus/eagle/projects/marP_TB_VLS/WC/williamhconrad4/OpenVS-main/experiments/E3L_6DO3/screening/inputs/train2set/E3L_6DO3_train2_chunk50/tar_params_train2_0_108.tar
Saved: /lus/eagle/projects/marP_TB_VLS/WC/williamhconrad4/OpenVS-main/experiments/E3L_6DO3/screening/inputs/train2set/E3L_6DO3_train2_chunk50/ligands_list_train2_0_108.txt
Saved: /lus/eagle/projects/marP_TB_VLS/WC/williamhconrad4/OpenVS-main/experiments/E3L_6DO3/screening/inputs/train2set/E3L_6DO3_train2_chunk50/flags_params_train2_0_108.flags
Saved: /lus/eagle/projects/marP_TB_VLS/WC/williamhconrad4/OpenVS-main/experiments/E3L_6DO3/screening/inputs/train2set/E3L_6DO3_train2_chunk50/tar_params_train2_0_109.tar
Saved: /lus/eagle/projects/marP_TB_VLS/WC/williamhconrad4/OpenVS-main/experiments/E3L_6DO3/screening/inputs/train2set/E3L_6DO3_train2_chunk50/ligands_list_train2_0_109.txt
Saved: /lus/eagle/projects/marP_TB_VLS/WC/williamhconrad4/OpenVS-main/experiments/E3L_6DO3/screening/inputs/train2set/E3L_6DO3_train2_chunk50/flags_params_train2_0_109.flags
Saved: /lus/eagle/projects/marP_TB_VLS/WC/williamhconrad4/OpenVS-main/experiments/E3L_6DO3/screening/inputs/train2set/E3L_6DO3_train2_chunk50/tar_params_train2_0_110.tar
Saved: /lus/eagle/projects/marP_TB_VLS/WC/williamhconrad4/OpenVS-main/experiments/E3L_6DO3/screening/inputs/train2set/E3L_6DO3_train2_chunk50/ligands_list_train2_0_110.txt
Saved: /lus/eagle/projects/marP_TB_VLS/WC/williamhconrad4/OpenVS-main/experiments/E3L_6DO3/screening/inputs/train2set/E3L_6DO3_train2_chunk50/flags_params_train2_0_110.flags
Saved: /lus/eagle/projects/marP_TB_VLS/WC/williamhconrad4/OpenVS-main/experiments/E3L_6DO3/screening/inputs/train2set/E3L_6DO3_train2_chunk50/tar_params_train2_0_111.tar
Saved: /lus/eagle/projects/marP_TB_VLS/WC/williamhconrad4/OpenVS-main/experiments/E3L_6DO3/screening/inputs/train2set/E3L_6DO3_train2_chunk50/ligands_list_train2_0_111.txt
Saved: /lus/eagle/projects/marP_TB_VLS/WC/williamhconrad4/OpenVS-main/experiments/E3L_6DO3/screening/inputs/train2set/E3L_6DO3_train2_chunk50/flags_params_train2_0_111.flags
Saved: /lus/eagle/projects/marP_TB_VLS/WC/williamhconrad4/OpenVS-main/experiments/E3L_6DO3/screening/inputs/train2set/E3L_6DO3_train2_chunk50/tar_params_train2_0_112.tar
Saved: /lus/eagle/projects/marP_TB_VLS/WC/williamhconrad4/OpenVS-main/experiments/E3L_6DO3/screening/inputs/train2set/E3L_6DO3_train2_chunk50/ligands_list_train2_0_112.txt
Saved: /lus/eagle/projects/marP_TB_VLS/WC/williamhconrad4/OpenVS-main/experiments/E3L_6DO3/screening/inputs/train2set/E3L_6DO3_train2_chunk50/flags_params_train2_0_112.flags
Saved: /lus/eagle/projects/marP_TB_VLS/WC/williamhconrad4/OpenVS-main/experiments/E3L_6DO3/screening/inputs/train2set/E3L_6DO3_train2_chunk50/tar_params_train2_0_113.tar
Saved: /lus/eagle/projects/marP_TB_VLS/WC/williamhconrad4/OpenVS-main/experiments/E3L_6DO3/screening/inputs/train2set/E3L_6DO3_train2_chunk50/ligands_list_train2_0_113.txt
Saved: /lus/eagle/projects/marP_TB_VLS/WC/williamhconrad4/OpenVS-main/experiments/E3L_6DO3/screening/inputs/train2set/E3L_6DO3_train2_chunk50/flags_params_train2_0_113.flags
Saved: /lus/eagle/projects/marP_TB_VLS/WC/williamhconrad4/OpenVS-main/experiments/E3L_6DO3/screening/inputs/train2set/E3L_6DO3_train2_chunk50/tar_params_train2_0_114.tar
Saved: /lus/eagle/projects/marP_TB_VLS/WC/williamhconrad4/OpenVS-main/experiments/E3L_6DO3/screening/inputs/train2set/E3L_6DO3_train2_chunk50/ligands_list_train2_0_114.txt
Saved: /lus/eagle/projects/marP_TB_VLS/WC/williamhconrad4/OpenVS-main/experiments/E3L_6DO3/screening/inputs/train2set/E3L_6DO3_train2_chunk50/flags_params_train2_0_114.flags
Saved: /lus/eagle/projects/marP_TB_VLS/WC/williamhconrad4/OpenVS-main/experiments/E3L_6DO3/screening/inputs/train2set/E3L_6DO3_train2_chunk50/tar_params_train2_0_115.tar
Saved: /lus/eagle/projects/marP_TB_VLS/WC/williamhconrad4/OpenVS-main/experiments/E3L_6DO3/screening/inputs/train2set/E3L_6DO3_train2_chunk50/ligands_list_train2_0_115.txt
Saved: /lus/eagle/projects/marP_TB_VLS/WC/williamhconrad4/OpenVS-main/experiments/E3L_6DO3/screening/inputs/train2set/E3L_6DO3_train2_chunk50/flags_params_train2_0_115.flags
Saved: /lus/eagle/projects/marP_TB_VLS/WC/williamhconrad4/OpenVS-main/experiments/E3L_6DO3/screening/inputs/train2set/E3L_6DO3_train2_chunk50/tar_params_train2_0_116.tar
Saved: /lus/eagle/projects/marP_TB_VLS/WC/williamhconrad4/OpenVS-main/experiments/E3L_6DO3/screening/inputs/train2set/E3L_6DO3_train2_chunk50/ligands_list_train2_0_116.txt
Saved: /lus/eagle/projects/marP_TB_VLS/WC/williamhconrad4/OpenVS-main/experiments/E3L_6DO3/screening/inputs/train2set/E3L_6DO3_train2_chunk50/flags_params_train2_0_116.flags
Saved: /lus/eagle/projects/marP_TB_VLS/WC/williamhconrad4/OpenVS-main/experiments/E3L_6DO3/screening/inputs/train2set/E3L_6DO3_train2_chunk50/tar_params_train2_0_117.tar
Saved: /lus/eagle/projects/marP_TB_VLS/WC/williamhconrad4/OpenVS-main/experiments/E3L_6DO3/screening/inputs/train2set/E3L_6DO3_train2_chunk50/ligands_list_train2_0_117.txt
Saved: /lus/eagle/projects/marP_TB_VLS/WC/williamhconrad4/OpenVS-main/experiments/E3L_6DO3/screening/inputs/train2set/E3L_6DO3_train2_chunk50/flags_params_train2_0_117.flags
Saved: /lus/eagle/projects/marP_TB_VLS/WC/williamhconrad4/OpenVS-main/experiments/E3L_6DO3/screening/inputs/train2set/E3L_6DO3_train2_chunk50/tar_params_train2_0_118.tar
Saved: /lus/eagle/projects/marP_TB_VLS/WC/williamhconrad4/OpenVS-main/experiments/E3L_6DO3/screening/inputs/train2set/E3L_6DO3_train2_chunk50/ligands_list_train2_0_118.txt
Saved: /lus/eagle/projects/marP_TB_VLS/WC/williamhconrad4/OpenVS-main/experiments/E3L_6DO3/screening/inputs/train2set/E3L_6DO3_train2_chunk50/flags_params_train2_0_118.flags
Saved: /lus/eagle/projects/marP_TB_VLS/WC/williamhconrad4/OpenVS-main/experiments/E3L_6DO3/screening/inputs/train2set/E3L_6DO3_train2_chunk50/tar_params_train2_0_119.tar
Saved: /lus/eagle/projects/marP_TB_VLS/WC/williamhconrad4/OpenVS-main/experiments/E3L_6DO3/screening/inputs/train2set/E3L_6DO3_train2_chunk50/ligands_list_train2_0_119.txt
Saved: /lus/eagle/projects/marP_TB_VLS/WC/williamhconrad4/OpenVS-main/experiments/E3L_6DO3/screening/inputs/train2set/E3L_6DO3_train2_chunk50/flags_params_train2_0_119.flags
Saved: /lus/eagle/projects/marP_TB_VLS/WC/williamhconrad4/OpenVS-main/experiments/E3L_6DO3/screening/inputs/train2set/E3L_6DO3_train2_chunk50/tar_params_train2_0_120.tar
Saved: /lus/eagle/projects/marP_TB_VLS/WC/williamhconrad4/OpenVS-main/experiments/E3L_6DO3/screening/inputs/train2set/E3L_6DO3_train2_chunk50/ligands_list_train2_0_120.txt
Saved: /lus/eagle/projects/marP_TB_VLS/WC/williamhconrad4/OpenVS-main/experiments/E3L_6DO3/screening/inputs/train2set/E3L_6DO3_train2_chunk50/flags_params_train2_0_120.flags
Saved: /lus/eagle/projects/marP_TB_VLS/WC/williamhconrad4/OpenVS-main/experiments/E3L_6DO3/screening/inputs/train2set/E3L_6DO3_train2_chunk50/tar_params_train2_0_121.tar
Saved: /lus/eagle/projects/marP_TB_VLS/WC/williamhconrad4/OpenVS-main/experiments/E3L_6DO3/screening/inputs/train2set/E3L_6DO3_train2_chunk50/ligands_list_train2_0_121.txt
Saved: /lus/eagle/projects/marP_TB_VLS/WC/williamhconrad4/OpenVS-main/experiments/E3L_6DO3/screening/inputs/train2set/E3L_6DO3_train2_chunk50/flags_params_train2_0_121.flags
Saved: /lus/eagle/projects/marP_TB_VLS/WC/williamhconrad4/OpenVS-main/experiments/E3L_6DO3/screening/inputs/train2set/E3L_6DO3_train2_chunk50/tar_params_train2_0_122.tar
Saved: /lus/eagle/projects/marP_TB_VLS/WC/williamhconrad4/OpenVS-main/experiments/E3L_6DO3/screening/inputs/train2set/E3L_6DO3_train2_chunk50/ligands_list_train2_0_122.txt
Saved: /lus/eagle/projects/marP_TB_VLS/WC/williamhconrad4/OpenVS-main/experiments/E3L_6DO3/screening/inputs/train2set/E3L_6DO3_train2_chunk50/flags_params_train2_0_122.flags
Saved: /lus/eagle/projects/marP_TB_VLS/WC/williamhconrad4/OpenVS-main/experiments/E3L_6DO3/screening/inputs/train2set/E3L_6DO3_train2_chunk50/tar_params_train2_0_123.tar
Saved: /lus/eagle/projects/marP_TB_VLS/WC/williamhconrad4/OpenVS-main/experiments/E3L_6DO3/screening/inputs/train2set/E3L_6DO3_train2_chunk50/ligands_list_train2_0_123.txt
Saved: /lus/eagle/projects/marP_TB_VLS/WC/williamhconrad4/OpenVS-main/experiments/E3L_6DO3/screening/inputs/train2set/E3L_6DO3_train2_chunk50/flags_params_train2_0_123.flags
Saved: /lus/eagle/projects/marP_TB_VLS/WC/williamhconrad4/OpenVS-main/experiments/E3L_6DO3/screening/inputs/train2set/E3L_6DO3_train2_chunk50/tar_params_train2_0_124.tar
Saved: /lus/eagle/projects/marP_TB_VLS/WC/williamhconrad4/OpenVS-main/experiments/E3L_6DO3/screening/inputs/train2set/E3L_6DO3_train2_chunk50/ligands_list_train2_0_124.txt
Saved: /lus/eagle/projects/marP_TB_VLS/WC/williamhconrad4/OpenVS-main/experiments/E3L_6DO3/screening/inputs/train2set/E3L_6DO3_train2_chunk50/flags_params_train2_0_124.flags
Saved: /lus/eagle/projects/marP_TB_VLS/WC/williamhconrad4/OpenVS-main/experiments/E3L_6DO3/screening/inputs/train2set/E3L_6DO3_train2_chunk50/tar_params_train2_0_125.tar
Saved: /lus/eagle/projects/marP_TB_VLS/WC/williamhconrad4/OpenVS-main/experiments/E3L_6DO3/screening/inputs/train2set/E3L_6DO3_train2_chunk50/ligands_list_train2_0_125.txt
Saved: /lus/eagle/projects/marP_TB_VLS/WC/williamhconrad4/OpenVS-main/experiments/E3L_6DO3/screening/inputs/train2set/E3L_6DO3_train2_chunk50/flags_params_train2_0_125.flags
Saved: /lus/eagle/projects/marP_TB_VLS/WC/williamhconrad4/OpenVS-main/experiments/E3L_6DO3/screening/inputs/train2set/E3L_6DO3_train2_chunk50/tar_params_train2_0_126.tar
Saved: /lus/eagle/projects/marP_TB_VLS/WC/williamhconrad4/OpenVS-main/experiments/E3L_6DO3/screening/inputs/train2set/E3L_6DO3_train2_chunk50/ligands_list_train2_0_126.txt
Saved: /lus/eagle/projects/marP_TB_VLS/WC/williamhconrad4/OpenVS-main/experiments/E3L_6DO3/screening/inputs/train2set/E3L_6DO3_train2_chunk50/flags_params_train2_0_126.flags
Saved: /lus/eagle/projects/marP_TB_VLS/WC/williamhconrad4/OpenVS-main/experiments/E3L_6DO3/screening/inputs/train2set/E3L_6DO3_train2_chunk50/tar_params_train2_0_127.tar
Saved: /lus/eagle/projects/marP_TB_VLS/WC/williamhconrad4/OpenVS-main/experiments/E3L_6DO3/screening/inputs/train2set/E3L_6DO3_train2_chunk50/ligands_list_train2_0_127.txt
Saved: /lus/eagle/projects/marP_TB_VLS/WC/williamhconrad4/OpenVS-main/experiments/E3L_6DO3/screening/inputs/train2set/E3L_6DO3_train2_chunk50/flags_params_train2_0_127.flags
Saved: /lus/eagle/projects/marP_TB_VLS/WC/williamhconrad4/OpenVS-main/experiments/E3L_6DO3/screening/inputs/train2set/E3L_6DO3_train2_chunk50/tar_params_train2_0_128.tar
Saved: /lus/eagle/projects/marP_TB_VLS/WC/williamhconrad4/OpenVS-main/experiments/E3L_6DO3/screening/inputs/train2set/E3L_6DO3_train2_chunk50/ligands_list_train2_0_128.txt
Saved: /lus/eagle/projects/marP_TB_VLS/WC/williamhconrad4/OpenVS-main/experiments/E3L_6DO3/screening/inputs/train2set/E3L_6DO3_train2_chunk50/flags_params_train2_0_128.flags
Saved: /lus/eagle/projects/marP_TB_VLS/WC/williamhconrad4/OpenVS-main/experiments/E3L_6DO3/screening/inputs/train2set/E3L_6DO3_train2_chunk50/tar_params_train2_0_129.tar
Saved: /lus/eagle/projects/marP_TB_VLS/WC/williamhconrad4/OpenVS-main/experiments/E3L_6DO3/screening/inputs/train2set/E3L_6DO3_train2_chunk50/ligands_list_train2_0_129.txt
Saved: /lus/eagle/projects/marP_TB_VLS/WC/williamhconrad4/OpenVS-main/experiments/E3L_6DO3/screening/inputs/train2set/E3L_6DO3_train2_chunk50/flags_params_train2_0_129.flags
Saved: /lus/eagle/projects/marP_TB_VLS/WC/williamhconrad4/OpenVS-main/experiments/E3L_6DO3/screening/inputs/train2set/E3L_6DO3_train2_chunk50/tar_params_train2_0_130.tar
Saved: /lus/eagle/projects/marP_TB_VLS/WC/williamhconrad4/OpenVS-main/experiments/E3L_6DO3/screening/inputs/train2set/E3L_6DO3_train2_chunk50/ligands_list_train2_0_130.txt
Saved: /lus/eagle/projects/marP_TB_VLS/WC/williamhconrad4/OpenVS-main/experiments/E3L_6DO3/screening/inputs/train2set/E3L_6DO3_train2_chunk50/flags_params_train2_0_130.flags
Saved: /lus/eagle/projects/marP_TB_VLS/WC/williamhconrad4/OpenVS-main/experiments/E3L_6DO3/screening/inputs/train2set/E3L_6DO3_train2_chunk50/tar_params_train2_0_131.tar
Saved: /lus/eagle/projects/marP_TB_VLS/WC/williamhconrad4/OpenVS-main/experiments/E3L_6DO3/screening/inputs/train2set/E3L_6DO3_train2_chunk50/ligands_list_train2_0_131.txt
Saved: /lus/eagle/projects/marP_TB_VLS/WC/williamhconrad4/OpenVS-main/experiments/E3L_6DO3/screening/inputs/train2set/E3L_6DO3_train2_chunk50/flags_params_train2_0_131.flags
Saved: /lus/eagle/projects/marP_TB_VLS/WC/williamhconrad4/OpenVS-main/experiments/E3L_6DO3/screening/inputs/train2set/E3L_6DO3_train2_chunk50/tar_params_train2_0_132.tar
Saved: /lus/eagle/projects/marP_TB_VLS/WC/williamhconrad4/OpenVS-main/experiments/E3L_6DO3/screening/inputs/train2set/E3L_6DO3_train2_chunk50/ligands_list_train2_0_132.txt
Saved: /lus/eagle/projects/marP_TB_VLS/WC/williamhconrad4/OpenVS-main/experiments/E3L_6DO3/screening/inputs/train2set/E3L_6DO3_train2_chunk50/flags_params_train2_0_132.flags
Saved: /lus/eagle/projects/marP_TB_VLS/WC/williamhconrad4/OpenVS-main/experiments/E3L_6DO3/screening/inputs/train2set/E3L_6DO3_train2_chunk50/tar_params_train2_0_133.tar
Saved: /lus/eagle/projects/marP_TB_VLS/WC/williamhconrad4/OpenVS-main/experiments/E3L_6DO3/screening/inputs/train2set/E3L_6DO3_train2_chunk50/ligands_list_train2_0_133.txt
Saved: /lus/eagle/projects/marP_TB_VLS/WC/williamhconrad4/OpenVS-main/experiments/E3L_6DO3/screening/inputs/train2set/E3L_6DO3_train2_chunk50/flags_params_train2_0_133.flags
Saved: /lus/eagle/projects/marP_TB_VLS/WC/williamhconrad4/OpenVS-main/experiments/E3L_6DO3/screening/inputs/train2set/E3L_6DO3_train2_chunk50/tar_params_train2_0_134.tar
Saved: /lus/eagle/projects/marP_TB_VLS/WC/williamhconrad4/OpenVS-main/experiments/E3L_6DO3/screening/inputs/train2set/E3L_6DO3_train2_chunk50/ligands_list_train2_0_134.txt
Saved: /lus/eagle/projects/marP_TB_VLS/WC/williamhconrad4/OpenVS-main/experiments/E3L_6DO3/screening/inputs/train2set/E3L_6DO3_train2_chunk50/flags_params_train2_0_134.flags
Saved: /lus/eagle/projects/marP_TB_VLS/WC/williamhconrad4/OpenVS-main/experiments/E3L_6DO3/screening/inputs/train2set/E3L_6DO3_train2_chunk50/tar_params_train2_0_135.tar
Saved: /lus/eagle/projects/marP_TB_VLS/WC/williamhconrad4/OpenVS-main/experiments/E3L_6DO3/screening/inputs/train2set/E3L_6DO3_train2_chunk50/ligands_list_train2_0_135.txt
Saved: /lus/eagle/projects/marP_TB_VLS/WC/williamhconrad4/OpenVS-main/experiments/E3L_6DO3/screening/inputs/train2set/E3L_6DO3_train2_chunk50/flags_params_train2_0_135.flags
Saved: /lus/eagle/projects/marP_TB_VLS/WC/williamhconrad4/OpenVS-main/experiments/E3L_6DO3/screening/inputs/train2set/E3L_6DO3_train2_chunk50/tar_params_train2_0_136.tar
Saved: /lus/eagle/projects/marP_TB_VLS/WC/williamhconrad4/OpenVS-main/experiments/E3L_6DO3/screening/inputs/train2set/E3L_6DO3_train2_chunk50/ligands_list_train2_0_136.txt
Saved: /lus/eagle/projects/marP_TB_VLS/WC/williamhconrad4/OpenVS-main/experiments/E3L_6DO3/screening/inputs/train2set/E3L_6DO3_train2_chunk50/flags_params_train2_0_136.flags
Saved: /lus/eagle/projects/marP_TB_VLS/WC/williamhconrad4/OpenVS-main/experiments/E3L_6DO3/screening/inputs/train2set/E3L_6DO3_train2_chunk50/tar_params_train2_0_137.tar
Saved: /lus/eagle/projects/marP_TB_VLS/WC/williamhconrad4/OpenVS-main/experiments/E3L_6DO3/screening/inputs/train2set/E3L_6DO3_train2_chunk50/ligands_list_train2_0_137.txt
Saved: /lus/eagle/projects/marP_TB_VLS/WC/williamhconrad4/OpenVS-main/experiments/E3L_6DO3/screening/inputs/train2set/E3L_6DO3_train2_chunk50/flags_params_train2_0_137.flags
Saved: /lus/eagle/projects/marP_TB_VLS/WC/williamhconrad4/OpenVS-main/experiments/E3L_6DO3/screening/inputs/train2set/E3L_6DO3_train2_chunk50/tar_params_train2_0_138.tar
Saved: /lus/eagle/projects/marP_TB_VLS/WC/williamhconrad4/OpenVS-main/experiments/E3L_6DO3/screening/inputs/train2set/E3L_6DO3_train2_chunk50/ligands_list_train2_0_138.txt
Saved: /lus/eagle/projects/marP_TB_VLS/WC/williamhconrad4/OpenVS-main/experiments/E3L_6DO3/screening/inputs/train2set/E3L_6DO3_train2_chunk50/flags_params_train2_0_138.flags
Saved: /lus/eagle/projects/marP_TB_VLS/WC/williamhconrad4/OpenVS-main/experiments/E3L_6DO3/screening/inputs/train2set/E3L_6DO3_train2_chunk50/tar_params_train2_0_139.tar
Saved: /lus/eagle/projects/marP_TB_VLS/WC/williamhconrad4/OpenVS-main/experiments/E3L_6DO3/screening/inputs/train2set/E3L_6DO3_train2_chunk50/ligands_list_train2_0_139.txt
Saved: /lus/eagle/projects/marP_TB_VLS/WC/williamhconrad4/OpenVS-main/experiments/E3L_6DO3/screening/inputs/train2set/E3L_6DO3_train2_chunk50/flags_params_train2_0_139.flags
Saved: /lus/eagle/projects/marP_TB_VLS/WC/williamhconrad4/OpenVS-main/experiments/E3L_6DO3/screening/inputs/train2set/E3L_6DO3_train2_chunk50/tar_params_train2_0_140.tar
Saved: /lus/eagle/projects/marP_TB_VLS/WC/williamhconrad4/OpenVS-main/experiments/E3L_6DO3/screening/inputs/train2set/E3L_6DO3_train2_chunk50/ligands_list_train2_0_140.txt
Saved: /lus/eagle/projects/marP_TB_VLS/WC/williamhconrad4/OpenVS-main/experiments/E3L_6DO3/screening/inputs/train2set/E3L_6DO3_train2_chunk50/flags_params_train2_0_140.flags
Saved: /lus/eagle/projects/marP_TB_VLS/WC/williamhconrad4/OpenVS-main/experiments/E3L_6DO3/screening/inputs/train2set/E3L_6DO3_train2_chunk50/tar_params_train2_0_141.tar
Saved: /lus/eagle/projects/marP_TB_VLS/WC/williamhconrad4/OpenVS-main/experiments/E3L_6DO3/screening/inputs/train2set/E3L_6DO3_train2_chunk50/ligands_list_train2_0_141.txt
Saved: /lus/eagle/projects/marP_TB_VLS/WC/williamhconrad4/OpenVS-main/experiments/E3L_6DO3/screening/inputs/train2set/E3L_6DO3_train2_chunk50/flags_params_train2_0_141.flags
Saved: /lus/eagle/projects/marP_TB_VLS/WC/williamhconrad4/OpenVS-main/experiments/E3L_6DO3/screening/inputs/train2set/E3L_6DO3_train2_chunk50/tar_params_train2_0_142.tar
Saved: /lus/eagle/projects/marP_TB_VLS/WC/williamhconrad4/OpenVS-main/experiments/E3L_6DO3/screening/inputs/train2set/E3L_6DO3_train2_chunk50/ligands_list_train2_0_142.txt
Saved: /lus/eagle/projects/marP_TB_VLS/WC/williamhconrad4/OpenVS-main/experiments/E3L_6DO3/screening/inputs/train2set/E3L_6DO3_train2_chunk50/flags_params_train2_0_142.flags
Saved: /lus/eagle/projects/marP_TB_VLS/WC/williamhconrad4/OpenVS-main/experiments/E3L_6DO3/screening/inputs/train2set/E3L_6DO3_train2_chunk50/tar_params_train2_0_143.tar
Saved: /lus/eagle/projects/marP_TB_VLS/WC/williamhconrad4/OpenVS-main/experiments/E3L_6DO3/screening/inputs/train2set/E3L_6DO3_train2_chunk50/ligands_list_train2_0_143.txt
Saved: /lus/eagle/projects/marP_TB_VLS/WC/williamhconrad4/OpenVS-main/experiments/E3L_6DO3/screening/inputs/train2set/E3L_6DO3_train2_chunk50/flags_params_train2_0_143.flags
Saved: /lus/eagle/projects/marP_TB_VLS/WC/williamhconrad4/OpenVS-main/experiments/E3L_6DO3/screening/inputs/train2set/E3L_6DO3_train2_chunk50/tar_params_train2_0_144.tar
Saved: /lus/eagle/projects/marP_TB_VLS/WC/williamhconrad4/OpenVS-main/experiments/E3L_6DO3/screening/inputs/train2set/E3L_6DO3_train2_chunk50/ligands_list_train2_0_144.txt
Saved: /lus/eagle/projects/marP_TB_VLS/WC/williamhconrad4/OpenVS-main/experiments/E3L_6DO3/screening/inputs/train2set/E3L_6DO3_train2_chunk50/flags_params_train2_0_144.flags
Saved: /lus/eagle/projects/marP_TB_VLS/WC/williamhconrad4/OpenVS-main/experiments/E3L_6DO3/screening/inputs/train2set/E3L_6DO3_train2_chunk50/tar_params_train2_0_145.tar
Saved: /lus/eagle/projects/marP_TB_VLS/WC/williamhconrad4/OpenVS-main/experiments/E3L_6DO3/screening/inputs/train2set/E3L_6DO3_train2_chunk50/ligands_list_train2_0_145.txt
Saved: /lus/eagle/projects/marP_TB_VLS/WC/williamhconrad4/OpenVS-main/experiments/E3L_6DO3/screening/inputs/train2set/E3L_6DO3_train2_chunk50/flags_params_train2_0_145.flags
Saved: /lus/eagle/projects/marP_TB_VLS/WC/williamhconrad4/OpenVS-main/experiments/E3L_6DO3/screening/inputs/train2set/E3L_6DO3_train2_chunk50/tar_params_train2_0_146.tar
Saved: /lus/eagle/projects/marP_TB_VLS/WC/williamhconrad4/OpenVS-main/experiments/E3L_6DO3/screening/inputs/train2set/E3L_6DO3_train2_chunk50/ligands_list_train2_0_146.txt
Saved: /lus/eagle/projects/marP_TB_VLS/WC/williamhconrad4/OpenVS-main/experiments/E3L_6DO3/screening/inputs/train2set/E3L_6DO3_train2_chunk50/flags_params_train2_0_146.flags
Saved: /lus/eagle/projects/marP_TB_VLS/WC/williamhconrad4/OpenVS-main/experiments/E3L_6DO3/screening/inputs/train2set/E3L_6DO3_train2_chunk50/tar_params_train2_0_147.tar
Saved: /lus/eagle/projects/marP_TB_VLS/WC/williamhconrad4/OpenVS-main/experiments/E3L_6DO3/screening/inputs/train2set/E3L_6DO3_train2_chunk50/ligands_list_train2_0_147.txt
Saved: /lus/eagle/projects/marP_TB_VLS/WC/williamhconrad4/OpenVS-main/experiments/E3L_6DO3/screening/inputs/train2set/E3L_6DO3_train2_chunk50/flags_params_train2_0_147.flags
Saved: /lus/eagle/projects/marP_TB_VLS/WC/williamhconrad4/OpenVS-main/experiments/E3L_6DO3/screening/inputs/train2set/E3L_6DO3_train2_chunk50/tar_params_train2_0_148.tar
Saved: /lus/eagle/projects/marP_TB_VLS/WC/williamhconrad4/OpenVS-main/experiments/E3L_6DO3/screening/inputs/train2set/E3L_6DO3_train2_chunk50/ligands_list_train2_0_148.txt
Saved: /lus/eagle/projects/marP_TB_VLS/WC/williamhconrad4/OpenVS-main/experiments/E3L_6DO3/screening/inputs/train2set/E3L_6DO3_train2_chunk50/flags_params_train2_0_148.flags
Saved: /lus/eagle/projects/marP_TB_VLS/WC/williamhconrad4/OpenVS-main/experiments/E3L_6DO3/screening/inputs/train2set/E3L_6DO3_train2_chunk50/tar_params_train2_0_149.tar
Saved: /lus/eagle/projects/marP_TB_VLS/WC/williamhconrad4/OpenVS-main/experiments/E3L_6DO3/screening/inputs/train2set/E3L_6DO3_train2_chunk50/ligands_list_train2_0_149.txt
Saved: /lus/eagle/projects/marP_TB_VLS/WC/williamhconrad4/OpenVS-main/experiments/E3L_6DO3/screening/inputs/train2set/E3L_6DO3_train2_chunk50/flags_params_train2_0_149.flags
Saved: /lus/eagle/projects/marP_TB_VLS/WC/williamhconrad4/OpenVS-main/experiments/E3L_6DO3/screening/inputs/train2set/E3L_6DO3_train2_chunk50/tar_params_train2_0_150.tar
Saved: /lus/eagle/projects/marP_TB_VLS/WC/williamhconrad4/OpenVS-main/experiments/E3L_6DO3/screening/inputs/train2set/E3L_6DO3_train2_chunk50/ligands_list_train2_0_150.txt
Saved: /lus/eagle/projects/marP_TB_VLS/WC/williamhconrad4/OpenVS-main/experiments/E3L_6DO3/screening/inputs/train2set/E3L_6DO3_train2_chunk50/flags_params_train2_0_150.flags
Saved: /lus/eagle/projects/marP_TB_VLS/WC/williamhconrad4/OpenVS-main/experiments/E3L_6DO3/screening/inputs/train2set/E3L_6DO3_train2_chunk50/tar_params_train2_0_151.tar
Saved: /lus/eagle/projects/marP_TB_VLS/WC/williamhconrad4/OpenVS-main/experiments/E3L_6DO3/screening/inputs/train2set/E3L_6DO3_train2_chunk50/ligands_list_train2_0_151.txt
Saved: /lus/eagle/projects/marP_TB_VLS/WC/williamhconrad4/OpenVS-main/experiments/E3L_6DO3/screening/inputs/train2set/E3L_6DO3_train2_chunk50/flags_params_train2_0_151.flags
Saved: /lus/eagle/projects/marP_TB_VLS/WC/williamhconrad4/OpenVS-main/experiments/E3L_6DO3/screening/inputs/train2set/E3L_6DO3_train2_chunk50/tar_params_train2_0_152.tar
Saved: /lus/eagle/projects/marP_TB_VLS/WC/williamhconrad4/OpenVS-main/experiments/E3L_6DO3/screening/inputs/train2set/E3L_6DO3_train2_chunk50/ligands_list_train2_0_152.txt
Saved: /lus/eagle/projects/marP_TB_VLS/WC/williamhconrad4/OpenVS-main/experiments/E3L_6DO3/screening/inputs/train2set/E3L_6DO3_train2_chunk50/flags_params_train2_0_152.flags
Saved: /lus/eagle/projects/marP_TB_VLS/WC/williamhconrad4/OpenVS-main/experiments/E3L_6DO3/screening/inputs/train2set/E3L_6DO3_train2_chunk50/tar_params_train2_0_153.tar
Saved: /lus/eagle/projects/marP_TB_VLS/WC/williamhconrad4/OpenVS-main/experiments/E3L_6DO3/screening/inputs/train2set/E3L_6DO3_train2_chunk50/ligands_list_train2_0_153.txt
Saved: /lus/eagle/projects/marP_TB_VLS/WC/williamhconrad4/OpenVS-main/experiments/E3L_6DO3/screening/inputs/train2set/E3L_6DO3_train2_chunk50/flags_params_train2_0_153.flags
Saved: /lus/eagle/projects/marP_TB_VLS/WC/williamhconrad4/OpenVS-main/experiments/E3L_6DO3/screening/inputs/train2set/E3L_6DO3_train2_chunk50/tar_params_train2_0_154.tar
Saved: /lus/eagle/projects/marP_TB_VLS/WC/williamhconrad4/OpenVS-main/experiments/E3L_6DO3/screening/inputs/train2set/E3L_6DO3_train2_chunk50/ligands_list_train2_0_154.txt
Saved: /lus/eagle/projects/marP_TB_VLS/WC/williamhconrad4/OpenVS-main/experiments/E3L_6DO3/screening/inputs/train2set/E3L_6DO3_train2_chunk50/flags_params_train2_0_154.flags
Saved: /lus/eagle/projects/marP_TB_VLS/WC/williamhconrad4/OpenVS-main/experiments/E3L_6DO3/screening/inputs/train2set/E3L_6DO3_train2_chunk50/tar_params_train2_0_155.tar
Saved: /lus/eagle/projects/marP_TB_VLS/WC/williamhconrad4/OpenVS-main/experiments/E3L_6DO3/screening/inputs/train2set/E3L_6DO3_train2_chunk50/ligands_list_train2_0_155.txt
Saved: /lus/eagle/projects/marP_TB_VLS/WC/williamhconrad4/OpenVS-main/experiments/E3L_6DO3/screening/inputs/train2set/E3L_6DO3_train2_chunk50/flags_params_train2_0_155.flags
Saved: /lus/eagle/projects/marP_TB_VLS/WC/williamhconrad4/OpenVS-main/experiments/E3L_6DO3/screening/inputs/train2set/E3L_6DO3_train2_chunk50/tar_params_train2_0_156.tar
Saved: /lus/eagle/projects/marP_TB_VLS/WC/williamhconrad4/OpenVS-main/experiments/E3L_6DO3/screening/inputs/train2set/E3L_6DO3_train2_chunk50/ligands_list_train2_0_156.txt
Saved: /lus/eagle/projects/marP_TB_VLS/WC/williamhconrad4/OpenVS-main/experiments/E3L_6DO3/screening/inputs/train2set/E3L_6DO3_train2_chunk50/flags_params_train2_0_156.flags
Saved: /lus/eagle/projects/marP_TB_VLS/WC/williamhconrad4/OpenVS-main/experiments/E3L_6DO3/screening/inputs/train2set/E3L_6DO3_train2_chunk50/tar_params_train2_0_157.tar
Saved: /lus/eagle/projects/marP_TB_VLS/WC/williamhconrad4/OpenVS-main/experiments/E3L_6DO3/screening/inputs/train2set/E3L_6DO3_train2_chunk50/ligands_list_train2_0_157.txt
Saved: /lus/eagle/projects/marP_TB_VLS/WC/williamhconrad4/OpenVS-main/experiments/E3L_6DO3/screening/inputs/train2set/E3L_6DO3_train2_chunk50/flags_params_train2_0_157.flags
Saved: /lus/eagle/projects/marP_TB_VLS/WC/williamhconrad4/OpenVS-main/experiments/E3L_6DO3/screening/inputs/train2set/E3L_6DO3_train2_chunk50/tar_params_train2_0_158.tar
Saved: /lus/eagle/projects/marP_TB_VLS/WC/williamhconrad4/OpenVS-main/experiments/E3L_6DO3/screening/inputs/train2set/E3L_6DO3_train2_chunk50/ligands_list_train2_0_158.txt
Saved: /lus/eagle/projects/marP_TB_VLS/WC/williamhconrad4/OpenVS-main/experiments/E3L_6DO3/screening/inputs/train2set/E3L_6DO3_train2_chunk50/flags_params_train2_0_158.flags
Saved: /lus/eagle/projects/marP_TB_VLS/WC/williamhconrad4/OpenVS-main/experiments/E3L_6DO3/screening/inputs/train2set/E3L_6DO3_train2_chunk50/tar_params_train2_0_159.tar
Saved: /lus/eagle/projects/marP_TB_VLS/WC/williamhconrad4/OpenVS-main/experiments/E3L_6DO3/screening/inputs/train2set/E3L_6DO3_train2_chunk50/ligands_list_train2_0_159.txt
Saved: /lus/eagle/projects/marP_TB_VLS/WC/williamhconrad4/OpenVS-main/experiments/E3L_6DO3/screening/inputs/train2set/E3L_6DO3_train2_chunk50/flags_params_train2_0_159.flags
Saved: /lus/eagle/projects/marP_TB_VLS/WC/williamhconrad4/OpenVS-main/experiments/E3L_6DO3/screening/inputs/train2set/E3L_6DO3_train2_chunk50/tar_params_train2_0_160.tar
Saved: /lus/eagle/projects/marP_TB_VLS/WC/williamhconrad4/OpenVS-main/experiments/E3L_6DO3/screening/inputs/train2set/E3L_6DO3_train2_chunk50/ligands_list_train2_0_160.txt
Saved: /lus/eagle/projects/marP_TB_VLS/WC/williamhconrad4/OpenVS-main/experiments/E3L_6DO3/screening/inputs/train2set/E3L_6DO3_train2_chunk50/flags_params_train2_0_160.flags
Saved: /lus/eagle/projects/marP_TB_VLS/WC/williamhconrad4/OpenVS-main/experiments/E3L_6DO3/screening/inputs/train2set/E3L_6DO3_train2_chunk50/tar_params_train2_0_161.tar
Saved: /lus/eagle/projects/marP_TB_VLS/WC/williamhconrad4/OpenVS-main/experiments/E3L_6DO3/screening/inputs/train2set/E3L_6DO3_train2_chunk50/ligands_list_train2_0_161.txt
Saved: /lus/eagle/projects/marP_TB_VLS/WC/williamhconrad4/OpenVS-main/experiments/E3L_6DO3/screening/inputs/train2set/E3L_6DO3_train2_chunk50/flags_params_train2_0_161.flags
Saved: /lus/eagle/projects/marP_TB_VLS/WC/williamhconrad4/OpenVS-main/experiments/E3L_6DO3/screening/inputs/train2set/E3L_6DO3_train2_chunk50/tar_params_train2_0_162.tar
Saved: /lus/eagle/projects/marP_TB_VLS/WC/williamhconrad4/OpenVS-main/experiments/E3L_6DO3/screening/inputs/train2set/E3L_6DO3_train2_chunk50/ligands_list_train2_0_162.txt
Saved: /lus/eagle/projects/marP_TB_VLS/WC/williamhconrad4/OpenVS-main/experiments/E3L_6DO3/screening/inputs/train2set/E3L_6DO3_train2_chunk50/flags_params_train2_0_162.flags
Saved: /lus/eagle/projects/marP_TB_VLS/WC/williamhconrad4/OpenVS-main/experiments/E3L_6DO3/screening/inputs/train2set/E3L_6DO3_train2_chunk50/tar_params_train2_0_163.tar
Saved: /lus/eagle/projects/marP_TB_VLS/WC/williamhconrad4/OpenVS-main/experiments/E3L_6DO3/screening/inputs/train2set/E3L_6DO3_train2_chunk50/ligands_list_train2_0_163.txt
Saved: /lus/eagle/projects/marP_TB_VLS/WC/williamhconrad4/OpenVS-main/experiments/E3L_6DO3/screening/inputs/train2set/E3L_6DO3_train2_chunk50/flags_params_train2_0_163.flags
Saved: /lus/eagle/projects/marP_TB_VLS/WC/williamhconrad4/OpenVS-main/experiments/E3L_6DO3/screening/inputs/train2set/E3L_6DO3_train2_chunk50/tar_params_train2_0_164.tar
Saved: /lus/eagle/projects/marP_TB_VLS/WC/williamhconrad4/OpenVS-main/experiments/E3L_6DO3/screening/inputs/train2set/E3L_6DO3_train2_chunk50/ligands_list_train2_0_164.txt
Saved: /lus/eagle/projects/marP_TB_VLS/WC/williamhconrad4/OpenVS-main/experiments/E3L_6DO3/screening/inputs/train2set/E3L_6DO3_train2_chunk50/flags_params_train2_0_164.flags
Saved: /lus/eagle/projects/marP_TB_VLS/WC/williamhconrad4/OpenVS-main/experiments/E3L_6DO3/screening/inputs/train2set/E3L_6DO3_train2_chunk50/tar_params_train2_0_165.tar
Saved: /lus/eagle/projects/marP_TB_VLS/WC/williamhconrad4/OpenVS-main/experiments/E3L_6DO3/screening/inputs/train2set/E3L_6DO3_train2_chunk50/ligands_list_train2_0_165.txt
Saved: /lus/eagle/projects/marP_TB_VLS/WC/williamhconrad4/OpenVS-main/experiments/E3L_6DO3/screening/inputs/train2set/E3L_6DO3_train2_chunk50/flags_params_train2_0_165.flags
Saved: /lus/eagle/projects/marP_TB_VLS/WC/williamhconrad4/OpenVS-main/experiments/E3L_6DO3/screening/inputs/train2set/E3L_6DO3_train2_chunk50/tar_params_train2_0_166.tar
Saved: /lus/eagle/projects/marP_TB_VLS/WC/williamhconrad4/OpenVS-main/experiments/E3L_6DO3/screening/inputs/train2set/E3L_6DO3_train2_chunk50/ligands_list_train2_0_166.txt
Saved: /lus/eagle/projects/marP_TB_VLS/WC/williamhconrad4/OpenVS-main/experiments/E3L_6DO3/screening/inputs/train2set/E3L_6DO3_train2_chunk50/flags_params_train2_0_166.flags
Saved: /lus/eagle/projects/marP_TB_VLS/WC/williamhconrad4/OpenVS-main/experiments/E3L_6DO3/screening/inputs/train2set/E3L_6DO3_train2_chunk50/tar_params_train2_0_167.tar
Saved: /lus/eagle/projects/marP_TB_VLS/WC/williamhconrad4/OpenVS-main/experiments/E3L_6DO3/screening/inputs/train2set/E3L_6DO3_train2_chunk50/ligands_list_train2_0_167.txt
Saved: /lus/eagle/projects/marP_TB_VLS/WC/williamhconrad4/OpenVS-main/experiments/E3L_6DO3/screening/inputs/train2set/E3L_6DO3_train2_chunk50/flags_params_train2_0_167.flags
Saved: /lus/eagle/projects/marP_TB_VLS/WC/williamhconrad4/OpenVS-main/experiments/E3L_6DO3/screening/inputs/train2set/E3L_6DO3_train2_chunk50/tar_params_train2_0_168.tar
Saved: /lus/eagle/projects/marP_TB_VLS/WC/williamhconrad4/OpenVS-main/experiments/E3L_6DO3/screening/inputs/train2set/E3L_6DO3_train2_chunk50/ligands_list_train2_0_168.txt
Saved: /lus/eagle/projects/marP_TB_VLS/WC/williamhconrad4/OpenVS-main/experiments/E3L_6DO3/screening/inputs/train2set/E3L_6DO3_train2_chunk50/flags_params_train2_0_168.flags
Saved: /lus/eagle/projects/marP_TB_VLS/WC/williamhconrad4/OpenVS-main/experiments/E3L_6DO3/screening/inputs/train2set/E3L_6DO3_train2_chunk50/tar_params_train2_0_169.tar
Saved: /lus/eagle/projects/marP_TB_VLS/WC/williamhconrad4/OpenVS-main/experiments/E3L_6DO3/screening/inputs/train2set/E3L_6DO3_train2_chunk50/ligands_list_train2_0_169.txt
Saved: /lus/eagle/projects/marP_TB_VLS/WC/williamhconrad4/OpenVS-main/experiments/E3L_6DO3/screening/inputs/train2set/E3L_6DO3_train2_chunk50/flags_params_train2_0_169.flags
Saved: /lus/eagle/projects/marP_TB_VLS/WC/williamhconrad4/OpenVS-main/experiments/E3L_6DO3/screening/inputs/train2set/E3L_6DO3_train2_chunk50/tar_params_train2_0_170.tar
Saved: /lus/eagle/projects/marP_TB_VLS/WC/williamhconrad4/OpenVS-main/experiments/E3L_6DO3/screening/inputs/train2set/E3L_6DO3_train2_chunk50/ligands_list_train2_0_170.txt
Saved: /lus/eagle/projects/marP_TB_VLS/WC/williamhconrad4/OpenVS-main/experiments/E3L_6DO3/screening/inputs/train2set/E3L_6DO3_train2_chunk50/flags_params_train2_0_170.flags
Saved: /lus/eagle/projects/marP_TB_VLS/WC/williamhconrad4/OpenVS-main/experiments/E3L_6DO3/screening/inputs/train2set/E3L_6DO3_train2_chunk50/tar_params_train2_0_171.tar
Saved: /lus/eagle/projects/marP_TB_VLS/WC/williamhconrad4/OpenVS-main/experiments/E3L_6DO3/screening/inputs/train2set/E3L_6DO3_train2_chunk50/ligands_list_train2_0_171.txt
Saved: /lus/eagle/projects/marP_TB_VLS/WC/williamhconrad4/OpenVS-main/experiments/E3L_6DO3/screening/inputs/train2set/E3L_6DO3_train2_chunk50/flags_params_train2_0_171.flags
Saved: /lus/eagle/projects/marP_TB_VLS/WC/williamhconrad4/OpenVS-main/experiments/E3L_6DO3/screening/inputs/train2set/E3L_6DO3_train2_chunk50/tar_params_train2_0_172.tar
Saved: /lus/eagle/projects/marP_TB_VLS/WC/williamhconrad4/OpenVS-main/experiments/E3L_6DO3/screening/inputs/train2set/E3L_6DO3_train2_chunk50/ligands_list_train2_0_172.txt
Saved: /lus/eagle/projects/marP_TB_VLS/WC/williamhconrad4/OpenVS-main/experiments/E3L_6DO3/screening/inputs/train2set/E3L_6DO3_train2_chunk50/flags_params_train2_0_172.flags
Saved: /lus/eagle/projects/marP_TB_VLS/WC/williamhconrad4/OpenVS-main/experiments/E3L_6DO3/screening/inputs/train2set/E3L_6DO3_train2_chunk50/tar_params_train2_0_173.tar
Saved: /lus/eagle/projects/marP_TB_VLS/WC/williamhconrad4/OpenVS-main/experiments/E3L_6DO3/screening/inputs/train2set/E3L_6DO3_train2_chunk50/ligands_list_train2_0_173.txt
Saved: /lus/eagle/projects/marP_TB_VLS/WC/williamhconrad4/OpenVS-main/experiments/E3L_6DO3/screening/inputs/train2set/E3L_6DO3_train2_chunk50/flags_params_train2_0_173.flags
Saved: /lus/eagle/projects/marP_TB_VLS/WC/williamhconrad4/OpenVS-main/experiments/E3L_6DO3/screening/inputs/train2set/E3L_6DO3_train2_chunk50/tar_params_train2_0_174.tar
Saved: /lus/eagle/projects/marP_TB_VLS/WC/williamhconrad4/OpenVS-main/experiments/E3L_6DO3/screening/inputs/train2set/E3L_6DO3_train2_chunk50/ligands_list_train2_0_174.txt
Saved: /lus/eagle/projects/marP_TB_VLS/WC/williamhconrad4/OpenVS-main/experiments/E3L_6DO3/screening/inputs/train2set/E3L_6DO3_train2_chunk50/flags_params_train2_0_174.flags
Saved: /lus/eagle/projects/marP_TB_VLS/WC/williamhconrad4/OpenVS-main/experiments/E3L_6DO3/screening/inputs/train2set/E3L_6DO3_train2_chunk50/tar_params_train2_0_175.tar
Saved: /lus/eagle/projects/marP_TB_VLS/WC/williamhconrad4/OpenVS-main/experiments/E3L_6DO3/screening/inputs/train2set/E3L_6DO3_train2_chunk50/ligands_list_train2_0_175.txt
Saved: /lus/eagle/projects/marP_TB_VLS/WC/williamhconrad4/OpenVS-main/experiments/E3L_6DO3/screening/inputs/train2set/E3L_6DO3_train2_chunk50/flags_params_train2_0_175.flags
Saved: /lus/eagle/projects/marP_TB_VLS/WC/williamhconrad4/OpenVS-main/experiments/E3L_6DO3/screening/inputs/train2set/E3L_6DO3_train2_chunk50/tar_params_train2_0_176.tar
Saved: /lus/eagle/projects/marP_TB_VLS/WC/williamhconrad4/OpenVS-main/experiments/E3L_6DO3/screening/inputs/train2set/E3L_6DO3_train2_chunk50/ligands_list_train2_0_176.txt
Saved: /lus/eagle/projects/marP_TB_VLS/WC/williamhconrad4/OpenVS-main/experiments/E3L_6DO3/screening/inputs/train2set/E3L_6DO3_train2_chunk50/flags_params_train2_0_176.flags
Saved: /lus/eagle/projects/marP_TB_VLS/WC/williamhconrad4/OpenVS-main/experiments/E3L_6DO3/screening/inputs/train2set/E3L_6DO3_train2_chunk50/tar_params_train2_0_177.tar
Saved: /lus/eagle/projects/marP_TB_VLS/WC/williamhconrad4/OpenVS-main/experiments/E3L_6DO3/screening/inputs/train2set/E3L_6DO3_train2_chunk50/ligands_list_train2_0_177.txt
Saved: /lus/eagle/projects/marP_TB_VLS/WC/williamhconrad4/OpenVS-main/experiments/E3L_6DO3/screening/inputs/train2set/E3L_6DO3_train2_chunk50/flags_params_train2_0_177.flags
Saved: /lus/eagle/projects/marP_TB_VLS/WC/williamhconrad4/OpenVS-main/experiments/E3L_6DO3/screening/inputs/train2set/E3L_6DO3_train2_chunk50/tar_params_train2_0_178.tar
Saved: /lus/eagle/projects/marP_TB_VLS/WC/williamhconrad4/OpenVS-main/experiments/E3L_6DO3/screening/inputs/train2set/E3L_6DO3_train2_chunk50/ligands_list_train2_0_178.txt
Saved: /lus/eagle/projects/marP_TB_VLS/WC/williamhconrad4/OpenVS-main/experiments/E3L_6DO3/screening/inputs/train2set/E3L_6DO3_train2_chunk50/flags_params_train2_0_178.flags
Saved: /lus/eagle/projects/marP_TB_VLS/WC/williamhconrad4/OpenVS-main/experiments/E3L_6DO3/screening/inputs/train2set/E3L_6DO3_train2_chunk50/tar_params_train2_0_179.tar
Saved: /lus/eagle/projects/marP_TB_VLS/WC/williamhconrad4/OpenVS-main/experiments/E3L_6DO3/screening/inputs/train2set/E3L_6DO3_train2_chunk50/ligands_list_train2_0_179.txt
Saved: /lus/eagle/projects/marP_TB_VLS/WC/williamhconrad4/OpenVS-main/experiments/E3L_6DO3/screening/inputs/train2set/E3L_6DO3_train2_chunk50/flags_params_train2_0_179.flags
Saved: /lus/eagle/projects/marP_TB_VLS/WC/williamhconrad4/OpenVS-main/experiments/E3L_6DO3/screening/inputs/train2set/E3L_6DO3_train2_chunk50/tar_params_train2_0_180.tar
Saved: /lus/eagle/projects/marP_TB_VLS/WC/williamhconrad4/OpenVS-main/experiments/E3L_6DO3/screening/inputs/train2set/E3L_6DO3_train2_chunk50/ligands_list_train2_0_180.txt
Saved: /lus/eagle/projects/marP_TB_VLS/WC/williamhconrad4/OpenVS-main/experiments/E3L_6DO3/screening/inputs/train2set/E3L_6DO3_train2_chunk50/flags_params_train2_0_180.flags
Saved: /lus/eagle/projects/marP_TB_VLS/WC/williamhconrad4/OpenVS-main/experiments/E3L_6DO3/screening/inputs/train2set/E3L_6DO3_train2_chunk50/tar_params_train2_0_181.tar
Saved: /lus/eagle/projects/marP_TB_VLS/WC/williamhconrad4/OpenVS-main/experiments/E3L_6DO3/screening/inputs/train2set/E3L_6DO3_train2_chunk50/ligands_list_train2_0_181.txt
Saved: /lus/eagle/projects/marP_TB_VLS/WC/williamhconrad4/OpenVS-main/experiments/E3L_6DO3/screening/inputs/train2set/E3L_6DO3_train2_chunk50/flags_params_train2_0_181.flags
Saved: /lus/eagle/projects/marP_TB_VLS/WC/williamhconrad4/OpenVS-main/experiments/E3L_6DO3/screening/inputs/train2set/E3L_6DO3_train2_chunk50/tar_params_train2_0_182.tar
Saved: /lus/eagle/projects/marP_TB_VLS/WC/williamhconrad4/OpenVS-main/experiments/E3L_6DO3/screening/inputs/train2set/E3L_6DO3_train2_chunk50/ligands_list_train2_0_182.txt
Saved: /lus/eagle/projects/marP_TB_VLS/WC/williamhconrad4/OpenVS-main/experiments/E3L_6DO3/screening/inputs/train2set/E3L_6DO3_train2_chunk50/flags_params_train2_0_182.flags
Saved: /lus/eagle/projects/marP_TB_VLS/WC/williamhconrad4/OpenVS-main/experiments/E3L_6DO3/screening/inputs/train2set/E3L_6DO3_train2_chunk50/tar_params_train2_0_183.tar
Saved: /lus/eagle/projects/marP_TB_VLS/WC/williamhconrad4/OpenVS-main/experiments/E3L_6DO3/screening/inputs/train2set/E3L_6DO3_train2_chunk50/ligands_list_train2_0_183.txt
Saved: /lus/eagle/projects/marP_TB_VLS/WC/williamhconrad4/OpenVS-main/experiments/E3L_6DO3/screening/inputs/train2set/E3L_6DO3_train2_chunk50/flags_params_train2_0_183.flags
Saved: /lus/eagle/projects/marP_TB_VLS/WC/williamhconrad4/OpenVS-main/experiments/E3L_6DO3/screening/inputs/train2set/E3L_6DO3_train2_chunk50/tar_params_train2_0_184.tar
Saved: /lus/eagle/projects/marP_TB_VLS/WC/williamhconrad4/OpenVS-main/experiments/E3L_6DO3/screening/inputs/train2set/E3L_6DO3_train2_chunk50/ligands_list_train2_0_184.txt
Saved: /lus/eagle/projects/marP_TB_VLS/WC/williamhconrad4/OpenVS-main/experiments/E3L_6DO3/screening/inputs/train2set/E3L_6DO3_train2_chunk50/flags_params_train2_0_184.flags
Saved: /lus/eagle/projects/marP_TB_VLS/WC/williamhconrad4/OpenVS-main/experiments/E3L_6DO3/screening/inputs/train2set/E3L_6DO3_train2_chunk50/tar_params_train2_0_185.tar
Saved: /lus/eagle/projects/marP_TB_VLS/WC/williamhconrad4/OpenVS-main/experiments/E3L_6DO3/screening/inputs/train2set/E3L_6DO3_train2_chunk50/ligands_list_train2_0_185.txt
Saved: /lus/eagle/projects/marP_TB_VLS/WC/williamhconrad4/OpenVS-main/experiments/E3L_6DO3/screening/inputs/train2set/E3L_6DO3_train2_chunk50/flags_params_train2_0_185.flags
Saved: /lus/eagle/projects/marP_TB_VLS/WC/williamhconrad4/OpenVS-main/experiments/E3L_6DO3/screening/inputs/train2set/E3L_6DO3_train2_chunk50/tar_params_train2_0_186.tar
Saved: /lus/eagle/projects/marP_TB_VLS/WC/williamhconrad4/OpenVS-main/experiments/E3L_6DO3/screening/inputs/train2set/E3L_6DO3_train2_chunk50/ligands_list_train2_0_186.txt
Saved: /lus/eagle/projects/marP_TB_VLS/WC/williamhconrad4/OpenVS-main/experiments/E3L_6DO3/screening/inputs/train2set/E3L_6DO3_train2_chunk50/flags_params_train2_0_186.flags
Saved: /lus/eagle/projects/marP_TB_VLS/WC/williamhconrad4/OpenVS-main/experiments/E3L_6DO3/screening/inputs/train2set/E3L_6DO3_train2_chunk50/tar_params_train2_0_187.tar
Saved: /lus/eagle/projects/marP_TB_VLS/WC/williamhconrad4/OpenVS-main/experiments/E3L_6DO3/screening/inputs/train2set/E3L_6DO3_train2_chunk50/ligands_list_train2_0_187.txt
Saved: /lus/eagle/projects/marP_TB_VLS/WC/williamhconrad4/OpenVS-main/experiments/E3L_6DO3/screening/inputs/train2set/E3L_6DO3_train2_chunk50/flags_params_train2_0_187.flags
Saved: /lus/eagle/projects/marP_TB_VLS/WC/williamhconrad4/OpenVS-main/experiments/E3L_6DO3/screening/inputs/train2set/E3L_6DO3_train2_chunk50/tar_params_train2_0_188.tar
Saved: /lus/eagle/projects/marP_TB_VLS/WC/williamhconrad4/OpenVS-main/experiments/E3L_6DO3/screening/inputs/train2set/E3L_6DO3_train2_chunk50/ligands_list_train2_0_188.txt
Saved: /lus/eagle/projects/marP_TB_VLS/WC/williamhconrad4/OpenVS-main/experiments/E3L_6DO3/screening/inputs/train2set/E3L_6DO3_train2_chunk50/flags_params_train2_0_188.flags
Saved: /lus/eagle/projects/marP_TB_VLS/WC/williamhconrad4/OpenVS-main/experiments/E3L_6DO3/screening/inputs/train2set/E3L_6DO3_train2_chunk50/tar_params_train2_0_189.tar
Saved: /lus/eagle/projects/marP_TB_VLS/WC/williamhconrad4/OpenVS-main/experiments/E3L_6DO3/screening/inputs/train2set/E3L_6DO3_train2_chunk50/ligands_list_train2_0_189.txt
Saved: /lus/eagle/projects/marP_TB_VLS/WC/williamhconrad4/OpenVS-main/experiments/E3L_6DO3/screening/inputs/train2set/E3L_6DO3_train2_chunk50/flags_params_train2_0_189.flags
Saved: /lus/eagle/projects/marP_TB_VLS/WC/williamhconrad4/OpenVS-main/experiments/E3L_6DO3/screening/inputs/train2set/E3L_6DO3_train2_chunk50/tar_params_train2_0_190.tar
Saved: /lus/eagle/projects/marP_TB_VLS/WC/williamhconrad4/OpenVS-main/experiments/E3L_6DO3/screening/inputs/train2set/E3L_6DO3_train2_chunk50/ligands_list_train2_0_190.txt
Saved: /lus/eagle/projects/marP_TB_VLS/WC/williamhconrad4/OpenVS-main/experiments/E3L_6DO3/screening/inputs/train2set/E3L_6DO3_train2_chunk50/flags_params_train2_0_190.flags
Saved: /lus/eagle/projects/marP_TB_VLS/WC/williamhconrad4/OpenVS-main/experiments/E3L_6DO3/screening/inputs/train2set/E3L_6DO3_train2_chunk50/tar_params_train2_0_191.tar
Saved: /lus/eagle/projects/marP_TB_VLS/WC/williamhconrad4/OpenVS-main/experiments/E3L_6DO3/screening/inputs/train2set/E3L_6DO3_train2_chunk50/ligands_list_train2_0_191.txt
Saved: /lus/eagle/projects/marP_TB_VLS/WC/williamhconrad4/OpenVS-main/experiments/E3L_6DO3/screening/inputs/train2set/E3L_6DO3_train2_chunk50/flags_params_train2_0_191.flags
Saved: /lus/eagle/projects/marP_TB_VLS/WC/williamhconrad4/OpenVS-main/experiments/E3L_6DO3/screening/inputs/train2set/E3L_6DO3_train2_chunk50/tar_params_train2_0_192.tar
Saved: /lus/eagle/projects/marP_TB_VLS/WC/williamhconrad4/OpenVS-main/experiments/E3L_6DO3/screening/inputs/train2set/E3L_6DO3_train2_chunk50/ligands_list_train2_0_192.txt
Saved: /lus/eagle/projects/marP_TB_VLS/WC/williamhconrad4/OpenVS-main/experiments/E3L_6DO3/screening/inputs/train2set/E3L_6DO3_train2_chunk50/flags_params_train2_0_192.flags
Saved: /lus/eagle/projects/marP_TB_VLS/WC/williamhconrad4/OpenVS-main/experiments/E3L_6DO3/screening/inputs/train2set/E3L_6DO3_train2_chunk50/tar_params_train2_0_193.tar
Saved: /lus/eagle/projects/marP_TB_VLS/WC/williamhconrad4/OpenVS-main/experiments/E3L_6DO3/screening/inputs/train2set/E3L_6DO3_train2_chunk50/ligands_list_train2_0_193.txt
Saved: /lus/eagle/projects/marP_TB_VLS/WC/williamhconrad4/OpenVS-main/experiments/E3L_6DO3/screening/inputs/train2set/E3L_6DO3_train2_chunk50/flags_params_train2_0_193.flags
Saved: /lus/eagle/projects/marP_TB_VLS/WC/williamhconrad4/OpenVS-main/experiments/E3L_6DO3/screening/inputs/train2set/E3L_6DO3_train2_chunk50/tar_params_train2_0_194.tar
Saved: /lus/eagle/projects/marP_TB_VLS/WC/williamhconrad4/OpenVS-main/experiments/E3L_6DO3/screening/inputs/train2set/E3L_6DO3_train2_chunk50/ligands_list_train2_0_194.txt
Saved: /lus/eagle/projects/marP_TB_VLS/WC/williamhconrad4/OpenVS-main/experiments/E3L_6DO3/screening/inputs/train2set/E3L_6DO3_train2_chunk50/flags_params_train2_0_194.flags
Saved: /lus/eagle/projects/marP_TB_VLS/WC/williamhconrad4/OpenVS-main/experiments/E3L_6DO3/screening/inputs/train2set/E3L_6DO3_train2_chunk50/tar_params_train2_0_195.tar
Saved: /lus/eagle/projects/marP_TB_VLS/WC/williamhconrad4/OpenVS-main/experiments/E3L_6DO3/screening/inputs/train2set/E3L_6DO3_train2_chunk50/ligands_list_train2_0_195.txt
Saved: /lus/eagle/projects/marP_TB_VLS/WC/williamhconrad4/OpenVS-main/experiments/E3L_6DO3/screening/inputs/train2set/E3L_6DO3_train2_chunk50/flags_params_train2_0_195.flags
Saved: /lus/eagle/projects/marP_TB_VLS/WC/williamhconrad4/OpenVS-main/experiments/E3L_6DO3/screening/inputs/train2set/E3L_6DO3_train2_chunk50/tar_params_train2_0_196.tar
Saved: /lus/eagle/projects/marP_TB_VLS/WC/williamhconrad4/OpenVS-main/experiments/E3L_6DO3/screening/inputs/train2set/E3L_6DO3_train2_chunk50/ligands_list_train2_0_196.txt
Saved: /lus/eagle/projects/marP_TB_VLS/WC/williamhconrad4/OpenVS-main/experiments/E3L_6DO3/screening/inputs/train2set/E3L_6DO3_train2_chunk50/flags_params_train2_0_196.flags
Saved: /lus/eagle/projects/marP_TB_VLS/WC/williamhconrad4/OpenVS-main/experiments/E3L_6DO3/screening/inputs/train2set/E3L_6DO3_train2_chunk50/tar_params_train2_0_197.tar
Saved: /lus/eagle/projects/marP_TB_VLS/WC/williamhconrad4/OpenVS-main/experiments/E3L_6DO3/screening/inputs/train2set/E3L_6DO3_train2_chunk50/ligands_list_train2_0_197.txt
Saved: /lus/eagle/projects/marP_TB_VLS/WC/williamhconrad4/OpenVS-main/experiments/E3L_6DO3/screening/inputs/train2set/E3L_6DO3_train2_chunk50/flags_params_train2_0_197.flags
Saved: /lus/eagle/projects/marP_TB_VLS/WC/williamhconrad4/OpenVS-main/experiments/E3L_6DO3/screening/inputs/train2set/E3L_6DO3_train2_chunk50/tar_params_train2_0_198.tar
Saved: /lus/eagle/projects/marP_TB_VLS/WC/williamhconrad4/OpenVS-main/experiments/E3L_6DO3/screening/inputs/train2set/E3L_6DO3_train2_chunk50/ligands_list_train2_0_198.txt
Saved: /lus/eagle/projects/marP_TB_VLS/WC/williamhconrad4/OpenVS-main/experiments/E3L_6DO3/screening/inputs/train2set/E3L_6DO3_train2_chunk50/flags_params_train2_0_198.flags
Saved: /lus/eagle/projects/marP_TB_VLS/WC/williamhconrad4/OpenVS-main/experiments/E3L_6DO3/screening/inputs/train2set/E3L_6DO3_train2_chunk50/tar_params_train2_0_199.tar
Saved: /lus/eagle/projects/marP_TB_VLS/WC/williamhconrad4/OpenVS-main/experiments/E3L_6DO3/screening/inputs/train2set/E3L_6DO3_train2_chunk50/ligands_list_train2_0_199.txt
Saved: /lus/eagle/projects/marP_TB_VLS/WC/williamhconrad4/OpenVS-main/experiments/E3L_6DO3/screening/inputs/train2set/E3L_6DO3_train2_chunk50/flags_params_train2_0_199.flags
Saved: /lus/eagle/projects/marP_TB_VLS/WC/williamhconrad4/OpenVS-main/experiments/E3L_6DO3/screening/inputs/train2set/E3L_6DO3_train2_chunk50/tar_params_train2_0_200.tar
Saved: /lus/eagle/projects/marP_TB_VLS/WC/williamhconrad4/OpenVS-main/experiments/E3L_6DO3/screening/inputs/train2set/E3L_6DO3_train2_chunk50/ligands_list_train2_0_200.txt
Saved: /lus/eagle/projects/marP_TB_VLS/WC/williamhconrad4/OpenVS-main/experiments/E3L_6DO3/screening/inputs/train2set/E3L_6DO3_train2_chunk50/flags_params_train2_0_200.flags
Saved: /lus/eagle/projects/marP_TB_VLS/WC/williamhconrad4/OpenVS-main/experiments/E3L_6DO3/screening/inputs/train2set/E3L_6DO3_train2_chunk50/tar_params_train2_0_201.tar
Saved: /lus/eagle/projects/marP_TB_VLS/WC/williamhconrad4/OpenVS-main/experiments/E3L_6DO3/screening/inputs/train2set/E3L_6DO3_train2_chunk50/ligands_list_train2_0_201.txt
Saved: /lus/eagle/projects/marP_TB_VLS/WC/williamhconrad4/OpenVS-main/experiments/E3L_6DO3/screening/inputs/train2set/E3L_6DO3_train2_chunk50/flags_params_train2_0_201.flags
Saved: /lus/eagle/projects/marP_TB_VLS/WC/williamhconrad4/OpenVS-main/experiments/E3L_6DO3/screening/inputs/train2set/E3L_6DO3_train2_chunk50/tar_params_train2_0_202.tar
Saved: /lus/eagle/projects/marP_TB_VLS/WC/williamhconrad4/OpenVS-main/experiments/E3L_6DO3/screening/inputs/train2set/E3L_6DO3_train2_chunk50/ligands_list_train2_0_202.txt
Saved: /lus/eagle/projects/marP_TB_VLS/WC/williamhconrad4/OpenVS-main/experiments/E3L_6DO3/screening/inputs/train2set/E3L_6DO3_train2_chunk50/flags_params_train2_0_202.flags
Saved: /lus/eagle/projects/marP_TB_VLS/WC/williamhconrad4/OpenVS-main/experiments/E3L_6DO3/screening/inputs/train2set/E3L_6DO3_train2_chunk50/tar_params_train2_0_203.tar
Saved: /lus/eagle/projects/marP_TB_VLS/WC/williamhconrad4/OpenVS-main/experiments/E3L_6DO3/screening/inputs/train2set/E3L_6DO3_train2_chunk50/ligands_list_train2_0_203.txt
Saved: /lus/eagle/projects/marP_TB_VLS/WC/williamhconrad4/OpenVS-main/experiments/E3L_6DO3/screening/inputs/train2set/E3L_6DO3_train2_chunk50/flags_params_train2_0_203.flags
Saved: /lus/eagle/projects/marP_TB_VLS/WC/williamhconrad4/OpenVS-main/experiments/E3L_6DO3/screening/inputs/train2set/E3L_6DO3_train2_chunk50/tar_params_train2_0_204.tar
Saved: /lus/eagle/projects/marP_TB_VLS/WC/williamhconrad4/OpenVS-main/experiments/E3L_6DO3/screening/inputs/train2set/E3L_6DO3_train2_chunk50/ligands_list_train2_0_204.txt
Saved: /lus/eagle/projects/marP_TB_VLS/WC/williamhconrad4/OpenVS-main/experiments/E3L_6DO3/screening/inputs/train2set/E3L_6DO3_train2_chunk50/flags_params_train2_0_204.flags
Saved: /lus/eagle/projects/marP_TB_VLS/WC/williamhconrad4/OpenVS-main/experiments/E3L_6DO3/screening/inputs/train2set/E3L_6DO3_train2_chunk50/tar_params_train2_0_205.tar
Saved: /lus/eagle/projects/marP_TB_VLS/WC/williamhconrad4/OpenVS-main/experiments/E3L_6DO3/screening/inputs/train2set/E3L_6DO3_train2_chunk50/ligands_list_train2_0_205.txt
Saved: /lus/eagle/projects/marP_TB_VLS/WC/williamhconrad4/OpenVS-main/experiments/E3L_6DO3/screening/inputs/train2set/E3L_6DO3_train2_chunk50/flags_params_train2_0_205.flags
Saved: /lus/eagle/projects/marP_TB_VLS/WC/williamhconrad4/OpenVS-main/experiments/E3L_6DO3/screening/inputs/train2set/E3L_6DO3_train2_chunk50/tar_params_train2_0_206.tar
Saved: /lus/eagle/projects/marP_TB_VLS/WC/williamhconrad4/OpenVS-main/experiments/E3L_6DO3/screening/inputs/train2set/E3L_6DO3_train2_chunk50/ligands_list_train2_0_206.txt
Saved: /lus/eagle/projects/marP_TB_VLS/WC/williamhconrad4/OpenVS-main/experiments/E3L_6DO3/screening/inputs/train2set/E3L_6DO3_train2_chunk50/flags_params_train2_0_206.flags
Saved: /lus/eagle/projects/marP_TB_VLS/WC/williamhconrad4/OpenVS-main/experiments/E3L_6DO3/screening/inputs/train2set/E3L_6DO3_train2_chunk50/tar_params_train2_0_207.tar
Saved: /lus/eagle/projects/marP_TB_VLS/WC/williamhconrad4/OpenVS-main/experiments/E3L_6DO3/screening/inputs/train2set/E3L_6DO3_train2_chunk50/ligands_list_train2_0_207.txt
Saved: /lus/eagle/projects/marP_TB_VLS/WC/williamhconrad4/OpenVS-main/experiments/E3L_6DO3/screening/inputs/train2set/E3L_6DO3_train2_chunk50/flags_params_train2_0_207.flags
Saved: /lus/eagle/projects/marP_TB_VLS/WC/williamhconrad4/OpenVS-main/experiments/E3L_6DO3/screening/inputs/train2set/E3L_6DO3_train2_chunk50/tar_params_train2_0_208.tar
Saved: /lus/eagle/projects/marP_TB_VLS/WC/williamhconrad4/OpenVS-main/experiments/E3L_6DO3/screening/inputs/train2set/E3L_6DO3_train2_chunk50/ligands_list_train2_0_208.txt
Saved: /lus/eagle/projects/marP_TB_VLS/WC/williamhconrad4/OpenVS-main/experiments/E3L_6DO3/screening/inputs/train2set/E3L_6DO3_train2_chunk50/flags_params_train2_0_208.flags
Saved: /lus/eagle/projects/marP_TB_VLS/WC/williamhconrad4/OpenVS-main/experiments/E3L_6DO3/screening/inputs/train2set/E3L_6DO3_train2_chunk50/tar_params_train2_0_209.tar
Saved: /lus/eagle/projects/marP_TB_VLS/WC/williamhconrad4/OpenVS-main/experiments/E3L_6DO3/screening/inputs/train2set/E3L_6DO3_train2_chunk50/ligands_list_train2_0_209.txt
Saved: /lus/eagle/projects/marP_TB_VLS/WC/williamhconrad4/OpenVS-main/experiments/E3L_6DO3/screening/inputs/train2set/E3L_6DO3_train2_chunk50/flags_params_train2_0_209.flags
Saved: /lus/eagle/projects/marP_TB_VLS/WC/williamhconrad4/OpenVS-main/experiments/E3L_6DO3/screening/inputs/train2set/E3L_6DO3_train2_chunk50/tar_params_train2_0_210.tar
Saved: /lus/eagle/projects/marP_TB_VLS/WC/williamhconrad4/OpenVS-main/experiments/E3L_6DO3/screening/inputs/train2set/E3L_6DO3_train2_chunk50/ligands_list_train2_0_210.txt
Saved: /lus/eagle/projects/marP_TB_VLS/WC/williamhconrad4/OpenVS-main/experiments/E3L_6DO3/screening/inputs/train2set/E3L_6DO3_train2_chunk50/flags_params_train2_0_210.flags
Saved: /lus/eagle/projects/marP_TB_VLS/WC/williamhconrad4/OpenVS-main/experiments/E3L_6DO3/screening/inputs/train2set/E3L_6DO3_train2_chunk50/tar_params_train2_0_211.tar
Saved: /lus/eagle/projects/marP_TB_VLS/WC/williamhconrad4/OpenVS-main/experiments/E3L_6DO3/screening/inputs/train2set/E3L_6DO3_train2_chunk50/ligands_list_train2_0_211.txt
Saved: /lus/eagle/projects/marP_TB_VLS/WC/williamhconrad4/OpenVS-main/experiments/E3L_6DO3/screening/inputs/train2set/E3L_6DO3_train2_chunk50/flags_params_train2_0_211.flags
Saved: /lus/eagle/projects/marP_TB_VLS/WC/williamhconrad4/OpenVS-main/experiments/E3L_6DO3/screening/inputs/train2set/E3L_6DO3_train2_chunk50/tar_params_train2_0_212.tar
Saved: /lus/eagle/projects/marP_TB_VLS/WC/williamhconrad4/OpenVS-main/experiments/E3L_6DO3/screening/inputs/train2set/E3L_6DO3_train2_chunk50/ligands_list_train2_0_212.txt
Saved: /lus/eagle/projects/marP_TB_VLS/WC/williamhconrad4/OpenVS-main/experiments/E3L_6DO3/screening/inputs/train2set/E3L_6DO3_train2_chunk50/flags_params_train2_0_212.flags
Saved: /lus/eagle/projects/marP_TB_VLS/WC/williamhconrad4/OpenVS-main/experiments/E3L_6DO3/screening/inputs/train2set/E3L_6DO3_train2_chunk50/tar_params_train2_0_213.tar
Saved: /lus/eagle/projects/marP_TB_VLS/WC/williamhconrad4/OpenVS-main/experiments/E3L_6DO3/screening/inputs/train2set/E3L_6DO3_train2_chunk50/ligands_list_train2_0_213.txt
Saved: /lus/eagle/projects/marP_TB_VLS/WC/williamhconrad4/OpenVS-main/experiments/E3L_6DO3/screening/inputs/train2set/E3L_6DO3_train2_chunk50/flags_params_train2_0_213.flags
Saved: /lus/eagle/projects/marP_TB_VLS/WC/williamhconrad4/OpenVS-main/experiments/E3L_6DO3/screening/inputs/train2set/E3L_6DO3_train2_chunk50/tar_params_train2_0_214.tar
Saved: /lus/eagle/projects/marP_TB_VLS/WC/williamhconrad4/OpenVS-main/experiments/E3L_6DO3/screening/inputs/train2set/E3L_6DO3_train2_chunk50/ligands_list_train2_0_214.txt
Saved: /lus/eagle/projects/marP_TB_VLS/WC/williamhconrad4/OpenVS-main/experiments/E3L_6DO3/screening/inputs/train2set/E3L_6DO3_train2_chunk50/flags_params_train2_0_214.flags
Saved: /lus/eagle/projects/marP_TB_VLS/WC/williamhconrad4/OpenVS-main/experiments/E3L_6DO3/screening/inputs/train2set/E3L_6DO3_train2_chunk50/tar_params_train2_0_215.tar
Saved: /lus/eagle/projects/marP_TB_VLS/WC/williamhconrad4/OpenVS-main/experiments/E3L_6DO3/screening/inputs/train2set/E3L_6DO3_train2_chunk50/ligands_list_train2_0_215.txt
Saved: /lus/eagle/projects/marP_TB_VLS/WC/williamhconrad4/OpenVS-main/experiments/E3L_6DO3/screening/inputs/train2set/E3L_6DO3_train2_chunk50/flags_params_train2_0_215.flags
Saved: /lus/eagle/projects/marP_TB_VLS/WC/williamhconrad4/OpenVS-main/experiments/E3L_6DO3/screening/inputs/train2set/E3L_6DO3_train2_chunk50/tar_params_train2_0_216.tar
Saved: /lus/eagle/projects/marP_TB_VLS/WC/williamhconrad4/OpenVS-main/experiments/E3L_6DO3/screening/inputs/train2set/E3L_6DO3_train2_chunk50/ligands_list_train2_0_216.txt
Saved: /lus/eagle/projects/marP_TB_VLS/WC/williamhconrad4/OpenVS-main/experiments/E3L_6DO3/screening/inputs/train2set/E3L_6DO3_train2_chunk50/flags_params_train2_0_216.flags
Saved: /lus/eagle/projects/marP_TB_VLS/WC/williamhconrad4/OpenVS-main/experiments/E3L_6DO3/screening/inputs/train2set/E3L_6DO3_train2_chunk50/tar_params_train2_0_217.tar
Saved: /lus/eagle/projects/marP_TB_VLS/WC/williamhconrad4/OpenVS-main/experiments/E3L_6DO3/screening/inputs/train2set/E3L_6DO3_train2_chunk50/ligands_list_train2_0_217.txt
Saved: /lus/eagle/projects/marP_TB_VLS/WC/williamhconrad4/OpenVS-main/experiments/E3L_6DO3/screening/inputs/train2set/E3L_6DO3_train2_chunk50/flags_params_train2_0_217.flags
Saved: /lus/eagle/projects/marP_TB_VLS/WC/williamhconrad4/OpenVS-main/experiments/E3L_6DO3/screening/inputs/train2set/E3L_6DO3_train2_chunk50/tar_params_train2_0_218.tar
Saved: /lus/eagle/projects/marP_TB_VLS/WC/williamhconrad4/OpenVS-main/experiments/E3L_6DO3/screening/inputs/train2set/E3L_6DO3_train2_chunk50/ligands_list_train2_0_218.txt
Saved: /lus/eagle/projects/marP_TB_VLS/WC/williamhconrad4/OpenVS-main/experiments/E3L_6DO3/screening/inputs/train2set/E3L_6DO3_train2_chunk50/flags_params_train2_0_218.flags
Saved: /lus/eagle/projects/marP_TB_VLS/WC/williamhconrad4/OpenVS-main/experiments/E3L_6DO3/screening/inputs/train2set/E3L_6DO3_train2_chunk50/tar_params_train2_0_219.tar
Saved: /lus/eagle/projects/marP_TB_VLS/WC/williamhconrad4/OpenVS-main/experiments/E3L_6DO3/screening/inputs/train2set/E3L_6DO3_train2_chunk50/ligands_list_train2_0_219.txt
Saved: /lus/eagle/projects/marP_TB_VLS/WC/williamhconrad4/OpenVS-main/experiments/E3L_6DO3/screening/inputs/train2set/E3L_6DO3_train2_chunk50/flags_params_train2_0_219.flags
Saved: /lus/eagle/projects/marP_TB_VLS/WC/williamhconrad4/OpenVS-main/experiments/E3L_6DO3/screening/inputs/train2set/E3L_6DO3_train2_chunk50/tar_params_train2_0_220.tar
Saved: /lus/eagle/projects/marP_TB_VLS/WC/williamhconrad4/OpenVS-main/experiments/E3L_6DO3/screening/inputs/train2set/E3L_6DO3_train2_chunk50/ligands_list_train2_0_220.txt
Saved: /lus/eagle/projects/marP_TB_VLS/WC/williamhconrad4/OpenVS-main/experiments/E3L_6DO3/screening/inputs/train2set/E3L_6DO3_train2_chunk50/flags_params_train2_0_220.flags
Saved: /lus/eagle/projects/marP_TB_VLS/WC/williamhconrad4/OpenVS-main/experiments/E3L_6DO3/screening/inputs/train2set/E3L_6DO3_train2_chunk50/tar_params_train2_0_221.tar
Saved: /lus/eagle/projects/marP_TB_VLS/WC/williamhconrad4/OpenVS-main/experiments/E3L_6DO3/screening/inputs/train2set/E3L_6DO3_train2_chunk50/ligands_list_train2_0_221.txt
Saved: /lus/eagle/projects/marP_TB_VLS/WC/williamhconrad4/OpenVS-main/experiments/E3L_6DO3/screening/inputs/train2set/E3L_6DO3_train2_chunk50/flags_params_train2_0_221.flags
Saved: /lus/eagle/projects/marP_TB_VLS/WC/williamhconrad4/OpenVS-main/experiments/E3L_6DO3/screening/inputs/train2set/E3L_6DO3_train2_chunk50/tar_params_train2_0_222.tar
Saved: /lus/eagle/projects/marP_TB_VLS/WC/williamhconrad4/OpenVS-main/experiments/E3L_6DO3/screening/inputs/train2set/E3L_6DO3_train2_chunk50/ligands_list_train2_0_222.txt
Saved: /lus/eagle/projects/marP_TB_VLS/WC/williamhconrad4/OpenVS-main/experiments/E3L_6DO3/screening/inputs/train2set/E3L_6DO3_train2_chunk50/flags_params_train2_0_222.flags
Saved: /lus/eagle/projects/marP_TB_VLS/WC/williamhconrad4/OpenVS-main/experiments/E3L_6DO3/screening/inputs/train2set/E3L_6DO3_train2_chunk50/tar_params_train2_0_223.tar
Saved: /lus/eagle/projects/marP_TB_VLS/WC/williamhconrad4/OpenVS-main/experiments/E3L_6DO3/screening/inputs/train2set/E3L_6DO3_train2_chunk50/ligands_list_train2_0_223.txt
Saved: /lus/eagle/projects/marP_TB_VLS/WC/williamhconrad4/OpenVS-main/experiments/E3L_6DO3/screening/inputs/train2set/E3L_6DO3_train2_chunk50/flags_params_train2_0_223.flags
Saved: /lus/eagle/projects/marP_TB_VLS/WC/williamhconrad4/OpenVS-main/experiments/E3L_6DO3/screening/inputs/train2set/E3L_6DO3_train2_chunk50/tar_params_train2_0_224.tar
Saved: /lus/eagle/projects/marP_TB_VLS/WC/williamhconrad4/OpenVS-main/experiments/E3L_6DO3/screening/inputs/train2set/E3L_6DO3_train2_chunk50/ligands_list_train2_0_224.txt
Saved: /lus/eagle/projects/marP_TB_VLS/WC/williamhconrad4/OpenVS-main/experiments/E3L_6DO3/screening/inputs/train2set/E3L_6DO3_train2_chunk50/flags_params_train2_0_224.flags
Saved: /lus/eagle/projects/marP_TB_VLS/WC/williamhconrad4/OpenVS-main/experiments/E3L_6DO3/screening/inputs/train2set/E3L_6DO3_train2_chunk50/tar_params_train2_0_225.tar
Saved: /lus/eagle/projects/marP_TB_VLS/WC/williamhconrad4/OpenVS-main/experiments/E3L_6DO3/screening/inputs/train2set/E3L_6DO3_train2_chunk50/ligands_list_train2_0_225.txt
Saved: /lus/eagle/projects/marP_TB_VLS/WC/williamhconrad4/OpenVS-main/experiments/E3L_6DO3/screening/inputs/train2set/E3L_6DO3_train2_chunk50/flags_params_train2_0_225.flags
Saved: /lus/eagle/projects/marP_TB_VLS/WC/williamhconrad4/OpenVS-main/experiments/E3L_6DO3/screening/inputs/train2set/E3L_6DO3_train2_chunk50/tar_params_train2_0_226.tar
Saved: /lus/eagle/projects/marP_TB_VLS/WC/williamhconrad4/OpenVS-main/experiments/E3L_6DO3/screening/inputs/train2set/E3L_6DO3_train2_chunk50/ligands_list_train2_0_226.txt
Saved: /lus/eagle/projects/marP_TB_VLS/WC/williamhconrad4/OpenVS-main/experiments/E3L_6DO3/screening/inputs/train2set/E3L_6DO3_train2_chunk50/flags_params_train2_0_226.flags
Saved: /lus/eagle/projects/marP_TB_VLS/WC/williamhconrad4/OpenVS-main/experiments/E3L_6DO3/screening/inputs/train2set/E3L_6DO3_train2_chunk50/tar_params_train2_0_227.tar
Saved: /lus/eagle/projects/marP_TB_VLS/WC/williamhconrad4/OpenVS-main/experiments/E3L_6DO3/screening/inputs/train2set/E3L_6DO3_train2_chunk50/ligands_list_train2_0_227.txt
Saved: /lus/eagle/projects/marP_TB_VLS/WC/williamhconrad4/OpenVS-main/experiments/E3L_6DO3/screening/inputs/train2set/E3L_6DO3_train2_chunk50/flags_params_train2_0_227.flags
Saved: /lus/eagle/projects/marP_TB_VLS/WC/williamhconrad4/OpenVS-main/experiments/E3L_6DO3/screening/inputs/train2set/E3L_6DO3_train2_chunk50/tar_params_train2_0_228.tar
Saved: /lus/eagle/projects/marP_TB_VLS/WC/williamhconrad4/OpenVS-main/experiments/E3L_6DO3/screening/inputs/train2set/E3L_6DO3_train2_chunk50/ligands_list_train2_0_228.txt
Saved: /lus/eagle/projects/marP_TB_VLS/WC/williamhconrad4/OpenVS-main/experiments/E3L_6DO3/screening/inputs/train2set/E3L_6DO3_train2_chunk50/flags_params_train2_0_228.flags
Saved: /lus/eagle/projects/marP_TB_VLS/WC/williamhconrad4/OpenVS-main/experiments/E3L_6DO3/screening/inputs/train2set/E3L_6DO3_train2_chunk50/tar_params_train2_0_229.tar
Saved: /lus/eagle/projects/marP_TB_VLS/WC/williamhconrad4/OpenVS-main/experiments/E3L_6DO3/screening/inputs/train2set/E3L_6DO3_train2_chunk50/ligands_list_train2_0_229.txt
Saved: /lus/eagle/projects/marP_TB_VLS/WC/williamhconrad4/OpenVS-main/experiments/E3L_6DO3/screening/inputs/train2set/E3L_6DO3_train2_chunk50/flags_params_train2_0_229.flags
Saved: /lus/eagle/projects/marP_TB_VLS/WC/williamhconrad4/OpenVS-main/experiments/E3L_6DO3/screening/inputs/train2set/E3L_6DO3_train2_chunk50/tar_params_train2_0_230.tar
Saved: /lus/eagle/projects/marP_TB_VLS/WC/williamhconrad4/OpenVS-main/experiments/E3L_6DO3/screening/inputs/train2set/E3L_6DO3_train2_chunk50/ligands_list_train2_0_230.txt
Saved: /lus/eagle/projects/marP_TB_VLS/WC/williamhconrad4/OpenVS-main/experiments/E3L_6DO3/screening/inputs/train2set/E3L_6DO3_train2_chunk50/flags_params_train2_0_230.flags
Saved: /lus/eagle/projects/marP_TB_VLS/WC/williamhconrad4/OpenVS-main/experiments/E3L_6DO3/screening/inputs/train2set/E3L_6DO3_train2_chunk50/tar_params_train2_0_231.tar
Saved: /lus/eagle/projects/marP_TB_VLS/WC/williamhconrad4/OpenVS-main/experiments/E3L_6DO3/screening/inputs/train2set/E3L_6DO3_train2_chunk50/ligands_list_train2_0_231.txt
Saved: /lus/eagle/projects/marP_TB_VLS/WC/williamhconrad4/OpenVS-main/experiments/E3L_6DO3/screening/inputs/train2set/E3L_6DO3_train2_chunk50/flags_params_train2_0_231.flags
Saved: /lus/eagle/projects/marP_TB_VLS/WC/williamhconrad4/OpenVS-main/experiments/E3L_6DO3/screening/inputs/train2set/E3L_6DO3_train2_chunk50/tar_params_train2_0_232.tar
Saved: /lus/eagle/projects/marP_TB_VLS/WC/williamhconrad4/OpenVS-main/experiments/E3L_6DO3/screening/inputs/train2set/E3L_6DO3_train2_chunk50/ligands_list_train2_0_232.txt
Saved: /lus/eagle/projects/marP_TB_VLS/WC/williamhconrad4/OpenVS-main/experiments/E3L_6DO3/screening/inputs/train2set/E3L_6DO3_train2_chunk50/flags_params_train2_0_232.flags
Saved: /lus/eagle/projects/marP_TB_VLS/WC/williamhconrad4/OpenVS-main/experiments/E3L_6DO3/screening/inputs/train2set/E3L_6DO3_train2_chunk50/tar_params_train2_0_233.tar
Saved: /lus/eagle/projects/marP_TB_VLS/WC/williamhconrad4/OpenVS-main/experiments/E3L_6DO3/screening/inputs/train2set/E3L_6DO3_train2_chunk50/ligands_list_train2_0_233.txt
Saved: /lus/eagle/projects/marP_TB_VLS/WC/williamhconrad4/OpenVS-main/experiments/E3L_6DO3/screening/inputs/train2set/E3L_6DO3_train2_chunk50/flags_params_train2_0_233.flags
Saved: /lus/eagle/projects/marP_TB_VLS/WC/williamhconrad4/OpenVS-main/experiments/E3L_6DO3/screening/inputs/train2set/E3L_6DO3_train2_chunk50/tar_params_train2_0_234.tar
Saved: /lus/eagle/projects/marP_TB_VLS/WC/williamhconrad4/OpenVS-main/experiments/E3L_6DO3/screening/inputs/train2set/E3L_6DO3_train2_chunk50/ligands_list_train2_0_234.txt
Saved: /lus/eagle/projects/marP_TB_VLS/WC/williamhconrad4/OpenVS-main/experiments/E3L_6DO3/screening/inputs/train2set/E3L_6DO3_train2_chunk50/flags_params_train2_0_234.flags
Saved: /lus/eagle/projects/marP_TB_VLS/WC/williamhconrad4/OpenVS-main/experiments/E3L_6DO3/screening/inputs/train2set/E3L_6DO3_train2_chunk50/tar_params_train2_0_235.tar
Saved: /lus/eagle/projects/marP_TB_VLS/WC/williamhconrad4/OpenVS-main/experiments/E3L_6DO3/screening/inputs/train2set/E3L_6DO3_train2_chunk50/ligands_list_train2_0_235.txt
Saved: /lus/eagle/projects/marP_TB_VLS/WC/williamhconrad4/OpenVS-main/experiments/E3L_6DO3/screening/inputs/train2set/E3L_6DO3_train2_chunk50/flags_params_train2_0_235.flags
Saved: /lus/eagle/projects/marP_TB_VLS/WC/williamhconrad4/OpenVS-main/experiments/E3L_6DO3/screening/inputs/train2set/E3L_6DO3_train2_chunk50/tar_params_train2_0_236.tar
Saved: /lus/eagle/projects/marP_TB_VLS/WC/williamhconrad4/OpenVS-main/experiments/E3L_6DO3/screening/inputs/train2set/E3L_6DO3_train2_chunk50/ligands_list_train2_0_236.txt
Saved: /lus/eagle/projects/marP_TB_VLS/WC/williamhconrad4/OpenVS-main/experiments/E3L_6DO3/screening/inputs/train2set/E3L_6DO3_train2_chunk50/flags_params_train2_0_236.flags
Saved: /lus/eagle/projects/marP_TB_VLS/WC/williamhconrad4/OpenVS-main/experiments/E3L_6DO3/screening/inputs/train2set/E3L_6DO3_train2_chunk50/tar_params_train2_0_237.tar
Saved: /lus/eagle/projects/marP_TB_VLS/WC/williamhconrad4/OpenVS-main/experiments/E3L_6DO3/screening/inputs/train2set/E3L_6DO3_train2_chunk50/ligands_list_train2_0_237.txt
Saved: /lus/eagle/projects/marP_TB_VLS/WC/williamhconrad4/OpenVS-main/experiments/E3L_6DO3/screening/inputs/train2set/E3L_6DO3_train2_chunk50/flags_params_train2_0_237.flags
Saved: /lus/eagle/projects/marP_TB_VLS/WC/williamhconrad4/OpenVS-main/experiments/E3L_6DO3/screening/inputs/train2set/E3L_6DO3_train2_chunk50/tar_params_train2_0_238.tar
Saved: /lus/eagle/projects/marP_TB_VLS/WC/williamhconrad4/OpenVS-main/experiments/E3L_6DO3/screening/inputs/train2set/E3L_6DO3_train2_chunk50/ligands_list_train2_0_238.txt
Saved: /lus/eagle/projects/marP_TB_VLS/WC/williamhconrad4/OpenVS-main/experiments/E3L_6DO3/screening/inputs/train2set/E3L_6DO3_train2_chunk50/flags_params_train2_0_238.flags
Saved: /lus/eagle/projects/marP_TB_VLS/WC/williamhconrad4/OpenVS-main/experiments/E3L_6DO3/screening/inputs/train2set/E3L_6DO3_train2_chunk50/tar_params_train2_0_239.tar
Saved: /lus/eagle/projects/marP_TB_VLS/WC/williamhconrad4/OpenVS-main/experiments/E3L_6DO3/screening/inputs/train2set/E3L_6DO3_train2_chunk50/ligands_list_train2_0_239.txt
Saved: /lus/eagle/projects/marP_TB_VLS/WC/williamhconrad4/OpenVS-main/experiments/E3L_6DO3/screening/inputs/train2set/E3L_6DO3_train2_chunk50/flags_params_train2_0_239.flags
Saved: /lus/eagle/projects/marP_TB_VLS/WC/williamhconrad4/OpenVS-main/experiments/E3L_6DO3/screening/inputs/train2set/E3L_6DO3_train2_chunk50/tar_params_train2_0_240.tar
Saved: /lus/eagle/projects/marP_TB_VLS/WC/williamhconrad4/OpenVS-main/experiments/E3L_6DO3/screening/inputs/train2set/E3L_6DO3_train2_chunk50/ligands_list_train2_0_240.txt
Saved: /lus/eagle/projects/marP_TB_VLS/WC/williamhconrad4/OpenVS-main/experiments/E3L_6DO3/screening/inputs/train2set/E3L_6DO3_train2_chunk50/flags_params_train2_0_240.flags
Saved: /lus/eagle/projects/marP_TB_VLS/WC/williamhconrad4/OpenVS-main/experiments/E3L_6DO3/screening/inputs/train2set/E3L_6DO3_train2_chunk50/tar_params_train2_0_241.tar
Saved: /lus/eagle/projects/marP_TB_VLS/WC/williamhconrad4/OpenVS-main/experiments/E3L_6DO3/screening/inputs/train2set/E3L_6DO3_train2_chunk50/ligands_list_train2_0_241.txt
Saved: /lus/eagle/projects/marP_TB_VLS/WC/williamhconrad4/OpenVS-main/experiments/E3L_6DO3/screening/inputs/train2set/E3L_6DO3_train2_chunk50/flags_params_train2_0_241.flags
Saved: /lus/eagle/projects/marP_TB_VLS/WC/williamhconrad4/OpenVS-main/experiments/E3L_6DO3/screening/inputs/train2set/E3L_6DO3_train2_chunk50/tar_params_train2_0_242.tar
Saved: /lus/eagle/projects/marP_TB_VLS/WC/williamhconrad4/OpenVS-main/experiments/E3L_6DO3/screening/inputs/train2set/E3L_6DO3_train2_chunk50/ligands_list_train2_0_242.txt
Saved: /lus/eagle/projects/marP_TB_VLS/WC/williamhconrad4/OpenVS-main/experiments/E3L_6DO3/screening/inputs/train2set/E3L_6DO3_train2_chunk50/flags_params_train2_0_242.flags
Saved: /lus/eagle/projects/marP_TB_VLS/WC/williamhconrad4/OpenVS-main/experiments/E3L_6DO3/screening/inputs/train2set/E3L_6DO3_train2_chunk50/tar_params_train2_0_243.tar
Saved: /lus/eagle/projects/marP_TB_VLS/WC/williamhconrad4/OpenVS-main/experiments/E3L_6DO3/screening/inputs/train2set/E3L_6DO3_train2_chunk50/ligands_list_train2_0_243.txt
Saved: /lus/eagle/projects/marP_TB_VLS/WC/williamhconrad4/OpenVS-main/experiments/E3L_6DO3/screening/inputs/train2set/E3L_6DO3_train2_chunk50/flags_params_train2_0_243.flags
Saved: /lus/eagle/projects/marP_TB_VLS/WC/williamhconrad4/OpenVS-main/experiments/E3L_6DO3/screening/inputs/train2set/E3L_6DO3_train2_chunk50/tar_params_train2_0_244.tar
Saved: /lus/eagle/projects/marP_TB_VLS/WC/williamhconrad4/OpenVS-main/experiments/E3L_6DO3/screening/inputs/train2set/E3L_6DO3_train2_chunk50/ligands_list_train2_0_244.txt
Saved: /lus/eagle/projects/marP_TB_VLS/WC/williamhconrad4/OpenVS-main/experiments/E3L_6DO3/screening/inputs/train2set/E3L_6DO3_train2_chunk50/flags_params_train2_0_244.flags
Saved: /lus/eagle/projects/marP_TB_VLS/WC/williamhconrad4/OpenVS-main/experiments/E3L_6DO3/screening/inputs/train2set/E3L_6DO3_train2_chunk50/tar_params_train2_0_245.tar
Saved: /lus/eagle/projects/marP_TB_VLS/WC/williamhconrad4/OpenVS-main/experiments/E3L_6DO3/screening/inputs/train2set/E3L_6DO3_train2_chunk50/ligands_list_train2_0_245.txt
Saved: /lus/eagle/projects/marP_TB_VLS/WC/williamhconrad4/OpenVS-main/experiments/E3L_6DO3/screening/inputs/train2set/E3L_6DO3_train2_chunk50/flags_params_train2_0_245.flags
Saved: /lus/eagle/projects/marP_TB_VLS/WC/williamhconrad4/OpenVS-main/experiments/E3L_6DO3/screening/inputs/train2set/E3L_6DO3_train2_chunk50/tar_params_train2_0_246.tar
Saved: /lus/eagle/projects/marP_TB_VLS/WC/williamhconrad4/OpenVS-main/experiments/E3L_6DO3/screening/inputs/train2set/E3L_6DO3_train2_chunk50/ligands_list_train2_0_246.txt
Saved: /lus/eagle/projects/marP_TB_VLS/WC/williamhconrad4/OpenVS-main/experiments/E3L_6DO3/screening/inputs/train2set/E3L_6DO3_train2_chunk50/flags_params_train2_0_246.flags
Saved: /lus/eagle/projects/marP_TB_VLS/WC/williamhconrad4/OpenVS-main/experiments/E3L_6DO3/screening/inputs/train2set/E3L_6DO3_train2_chunk50/tar_params_train2_0_247.tar
Saved: /lus/eagle/projects/marP_TB_VLS/WC/williamhconrad4/OpenVS-main/experiments/E3L_6DO3/screening/inputs/train2set/E3L_6DO3_train2_chunk50/ligands_list_train2_0_247.txt
Saved: /lus/eagle/projects/marP_TB_VLS/WC/williamhconrad4/OpenVS-main/experiments/E3L_6DO3/screening/inputs/train2set/E3L_6DO3_train2_chunk50/flags_params_train2_0_247.flags
Saved: /lus/eagle/projects/marP_TB_VLS/WC/williamhconrad4/OpenVS-main/experiments/E3L_6DO3/screening/inputs/train2set/E3L_6DO3_train2_chunk50/tar_params_train2_0_248.tar
Saved: /lus/eagle/projects/marP_TB_VLS/WC/williamhconrad4/OpenVS-main/experiments/E3L_6DO3/screening/inputs/train2set/E3L_6DO3_train2_chunk50/ligands_list_train2_0_248.txt
Saved: /lus/eagle/projects/marP_TB_VLS/WC/williamhconrad4/OpenVS-main/experiments/E3L_6DO3/screening/inputs/train2set/E3L_6DO3_train2_chunk50/flags_params_train2_0_248.flags
Saved: /lus/eagle/projects/marP_TB_VLS/WC/williamhconrad4/OpenVS-main/experiments/E3L_6DO3/screening/inputs/train2set/E3L_6DO3_train2_chunk50/tar_params_train2_0_249.tar
Saved: /lus/eagle/projects/marP_TB_VLS/WC/williamhconrad4/OpenVS-main/experiments/E3L_6DO3/screening/inputs/train2set/E3L_6DO3_train2_chunk50/ligands_list_train2_0_249.txt
Saved: /lus/eagle/projects/marP_TB_VLS/WC/williamhconrad4/OpenVS-main/experiments/E3L_6DO3/screening/inputs/train2set/E3L_6DO3_train2_chunk50/flags_params_train2_0_249.flags
Saved: /lus/eagle/projects/marP_TB_VLS/WC/williamhconrad4/OpenVS-main/experiments/E3L_6DO3/screening/inputs/train2set/E3L_6DO3_train2_chunk50/tar_params_train2_0_250.tar
Saved: /lus/eagle/projects/marP_TB_VLS/WC/williamhconrad4/OpenVS-main/experiments/E3L_6DO3/screening/inputs/train2set/E3L_6DO3_train2_chunk50/ligands_list_train2_0_250.txt
Saved: /lus/eagle/projects/marP_TB_VLS/WC/williamhconrad4/OpenVS-main/experiments/E3L_6DO3/screening/inputs/train2set/E3L_6DO3_train2_chunk50/flags_params_train2_0_250.flags
Saved: /lus/eagle/projects/marP_TB_VLS/WC/williamhconrad4/OpenVS-main/experiments/E3L_6DO3/screening/inputs/train2set/E3L_6DO3_train2_chunk50/tar_params_train2_0_251.tar
Saved: /lus/eagle/projects/marP_TB_VLS/WC/williamhconrad4/OpenVS-main/experiments/E3L_6DO3/screening/inputs/train2set/E3L_6DO3_train2_chunk50/ligands_list_train2_0_251.txt
Saved: /lus/eagle/projects/marP_TB_VLS/WC/williamhconrad4/OpenVS-main/experiments/E3L_6DO3/screening/inputs/train2set/E3L_6DO3_train2_chunk50/flags_params_train2_0_251.flags
Saved: /lus/eagle/projects/marP_TB_VLS/WC/williamhconrad4/OpenVS-main/experiments/E3L_6DO3/screening/inputs/train2set/E3L_6DO3_train2_chunk50/tar_params_train2_0_252.tar
Saved: /lus/eagle/projects/marP_TB_VLS/WC/williamhconrad4/OpenVS-main/experiments/E3L_6DO3/screening/inputs/train2set/E3L_6DO3_train2_chunk50/ligands_list_train2_0_252.txt
Saved: /lus/eagle/projects/marP_TB_VLS/WC/williamhconrad4/OpenVS-main/experiments/E3L_6DO3/screening/inputs/train2set/E3L_6DO3_train2_chunk50/flags_params_train2_0_252.flags
Saved: /lus/eagle/projects/marP_TB_VLS/WC/williamhconrad4/OpenVS-main/experiments/E3L_6DO3/screening/inputs/train2set/E3L_6DO3_train2_chunk50/tar_params_train2_0_253.tar
Saved: /lus/eagle/projects/marP_TB_VLS/WC/williamhconrad4/OpenVS-main/experiments/E3L_6DO3/screening/inputs/train2set/E3L_6DO3_train2_chunk50/ligands_list_train2_0_253.txt
Saved: /lus/eagle/projects/marP_TB_VLS/WC/williamhconrad4/OpenVS-main/experiments/E3L_6DO3/screening/inputs/train2set/E3L_6DO3_train2_chunk50/flags_params_train2_0_253.flags
Saved: /lus/eagle/projects/marP_TB_VLS/WC/williamhconrad4/OpenVS-main/experiments/E3L_6DO3/screening/inputs/train2set/E3L_6DO3_train2_chunk50/tar_params_train2_0_254.tar
Saved: /lus/eagle/projects/marP_TB_VLS/WC/williamhconrad4/OpenVS-main/experiments/E3L_6DO3/screening/inputs/train2set/E3L_6DO3_train2_chunk50/ligands_list_train2_0_254.txt
Saved: /lus/eagle/projects/marP_TB_VLS/WC/williamhconrad4/OpenVS-main/experiments/E3L_6DO3/screening/inputs/train2set/E3L_6DO3_train2_chunk50/flags_params_train2_0_254.flags
Saved: /lus/eagle/projects/marP_TB_VLS/WC/williamhconrad4/OpenVS-main/experiments/E3L_6DO3/screening/inputs/train2set/E3L_6DO3_train2_chunk50/tar_params_train2_0_255.tar
Saved: /lus/eagle/projects/marP_TB_VLS/WC/williamhconrad4/OpenVS-main/experiments/E3L_6DO3/screening/inputs/train2set/E3L_6DO3_train2_chunk50/ligands_list_train2_0_255.txt
Saved: /lus/eagle/projects/marP_TB_VLS/WC/williamhconrad4/OpenVS-main/experiments/E3L_6DO3/screening/inputs/train2set/E3L_6DO3_train2_chunk50/flags_params_train2_0_255.flags
Saved: /lus/eagle/projects/marP_TB_VLS/WC/williamhconrad4/OpenVS-main/experiments/E3L_6DO3/screening/inputs/train2set/E3L_6DO3_train2_chunk50/tar_params_train2_0_256.tar
Saved: /lus/eagle/projects/marP_TB_VLS/WC/williamhconrad4/OpenVS-main/experiments/E3L_6DO3/screening/inputs/train2set/E3L_6DO3_train2_chunk50/ligands_list_train2_0_256.txt
Saved: /lus/eagle/projects/marP_TB_VLS/WC/williamhconrad4/OpenVS-main/experiments/E3L_6DO3/screening/inputs/train2set/E3L_6DO3_train2_chunk50/flags_params_train2_0_256.flags
Saved: /lus/eagle/projects/marP_TB_VLS/WC/williamhconrad4/OpenVS-main/experiments/E3L_6DO3/screening/inputs/train2set/E3L_6DO3_train2_chunk50/tar_params_train2_0_257.tar
Saved: /lus/eagle/projects/marP_TB_VLS/WC/williamhconrad4/OpenVS-main/experiments/E3L_6DO3/screening/inputs/train2set/E3L_6DO3_train2_chunk50/ligands_list_train2_0_257.txt
Saved: /lus/eagle/projects/marP_TB_VLS/WC/williamhconrad4/OpenVS-main/experiments/E3L_6DO3/screening/inputs/train2set/E3L_6DO3_train2_chunk50/flags_params_train2_0_257.flags
Saved: /lus/eagle/projects/marP_TB_VLS/WC/williamhconrad4/OpenVS-main/experiments/E3L_6DO3/screening/inputs/train2set/E3L_6DO3_train2_chunk50/tar_params_train2_0_258.tar
Saved: /lus/eagle/projects/marP_TB_VLS/WC/williamhconrad4/OpenVS-main/experiments/E3L_6DO3/screening/inputs/train2set/E3L_6DO3_train2_chunk50/ligands_list_train2_0_258.txt
Saved: /lus/eagle/projects/marP_TB_VLS/WC/williamhconrad4/OpenVS-main/experiments/E3L_6DO3/screening/inputs/train2set/E3L_6DO3_train2_chunk50/flags_params_train2_0_258.flags
Saved: /lus/eagle/projects/marP_TB_VLS/WC/williamhconrad4/OpenVS-main/experiments/E3L_6DO3/screening/inputs/train2set/E3L_6DO3_train2_chunk50/tar_params_train2_0_259.tar
Saved: /lus/eagle/projects/marP_TB_VLS/WC/williamhconrad4/OpenVS-main/experiments/E3L_6DO3/screening/inputs/train2set/E3L_6DO3_train2_chunk50/ligands_list_train2_0_259.txt
Saved: /lus/eagle/projects/marP_TB_VLS/WC/williamhconrad4/OpenVS-main/experiments/E3L_6DO3/screening/inputs/train2set/E3L_6DO3_train2_chunk50/flags_params_train2_0_259.flags
Saved: /lus/eagle/projects/marP_TB_VLS/WC/williamhconrad4/OpenVS-main/experiments/E3L_6DO3/screening/inputs/train2set/E3L_6DO3_train2_chunk50/tar_params_train2_0_260.tar
Saved: /lus/eagle/projects/marP_TB_VLS/WC/williamhconrad4/OpenVS-main/experiments/E3L_6DO3/screening/inputs/train2set/E3L_6DO3_train2_chunk50/ligands_list_train2_0_260.txt
Saved: /lus/eagle/projects/marP_TB_VLS/WC/williamhconrad4/OpenVS-main/experiments/E3L_6DO3/screening/inputs/train2set/E3L_6DO3_train2_chunk50/flags_params_train2_0_260.flags
Saved: /lus/eagle/projects/marP_TB_VLS/WC/williamhconrad4/OpenVS-main/experiments/E3L_6DO3/screening/inputs/train2set/E3L_6DO3_train2_chunk50/tar_params_train2_0_261.tar
Saved: /lus/eagle/projects/marP_TB_VLS/WC/williamhconrad4/OpenVS-main/experiments/E3L_6DO3/screening/inputs/train2set/E3L_6DO3_train2_chunk50/ligands_list_train2_0_261.txt
Saved: /lus/eagle/projects/marP_TB_VLS/WC/williamhconrad4/OpenVS-main/experiments/E3L_6DO3/screening/inputs/train2set/E3L_6DO3_train2_chunk50/flags_params_train2_0_261.flags
Saved: /lus/eagle/projects/marP_TB_VLS/WC/williamhconrad4/OpenVS-main/experiments/E3L_6DO3/screening/inputs/train2set/E3L_6DO3_train2_chunk50/tar_params_train2_0_262.tar
Saved: /lus/eagle/projects/marP_TB_VLS/WC/williamhconrad4/OpenVS-main/experiments/E3L_6DO3/screening/inputs/train2set/E3L_6DO3_train2_chunk50/ligands_list_train2_0_262.txt
Saved: /lus/eagle/projects/marP_TB_VLS/WC/williamhconrad4/OpenVS-main/experiments/E3L_6DO3/screening/inputs/train2set/E3L_6DO3_train2_chunk50/flags_params_train2_0_262.flags
Saved: /lus/eagle/projects/marP_TB_VLS/WC/williamhconrad4/OpenVS-main/experiments/E3L_6DO3/screening/inputs/train2set/E3L_6DO3_train2_chunk50/tar_params_train2_0_263.tar
Saved: /lus/eagle/projects/marP_TB_VLS/WC/williamhconrad4/OpenVS-main/experiments/E3L_6DO3/screening/inputs/train2set/E3L_6DO3_train2_chunk50/ligands_list_train2_0_263.txt
Saved: /lus/eagle/projects/marP_TB_VLS/WC/williamhconrad4/OpenVS-main/experiments/E3L_6DO3/screening/inputs/train2set/E3L_6DO3_train2_chunk50/flags_params_train2_0_263.flags
Saved: /lus/eagle/projects/marP_TB_VLS/WC/williamhconrad4/OpenVS-main/experiments/E3L_6DO3/screening/inputs/train2set/E3L_6DO3_train2_chunk50/tar_params_train2_0_264.tar
Saved: /lus/eagle/projects/marP_TB_VLS/WC/williamhconrad4/OpenVS-main/experiments/E3L_6DO3/screening/inputs/train2set/E3L_6DO3_train2_chunk50/ligands_list_train2_0_264.txt
Saved: /lus/eagle/projects/marP_TB_VLS/WC/williamhconrad4/OpenVS-main/experiments/E3L_6DO3/screening/inputs/train2set/E3L_6DO3_train2_chunk50/flags_params_train2_0_264.flags
Saved: /lus/eagle/projects/marP_TB_VLS/WC/williamhconrad4/OpenVS-main/experiments/E3L_6DO3/screening/inputs/train2set/E3L_6DO3_train2_chunk50/tar_params_train2_0_265.tar
Saved: /lus/eagle/projects/marP_TB_VLS/WC/williamhconrad4/OpenVS-main/experiments/E3L_6DO3/screening/inputs/train2set/E3L_6DO3_train2_chunk50/ligands_list_train2_0_265.txt
Saved: /lus/eagle/projects/marP_TB_VLS/WC/williamhconrad4/OpenVS-main/experiments/E3L_6DO3/screening/inputs/train2set/E3L_6DO3_train2_chunk50/flags_params_train2_0_265.flags
Saved: /lus/eagle/projects/marP_TB_VLS/WC/williamhconrad4/OpenVS-main/experiments/E3L_6DO3/screening/inputs/train2set/E3L_6DO3_train2_chunk50/tar_params_train2_0_266.tar
Saved: /lus/eagle/projects/marP_TB_VLS/WC/williamhconrad4/OpenVS-main/experiments/E3L_6DO3/screening/inputs/train2set/E3L_6DO3_train2_chunk50/ligands_list_train2_0_266.txt
Saved: /lus/eagle/projects/marP_TB_VLS/WC/williamhconrad4/OpenVS-main/experiments/E3L_6DO3/screening/inputs/train2set/E3L_6DO3_train2_chunk50/flags_params_train2_0_266.flags
Saved: /lus/eagle/projects/marP_TB_VLS/WC/williamhconrad4/OpenVS-main/experiments/E3L_6DO3/screening/inputs/train2set/E3L_6DO3_train2_chunk50/tar_params_train2_0_267.tar
Saved: /lus/eagle/projects/marP_TB_VLS/WC/williamhconrad4/OpenVS-main/experiments/E3L_6DO3/screening/inputs/train2set/E3L_6DO3_train2_chunk50/ligands_list_train2_0_267.txt
Saved: /lus/eagle/projects/marP_TB_VLS/WC/williamhconrad4/OpenVS-main/experiments/E3L_6DO3/screening/inputs/train2set/E3L_6DO3_train2_chunk50/flags_params_train2_0_267.flags
Saved: /lus/eagle/projects/marP_TB_VLS/WC/williamhconrad4/OpenVS-main/experiments/E3L_6DO3/screening/inputs/train2set/E3L_6DO3_train2_chunk50/tar_params_train2_0_268.tar
Saved: /lus/eagle/projects/marP_TB_VLS/WC/williamhconrad4/OpenVS-main/experiments/E3L_6DO3/screening/inputs/train2set/E3L_6DO3_train2_chunk50/ligands_list_train2_0_268.txt
Saved: /lus/eagle/projects/marP_TB_VLS/WC/williamhconrad4/OpenVS-main/experiments/E3L_6DO3/screening/inputs/train2set/E3L_6DO3_train2_chunk50/flags_params_train2_0_268.flags
Saved: /lus/eagle/projects/marP_TB_VLS/WC/williamhconrad4/OpenVS-main/experiments/E3L_6DO3/screening/inputs/train2set/E3L_6DO3_train2_chunk50/tar_params_train2_0_269.tar
Saved: /lus/eagle/projects/marP_TB_VLS/WC/williamhconrad4/OpenVS-main/experiments/E3L_6DO3/screening/inputs/train2set/E3L_6DO3_train2_chunk50/ligands_list_train2_0_269.txt
Saved: /lus/eagle/projects/marP_TB_VLS/WC/williamhconrad4/OpenVS-main/experiments/E3L_6DO3/screening/inputs/train2set/E3L_6DO3_train2_chunk50/flags_params_train2_0_269.flags
Saved: /lus/eagle/projects/marP_TB_VLS/WC/williamhconrad4/OpenVS-main/experiments/E3L_6DO3/screening/inputs/train2set/E3L_6DO3_train2_chunk50/tar_params_train2_0_270.tar
Saved: /lus/eagle/projects/marP_TB_VLS/WC/williamhconrad4/OpenVS-main/experiments/E3L_6DO3/screening/inputs/train2set/E3L_6DO3_train2_chunk50/ligands_list_train2_0_270.txt
Saved: /lus/eagle/projects/marP_TB_VLS/WC/williamhconrad4/OpenVS-main/experiments/E3L_6DO3/screening/inputs/train2set/E3L_6DO3_train2_chunk50/flags_params_train2_0_270.flags
Saved: /lus/eagle/projects/marP_TB_VLS/WC/williamhconrad4/OpenVS-main/experiments/E3L_6DO3/screening/inputs/train2set/E3L_6DO3_train2_chunk50/tar_params_train2_0_271.tar
Saved: /lus/eagle/projects/marP_TB_VLS/WC/williamhconrad4/OpenVS-main/experiments/E3L_6DO3/screening/inputs/train2set/E3L_6DO3_train2_chunk50/ligands_list_train2_0_271.txt
Saved: /lus/eagle/projects/marP_TB_VLS/WC/williamhconrad4/OpenVS-main/experiments/E3L_6DO3/screening/inputs/train2set/E3L_6DO3_train2_chunk50/flags_params_train2_0_271.flags
Saved: /lus/eagle/projects/marP_TB_VLS/WC/williamhconrad4/OpenVS-main/experiments/E3L_6DO3/screening/inputs/train2set/E3L_6DO3_train2_chunk50/tar_params_train2_0_272.tar
Saved: /lus/eagle/projects/marP_TB_VLS/WC/williamhconrad4/OpenVS-main/experiments/E3L_6DO3/screening/inputs/train2set/E3L_6DO3_train2_chunk50/ligands_list_train2_0_272.txt
Saved: /lus/eagle/projects/marP_TB_VLS/WC/williamhconrad4/OpenVS-main/experiments/E3L_6DO3/screening/inputs/train2set/E3L_6DO3_train2_chunk50/flags_params_train2_0_272.flags
Saved: /lus/eagle/projects/marP_TB_VLS/WC/williamhconrad4/OpenVS-main/experiments/E3L_6DO3/screening/inputs/train2set/E3L_6DO3_train2_chunk50/tar_params_train2_0_273.tar
Saved: /lus/eagle/projects/marP_TB_VLS/WC/williamhconrad4/OpenVS-main/experiments/E3L_6DO3/screening/inputs/train2set/E3L_6DO3_train2_chunk50/ligands_list_train2_0_273.txt
Saved: /lus/eagle/projects/marP_TB_VLS/WC/williamhconrad4/OpenVS-main/experiments/E3L_6DO3/screening/inputs/train2set/E3L_6DO3_train2_chunk50/flags_params_train2_0_273.flags
Saved: /lus/eagle/projects/marP_TB_VLS/WC/williamhconrad4/OpenVS-main/experiments/E3L_6DO3/screening/inputs/train2set/E3L_6DO3_train2_chunk50/tar_params_train2_0_274.tar
Saved: /lus/eagle/projects/marP_TB_VLS/WC/williamhconrad4/OpenVS-main/experiments/E3L_6DO3/screening/inputs/train2set/E3L_6DO3_train2_chunk50/ligands_list_train2_0_274.txt
Saved: /lus/eagle/projects/marP_TB_VLS/WC/williamhconrad4/OpenVS-main/experiments/E3L_6DO3/screening/inputs/train2set/E3L_6DO3_train2_chunk50/flags_params_train2_0_274.flags
Saved: /lus/eagle/projects/marP_TB_VLS/WC/williamhconrad4/OpenVS-main/experiments/E3L_6DO3/screening/inputs/train2set/E3L_6DO3_train2_chunk50/tar_params_train2_0_275.tar
Saved: /lus/eagle/projects/marP_TB_VLS/WC/williamhconrad4/OpenVS-main/experiments/E3L_6DO3/screening/inputs/train2set/E3L_6DO3_train2_chunk50/ligands_list_train2_0_275.txt
Saved: /lus/eagle/projects/marP_TB_VLS/WC/williamhconrad4/OpenVS-main/experiments/E3L_6DO3/screening/inputs/train2set/E3L_6DO3_train2_chunk50/flags_params_train2_0_275.flags
Saved: /lus/eagle/projects/marP_TB_VLS/WC/williamhconrad4/OpenVS-main/experiments/E3L_6DO3/screening/inputs/train2set/E3L_6DO3_train2_chunk50/tar_params_train2_0_276.tar
Saved: /lus/eagle/projects/marP_TB_VLS/WC/williamhconrad4/OpenVS-main/experiments/E3L_6DO3/screening/inputs/train2set/E3L_6DO3_train2_chunk50/ligands_list_train2_0_276.txt
Saved: /lus/eagle/projects/marP_TB_VLS/WC/williamhconrad4/OpenVS-main/experiments/E3L_6DO3/screening/inputs/train2set/E3L_6DO3_train2_chunk50/flags_params_train2_0_276.flags
Saved: /lus/eagle/projects/marP_TB_VLS/WC/williamhconrad4/OpenVS-main/experiments/E3L_6DO3/screening/inputs/train2set/E3L_6DO3_train2_chunk50/tar_params_train2_0_277.tar
Saved: /lus/eagle/projects/marP_TB_VLS/WC/williamhconrad4/OpenVS-main/experiments/E3L_6DO3/screening/inputs/train2set/E3L_6DO3_train2_chunk50/ligands_list_train2_0_277.txt
Saved: /lus/eagle/projects/marP_TB_VLS/WC/williamhconrad4/OpenVS-main/experiments/E3L_6DO3/screening/inputs/train2set/E3L_6DO3_train2_chunk50/flags_params_train2_0_277.flags
Saved: /lus/eagle/projects/marP_TB_VLS/WC/williamhconrad4/OpenVS-main/experiments/E3L_6DO3/screening/inputs/train2set/E3L_6DO3_train2_chunk50/tar_params_train2_0_278.tar
Saved: /lus/eagle/projects/marP_TB_VLS/WC/williamhconrad4/OpenVS-main/experiments/E3L_6DO3/screening/inputs/train2set/E3L_6DO3_train2_chunk50/ligands_list_train2_0_278.txt
Saved: /lus/eagle/projects/marP_TB_VLS/WC/williamhconrad4/OpenVS-main/experiments/E3L_6DO3/screening/inputs/train2set/E3L_6DO3_train2_chunk50/flags_params_train2_0_278.flags
Saved: /lus/eagle/projects/marP_TB_VLS/WC/williamhconrad4/OpenVS-main/experiments/E3L_6DO3/screening/inputs/train2set/E3L_6DO3_train2_chunk50/tar_params_train2_0_279.tar
Saved: /lus/eagle/projects/marP_TB_VLS/WC/williamhconrad4/OpenVS-main/experiments/E3L_6DO3/screening/inputs/train2set/E3L_6DO3_train2_chunk50/ligands_list_train2_0_279.txt
Saved: /lus/eagle/projects/marP_TB_VLS/WC/williamhconrad4/OpenVS-main/experiments/E3L_6DO3/screening/inputs/train2set/E3L_6DO3_train2_chunk50/flags_params_train2_0_279.flags
Saved: /lus/eagle/projects/marP_TB_VLS/WC/williamhconrad4/OpenVS-main/experiments/E3L_6DO3/screening/inputs/train2set/E3L_6DO3_train2_chunk50/tar_params_train2_0_280.tar
Saved: /lus/eagle/projects/marP_TB_VLS/WC/williamhconrad4/OpenVS-main/experiments/E3L_6DO3/screening/inputs/train2set/E3L_6DO3_train2_chunk50/ligands_list_train2_0_280.txt
Saved: /lus/eagle/projects/marP_TB_VLS/WC/williamhconrad4/OpenVS-main/experiments/E3L_6DO3/screening/inputs/train2set/E3L_6DO3_train2_chunk50/flags_params_train2_0_280.flags
Saved: /lus/eagle/projects/marP_TB_VLS/WC/williamhconrad4/OpenVS-main/experiments/E3L_6DO3/screening/inputs/train2set/E3L_6DO3_train2_chunk50/tar_params_train2_0_281.tar
Saved: /lus/eagle/projects/marP_TB_VLS/WC/williamhconrad4/OpenVS-main/experiments/E3L_6DO3/screening/inputs/train2set/E3L_6DO3_train2_chunk50/ligands_list_train2_0_281.txt
Saved: /lus/eagle/projects/marP_TB_VLS/WC/williamhconrad4/OpenVS-main/experiments/E3L_6DO3/screening/inputs/train2set/E3L_6DO3_train2_chunk50/flags_params_train2_0_281.flags
Saved: /lus/eagle/projects/marP_TB_VLS/WC/williamhconrad4/OpenVS-main/experiments/E3L_6DO3/screening/inputs/train2set/E3L_6DO3_train2_chunk50/tar_params_train2_0_282.tar
Saved: /lus/eagle/projects/marP_TB_VLS/WC/williamhconrad4/OpenVS-main/experiments/E3L_6DO3/screening/inputs/train2set/E3L_6DO3_train2_chunk50/ligands_list_train2_0_282.txt
Saved: /lus/eagle/projects/marP_TB_VLS/WC/williamhconrad4/OpenVS-main/experiments/E3L_6DO3/screening/inputs/train2set/E3L_6DO3_train2_chunk50/flags_params_train2_0_282.flags
Saved: /lus/eagle/projects/marP_TB_VLS/WC/williamhconrad4/OpenVS-main/experiments/E3L_6DO3/screening/inputs/train2set/E3L_6DO3_train2_chunk50/tar_params_train2_0_283.tar
Saved: /lus/eagle/projects/marP_TB_VLS/WC/williamhconrad4/OpenVS-main/experiments/E3L_6DO3/screening/inputs/train2set/E3L_6DO3_train2_chunk50/ligands_list_train2_0_283.txt
Saved: /lus/eagle/projects/marP_TB_VLS/WC/williamhconrad4/OpenVS-main/experiments/E3L_6DO3/screening/inputs/train2set/E3L_6DO3_train2_chunk50/flags_params_train2_0_283.flags
Saved: /lus/eagle/projects/marP_TB_VLS/WC/williamhconrad4/OpenVS-main/experiments/E3L_6DO3/screening/inputs/train2set/E3L_6DO3_train2_chunk50/tar_params_train2_0_284.tar
Saved: /lus/eagle/projects/marP_TB_VLS/WC/williamhconrad4/OpenVS-main/experiments/E3L_6DO3/screening/inputs/train2set/E3L_6DO3_train2_chunk50/ligands_list_train2_0_284.txt
Saved: /lus/eagle/projects/marP_TB_VLS/WC/williamhconrad4/OpenVS-main/experiments/E3L_6DO3/screening/inputs/train2set/E3L_6DO3_train2_chunk50/flags_params_train2_0_284.flags
Saved: /lus/eagle/projects/marP_TB_VLS/WC/williamhconrad4/OpenVS-main/experiments/E3L_6DO3/screening/inputs/train2set/E3L_6DO3_train2_chunk50/tar_params_train2_0_285.tar
Saved: /lus/eagle/projects/marP_TB_VLS/WC/williamhconrad4/OpenVS-main/experiments/E3L_6DO3/screening/inputs/train2set/E3L_6DO3_train2_chunk50/ligands_list_train2_0_285.txt
Saved: /lus/eagle/projects/marP_TB_VLS/WC/williamhconrad4/OpenVS-main/experiments/E3L_6DO3/screening/inputs/train2set/E3L_6DO3_train2_chunk50/flags_params_train2_0_285.flags
Saved: /lus/eagle/projects/marP_TB_VLS/WC/williamhconrad4/OpenVS-main/experiments/E3L_6DO3/screening/inputs/train2set/E3L_6DO3_train2_chunk50/tar_params_train2_0_286.tar
Saved: /lus/eagle/projects/marP_TB_VLS/WC/williamhconrad4/OpenVS-main/experiments/E3L_6DO3/screening/inputs/train2set/E3L_6DO3_train2_chunk50/ligands_list_train2_0_286.txt
Saved: /lus/eagle/projects/marP_TB_VLS/WC/williamhconrad4/OpenVS-main/experiments/E3L_6DO3/screening/inputs/train2set/E3L_6DO3_train2_chunk50/flags_params_train2_0_286.flags
Saved: /lus/eagle/projects/marP_TB_VLS/WC/williamhconrad4/OpenVS-main/experiments/E3L_6DO3/screening/inputs/train2set/E3L_6DO3_train2_chunk50/tar_params_train2_0_287.tar
Saved: /lus/eagle/projects/marP_TB_VLS/WC/williamhconrad4/OpenVS-main/experiments/E3L_6DO3/screening/inputs/train2set/E3L_6DO3_train2_chunk50/ligands_list_train2_0_287.txt
Saved: /lus/eagle/projects/marP_TB_VLS/WC/williamhconrad4/OpenVS-main/experiments/E3L_6DO3/screening/inputs/train2set/E3L_6DO3_train2_chunk50/flags_params_train2_0_287.flags
Saved: /lus/eagle/projects/marP_TB_VLS/WC/williamhconrad4/OpenVS-main/experiments/E3L_6DO3/screening/inputs/train2set/E3L_6DO3_train2_chunk50/tar_params_train2_0_288.tar
Saved: /lus/eagle/projects/marP_TB_VLS/WC/williamhconrad4/OpenVS-main/experiments/E3L_6DO3/screening/inputs/train2set/E3L_6DO3_train2_chunk50/ligands_list_train2_0_288.txt
Saved: /lus/eagle/projects/marP_TB_VLS/WC/williamhconrad4/OpenVS-main/experiments/E3L_6DO3/screening/inputs/train2set/E3L_6DO3_train2_chunk50/flags_params_train2_0_288.flags
Saved: /lus/eagle/projects/marP_TB_VLS/WC/williamhconrad4/OpenVS-main/experiments/E3L_6DO3/screening/inputs/train2set/E3L_6DO3_train2_chunk50/tar_params_train2_0_289.tar
Saved: /lus/eagle/projects/marP_TB_VLS/WC/williamhconrad4/OpenVS-main/experiments/E3L_6DO3/screening/inputs/train2set/E3L_6DO3_train2_chunk50/ligands_list_train2_0_289.txt
Saved: /lus/eagle/projects/marP_TB_VLS/WC/williamhconrad4/OpenVS-main/experiments/E3L_6DO3/screening/inputs/train2set/E3L_6DO3_train2_chunk50/flags_params_train2_0_289.flags
Saved: /lus/eagle/projects/marP_TB_VLS/WC/williamhconrad4/OpenVS-main/experiments/E3L_6DO3/screening/inputs/train2set/E3L_6DO3_train2_chunk50/tar_params_train2_0_290.tar
Saved: /lus/eagle/projects/marP_TB_VLS/WC/williamhconrad4/OpenVS-main/experiments/E3L_6DO3/screening/inputs/train2set/E3L_6DO3_train2_chunk50/ligands_list_train2_0_290.txt
Saved: /lus/eagle/projects/marP_TB_VLS/WC/williamhconrad4/OpenVS-main/experiments/E3L_6DO3/screening/inputs/train2set/E3L_6DO3_train2_chunk50/flags_params_train2_0_290.flags
Saved: /lus/eagle/projects/marP_TB_VLS/WC/williamhconrad4/OpenVS-main/experiments/E3L_6DO3/screening/inputs/train2set/E3L_6DO3_train2_chunk50/tar_params_train2_0_291.tar
Saved: /lus/eagle/projects/marP_TB_VLS/WC/williamhconrad4/OpenVS-main/experiments/E3L_6DO3/screening/inputs/train2set/E3L_6DO3_train2_chunk50/ligands_list_train2_0_291.txt
Saved: /lus/eagle/projects/marP_TB_VLS/WC/williamhconrad4/OpenVS-main/experiments/E3L_6DO3/screening/inputs/train2set/E3L_6DO3_train2_chunk50/flags_params_train2_0_291.flags
Saved: /lus/eagle/projects/marP_TB_VLS/WC/williamhconrad4/OpenVS-main/experiments/E3L_6DO3/screening/inputs/train2set/E3L_6DO3_train2_chunk50/tar_params_train2_0_292.tar
Saved: /lus/eagle/projects/marP_TB_VLS/WC/williamhconrad4/OpenVS-main/experiments/E3L_6DO3/screening/inputs/train2set/E3L_6DO3_train2_chunk50/ligands_list_train2_0_292.txt
Saved: /lus/eagle/projects/marP_TB_VLS/WC/williamhconrad4/OpenVS-main/experiments/E3L_6DO3/screening/inputs/train2set/E3L_6DO3_train2_chunk50/flags_params_train2_0_292.flags
Saved: /lus/eagle/projects/marP_TB_VLS/WC/williamhconrad4/OpenVS-main/experiments/E3L_6DO3/screening/inputs/train2set/E3L_6DO3_train2_chunk50/tar_params_train2_0_293.tar
Saved: /lus/eagle/projects/marP_TB_VLS/WC/williamhconrad4/OpenVS-main/experiments/E3L_6DO3/screening/inputs/train2set/E3L_6DO3_train2_chunk50/ligands_list_train2_0_293.txt
Saved: /lus/eagle/projects/marP_TB_VLS/WC/williamhconrad4/OpenVS-main/experiments/E3L_6DO3/screening/inputs/train2set/E3L_6DO3_train2_chunk50/flags_params_train2_0_293.flags
Saved: /lus/eagle/projects/marP_TB_VLS/WC/williamhconrad4/OpenVS-main/experiments/E3L_6DO3/screening/inputs/train2set/E3L_6DO3_train2_chunk50/tar_params_train2_0_294.tar
Saved: /lus/eagle/projects/marP_TB_VLS/WC/williamhconrad4/OpenVS-main/experiments/E3L_6DO3/screening/inputs/train2set/E3L_6DO3_train2_chunk50/ligands_list_train2_0_294.txt
Saved: /lus/eagle/projects/marP_TB_VLS/WC/williamhconrad4/OpenVS-main/experiments/E3L_6DO3/screening/inputs/train2set/E3L_6DO3_train2_chunk50/flags_params_train2_0_294.flags
Saved: /lus/eagle/projects/marP_TB_VLS/WC/williamhconrad4/OpenVS-main/experiments/E3L_6DO3/screening/inputs/train2set/E3L_6DO3_train2_chunk50/tar_params_train2_0_295.tar
Saved: /lus/eagle/projects/marP_TB_VLS/WC/williamhconrad4/OpenVS-main/experiments/E3L_6DO3/screening/inputs/train2set/E3L_6DO3_train2_chunk50/ligands_list_train2_0_295.txt
Saved: /lus/eagle/projects/marP_TB_VLS/WC/williamhconrad4/OpenVS-main/experiments/E3L_6DO3/screening/inputs/train2set/E3L_6DO3_train2_chunk50/flags_params_train2_0_295.flags
Saved: /lus/eagle/projects/marP_TB_VLS/WC/williamhconrad4/OpenVS-main/experiments/E3L_6DO3/screening/inputs/train2set/E3L_6DO3_train2_chunk50/tar_params_train2_0_296.tar
Saved: /lus/eagle/projects/marP_TB_VLS/WC/williamhconrad4/OpenVS-main/experiments/E3L_6DO3/screening/inputs/train2set/E3L_6DO3_train2_chunk50/ligands_list_train2_0_296.txt
Saved: /lus/eagle/projects/marP_TB_VLS/WC/williamhconrad4/OpenVS-main/experiments/E3L_6DO3/screening/inputs/train2set/E3L_6DO3_train2_chunk50/flags_params_train2_0_296.flags
Saved: /lus/eagle/projects/marP_TB_VLS/WC/williamhconrad4/OpenVS-main/experiments/E3L_6DO3/screening/inputs/train2set/E3L_6DO3_train2_chunk50/tar_params_train2_0_297.tar
Saved: /lus/eagle/projects/marP_TB_VLS/WC/williamhconrad4/OpenVS-main/experiments/E3L_6DO3/screening/inputs/train2set/E3L_6DO3_train2_chunk50/ligands_list_train2_0_297.txt
Saved: /lus/eagle/projects/marP_TB_VLS/WC/williamhconrad4/OpenVS-main/experiments/E3L_6DO3/screening/inputs/train2set/E3L_6DO3_train2_chunk50/flags_params_train2_0_297.flags
Saved: /lus/eagle/projects/marP_TB_VLS/WC/williamhconrad4/OpenVS-main/experiments/E3L_6DO3/screening/inputs/train2set/E3L_6DO3_train2_chunk50/tar_params_train2_0_298.tar
Saved: /lus/eagle/projects/marP_TB_VLS/WC/williamhconrad4/OpenVS-main/experiments/E3L_6DO3/screening/inputs/train2set/E3L_6DO3_train2_chunk50/ligands_list_train2_0_298.txt
Saved: /lus/eagle/projects/marP_TB_VLS/WC/williamhconrad4/OpenVS-main/experiments/E3L_6DO3/screening/inputs/train2set/E3L_6DO3_train2_chunk50/flags_params_train2_0_298.flags
Saved: /lus/eagle/projects/marP_TB_VLS/WC/williamhconrad4/OpenVS-main/experiments/E3L_6DO3/screening/inputs/train2set/E3L_6DO3_train2_chunk50/tar_params_train2_0_299.tar
Saved: /lus/eagle/projects/marP_TB_VLS/WC/williamhconrad4/OpenVS-main/experiments/E3L_6DO3/screening/inputs/train2set/E3L_6DO3_train2_chunk50/ligands_list_train2_0_299.txt
Saved: /lus/eagle/projects/marP_TB_VLS/WC/williamhconrad4/OpenVS-main/experiments/E3L_6DO3/screening/inputs/train2set/E3L_6DO3_train2_chunk50/flags_params_train2_0_299.flags
Saved: /lus/eagle/projects/marP_TB_VLS/WC/williamhconrad4/OpenVS-main/experiments/E3L_6DO3/screening/inputs/train2set/E3L_6DO3_train2_chunk50/tar_params_train2_0_300.tar
Saved: /lus/eagle/projects/marP_TB_VLS/WC/williamhconrad4/OpenVS-main/experiments/E3L_6DO3/screening/inputs/train2set/E3L_6DO3_train2_chunk50/ligands_list_train2_0_300.txt
Saved: /lus/eagle/projects/marP_TB_VLS/WC/williamhconrad4/OpenVS-main/experiments/E3L_6DO3/screening/inputs/train2set/E3L_6DO3_train2_chunk50/flags_params_train2_0_300.flags
Saved: /lus/eagle/projects/marP_TB_VLS/WC/williamhconrad4/OpenVS-main/experiments/E3L_6DO3/screening/inputs/train2set/E3L_6DO3_train2_chunk50/tar_params_train2_0_301.tar
Saved: /lus/eagle/projects/marP_TB_VLS/WC/williamhconrad4/OpenVS-main/experiments/E3L_6DO3/screening/inputs/train2set/E3L_6DO3_train2_chunk50/ligands_list_train2_0_301.txt
Saved: /lus/eagle/projects/marP_TB_VLS/WC/williamhconrad4/OpenVS-main/experiments/E3L_6DO3/screening/inputs/train2set/E3L_6DO3_train2_chunk50/flags_params_train2_0_301.flags
Saved: /lus/eagle/projects/marP_TB_VLS/WC/williamhconrad4/OpenVS-main/experiments/E3L_6DO3/screening/inputs/train2set/E3L_6DO3_train2_chunk50/tar_params_train2_0_302.tar
Saved: /lus/eagle/projects/marP_TB_VLS/WC/williamhconrad4/OpenVS-main/experiments/E3L_6DO3/screening/inputs/train2set/E3L_6DO3_train2_chunk50/ligands_list_train2_0_302.txt
Saved: /lus/eagle/projects/marP_TB_VLS/WC/williamhconrad4/OpenVS-main/experiments/E3L_6DO3/screening/inputs/train2set/E3L_6DO3_train2_chunk50/flags_params_train2_0_302.flags
Saved: /lus/eagle/projects/marP_TB_VLS/WC/williamhconrad4/OpenVS-main/experiments/E3L_6DO3/screening/inputs/train2set/E3L_6DO3_train2_chunk50/tar_params_train2_0_303.tar
Saved: /lus/eagle/projects/marP_TB_VLS/WC/williamhconrad4/OpenVS-main/experiments/E3L_6DO3/screening/inputs/train2set/E3L_6DO3_train2_chunk50/ligands_list_train2_0_303.txt
Saved: /lus/eagle/projects/marP_TB_VLS/WC/williamhconrad4/OpenVS-main/experiments/E3L_6DO3/screening/inputs/train2set/E3L_6DO3_train2_chunk50/flags_params_train2_0_303.flags
Saved: /lus/eagle/projects/marP_TB_VLS/WC/williamhconrad4/OpenVS-main/experiments/E3L_6DO3/screening/inputs/train2set/E3L_6DO3_train2_chunk50/tar_params_train2_0_304.tar
Saved: /lus/eagle/projects/marP_TB_VLS/WC/williamhconrad4/OpenVS-main/experiments/E3L_6DO3/screening/inputs/train2set/E3L_6DO3_train2_chunk50/ligands_list_train2_0_304.txt
Saved: /lus/eagle/projects/marP_TB_VLS/WC/williamhconrad4/OpenVS-main/experiments/E3L_6DO3/screening/inputs/train2set/E3L_6DO3_train2_chunk50/flags_params_train2_0_304.flags
Saved: /lus/eagle/projects/marP_TB_VLS/WC/williamhconrad4/OpenVS-main/experiments/E3L_6DO3/screening/inputs/train2set/E3L_6DO3_train2_chunk50/tar_params_train2_0_305.tar
Saved: /lus/eagle/projects/marP_TB_VLS/WC/williamhconrad4/OpenVS-main/experiments/E3L_6DO3/screening/inputs/train2set/E3L_6DO3_train2_chunk50/ligands_list_train2_0_305.txt
Saved: /lus/eagle/projects/marP_TB_VLS/WC/williamhconrad4/OpenVS-main/experiments/E3L_6DO3/screening/inputs/train2set/E3L_6DO3_train2_chunk50/flags_params_train2_0_305.flags
Saved: /lus/eagle/projects/marP_TB_VLS/WC/williamhconrad4/OpenVS-main/experiments/E3L_6DO3/screening/inputs/train2set/E3L_6DO3_train2_chunk50/tar_params_train2_0_306.tar
Saved: /lus/eagle/projects/marP_TB_VLS/WC/williamhconrad4/OpenVS-main/experiments/E3L_6DO3/screening/inputs/train2set/E3L_6DO3_train2_chunk50/ligands_list_train2_0_306.txt
Saved: /lus/eagle/projects/marP_TB_VLS/WC/williamhconrad4/OpenVS-main/experiments/E3L_6DO3/screening/inputs/train2set/E3L_6DO3_train2_chunk50/flags_params_train2_0_306.flags
Saved: /lus/eagle/projects/marP_TB_VLS/WC/williamhconrad4/OpenVS-main/experiments/E3L_6DO3/screening/inputs/train2set/E3L_6DO3_train2_chunk50/tar_params_train2_0_307.tar
Saved: /lus/eagle/projects/marP_TB_VLS/WC/williamhconrad4/OpenVS-main/experiments/E3L_6DO3/screening/inputs/train2set/E3L_6DO3_train2_chunk50/ligands_list_train2_0_307.txt
Saved: /lus/eagle/projects/marP_TB_VLS/WC/williamhconrad4/OpenVS-main/experiments/E3L_6DO3/screening/inputs/train2set/E3L_6DO3_train2_chunk50/flags_params_train2_0_307.flags
Saved: /lus/eagle/projects/marP_TB_VLS/WC/williamhconrad4/OpenVS-main/experiments/E3L_6DO3/screening/inputs/train2set/E3L_6DO3_train2_chunk50/tar_params_train2_0_308.tar
Saved: /lus/eagle/projects/marP_TB_VLS/WC/williamhconrad4/OpenVS-main/experiments/E3L_6DO3/screening/inputs/train2set/E3L_6DO3_train2_chunk50/ligands_list_train2_0_308.txt
Saved: /lus/eagle/projects/marP_TB_VLS/WC/williamhconrad4/OpenVS-main/experiments/E3L_6DO3/screening/inputs/train2set/E3L_6DO3_train2_chunk50/flags_params_train2_0_308.flags
Saved: /lus/eagle/projects/marP_TB_VLS/WC/williamhconrad4/OpenVS-main/experiments/E3L_6DO3/screening/inputs/train2set/E3L_6DO3_train2_chunk50/tar_params_train2_0_309.tar
Saved: /lus/eagle/projects/marP_TB_VLS/WC/williamhconrad4/OpenVS-main/experiments/E3L_6DO3/screening/inputs/train2set/E3L_6DO3_train2_chunk50/ligands_list_train2_0_309.txt
Saved: /lus/eagle/projects/marP_TB_VLS/WC/williamhconrad4/OpenVS-main/experiments/E3L_6DO3/screening/inputs/train2set/E3L_6DO3_train2_chunk50/flags_params_train2_0_309.flags
Saved: /lus/eagle/projects/marP_TB_VLS/WC/williamhconrad4/OpenVS-main/experiments/E3L_6DO3/screening/inputs/train2set/E3L_6DO3_train2_chunk50/tar_params_train2_0_310.tar
Saved: /lus/eagle/projects/marP_TB_VLS/WC/williamhconrad4/OpenVS-main/experiments/E3L_6DO3/screening/inputs/train2set/E3L_6DO3_train2_chunk50/ligands_list_train2_0_310.txt
Saved: /lus/eagle/projects/marP_TB_VLS/WC/williamhconrad4/OpenVS-main/experiments/E3L_6DO3/screening/inputs/train2set/E3L_6DO3_train2_chunk50/flags_params_train2_0_310.flags
Saved: /lus/eagle/projects/marP_TB_VLS/WC/williamhconrad4/OpenVS-main/experiments/E3L_6DO3/screening/inputs/train2set/E3L_6DO3_train2_chunk50/tar_params_train2_0_311.tar
Saved: /lus/eagle/projects/marP_TB_VLS/WC/williamhconrad4/OpenVS-main/experiments/E3L_6DO3/screening/inputs/train2set/E3L_6DO3_train2_chunk50/ligands_list_train2_0_311.txt
Saved: /lus/eagle/projects/marP_TB_VLS/WC/williamhconrad4/OpenVS-main/experiments/E3L_6DO3/screening/inputs/train2set/E3L_6DO3_train2_chunk50/flags_params_train2_0_311.flags
Saved: /lus/eagle/projects/marP_TB_VLS/WC/williamhconrad4/OpenVS-main/experiments/E3L_6DO3/screening/inputs/train2set/E3L_6DO3_train2_chunk50/tar_params_train2_0_312.tar
Saved: /lus/eagle/projects/marP_TB_VLS/WC/williamhconrad4/OpenVS-main/experiments/E3L_6DO3/screening/inputs/train2set/E3L_6DO3_train2_chunk50/ligands_list_train2_0_312.txt
Saved: /lus/eagle/projects/marP_TB_VLS/WC/williamhconrad4/OpenVS-main/experiments/E3L_6DO3/screening/inputs/train2set/E3L_6DO3_train2_chunk50/flags_params_train2_0_312.flags
Saved: /lus/eagle/projects/marP_TB_VLS/WC/williamhconrad4/OpenVS-main/experiments/E3L_6DO3/screening/inputs/train2set/E3L_6DO3_train2_chunk50/tar_params_train2_0_313.tar
Saved: /lus/eagle/projects/marP_TB_VLS/WC/williamhconrad4/OpenVS-main/experiments/E3L_6DO3/screening/inputs/train2set/E3L_6DO3_train2_chunk50/ligands_list_train2_0_313.txt
Saved: /lus/eagle/projects/marP_TB_VLS/WC/williamhconrad4/OpenVS-main/experiments/E3L_6DO3/screening/inputs/train2set/E3L_6DO3_train2_chunk50/flags_params_train2_0_313.flags
Saved: /lus/eagle/projects/marP_TB_VLS/WC/williamhconrad4/OpenVS-main/experiments/E3L_6DO3/screening/inputs/train2set/E3L_6DO3_train2_chunk50/tar_params_train2_0_314.tar
Saved: /lus/eagle/projects/marP_TB_VLS/WC/williamhconrad4/OpenVS-main/experiments/E3L_6DO3/screening/inputs/train2set/E3L_6DO3_train2_chunk50/ligands_list_train2_0_314.txt
Saved: /lus/eagle/projects/marP_TB_VLS/WC/williamhconrad4/OpenVS-main/experiments/E3L_6DO3/screening/inputs/train2set/E3L_6DO3_train2_chunk50/flags_params_train2_0_314.flags
Saved: /lus/eagle/projects/marP_TB_VLS/WC/williamhconrad4/OpenVS-main/experiments/E3L_6DO3/screening/inputs/train2set/E3L_6DO3_train2_chunk50/tar_params_train2_0_315.tar
Saved: /lus/eagle/projects/marP_TB_VLS/WC/williamhconrad4/OpenVS-main/experiments/E3L_6DO3/screening/inputs/train2set/E3L_6DO3_train2_chunk50/ligands_list_train2_0_315.txt
Saved: /lus/eagle/projects/marP_TB_VLS/WC/williamhconrad4/OpenVS-main/experiments/E3L_6DO3/screening/inputs/train2set/E3L_6DO3_train2_chunk50/flags_params_train2_0_315.flags
Saved: /lus/eagle/projects/marP_TB_VLS/WC/williamhconrad4/OpenVS-main/experiments/E3L_6DO3/screening/inputs/train2set/E3L_6DO3_train2_chunk50/tar_params_train2_0_316.tar
Saved: /lus/eagle/projects/marP_TB_VLS/WC/williamhconrad4/OpenVS-main/experiments/E3L_6DO3/screening/inputs/train2set/E3L_6DO3_train2_chunk50/ligands_list_train2_0_316.txt
Saved: /lus/eagle/projects/marP_TB_VLS/WC/williamhconrad4/OpenVS-main/experiments/E3L_6DO3/screening/inputs/train2set/E3L_6DO3_train2_chunk50/flags_params_train2_0_316.flags
Saved: /lus/eagle/projects/marP_TB_VLS/WC/williamhconrad4/OpenVS-main/experiments/E3L_6DO3/screening/inputs/train2set/E3L_6DO3_train2_chunk50/tar_params_train2_0_317.tar
Saved: /lus/eagle/projects/marP_TB_VLS/WC/williamhconrad4/OpenVS-main/experiments/E3L_6DO3/screening/inputs/train2set/E3L_6DO3_train2_chunk50/ligands_list_train2_0_317.txt
Saved: /lus/eagle/projects/marP_TB_VLS/WC/williamhconrad4/OpenVS-main/experiments/E3L_6DO3/screening/inputs/train2set/E3L_6DO3_train2_chunk50/flags_params_train2_0_317.flags
Saved: /lus/eagle/projects/marP_TB_VLS/WC/williamhconrad4/OpenVS-main/experiments/E3L_6DO3/screening/inputs/train2set/E3L_6DO3_train2_chunk50/tar_params_train2_0_318.tar
Saved: /lus/eagle/projects/marP_TB_VLS/WC/williamhconrad4/OpenVS-main/experiments/E3L_6DO3/screening/inputs/train2set/E3L_6DO3_train2_chunk50/ligands_list_train2_0_318.txt
Saved: /lus/eagle/projects/marP_TB_VLS/WC/williamhconrad4/OpenVS-main/experiments/E3L_6DO3/screening/inputs/train2set/E3L_6DO3_train2_chunk50/flags_params_train2_0_318.flags
Saved: /lus/eagle/projects/marP_TB_VLS/WC/williamhconrad4/OpenVS-main/experiments/E3L_6DO3/screening/inputs/train2set/E3L_6DO3_train2_chunk50/tar_params_train2_0_319.tar
Saved: /lus/eagle/projects/marP_TB_VLS/WC/williamhconrad4/OpenVS-main/experiments/E3L_6DO3/screening/inputs/train2set/E3L_6DO3_train2_chunk50/ligands_list_train2_0_319.txt
Saved: /lus/eagle/projects/marP_TB_VLS/WC/williamhconrad4/OpenVS-main/experiments/E3L_6DO3/screening/inputs/train2set/E3L_6DO3_train2_chunk50/flags_params_train2_0_319.flags
Saved: /lus/eagle/projects/marP_TB_VLS/WC/williamhconrad4/OpenVS-main/experiments/E3L_6DO3/screening/inputs/train2set/E3L_6DO3_train2_chunk50/tar_params_train2_0_320.tar
Saved: /lus/eagle/projects/marP_TB_VLS/WC/williamhconrad4/OpenVS-main/experiments/E3L_6DO3/screening/inputs/train2set/E3L_6DO3_train2_chunk50/ligands_list_train2_0_320.txt
Saved: /lus/eagle/projects/marP_TB_VLS/WC/williamhconrad4/OpenVS-main/experiments/E3L_6DO3/screening/inputs/train2set/E3L_6DO3_train2_chunk50/flags_params_train2_0_320.flags
Saved: /lus/eagle/projects/marP_TB_VLS/WC/williamhconrad4/OpenVS-main/experiments/E3L_6DO3/screening/inputs/train2set/E3L_6DO3_train2_chunk50/tar_params_train2_0_321.tar
Saved: /lus/eagle/projects/marP_TB_VLS/WC/williamhconrad4/OpenVS-main/experiments/E3L_6DO3/screening/inputs/train2set/E3L_6DO3_train2_chunk50/ligands_list_train2_0_321.txt
Saved: /lus/eagle/projects/marP_TB_VLS/WC/williamhconrad4/OpenVS-main/experiments/E3L_6DO3/screening/inputs/train2set/E3L_6DO3_train2_chunk50/flags_params_train2_0_321.flags
Saved: /lus/eagle/projects/marP_TB_VLS/WC/williamhconrad4/OpenVS-main/experiments/E3L_6DO3/screening/inputs/train2set/E3L_6DO3_train2_chunk50/tar_params_train2_0_322.tar
Saved: /lus/eagle/projects/marP_TB_VLS/WC/williamhconrad4/OpenVS-main/experiments/E3L_6DO3/screening/inputs/train2set/E3L_6DO3_train2_chunk50/ligands_list_train2_0_322.txt
Saved: /lus/eagle/projects/marP_TB_VLS/WC/williamhconrad4/OpenVS-main/experiments/E3L_6DO3/screening/inputs/train2set/E3L_6DO3_train2_chunk50/flags_params_train2_0_322.flags
Saved: /lus/eagle/projects/marP_TB_VLS/WC/williamhconrad4/OpenVS-main/experiments/E3L_6DO3/screening/inputs/train2set/E3L_6DO3_train2_chunk50/tar_params_train2_0_323.tar
Saved: /lus/eagle/projects/marP_TB_VLS/WC/williamhconrad4/OpenVS-main/experiments/E3L_6DO3/screening/inputs/train2set/E3L_6DO3_train2_chunk50/ligands_list_train2_0_323.txt
Saved: /lus/eagle/projects/marP_TB_VLS/WC/williamhconrad4/OpenVS-main/experiments/E3L_6DO3/screening/inputs/train2set/E3L_6DO3_train2_chunk50/flags_params_train2_0_323.flags
Saved: /lus/eagle/projects/marP_TB_VLS/WC/williamhconrad4/OpenVS-main/experiments/E3L_6DO3/screening/inputs/train2set/E3L_6DO3_train2_chunk50/tar_params_train2_0_324.tar
Saved: /lus/eagle/projects/marP_TB_VLS/WC/williamhconrad4/OpenVS-main/experiments/E3L_6DO3/screening/inputs/train2set/E3L_6DO3_train2_chunk50/ligands_list_train2_0_324.txt
Saved: /lus/eagle/projects/marP_TB_VLS/WC/williamhconrad4/OpenVS-main/experiments/E3L_6DO3/screening/inputs/train2set/E3L_6DO3_train2_chunk50/flags_params_train2_0_324.flags
Saved: /lus/eagle/projects/marP_TB_VLS/WC/williamhconrad4/OpenVS-main/experiments/E3L_6DO3/screening/inputs/train2set/E3L_6DO3_train2_chunk50/tar_params_train2_0_325.tar
Saved: /lus/eagle/projects/marP_TB_VLS/WC/williamhconrad4/OpenVS-main/experiments/E3L_6DO3/screening/inputs/train2set/E3L_6DO3_train2_chunk50/ligands_list_train2_0_325.txt
Saved: /lus/eagle/projects/marP_TB_VLS/WC/williamhconrad4/OpenVS-main/experiments/E3L_6DO3/screening/inputs/train2set/E3L_6DO3_train2_chunk50/flags_params_train2_0_325.flags
Saved: /lus/eagle/projects/marP_TB_VLS/WC/williamhconrad4/OpenVS-main/experiments/E3L_6DO3/screening/inputs/train2set/E3L_6DO3_train2_chunk50/tar_params_train2_0_326.tar
Saved: /lus/eagle/projects/marP_TB_VLS/WC/williamhconrad4/OpenVS-main/experiments/E3L_6DO3/screening/inputs/train2set/E3L_6DO3_train2_chunk50/ligands_list_train2_0_326.txt
Saved: /lus/eagle/projects/marP_TB_VLS/WC/williamhconrad4/OpenVS-main/experiments/E3L_6DO3/screening/inputs/train2set/E3L_6DO3_train2_chunk50/flags_params_train2_0_326.flags
Saved: /lus/eagle/projects/marP_TB_VLS/WC/williamhconrad4/OpenVS-main/experiments/E3L_6DO3/screening/inputs/train2set/E3L_6DO3_train2_chunk50/tar_params_train2_0_327.tar
Saved: /lus/eagle/projects/marP_TB_VLS/WC/williamhconrad4/OpenVS-main/experiments/E3L_6DO3/screening/inputs/train2set/E3L_6DO3_train2_chunk50/ligands_list_train2_0_327.txt
Saved: /lus/eagle/projects/marP_TB_VLS/WC/williamhconrad4/OpenVS-main/experiments/E3L_6DO3/screening/inputs/train2set/E3L_6DO3_train2_chunk50/flags_params_train2_0_327.flags
[2026-08-19 02:36:16]   GATE OK: flags file lists 50 individual .params
[2026-08-19 02:36:16] --- docking round 2
/lus/eagle/projects/marP_TB_VLS/WC/williamhconrad4/OpenVS-main/experiments/E3L_6DO3/screening
input dir: /lus/eagle/projects/marP_TB_VLS/WC/williamhconrad4/OpenVS-main/experiments/E3L_6DO3/screening/inputs/train2set/E3L_6DO3_train2_chunk50
result dir: /lus/eagle/projects/marP_TB_VLS/WC/williamhconrad4/OpenVS-main/experiments/E3L_6DO3/screening/outputs/E3L_6DO3_train2
Made directory: /lus/eagle/projects/marP_TB_VLS/WC/williamhconrad4/OpenVS-main/experiments/E3L_6DO3/screening/train2/E3L_6DO3_cmdlistfn
Make new directory /lus/eagle/projects/marP_TB_VLS/WC/williamhconrad4/OpenVS-main/experiments/E3L_6DO3/screening/outputs/E3L_6DO3_train2/E3L_6DO3_VSX
Wrote: /lus/eagle/projects/marP_TB_VLS/WC/williamhconrad4/OpenVS-main/experiments/E3L_6DO3/screening/train2/E3L_6DO3_cmdlistfn/E3L_6DO3_0.cmdlist
Wrote: /lus/eagle/projects/marP_TB_VLS/WC/williamhconrad4/OpenVS-main/experiments/E3L_6DO3/screening/train2/E3L_6DO3_cmdlistfn/E3L_6DO3_1.cmdlist
Wrote: /lus/eagle/projects/marP_TB_VLS/WC/williamhconrad4/OpenVS-main/experiments/E3L_6DO3/screening/train2/E3L_6DO3_cmdlistfn/E3L_6DO3_2.cmdlist
Wrote: /lus/eagle/projects/marP_TB_VLS/WC/williamhconrad4/OpenVS-main/experiments/E3L_6DO3/screening/train2/E3L_6DO3_cmdlistfn/E3L_6DO3_3.cmdlist
Wrote: /lus/eagle/projects/marP_TB_VLS/WC/williamhconrad4/OpenVS-main/experiments/E3L_6DO3/screening/train2/E3L_6DO3_cmdlistfn/E3L_6DO3_4.cmdlist
Wrote: /lus/eagle/projects/marP_TB_VLS/WC/williamhconrad4/OpenVS-main/experiments/E3L_6DO3/screening/train2/E3L_6DO3_cmdlistfn/E3L_6DO3_5.cmdlist
parallel ::::  /lus/eagle/projects/marP_TB_VLS/WC/williamhconrad4/OpenVS-main/experiments/E3L_6DO3/screening/train2/E3L_6DO3_cmdlistfn/E3L_6DO3_0.cmdlist
parallel ::::  /lus/eagle/projects/marP_TB_VLS/WC/williamhconrad4/OpenVS-main/experiments/E3L_6DO3/screening/train2/E3L_6DO3_cmdlistfn/E3L_6DO3_1.cmdlist
parallel ::::  /lus/eagle/projects/marP_TB_VLS/WC/williamhconrad4/OpenVS-main/experiments/E3L_6DO3/screening/train2/E3L_6DO3_cmdlistfn/E3L_6DO3_2.cmdlist
parallel ::::  /lus/eagle/projects/marP_TB_VLS/WC/williamhconrad4/OpenVS-main/experiments/E3L_6DO3/screening/train2/E3L_6DO3_cmdlistfn/E3L_6DO3_3.cmdlist
parallel ::::  /lus/eagle/projects/marP_TB_VLS/WC/williamhconrad4/OpenVS-main/experiments/E3L_6DO3/screening/train2/E3L_6DO3_cmdlistfn/E3L_6DO3_4.cmdlist
parallel ::::  /lus/eagle/projects/marP_TB_VLS/WC/williamhconrad4/OpenVS-main/experiments/E3L_6DO3/screening/train2/E3L_6DO3_cmdlistfn/E3L_6DO3_5.cmdlist
Wrote: ./E3L_6DO3_dock.joblist
Wrote: ./sbatch_dock_arrayjobs.sh
Wrote: ./submit_arrayjobs.sh
[2026-08-19 02:36:16]   6 array tasks
[2026-08-19 02:36:16]   qsub -r y -q preemptable -J 1-6%10 sbatch_dock_arrayjobs.sh
[2026-08-19 02:36:17]   waiting on job 251444
[2026-08-19 06:02:52]   job 251444 finished
[2026-08-19 06:02:56]   GATE OK: 16362 distinct ligands docked
[2026-08-19 06:04:03]   GATE OK: results tarred
[2026-08-19 06:04:03] --- stage 1: gather (iter=2)
[2026-08-19 06:04:03]   qsub sbatch_gather_vs_results.sh (iter=2) -> output.gather.iter2.log
[2026-08-19 06:04:03]   job id: 251465.crux-pbs-0001.head.cm.crux.alcf.anl.gov
[2026-08-19 06:04:03]   waiting on job 251465
[2026-08-19 06:06:33]   job 251465 finished
[2026-08-19 06:06:33]   GATE OK: E3L_6DO3_train2_vs_results.feather
[2026-08-19 06:06:33] --- stage 2: augment (iter=2)
[2026-08-19 06:06:33]   qsub sbatch_augment_results.sh (iter=2) -> output.augment.iter2.log
[2026-08-19 06:06:34]   job id: 251466.crux-pbs-0001.head.cm.crux.alcf.anl.gov
[2026-08-19 06:06:34]   waiting on job 251466
[2026-08-19 06:09:04]   job 251466 finished

[2026-08-19 06:09:04] GATE FAILED: augment produced no E3L_6DO3_train2_vs_results.aug.feather
[2026-08-19 06:09:04] fix the cause, then re-run: bash run_cycle.sh 2
[2026-08-19 14:36:03] =========== CYCLE 2  (dock round 2, leaves train3_params) ===========
[2026-08-19 14:36:03] queue=preemptable  walltime=06:00:00
[2026-08-19 14:36:03] --- prechecks for docking round 2
[2026-08-19 14:36:03]   GATE OK: 16362 params for round 2
[2026-08-19 14:36:03] --- packaging params
[2026-08-19 14:36:04]   GATE OK: tar has 16363 members
[2026-08-19 14:36:04]   GATE OK: screening/train2 ready
[2026-08-19 14:36:04] --- screening inputs (prefix=train2)
Saved: /lus/eagle/projects/marP_TB_VLS/WC/williamhconrad4/OpenVS-main/experiments/E3L_6DO3/screening/inputs/train2set/E3L_6DO3_train2_chunk50/tar_params_train2_0_0.tar
Saved: /lus/eagle/projects/marP_TB_VLS/WC/williamhconrad4/OpenVS-main/experiments/E3L_6DO3/screening/inputs/train2set/E3L_6DO3_train2_chunk50/ligands_list_train2_0_0.txt
Saved: /lus/eagle/projects/marP_TB_VLS/WC/williamhconrad4/OpenVS-main/experiments/E3L_6DO3/screening/inputs/train2set/E3L_6DO3_train2_chunk50/flags_params_train2_0_0.flags
Saved: /lus/eagle/projects/marP_TB_VLS/WC/williamhconrad4/OpenVS-main/experiments/E3L_6DO3/screening/inputs/train2set/E3L_6DO3_train2_chunk50/tar_params_train2_0_1.tar
Saved: /lus/eagle/projects/marP_TB_VLS/WC/williamhconrad4/OpenVS-main/experiments/E3L_6DO3/screening/inputs/train2set/E3L_6DO3_train2_chunk50/ligands_list_train2_0_1.txt
Saved: /lus/eagle/projects/marP_TB_VLS/WC/williamhconrad4/OpenVS-main/experiments/E3L_6DO3/screening/inputs/train2set/E3L_6DO3_train2_chunk50/flags_params_train2_0_1.flags
Saved: /lus/eagle/projects/marP_TB_VLS/WC/williamhconrad4/OpenVS-main/experiments/E3L_6DO3/screening/inputs/train2set/E3L_6DO3_train2_chunk50/tar_params_train2_0_2.tar
Saved: /lus/eagle/projects/marP_TB_VLS/WC/williamhconrad4/OpenVS-main/experiments/E3L_6DO3/screening/inputs/train2set/E3L_6DO3_train2_chunk50/ligands_list_train2_0_2.txt
Saved: /lus/eagle/projects/marP_TB_VLS/WC/williamhconrad4/OpenVS-main/experiments/E3L_6DO3/screening/inputs/train2set/E3L_6DO3_train2_chunk50/flags_params_train2_0_2.flags
Saved: /lus/eagle/projects/marP_TB_VLS/WC/williamhconrad4/OpenVS-main/experiments/E3L_6DO3/screening/inputs/train2set/E3L_6DO3_train2_chunk50/tar_params_train2_0_3.tar
Saved: /lus/eagle/projects/marP_TB_VLS/WC/williamhconrad4/OpenVS-main/experiments/E3L_6DO3/screening/inputs/train2set/E3L_6DO3_train2_chunk50/ligands_list_train2_0_3.txt
Saved: /lus/eagle/projects/marP_TB_VLS/WC/williamhconrad4/OpenVS-main/experiments/E3L_6DO3/screening/inputs/train2set/E3L_6DO3_train2_chunk50/flags_params_train2_0_3.flags
Saved: /lus/eagle/projects/marP_TB_VLS/WC/williamhconrad4/OpenVS-main/experiments/E3L_6DO3/screening/inputs/train2set/E3L_6DO3_train2_chunk50/tar_params_train2_0_4.tar
Saved: /lus/eagle/projects/marP_TB_VLS/WC/williamhconrad4/OpenVS-main/experiments/E3L_6DO3/screening/inputs/train2set/E3L_6DO3_train2_chunk50/ligands_list_train2_0_4.txt
Saved: /lus/eagle/projects/marP_TB_VLS/WC/williamhconrad4/OpenVS-main/experiments/E3L_6DO3/screening/inputs/train2set/E3L_6DO3_train2_chunk50/flags_params_train2_0_4.flags
Saved: /lus/eagle/projects/marP_TB_VLS/WC/williamhconrad4/OpenVS-main/experiments/E3L_6DO3/screening/inputs/train2set/E3L_6DO3_train2_chunk50/tar_params_train2_0_5.tar
Saved: /lus/eagle/projects/marP_TB_VLS/WC/williamhconrad4/OpenVS-main/experiments/E3L_6DO3/screening/inputs/train2set/E3L_6DO3_train2_chunk50/ligands_list_train2_0_5.txt
Saved: /lus/eagle/projects/marP_TB_VLS/WC/williamhconrad4/OpenVS-main/experiments/E3L_6DO3/screening/inputs/train2set/E3L_6DO3_train2_chunk50/flags_params_train2_0_5.flags
Saved: /lus/eagle/projects/marP_TB_VLS/WC/williamhconrad4/OpenVS-main/experiments/E3L_6DO3/screening/inputs/train2set/E3L_6DO3_train2_chunk50/tar_params_train2_0_6.tar
Saved: /lus/eagle/projects/marP_TB_VLS/WC/williamhconrad4/OpenVS-main/experiments/E3L_6DO3/screening/inputs/train2set/E3L_6DO3_train2_chunk50/ligands_list_train2_0_6.txt
Saved: /lus/eagle/projects/marP_TB_VLS/WC/williamhconrad4/OpenVS-main/experiments/E3L_6DO3/screening/inputs/train2set/E3L_6DO3_train2_chunk50/flags_params_train2_0_6.flags
Saved: /lus/eagle/projects/marP_TB_VLS/WC/williamhconrad4/OpenVS-main/experiments/E3L_6DO3/screening/inputs/train2set/E3L_6DO3_train2_chunk50/tar_params_train2_0_7.tar
Saved: /lus/eagle/projects/marP_TB_VLS/WC/williamhconrad4/OpenVS-main/experiments/E3L_6DO3/screening/inputs/train2set/E3L_6DO3_train2_chunk50/ligands_list_train2_0_7.txt
Saved: /lus/eagle/projects/marP_TB_VLS/WC/williamhconrad4/OpenVS-main/experiments/E3L_6DO3/screening/inputs/train2set/E3L_6DO3_train2_chunk50/flags_params_train2_0_7.flags
Saved: /lus/eagle/projects/marP_TB_VLS/WC/williamhconrad4/OpenVS-main/experiments/E3L_6DO3/screening/inputs/train2set/E3L_6DO3_train2_chunk50/tar_params_train2_0_8.tar
Saved: /lus/eagle/projects/marP_TB_VLS/WC/williamhconrad4/OpenVS-main/experiments/E3L_6DO3/screening/inputs/train2set/E3L_6DO3_train2_chunk50/ligands_list_train2_0_8.txt
Saved: /lus/eagle/projects/marP_TB_VLS/WC/williamhconrad4/OpenVS-main/experiments/E3L_6DO3/screening/inputs/train2set/E3L_6DO3_train2_chunk50/flags_params_train2_0_8.flags
Saved: /lus/eagle/projects/marP_TB_VLS/WC/williamhconrad4/OpenVS-main/experiments/E3L_6DO3/screening/inputs/train2set/E3L_6DO3_train2_chunk50/tar_params_train2_0_9.tar
Saved: /lus/eagle/projects/marP_TB_VLS/WC/williamhconrad4/OpenVS-main/experiments/E3L_6DO3/screening/inputs/train2set/E3L_6DO3_train2_chunk50/ligands_list_train2_0_9.txt
Saved: /lus/eagle/projects/marP_TB_VLS/WC/williamhconrad4/OpenVS-main/experiments/E3L_6DO3/screening/inputs/train2set/E3L_6DO3_train2_chunk50/flags_params_train2_0_9.flags
Saved: /lus/eagle/projects/marP_TB_VLS/WC/williamhconrad4/OpenVS-main/experiments/E3L_6DO3/screening/inputs/train2set/E3L_6DO3_train2_chunk50/tar_params_train2_0_10.tar
Saved: /lus/eagle/projects/marP_TB_VLS/WC/williamhconrad4/OpenVS-main/experiments/E3L_6DO3/screening/inputs/train2set/E3L_6DO3_train2_chunk50/ligands_list_train2_0_10.txt
Saved: /lus/eagle/projects/marP_TB_VLS/WC/williamhconrad4/OpenVS-main/experiments/E3L_6DO3/screening/inputs/train2set/E3L_6DO3_train2_chunk50/flags_params_train2_0_10.flags
Saved: /lus/eagle/projects/marP_TB_VLS/WC/williamhconrad4/OpenVS-main/experiments/E3L_6DO3/screening/inputs/train2set/E3L_6DO3_train2_chunk50/tar_params_train2_0_11.tar
Saved: /lus/eagle/projects/marP_TB_VLS/WC/williamhconrad4/OpenVS-main/experiments/E3L_6DO3/screening/inputs/train2set/E3L_6DO3_train2_chunk50/ligands_list_train2_0_11.txt
Saved: /lus/eagle/projects/marP_TB_VLS/WC/williamhconrad4/OpenVS-main/experiments/E3L_6DO3/screening/inputs/train2set/E3L_6DO3_train2_chunk50/flags_params_train2_0_11.flags
Saved: /lus/eagle/projects/marP_TB_VLS/WC/williamhconrad4/OpenVS-main/experiments/E3L_6DO3/screening/inputs/train2set/E3L_6DO3_train2_chunk50/tar_params_train2_0_12.tar
Saved: /lus/eagle/projects/marP_TB_VLS/WC/williamhconrad4/OpenVS-main/experiments/E3L_6DO3/screening/inputs/train2set/E3L_6DO3_train2_chunk50/ligands_list_train2_0_12.txt
Saved: /lus/eagle/projects/marP_TB_VLS/WC/williamhconrad4/OpenVS-main/experiments/E3L_6DO3/screening/inputs/train2set/E3L_6DO3_train2_chunk50/flags_params_train2_0_12.flags
Saved: /lus/eagle/projects/marP_TB_VLS/WC/williamhconrad4/OpenVS-main/experiments/E3L_6DO3/screening/inputs/train2set/E3L_6DO3_train2_chunk50/tar_params_train2_0_13.tar
Saved: /lus/eagle/projects/marP_TB_VLS/WC/williamhconrad4/OpenVS-main/experiments/E3L_6DO3/screening/inputs/train2set/E3L_6DO3_train2_chunk50/ligands_list_train2_0_13.txt
Saved: /lus/eagle/projects/marP_TB_VLS/WC/williamhconrad4/OpenVS-main/experiments/E3L_6DO3/screening/inputs/train2set/E3L_6DO3_train2_chunk50/flags_params_train2_0_13.flags
Saved: /lus/eagle/projects/marP_TB_VLS/WC/williamhconrad4/OpenVS-main/experiments/E3L_6DO3/screening/inputs/train2set/E3L_6DO3_train2_chunk50/tar_params_train2_0_14.tar
Saved: /lus/eagle/projects/marP_TB_VLS/WC/williamhconrad4/OpenVS-main/experiments/E3L_6DO3/screening/inputs/train2set/E3L_6DO3_train2_chunk50/ligands_list_train2_0_14.txt
Saved: /lus/eagle/projects/marP_TB_VLS/WC/williamhconrad4/OpenVS-main/experiments/E3L_6DO3/screening/inputs/train2set/E3L_6DO3_train2_chunk50/flags_params_train2_0_14.flags
Saved: /lus/eagle/projects/marP_TB_VLS/WC/williamhconrad4/OpenVS-main/experiments/E3L_6DO3/screening/inputs/train2set/E3L_6DO3_train2_chunk50/tar_params_train2_0_15.tar
Saved: /lus/eagle/projects/marP_TB_VLS/WC/williamhconrad4/OpenVS-main/experiments/E3L_6DO3/screening/inputs/train2set/E3L_6DO3_train2_chunk50/ligands_list_train2_0_15.txt
Saved: /lus/eagle/projects/marP_TB_VLS/WC/williamhconrad4/OpenVS-main/experiments/E3L_6DO3/screening/inputs/train2set/E3L_6DO3_train2_chunk50/flags_params_train2_0_15.flags
Saved: /lus/eagle/projects/marP_TB_VLS/WC/williamhconrad4/OpenVS-main/experiments/E3L_6DO3/screening/inputs/train2set/E3L_6DO3_train2_chunk50/tar_params_train2_0_16.tar
Saved: /lus/eagle/projects/marP_TB_VLS/WC/williamhconrad4/OpenVS-main/experiments/E3L_6DO3/screening/inputs/train2set/E3L_6DO3_train2_chunk50/ligands_list_train2_0_16.txt
Saved: /lus/eagle/projects/marP_TB_VLS/WC/williamhconrad4/OpenVS-main/experiments/E3L_6DO3/screening/inputs/train2set/E3L_6DO3_train2_chunk50/flags_params_train2_0_16.flags
Saved: /lus/eagle/projects/marP_TB_VLS/WC/williamhconrad4/OpenVS-main/experiments/E3L_6DO3/screening/inputs/train2set/E3L_6DO3_train2_chunk50/tar_params_train2_0_17.tar
Saved: /lus/eagle/projects/marP_TB_VLS/WC/williamhconrad4/OpenVS-main/experiments/E3L_6DO3/screening/inputs/train2set/E3L_6DO3_train2_chunk50/ligands_list_train2_0_17.txt
Saved: /lus/eagle/projects/marP_TB_VLS/WC/williamhconrad4/OpenVS-main/experiments/E3L_6DO3/screening/inputs/train2set/E3L_6DO3_train2_chunk50/flags_params_train2_0_17.flags
Saved: /lus/eagle/projects/marP_TB_VLS/WC/williamhconrad4/OpenVS-main/experiments/E3L_6DO3/screening/inputs/train2set/E3L_6DO3_train2_chunk50/tar_params_train2_0_18.tar
Saved: /lus/eagle/projects/marP_TB_VLS/WC/williamhconrad4/OpenVS-main/experiments/E3L_6DO3/screening/inputs/train2set/E3L_6DO3_train2_chunk50/ligands_list_train2_0_18.txt
Saved: /lus/eagle/projects/marP_TB_VLS/WC/williamhconrad4/OpenVS-main/experiments/E3L_6DO3/screening/inputs/train2set/E3L_6DO3_train2_chunk50/flags_params_train2_0_18.flags
Saved: /lus/eagle/projects/marP_TB_VLS/WC/williamhconrad4/OpenVS-main/experiments/E3L_6DO3/screening/inputs/train2set/E3L_6DO3_train2_chunk50/tar_params_train2_0_19.tar
Saved: /lus/eagle/projects/marP_TB_VLS/WC/williamhconrad4/OpenVS-main/experiments/E3L_6DO3/screening/inputs/train2set/E3L_6DO3_train2_chunk50/ligands_list_train2_0_19.txt
Saved: /lus/eagle/projects/marP_TB_VLS/WC/williamhconrad4/OpenVS-main/experiments/E3L_6DO3/screening/inputs/train2set/E3L_6DO3_train2_chunk50/flags_params_train2_0_19.flags
Saved: /lus/eagle/projects/marP_TB_VLS/WC/williamhconrad4/OpenVS-main/experiments/E3L_6DO3/screening/inputs/train2set/E3L_6DO3_train2_chunk50/tar_params_train2_0_20.tar
Saved: /lus/eagle/projects/marP_TB_VLS/WC/williamhconrad4/OpenVS-main/experiments/E3L_6DO3/screening/inputs/train2set/E3L_6DO3_train2_chunk50/ligands_list_train2_0_20.txt
Saved: /lus/eagle/projects/marP_TB_VLS/WC/williamhconrad4/OpenVS-main/experiments/E3L_6DO3/screening/inputs/train2set/E3L_6DO3_train2_chunk50/flags_params_train2_0_20.flags
Saved: /lus/eagle/projects/marP_TB_VLS/WC/williamhconrad4/OpenVS-main/experiments/E3L_6DO3/screening/inputs/train2set/E3L_6DO3_train2_chunk50/tar_params_train2_0_21.tar
Saved: /lus/eagle/projects/marP_TB_VLS/WC/williamhconrad4/OpenVS-main/experiments/E3L_6DO3/screening/inputs/train2set/E3L_6DO3_train2_chunk50/ligands_list_train2_0_21.txt
Saved: /lus/eagle/projects/marP_TB_VLS/WC/williamhconrad4/OpenVS-main/experiments/E3L_6DO3/screening/inputs/train2set/E3L_6DO3_train2_chunk50/flags_params_train2_0_21.flags
Saved: /lus/eagle/projects/marP_TB_VLS/WC/williamhconrad4/OpenVS-main/experiments/E3L_6DO3/screening/inputs/train2set/E3L_6DO3_train2_chunk50/tar_params_train2_0_22.tar
Saved: /lus/eagle/projects/marP_TB_VLS/WC/williamhconrad4/OpenVS-main/experiments/E3L_6DO3/screening/inputs/train2set/E3L_6DO3_train2_chunk50/ligands_list_train2_0_22.txt
Saved: /lus/eagle/projects/marP_TB_VLS/WC/williamhconrad4/OpenVS-main/experiments/E3L_6DO3/screening/inputs/train2set/E3L_6DO3_train2_chunk50/flags_params_train2_0_22.flags
Saved: /lus/eagle/projects/marP_TB_VLS/WC/williamhconrad4/OpenVS-main/experiments/E3L_6DO3/screening/inputs/train2set/E3L_6DO3_train2_chunk50/tar_params_train2_0_23.tar
Saved: /lus/eagle/projects/marP_TB_VLS/WC/williamhconrad4/OpenVS-main/experiments/E3L_6DO3/screening/inputs/train2set/E3L_6DO3_train2_chunk50/ligands_list_train2_0_23.txt
Saved: /lus/eagle/projects/marP_TB_VLS/WC/williamhconrad4/OpenVS-main/experiments/E3L_6DO3/screening/inputs/train2set/E3L_6DO3_train2_chunk50/flags_params_train2_0_23.flags
Saved: /lus/eagle/projects/marP_TB_VLS/WC/williamhconrad4/OpenVS-main/experiments/E3L_6DO3/screening/inputs/train2set/E3L_6DO3_train2_chunk50/tar_params_train2_0_24.tar
Saved: /lus/eagle/projects/marP_TB_VLS/WC/williamhconrad4/OpenVS-main/experiments/E3L_6DO3/screening/inputs/train2set/E3L_6DO3_train2_chunk50/ligands_list_train2_0_24.txt
Saved: /lus/eagle/projects/marP_TB_VLS/WC/williamhconrad4/OpenVS-main/experiments/E3L_6DO3/screening/inputs/train2set/E3L_6DO3_train2_chunk50/flags_params_train2_0_24.flags
Saved: /lus/eagle/projects/marP_TB_VLS/WC/williamhconrad4/OpenVS-main/experiments/E3L_6DO3/screening/inputs/train2set/E3L_6DO3_train2_chunk50/tar_params_train2_0_25.tar
Saved: /lus/eagle/projects/marP_TB_VLS/WC/williamhconrad4/OpenVS-main/experiments/E3L_6DO3/screening/inputs/train2set/E3L_6DO3_train2_chunk50/ligands_list_train2_0_25.txt
Saved: /lus/eagle/projects/marP_TB_VLS/WC/williamhconrad4/OpenVS-main/experiments/E3L_6DO3/screening/inputs/train2set/E3L_6DO3_train2_chunk50/flags_params_train2_0_25.flags
Saved: /lus/eagle/projects/marP_TB_VLS/WC/williamhconrad4/OpenVS-main/experiments/E3L_6DO3/screening/inputs/train2set/E3L_6DO3_train2_chunk50/tar_params_train2_0_26.tar
Saved: /lus/eagle/projects/marP_TB_VLS/WC/williamhconrad4/OpenVS-main/experiments/E3L_6DO3/screening/inputs/train2set/E3L_6DO3_train2_chunk50/ligands_list_train2_0_26.txt
Saved: /lus/eagle/projects/marP_TB_VLS/WC/williamhconrad4/OpenVS-main/experiments/E3L_6DO3/screening/inputs/train2set/E3L_6DO3_train2_chunk50/flags_params_train2_0_26.flags
Saved: /lus/eagle/projects/marP_TB_VLS/WC/williamhconrad4/OpenVS-main/experiments/E3L_6DO3/screening/inputs/train2set/E3L_6DO3_train2_chunk50/tar_params_train2_0_27.tar
Saved: /lus/eagle/projects/marP_TB_VLS/WC/williamhconrad4/OpenVS-main/experiments/E3L_6DO3/screening/inputs/train2set/E3L_6DO3_train2_chunk50/ligands_list_train2_0_27.txt
Saved: /lus/eagle/projects/marP_TB_VLS/WC/williamhconrad4/OpenVS-main/experiments/E3L_6DO3/screening/inputs/train2set/E3L_6DO3_train2_chunk50/flags_params_train2_0_27.flags
Saved: /lus/eagle/projects/marP_TB_VLS/WC/williamhconrad4/OpenVS-main/experiments/E3L_6DO3/screening/inputs/train2set/E3L_6DO3_train2_chunk50/tar_params_train2_0_28.tar
Saved: /lus/eagle/projects/marP_TB_VLS/WC/williamhconrad4/OpenVS-main/experiments/E3L_6DO3/screening/inputs/train2set/E3L_6DO3_train2_chunk50/ligands_list_train2_0_28.txt
Saved: /lus/eagle/projects/marP_TB_VLS/WC/williamhconrad4/OpenVS-main/experiments/E3L_6DO3/screening/inputs/train2set/E3L_6DO3_train2_chunk50/flags_params_train2_0_28.flags
Saved: /lus/eagle/projects/marP_TB_VLS/WC/williamhconrad4/OpenVS-main/experiments/E3L_6DO3/screening/inputs/train2set/E3L_6DO3_train2_chunk50/tar_params_train2_0_29.tar
Saved: /lus/eagle/projects/marP_TB_VLS/WC/williamhconrad4/OpenVS-main/experiments/E3L_6DO3/screening/inputs/train2set/E3L_6DO3_train2_chunk50/ligands_list_train2_0_29.txt
Saved: /lus/eagle/projects/marP_TB_VLS/WC/williamhconrad4/OpenVS-main/experiments/E3L_6DO3/screening/inputs/train2set/E3L_6DO3_train2_chunk50/flags_params_train2_0_29.flags
Saved: /lus/eagle/projects/marP_TB_VLS/WC/williamhconrad4/OpenVS-main/experiments/E3L_6DO3/screening/inputs/train2set/E3L_6DO3_train2_chunk50/tar_params_train2_0_30.tar
Saved: /lus/eagle/projects/marP_TB_VLS/WC/williamhconrad4/OpenVS-main/experiments/E3L_6DO3/screening/inputs/train2set/E3L_6DO3_train2_chunk50/ligands_list_train2_0_30.txt
Saved: /lus/eagle/projects/marP_TB_VLS/WC/williamhconrad4/OpenVS-main/experiments/E3L_6DO3/screening/inputs/train2set/E3L_6DO3_train2_chunk50/flags_params_train2_0_30.flags
Saved: /lus/eagle/projects/marP_TB_VLS/WC/williamhconrad4/OpenVS-main/experiments/E3L_6DO3/screening/inputs/train2set/E3L_6DO3_train2_chunk50/tar_params_train2_0_31.tar
Saved: /lus/eagle/projects/marP_TB_VLS/WC/williamhconrad4/OpenVS-main/experiments/E3L_6DO3/screening/inputs/train2set/E3L_6DO3_train2_chunk50/ligands_list_train2_0_31.txt
Saved: /lus/eagle/projects/marP_TB_VLS/WC/williamhconrad4/OpenVS-main/experiments/E3L_6DO3/screening/inputs/train2set/E3L_6DO3_train2_chunk50/flags_params_train2_0_31.flags
Saved: /lus/eagle/projects/marP_TB_VLS/WC/williamhconrad4/OpenVS-main/experiments/E3L_6DO3/screening/inputs/train2set/E3L_6DO3_train2_chunk50/tar_params_train2_0_32.tar
Saved: /lus/eagle/projects/marP_TB_VLS/WC/williamhconrad4/OpenVS-main/experiments/E3L_6DO3/screening/inputs/train2set/E3L_6DO3_train2_chunk50/ligands_list_train2_0_32.txt
Saved: /lus/eagle/projects/marP_TB_VLS/WC/williamhconrad4/OpenVS-main/experiments/E3L_6DO3/screening/inputs/train2set/E3L_6DO3_train2_chunk50/flags_params_train2_0_32.flags
Saved: /lus/eagle/projects/marP_TB_VLS/WC/williamhconrad4/OpenVS-main/experiments/E3L_6DO3/screening/inputs/train2set/E3L_6DO3_train2_chunk50/tar_params_train2_0_33.tar
Saved: /lus/eagle/projects/marP_TB_VLS/WC/williamhconrad4/OpenVS-main/experiments/E3L_6DO3/screening/inputs/train2set/E3L_6DO3_train2_chunk50/ligands_list_train2_0_33.txt
Saved: /lus/eagle/projects/marP_TB_VLS/WC/williamhconrad4/OpenVS-main/experiments/E3L_6DO3/screening/inputs/train2set/E3L_6DO3_train2_chunk50/flags_params_train2_0_33.flags
Saved: /lus/eagle/projects/marP_TB_VLS/WC/williamhconrad4/OpenVS-main/experiments/E3L_6DO3/screening/inputs/train2set/E3L_6DO3_train2_chunk50/tar_params_train2_0_34.tar
Saved: /lus/eagle/projects/marP_TB_VLS/WC/williamhconrad4/OpenVS-main/experiments/E3L_6DO3/screening/inputs/train2set/E3L_6DO3_train2_chunk50/ligands_list_train2_0_34.txt
Saved: /lus/eagle/projects/marP_TB_VLS/WC/williamhconrad4/OpenVS-main/experiments/E3L_6DO3/screening/inputs/train2set/E3L_6DO3_train2_chunk50/flags_params_train2_0_34.flags
Saved: /lus/eagle/projects/marP_TB_VLS/WC/williamhconrad4/OpenVS-main/experiments/E3L_6DO3/screening/inputs/train2set/E3L_6DO3_train2_chunk50/tar_params_train2_0_35.tar
Saved: /lus/eagle/projects/marP_TB_VLS/WC/williamhconrad4/OpenVS-main/experiments/E3L_6DO3/screening/inputs/train2set/E3L_6DO3_train2_chunk50/ligands_list_train2_0_35.txt
Saved: /lus/eagle/projects/marP_TB_VLS/WC/williamhconrad4/OpenVS-main/experiments/E3L_6DO3/screening/inputs/train2set/E3L_6DO3_train2_chunk50/flags_params_train2_0_35.flags
Saved: /lus/eagle/projects/marP_TB_VLS/WC/williamhconrad4/OpenVS-main/experiments/E3L_6DO3/screening/inputs/train2set/E3L_6DO3_train2_chunk50/tar_params_train2_0_36.tar
Saved: /lus/eagle/projects/marP_TB_VLS/WC/williamhconrad4/OpenVS-main/experiments/E3L_6DO3/screening/inputs/train2set/E3L_6DO3_train2_chunk50/ligands_list_train2_0_36.txt
Saved: /lus/eagle/projects/marP_TB_VLS/WC/williamhconrad4/OpenVS-main/experiments/E3L_6DO3/screening/inputs/train2set/E3L_6DO3_train2_chunk50/flags_params_train2_0_36.flags
Saved: /lus/eagle/projects/marP_TB_VLS/WC/williamhconrad4/OpenVS-main/experiments/E3L_6DO3/screening/inputs/train2set/E3L_6DO3_train2_chunk50/tar_params_train2_0_37.tar
Saved: /lus/eagle/projects/marP_TB_VLS/WC/williamhconrad4/OpenVS-main/experiments/E3L_6DO3/screening/inputs/train2set/E3L_6DO3_train2_chunk50/ligands_list_train2_0_37.txt
Saved: /lus/eagle/projects/marP_TB_VLS/WC/williamhconrad4/OpenVS-main/experiments/E3L_6DO3/screening/inputs/train2set/E3L_6DO3_train2_chunk50/flags_params_train2_0_37.flags
Saved: /lus/eagle/projects/marP_TB_VLS/WC/williamhconrad4/OpenVS-main/experiments/E3L_6DO3/screening/inputs/train2set/E3L_6DO3_train2_chunk50/tar_params_train2_0_38.tar
Saved: /lus/eagle/projects/marP_TB_VLS/WC/williamhconrad4/OpenVS-main/experiments/E3L_6DO3/screening/inputs/train2set/E3L_6DO3_train2_chunk50/ligands_list_train2_0_38.txt
Saved: /lus/eagle/projects/marP_TB_VLS/WC/williamhconrad4/OpenVS-main/experiments/E3L_6DO3/screening/inputs/train2set/E3L_6DO3_train2_chunk50/flags_params_train2_0_38.flags
Saved: /lus/eagle/projects/marP_TB_VLS/WC/williamhconrad4/OpenVS-main/experiments/E3L_6DO3/screening/inputs/train2set/E3L_6DO3_train2_chunk50/tar_params_train2_0_39.tar
Saved: /lus/eagle/projects/marP_TB_VLS/WC/williamhconrad4/OpenVS-main/experiments/E3L_6DO3/screening/inputs/train2set/E3L_6DO3_train2_chunk50/ligands_list_train2_0_39.txt
Saved: /lus/eagle/projects/marP_TB_VLS/WC/williamhconrad4/OpenVS-main/experiments/E3L_6DO3/screening/inputs/train2set/E3L_6DO3_train2_chunk50/flags_params_train2_0_39.flags
Saved: /lus/eagle/projects/marP_TB_VLS/WC/williamhconrad4/OpenVS-main/experiments/E3L_6DO3/screening/inputs/train2set/E3L_6DO3_train2_chunk50/tar_params_train2_0_40.tar
Saved: /lus/eagle/projects/marP_TB_VLS/WC/williamhconrad4/OpenVS-main/experiments/E3L_6DO3/screening/inputs/train2set/E3L_6DO3_train2_chunk50/ligands_list_train2_0_40.txt
Saved: /lus/eagle/projects/marP_TB_VLS/WC/williamhconrad4/OpenVS-main/experiments/E3L_6DO3/screening/inputs/train2set/E3L_6DO3_train2_chunk50/flags_params_train2_0_40.flags
Saved: /lus/eagle/projects/marP_TB_VLS/WC/williamhconrad4/OpenVS-main/experiments/E3L_6DO3/screening/inputs/train2set/E3L_6DO3_train2_chunk50/tar_params_train2_0_41.tar
Saved: /lus/eagle/projects/marP_TB_VLS/WC/williamhconrad4/OpenVS-main/experiments/E3L_6DO3/screening/inputs/train2set/E3L_6DO3_train2_chunk50/ligands_list_train2_0_41.txt
Saved: /lus/eagle/projects/marP_TB_VLS/WC/williamhconrad4/OpenVS-main/experiments/E3L_6DO3/screening/inputs/train2set/E3L_6DO3_train2_chunk50/flags_params_train2_0_41.flags
Saved: /lus/eagle/projects/marP_TB_VLS/WC/williamhconrad4/OpenVS-main/experiments/E3L_6DO3/screening/inputs/train2set/E3L_6DO3_train2_chunk50/tar_params_train2_0_42.tar
Saved: /lus/eagle/projects/marP_TB_VLS/WC/williamhconrad4/OpenVS-main/experiments/E3L_6DO3/screening/inputs/train2set/E3L_6DO3_train2_chunk50/ligands_list_train2_0_42.txt
Saved: /lus/eagle/projects/marP_TB_VLS/WC/williamhconrad4/OpenVS-main/experiments/E3L_6DO3/screening/inputs/train2set/E3L_6DO3_train2_chunk50/flags_params_train2_0_42.flags
Saved: /lus/eagle/projects/marP_TB_VLS/WC/williamhconrad4/OpenVS-main/experiments/E3L_6DO3/screening/inputs/train2set/E3L_6DO3_train2_chunk50/tar_params_train2_0_43.tar
Saved: /lus/eagle/projects/marP_TB_VLS/WC/williamhconrad4/OpenVS-main/experiments/E3L_6DO3/screening/inputs/train2set/E3L_6DO3_train2_chunk50/ligands_list_train2_0_43.txt
Saved: /lus/eagle/projects/marP_TB_VLS/WC/williamhconrad4/OpenVS-main/experiments/E3L_6DO3/screening/inputs/train2set/E3L_6DO3_train2_chunk50/flags_params_train2_0_43.flags
Saved: /lus/eagle/projects/marP_TB_VLS/WC/williamhconrad4/OpenVS-main/experiments/E3L_6DO3/screening/inputs/train2set/E3L_6DO3_train2_chunk50/tar_params_train2_0_44.tar
Saved: /lus/eagle/projects/marP_TB_VLS/WC/williamhconrad4/OpenVS-main/experiments/E3L_6DO3/screening/inputs/train2set/E3L_6DO3_train2_chunk50/ligands_list_train2_0_44.txt
Saved: /lus/eagle/projects/marP_TB_VLS/WC/williamhconrad4/OpenVS-main/experiments/E3L_6DO3/screening/inputs/train2set/E3L_6DO3_train2_chunk50/flags_params_train2_0_44.flags
Saved: /lus/eagle/projects/marP_TB_VLS/WC/williamhconrad4/OpenVS-main/experiments/E3L_6DO3/screening/inputs/train2set/E3L_6DO3_train2_chunk50/tar_params_train2_0_45.tar
Saved: /lus/eagle/projects/marP_TB_VLS/WC/williamhconrad4/OpenVS-main/experiments/E3L_6DO3/screening/inputs/train2set/E3L_6DO3_train2_chunk50/ligands_list_train2_0_45.txt
Saved: /lus/eagle/projects/marP_TB_VLS/WC/williamhconrad4/OpenVS-main/experiments/E3L_6DO3/screening/inputs/train2set/E3L_6DO3_train2_chunk50/flags_params_train2_0_45.flags
Saved: /lus/eagle/projects/marP_TB_VLS/WC/williamhconrad4/OpenVS-main/experiments/E3L_6DO3/screening/inputs/train2set/E3L_6DO3_train2_chunk50/tar_params_train2_0_46.tar
Saved: /lus/eagle/projects/marP_TB_VLS/WC/williamhconrad4/OpenVS-main/experiments/E3L_6DO3/screening/inputs/train2set/E3L_6DO3_train2_chunk50/ligands_list_train2_0_46.txt
Saved: /lus/eagle/projects/marP_TB_VLS/WC/williamhconrad4/OpenVS-main/experiments/E3L_6DO3/screening/inputs/train2set/E3L_6DO3_train2_chunk50/flags_params_train2_0_46.flags
Saved: /lus/eagle/projects/marP_TB_VLS/WC/williamhconrad4/OpenVS-main/experiments/E3L_6DO3/screening/inputs/train2set/E3L_6DO3_train2_chunk50/tar_params_train2_0_47.tar
Saved: /lus/eagle/projects/marP_TB_VLS/WC/williamhconrad4/OpenVS-main/experiments/E3L_6DO3/screening/inputs/train2set/E3L_6DO3_train2_chunk50/ligands_list_train2_0_47.txt
Saved: /lus/eagle/projects/marP_TB_VLS/WC/williamhconrad4/OpenVS-main/experiments/E3L_6DO3/screening/inputs/train2set/E3L_6DO3_train2_chunk50/flags_params_train2_0_47.flags
Saved: /lus/eagle/projects/marP_TB_VLS/WC/williamhconrad4/OpenVS-main/experiments/E3L_6DO3/screening/inputs/train2set/E3L_6DO3_train2_chunk50/tar_params_train2_0_48.tar
Saved: /lus/eagle/projects/marP_TB_VLS/WC/williamhconrad4/OpenVS-main/experiments/E3L_6DO3/screening/inputs/train2set/E3L_6DO3_train2_chunk50/ligands_list_train2_0_48.txt
Saved: /lus/eagle/projects/marP_TB_VLS/WC/williamhconrad4/OpenVS-main/experiments/E3L_6DO3/screening/inputs/train2set/E3L_6DO3_train2_chunk50/flags_params_train2_0_48.flags
Saved: /lus/eagle/projects/marP_TB_VLS/WC/williamhconrad4/OpenVS-main/experiments/E3L_6DO3/screening/inputs/train2set/E3L_6DO3_train2_chunk50/tar_params_train2_0_49.tar
Saved: /lus/eagle/projects/marP_TB_VLS/WC/williamhconrad4/OpenVS-main/experiments/E3L_6DO3/screening/inputs/train2set/E3L_6DO3_train2_chunk50/ligands_list_train2_0_49.txt
Saved: /lus/eagle/projects/marP_TB_VLS/WC/williamhconrad4/OpenVS-main/experiments/E3L_6DO3/screening/inputs/train2set/E3L_6DO3_train2_chunk50/flags_params_train2_0_49.flags
Saved: /lus/eagle/projects/marP_TB_VLS/WC/williamhconrad4/OpenVS-main/experiments/E3L_6DO3/screening/inputs/train2set/E3L_6DO3_train2_chunk50/tar_params_train2_0_50.tar
Saved: /lus/eagle/projects/marP_TB_VLS/WC/williamhconrad4/OpenVS-main/experiments/E3L_6DO3/screening/inputs/train2set/E3L_6DO3_train2_chunk50/ligands_list_train2_0_50.txt
Saved: /lus/eagle/projects/marP_TB_VLS/WC/williamhconrad4/OpenVS-main/experiments/E3L_6DO3/screening/inputs/train2set/E3L_6DO3_train2_chunk50/flags_params_train2_0_50.flags
Saved: /lus/eagle/projects/marP_TB_VLS/WC/williamhconrad4/OpenVS-main/experiments/E3L_6DO3/screening/inputs/train2set/E3L_6DO3_train2_chunk50/tar_params_train2_0_51.tar
Saved: /lus/eagle/projects/marP_TB_VLS/WC/williamhconrad4/OpenVS-main/experiments/E3L_6DO3/screening/inputs/train2set/E3L_6DO3_train2_chunk50/ligands_list_train2_0_51.txt
Saved: /lus/eagle/projects/marP_TB_VLS/WC/williamhconrad4/OpenVS-main/experiments/E3L_6DO3/screening/inputs/train2set/E3L_6DO3_train2_chunk50/flags_params_train2_0_51.flags
Saved: /lus/eagle/projects/marP_TB_VLS/WC/williamhconrad4/OpenVS-main/experiments/E3L_6DO3/screening/inputs/train2set/E3L_6DO3_train2_chunk50/tar_params_train2_0_52.tar
Saved: /lus/eagle/projects/marP_TB_VLS/WC/williamhconrad4/OpenVS-main/experiments/E3L_6DO3/screening/inputs/train2set/E3L_6DO3_train2_chunk50/ligands_list_train2_0_52.txt
Saved: /lus/eagle/projects/marP_TB_VLS/WC/williamhconrad4/OpenVS-main/experiments/E3L_6DO3/screening/inputs/train2set/E3L_6DO3_train2_chunk50/flags_params_train2_0_52.flags
Saved: /lus/eagle/projects/marP_TB_VLS/WC/williamhconrad4/OpenVS-main/experiments/E3L_6DO3/screening/inputs/train2set/E3L_6DO3_train2_chunk50/tar_params_train2_0_53.tar
Saved: /lus/eagle/projects/marP_TB_VLS/WC/williamhconrad4/OpenVS-main/experiments/E3L_6DO3/screening/inputs/train2set/E3L_6DO3_train2_chunk50/ligands_list_train2_0_53.txt
Saved: /lus/eagle/projects/marP_TB_VLS/WC/williamhconrad4/OpenVS-main/experiments/E3L_6DO3/screening/inputs/train2set/E3L_6DO3_train2_chunk50/flags_params_train2_0_53.flags
Saved: /lus/eagle/projects/marP_TB_VLS/WC/williamhconrad4/OpenVS-main/experiments/E3L_6DO3/screening/inputs/train2set/E3L_6DO3_train2_chunk50/tar_params_train2_0_54.tar
Saved: /lus/eagle/projects/marP_TB_VLS/WC/williamhconrad4/OpenVS-main/experiments/E3L_6DO3/screening/inputs/train2set/E3L_6DO3_train2_chunk50/ligands_list_train2_0_54.txt
Saved: /lus/eagle/projects/marP_TB_VLS/WC/williamhconrad4/OpenVS-main/experiments/E3L_6DO3/screening/inputs/train2set/E3L_6DO3_train2_chunk50/flags_params_train2_0_54.flags
Saved: /lus/eagle/projects/marP_TB_VLS/WC/williamhconrad4/OpenVS-main/experiments/E3L_6DO3/screening/inputs/train2set/E3L_6DO3_train2_chunk50/tar_params_train2_0_55.tar
Saved: /lus/eagle/projects/marP_TB_VLS/WC/williamhconrad4/OpenVS-main/experiments/E3L_6DO3/screening/inputs/train2set/E3L_6DO3_train2_chunk50/ligands_list_train2_0_55.txt
Saved: /lus/eagle/projects/marP_TB_VLS/WC/williamhconrad4/OpenVS-main/experiments/E3L_6DO3/screening/inputs/train2set/E3L_6DO3_train2_chunk50/flags_params_train2_0_55.flags
Saved: /lus/eagle/projects/marP_TB_VLS/WC/williamhconrad4/OpenVS-main/experiments/E3L_6DO3/screening/inputs/train2set/E3L_6DO3_train2_chunk50/tar_params_train2_0_56.tar
Saved: /lus/eagle/projects/marP_TB_VLS/WC/williamhconrad4/OpenVS-main/experiments/E3L_6DO3/screening/inputs/train2set/E3L_6DO3_train2_chunk50/ligands_list_train2_0_56.txt
Saved: /lus/eagle/projects/marP_TB_VLS/WC/williamhconrad4/OpenVS-main/experiments/E3L_6DO3/screening/inputs/train2set/E3L_6DO3_train2_chunk50/flags_params_train2_0_56.flags
Saved: /lus/eagle/projects/marP_TB_VLS/WC/williamhconrad4/OpenVS-main/experiments/E3L_6DO3/screening/inputs/train2set/E3L_6DO3_train2_chunk50/tar_params_train2_0_57.tar
Saved: /lus/eagle/projects/marP_TB_VLS/WC/williamhconrad4/OpenVS-main/experiments/E3L_6DO3/screening/inputs/train2set/E3L_6DO3_train2_chunk50/ligands_list_train2_0_57.txt
Saved: /lus/eagle/projects/marP_TB_VLS/WC/williamhconrad4/OpenVS-main/experiments/E3L_6DO3/screening/inputs/train2set/E3L_6DO3_train2_chunk50/flags_params_train2_0_57.flags
Saved: /lus/eagle/projects/marP_TB_VLS/WC/williamhconrad4/OpenVS-main/experiments/E3L_6DO3/screening/inputs/train2set/E3L_6DO3_train2_chunk50/tar_params_train2_0_58.tar
Saved: /lus/eagle/projects/marP_TB_VLS/WC/williamhconrad4/OpenVS-main/experiments/E3L_6DO3/screening/inputs/train2set/E3L_6DO3_train2_chunk50/ligands_list_train2_0_58.txt
Saved: /lus/eagle/projects/marP_TB_VLS/WC/williamhconrad4/OpenVS-main/experiments/E3L_6DO3/screening/inputs/train2set/E3L_6DO3_train2_chunk50/flags_params_train2_0_58.flags
Saved: /lus/eagle/projects/marP_TB_VLS/WC/williamhconrad4/OpenVS-main/experiments/E3L_6DO3/screening/inputs/train2set/E3L_6DO3_train2_chunk50/tar_params_train2_0_59.tar
Saved: /lus/eagle/projects/marP_TB_VLS/WC/williamhconrad4/OpenVS-main/experiments/E3L_6DO3/screening/inputs/train2set/E3L_6DO3_train2_chunk50/ligands_list_train2_0_59.txt
Saved: /lus/eagle/projects/marP_TB_VLS/WC/williamhconrad4/OpenVS-main/experiments/E3L_6DO3/screening/inputs/train2set/E3L_6DO3_train2_chunk50/flags_params_train2_0_59.flags
Saved: /lus/eagle/projects/marP_TB_VLS/WC/williamhconrad4/OpenVS-main/experiments/E3L_6DO3/screening/inputs/train2set/E3L_6DO3_train2_chunk50/tar_params_train2_0_60.tar
Saved: /lus/eagle/projects/marP_TB_VLS/WC/williamhconrad4/OpenVS-main/experiments/E3L_6DO3/screening/inputs/train2set/E3L_6DO3_train2_chunk50/ligands_list_train2_0_60.txt
Saved: /lus/eagle/projects/marP_TB_VLS/WC/williamhconrad4/OpenVS-main/experiments/E3L_6DO3/screening/inputs/train2set/E3L_6DO3_train2_chunk50/flags_params_train2_0_60.flags
Saved: /lus/eagle/projects/marP_TB_VLS/WC/williamhconrad4/OpenVS-main/experiments/E3L_6DO3/screening/inputs/train2set/E3L_6DO3_train2_chunk50/tar_params_train2_0_61.tar
Saved: /lus/eagle/projects/marP_TB_VLS/WC/williamhconrad4/OpenVS-main/experiments/E3L_6DO3/screening/inputs/train2set/E3L_6DO3_train2_chunk50/ligands_list_train2_0_61.txt
Saved: /lus/eagle/projects/marP_TB_VLS/WC/williamhconrad4/OpenVS-main/experiments/E3L_6DO3/screening/inputs/train2set/E3L_6DO3_train2_chunk50/flags_params_train2_0_61.flags
Saved: /lus/eagle/projects/marP_TB_VLS/WC/williamhconrad4/OpenVS-main/experiments/E3L_6DO3/screening/inputs/train2set/E3L_6DO3_train2_chunk50/tar_params_train2_0_62.tar
Saved: /lus/eagle/projects/marP_TB_VLS/WC/williamhconrad4/OpenVS-main/experiments/E3L_6DO3/screening/inputs/train2set/E3L_6DO3_train2_chunk50/ligands_list_train2_0_62.txt
Saved: /lus/eagle/projects/marP_TB_VLS/WC/williamhconrad4/OpenVS-main/experiments/E3L_6DO3/screening/inputs/train2set/E3L_6DO3_train2_chunk50/flags_params_train2_0_62.flags
Saved: /lus/eagle/projects/marP_TB_VLS/WC/williamhconrad4/OpenVS-main/experiments/E3L_6DO3/screening/inputs/train2set/E3L_6DO3_train2_chunk50/tar_params_train2_0_63.tar
Saved: /lus/eagle/projects/marP_TB_VLS/WC/williamhconrad4/OpenVS-main/experiments/E3L_6DO3/screening/inputs/train2set/E3L_6DO3_train2_chunk50/ligands_list_train2_0_63.txt
Saved: /lus/eagle/projects/marP_TB_VLS/WC/williamhconrad4/OpenVS-main/experiments/E3L_6DO3/screening/inputs/train2set/E3L_6DO3_train2_chunk50/flags_params_train2_0_63.flags
Saved: /lus/eagle/projects/marP_TB_VLS/WC/williamhconrad4/OpenVS-main/experiments/E3L_6DO3/screening/inputs/train2set/E3L_6DO3_train2_chunk50/tar_params_train2_0_64.tar
Saved: /lus/eagle/projects/marP_TB_VLS/WC/williamhconrad4/OpenVS-main/experiments/E3L_6DO3/screening/inputs/train2set/E3L_6DO3_train2_chunk50/ligands_list_train2_0_64.txt
Saved: /lus/eagle/projects/marP_TB_VLS/WC/williamhconrad4/OpenVS-main/experiments/E3L_6DO3/screening/inputs/train2set/E3L_6DO3_train2_chunk50/flags_params_train2_0_64.flags
Saved: /lus/eagle/projects/marP_TB_VLS/WC/williamhconrad4/OpenVS-main/experiments/E3L_6DO3/screening/inputs/train2set/E3L_6DO3_train2_chunk50/tar_params_train2_0_65.tar
Saved: /lus/eagle/projects/marP_TB_VLS/WC/williamhconrad4/OpenVS-main/experiments/E3L_6DO3/screening/inputs/train2set/E3L_6DO3_train2_chunk50/ligands_list_train2_0_65.txt
Saved: /lus/eagle/projects/marP_TB_VLS/WC/williamhconrad4/OpenVS-main/experiments/E3L_6DO3/screening/inputs/train2set/E3L_6DO3_train2_chunk50/flags_params_train2_0_65.flags
Saved: /lus/eagle/projects/marP_TB_VLS/WC/williamhconrad4/OpenVS-main/experiments/E3L_6DO3/screening/inputs/train2set/E3L_6DO3_train2_chunk50/tar_params_train2_0_66.tar
Saved: /lus/eagle/projects/marP_TB_VLS/WC/williamhconrad4/OpenVS-main/experiments/E3L_6DO3/screening/inputs/train2set/E3L_6DO3_train2_chunk50/ligands_list_train2_0_66.txt
Saved: /lus/eagle/projects/marP_TB_VLS/WC/williamhconrad4/OpenVS-main/experiments/E3L_6DO3/screening/inputs/train2set/E3L_6DO3_train2_chunk50/flags_params_train2_0_66.flags
Saved: /lus/eagle/projects/marP_TB_VLS/WC/williamhconrad4/OpenVS-main/experiments/E3L_6DO3/screening/inputs/train2set/E3L_6DO3_train2_chunk50/tar_params_train2_0_67.tar
Saved: /lus/eagle/projects/marP_TB_VLS/WC/williamhconrad4/OpenVS-main/experiments/E3L_6DO3/screening/inputs/train2set/E3L_6DO3_train2_chunk50/ligands_list_train2_0_67.txt
Saved: /lus/eagle/projects/marP_TB_VLS/WC/williamhconrad4/OpenVS-main/experiments/E3L_6DO3/screening/inputs/train2set/E3L_6DO3_train2_chunk50/flags_params_train2_0_67.flags
Saved: /lus/eagle/projects/marP_TB_VLS/WC/williamhconrad4/OpenVS-main/experiments/E3L_6DO3/screening/inputs/train2set/E3L_6DO3_train2_chunk50/tar_params_train2_0_68.tar
Saved: /lus/eagle/projects/marP_TB_VLS/WC/williamhconrad4/OpenVS-main/experiments/E3L_6DO3/screening/inputs/train2set/E3L_6DO3_train2_chunk50/ligands_list_train2_0_68.txt
Saved: /lus/eagle/projects/marP_TB_VLS/WC/williamhconrad4/OpenVS-main/experiments/E3L_6DO3/screening/inputs/train2set/E3L_6DO3_train2_chunk50/flags_params_train2_0_68.flags
Saved: /lus/eagle/projects/marP_TB_VLS/WC/williamhconrad4/OpenVS-main/experiments/E3L_6DO3/screening/inputs/train2set/E3L_6DO3_train2_chunk50/tar_params_train2_0_69.tar
Saved: /lus/eagle/projects/marP_TB_VLS/WC/williamhconrad4/OpenVS-main/experiments/E3L_6DO3/screening/inputs/train2set/E3L_6DO3_train2_chunk50/ligands_list_train2_0_69.txt
Saved: /lus/eagle/projects/marP_TB_VLS/WC/williamhconrad4/OpenVS-main/experiments/E3L_6DO3/screening/inputs/train2set/E3L_6DO3_train2_chunk50/flags_params_train2_0_69.flags
Saved: /lus/eagle/projects/marP_TB_VLS/WC/williamhconrad4/OpenVS-main/experiments/E3L_6DO3/screening/inputs/train2set/E3L_6DO3_train2_chunk50/tar_params_train2_0_70.tar
Saved: /lus/eagle/projects/marP_TB_VLS/WC/williamhconrad4/OpenVS-main/experiments/E3L_6DO3/screening/inputs/train2set/E3L_6DO3_train2_chunk50/ligands_list_train2_0_70.txt
Saved: /lus/eagle/projects/marP_TB_VLS/WC/williamhconrad4/OpenVS-main/experiments/E3L_6DO3/screening/inputs/train2set/E3L_6DO3_train2_chunk50/flags_params_train2_0_70.flags
Saved: /lus/eagle/projects/marP_TB_VLS/WC/williamhconrad4/OpenVS-main/experiments/E3L_6DO3/screening/inputs/train2set/E3L_6DO3_train2_chunk50/tar_params_train2_0_71.tar
Saved: /lus/eagle/projects/marP_TB_VLS/WC/williamhconrad4/OpenVS-main/experiments/E3L_6DO3/screening/inputs/train2set/E3L_6DO3_train2_chunk50/ligands_list_train2_0_71.txt
Saved: /lus/eagle/projects/marP_TB_VLS/WC/williamhconrad4/OpenVS-main/experiments/E3L_6DO3/screening/inputs/train2set/E3L_6DO3_train2_chunk50/flags_params_train2_0_71.flags
Saved: /lus/eagle/projects/marP_TB_VLS/WC/williamhconrad4/OpenVS-main/experiments/E3L_6DO3/screening/inputs/train2set/E3L_6DO3_train2_chunk50/tar_params_train2_0_72.tar
Saved: /lus/eagle/projects/marP_TB_VLS/WC/williamhconrad4/OpenVS-main/experiments/E3L_6DO3/screening/inputs/train2set/E3L_6DO3_train2_chunk50/ligands_list_train2_0_72.txt
Saved: /lus/eagle/projects/marP_TB_VLS/WC/williamhconrad4/OpenVS-main/experiments/E3L_6DO3/screening/inputs/train2set/E3L_6DO3_train2_chunk50/flags_params_train2_0_72.flags
Saved: /lus/eagle/projects/marP_TB_VLS/WC/williamhconrad4/OpenVS-main/experiments/E3L_6DO3/screening/inputs/train2set/E3L_6DO3_train2_chunk50/tar_params_train2_0_73.tar
Saved: /lus/eagle/projects/marP_TB_VLS/WC/williamhconrad4/OpenVS-main/experiments/E3L_6DO3/screening/inputs/train2set/E3L_6DO3_train2_chunk50/ligands_list_train2_0_73.txt
Saved: /lus/eagle/projects/marP_TB_VLS/WC/williamhconrad4/OpenVS-main/experiments/E3L_6DO3/screening/inputs/train2set/E3L_6DO3_train2_chunk50/flags_params_train2_0_73.flags
Saved: /lus/eagle/projects/marP_TB_VLS/WC/williamhconrad4/OpenVS-main/experiments/E3L_6DO3/screening/inputs/train2set/E3L_6DO3_train2_chunk50/tar_params_train2_0_74.tar
Saved: /lus/eagle/projects/marP_TB_VLS/WC/williamhconrad4/OpenVS-main/experiments/E3L_6DO3/screening/inputs/train2set/E3L_6DO3_train2_chunk50/ligands_list_train2_0_74.txt
Saved: /lus/eagle/projects/marP_TB_VLS/WC/williamhconrad4/OpenVS-main/experiments/E3L_6DO3/screening/inputs/train2set/E3L_6DO3_train2_chunk50/flags_params_train2_0_74.flags
Saved: /lus/eagle/projects/marP_TB_VLS/WC/williamhconrad4/OpenVS-main/experiments/E3L_6DO3/screening/inputs/train2set/E3L_6DO3_train2_chunk50/tar_params_train2_0_75.tar
Saved: /lus/eagle/projects/marP_TB_VLS/WC/williamhconrad4/OpenVS-main/experiments/E3L_6DO3/screening/inputs/train2set/E3L_6DO3_train2_chunk50/ligands_list_train2_0_75.txt
Saved: /lus/eagle/projects/marP_TB_VLS/WC/williamhconrad4/OpenVS-main/experiments/E3L_6DO3/screening/inputs/train2set/E3L_6DO3_train2_chunk50/flags_params_train2_0_75.flags
Saved: /lus/eagle/projects/marP_TB_VLS/WC/williamhconrad4/OpenVS-main/experiments/E3L_6DO3/screening/inputs/train2set/E3L_6DO3_train2_chunk50/tar_params_train2_0_76.tar
Saved: /lus/eagle/projects/marP_TB_VLS/WC/williamhconrad4/OpenVS-main/experiments/E3L_6DO3/screening/inputs/train2set/E3L_6DO3_train2_chunk50/ligands_list_train2_0_76.txt
Saved: /lus/eagle/projects/marP_TB_VLS/WC/williamhconrad4/OpenVS-main/experiments/E3L_6DO3/screening/inputs/train2set/E3L_6DO3_train2_chunk50/flags_params_train2_0_76.flags
Saved: /lus/eagle/projects/marP_TB_VLS/WC/williamhconrad4/OpenVS-main/experiments/E3L_6DO3/screening/inputs/train2set/E3L_6DO3_train2_chunk50/tar_params_train2_0_77.tar
Saved: /lus/eagle/projects/marP_TB_VLS/WC/williamhconrad4/OpenVS-main/experiments/E3L_6DO3/screening/inputs/train2set/E3L_6DO3_train2_chunk50/ligands_list_train2_0_77.txt
Saved: /lus/eagle/projects/marP_TB_VLS/WC/williamhconrad4/OpenVS-main/experiments/E3L_6DO3/screening/inputs/train2set/E3L_6DO3_train2_chunk50/flags_params_train2_0_77.flags
Saved: /lus/eagle/projects/marP_TB_VLS/WC/williamhconrad4/OpenVS-main/experiments/E3L_6DO3/screening/inputs/train2set/E3L_6DO3_train2_chunk50/tar_params_train2_0_78.tar
Saved: /lus/eagle/projects/marP_TB_VLS/WC/williamhconrad4/OpenVS-main/experiments/E3L_6DO3/screening/inputs/train2set/E3L_6DO3_train2_chunk50/ligands_list_train2_0_78.txt
Saved: /lus/eagle/projects/marP_TB_VLS/WC/williamhconrad4/OpenVS-main/experiments/E3L_6DO3/screening/inputs/train2set/E3L_6DO3_train2_chunk50/flags_params_train2_0_78.flags
Saved: /lus/eagle/projects/marP_TB_VLS/WC/williamhconrad4/OpenVS-main/experiments/E3L_6DO3/screening/inputs/train2set/E3L_6DO3_train2_chunk50/tar_params_train2_0_79.tar
Saved: /lus/eagle/projects/marP_TB_VLS/WC/williamhconrad4/OpenVS-main/experiments/E3L_6DO3/screening/inputs/train2set/E3L_6DO3_train2_chunk50/ligands_list_train2_0_79.txt
Saved: /lus/eagle/projects/marP_TB_VLS/WC/williamhconrad4/OpenVS-main/experiments/E3L_6DO3/screening/inputs/train2set/E3L_6DO3_train2_chunk50/flags_params_train2_0_79.flags
Saved: /lus/eagle/projects/marP_TB_VLS/WC/williamhconrad4/OpenVS-main/experiments/E3L_6DO3/screening/inputs/train2set/E3L_6DO3_train2_chunk50/tar_params_train2_0_80.tar
Saved: /lus/eagle/projects/marP_TB_VLS/WC/williamhconrad4/OpenVS-main/experiments/E3L_6DO3/screening/inputs/train2set/E3L_6DO3_train2_chunk50/ligands_list_train2_0_80.txt
Saved: /lus/eagle/projects/marP_TB_VLS/WC/williamhconrad4/OpenVS-main/experiments/E3L_6DO3/screening/inputs/train2set/E3L_6DO3_train2_chunk50/flags_params_train2_0_80.flags
Saved: /lus/eagle/projects/marP_TB_VLS/WC/williamhconrad4/OpenVS-main/experiments/E3L_6DO3/screening/inputs/train2set/E3L_6DO3_train2_chunk50/tar_params_train2_0_81.tar
Saved: /lus/eagle/projects/marP_TB_VLS/WC/williamhconrad4/OpenVS-main/experiments/E3L_6DO3/screening/inputs/train2set/E3L_6DO3_train2_chunk50/ligands_list_train2_0_81.txt
Saved: /lus/eagle/projects/marP_TB_VLS/WC/williamhconrad4/OpenVS-main/experiments/E3L_6DO3/screening/inputs/train2set/E3L_6DO3_train2_chunk50/flags_params_train2_0_81.flags
Saved: /lus/eagle/projects/marP_TB_VLS/WC/williamhconrad4/OpenVS-main/experiments/E3L_6DO3/screening/inputs/train2set/E3L_6DO3_train2_chunk50/tar_params_train2_0_82.tar
Saved: /lus/eagle/projects/marP_TB_VLS/WC/williamhconrad4/OpenVS-main/experiments/E3L_6DO3/screening/inputs/train2set/E3L_6DO3_train2_chunk50/ligands_list_train2_0_82.txt
Saved: /lus/eagle/projects/marP_TB_VLS/WC/williamhconrad4/OpenVS-main/experiments/E3L_6DO3/screening/inputs/train2set/E3L_6DO3_train2_chunk50/flags_params_train2_0_82.flags
Saved: /lus/eagle/projects/marP_TB_VLS/WC/williamhconrad4/OpenVS-main/experiments/E3L_6DO3/screening/inputs/train2set/E3L_6DO3_train2_chunk50/tar_params_train2_0_83.tar
Saved: /lus/eagle/projects/marP_TB_VLS/WC/williamhconrad4/OpenVS-main/experiments/E3L_6DO3/screening/inputs/train2set/E3L_6DO3_train2_chunk50/ligands_list_train2_0_83.txt
Saved: /lus/eagle/projects/marP_TB_VLS/WC/williamhconrad4/OpenVS-main/experiments/E3L_6DO3/screening/inputs/train2set/E3L_6DO3_train2_chunk50/flags_params_train2_0_83.flags
Saved: /lus/eagle/projects/marP_TB_VLS/WC/williamhconrad4/OpenVS-main/experiments/E3L_6DO3/screening/inputs/train2set/E3L_6DO3_train2_chunk50/tar_params_train2_0_84.tar
Saved: /lus/eagle/projects/marP_TB_VLS/WC/williamhconrad4/OpenVS-main/experiments/E3L_6DO3/screening/inputs/train2set/E3L_6DO3_train2_chunk50/ligands_list_train2_0_84.txt
Saved: /lus/eagle/projects/marP_TB_VLS/WC/williamhconrad4/OpenVS-main/experiments/E3L_6DO3/screening/inputs/train2set/E3L_6DO3_train2_chunk50/flags_params_train2_0_84.flags
Saved: /lus/eagle/projects/marP_TB_VLS/WC/williamhconrad4/OpenVS-main/experiments/E3L_6DO3/screening/inputs/train2set/E3L_6DO3_train2_chunk50/tar_params_train2_0_85.tar
Saved: /lus/eagle/projects/marP_TB_VLS/WC/williamhconrad4/OpenVS-main/experiments/E3L_6DO3/screening/inputs/train2set/E3L_6DO3_train2_chunk50/ligands_list_train2_0_85.txt
Saved: /lus/eagle/projects/marP_TB_VLS/WC/williamhconrad4/OpenVS-main/experiments/E3L_6DO3/screening/inputs/train2set/E3L_6DO3_train2_chunk50/flags_params_train2_0_85.flags
Saved: /lus/eagle/projects/marP_TB_VLS/WC/williamhconrad4/OpenVS-main/experiments/E3L_6DO3/screening/inputs/train2set/E3L_6DO3_train2_chunk50/tar_params_train2_0_86.tar
Saved: /lus/eagle/projects/marP_TB_VLS/WC/williamhconrad4/OpenVS-main/experiments/E3L_6DO3/screening/inputs/train2set/E3L_6DO3_train2_chunk50/ligands_list_train2_0_86.txt
Saved: /lus/eagle/projects/marP_TB_VLS/WC/williamhconrad4/OpenVS-main/experiments/E3L_6DO3/screening/inputs/train2set/E3L_6DO3_train2_chunk50/flags_params_train2_0_86.flags
Saved: /lus/eagle/projects/marP_TB_VLS/WC/williamhconrad4/OpenVS-main/experiments/E3L_6DO3/screening/inputs/train2set/E3L_6DO3_train2_chunk50/tar_params_train2_0_87.tar
Saved: /lus/eagle/projects/marP_TB_VLS/WC/williamhconrad4/OpenVS-main/experiments/E3L_6DO3/screening/inputs/train2set/E3L_6DO3_train2_chunk50/ligands_list_train2_0_87.txt
Saved: /lus/eagle/projects/marP_TB_VLS/WC/williamhconrad4/OpenVS-main/experiments/E3L_6DO3/screening/inputs/train2set/E3L_6DO3_train2_chunk50/flags_params_train2_0_87.flags
Saved: /lus/eagle/projects/marP_TB_VLS/WC/williamhconrad4/OpenVS-main/experiments/E3L_6DO3/screening/inputs/train2set/E3L_6DO3_train2_chunk50/tar_params_train2_0_88.tar
Saved: /lus/eagle/projects/marP_TB_VLS/WC/williamhconrad4/OpenVS-main/experiments/E3L_6DO3/screening/inputs/train2set/E3L_6DO3_train2_chunk50/ligands_list_train2_0_88.txt
Saved: /lus/eagle/projects/marP_TB_VLS/WC/williamhconrad4/OpenVS-main/experiments/E3L_6DO3/screening/inputs/train2set/E3L_6DO3_train2_chunk50/flags_params_train2_0_88.flags
Saved: /lus/eagle/projects/marP_TB_VLS/WC/williamhconrad4/OpenVS-main/experiments/E3L_6DO3/screening/inputs/train2set/E3L_6DO3_train2_chunk50/tar_params_train2_0_89.tar
Saved: /lus/eagle/projects/marP_TB_VLS/WC/williamhconrad4/OpenVS-main/experiments/E3L_6DO3/screening/inputs/train2set/E3L_6DO3_train2_chunk50/ligands_list_train2_0_89.txt
Saved: /lus/eagle/projects/marP_TB_VLS/WC/williamhconrad4/OpenVS-main/experiments/E3L_6DO3/screening/inputs/train2set/E3L_6DO3_train2_chunk50/flags_params_train2_0_89.flags
Saved: /lus/eagle/projects/marP_TB_VLS/WC/williamhconrad4/OpenVS-main/experiments/E3L_6DO3/screening/inputs/train2set/E3L_6DO3_train2_chunk50/tar_params_train2_0_90.tar
Saved: /lus/eagle/projects/marP_TB_VLS/WC/williamhconrad4/OpenVS-main/experiments/E3L_6DO3/screening/inputs/train2set/E3L_6DO3_train2_chunk50/ligands_list_train2_0_90.txt
Saved: /lus/eagle/projects/marP_TB_VLS/WC/williamhconrad4/OpenVS-main/experiments/E3L_6DO3/screening/inputs/train2set/E3L_6DO3_train2_chunk50/flags_params_train2_0_90.flags
Saved: /lus/eagle/projects/marP_TB_VLS/WC/williamhconrad4/OpenVS-main/experiments/E3L_6DO3/screening/inputs/train2set/E3L_6DO3_train2_chunk50/tar_params_train2_0_91.tar
Saved: /lus/eagle/projects/marP_TB_VLS/WC/williamhconrad4/OpenVS-main/experiments/E3L_6DO3/screening/inputs/train2set/E3L_6DO3_train2_chunk50/ligands_list_train2_0_91.txt
Saved: /lus/eagle/projects/marP_TB_VLS/WC/williamhconrad4/OpenVS-main/experiments/E3L_6DO3/screening/inputs/train2set/E3L_6DO3_train2_chunk50/flags_params_train2_0_91.flags
Saved: /lus/eagle/projects/marP_TB_VLS/WC/williamhconrad4/OpenVS-main/experiments/E3L_6DO3/screening/inputs/train2set/E3L_6DO3_train2_chunk50/tar_params_train2_0_92.tar
Saved: /lus/eagle/projects/marP_TB_VLS/WC/williamhconrad4/OpenVS-main/experiments/E3L_6DO3/screening/inputs/train2set/E3L_6DO3_train2_chunk50/ligands_list_train2_0_92.txt
Saved: /lus/eagle/projects/marP_TB_VLS/WC/williamhconrad4/OpenVS-main/experiments/E3L_6DO3/screening/inputs/train2set/E3L_6DO3_train2_chunk50/flags_params_train2_0_92.flags
Saved: /lus/eagle/projects/marP_TB_VLS/WC/williamhconrad4/OpenVS-main/experiments/E3L_6DO3/screening/inputs/train2set/E3L_6DO3_train2_chunk50/tar_params_train2_0_93.tar
Saved: /lus/eagle/projects/marP_TB_VLS/WC/williamhconrad4/OpenVS-main/experiments/E3L_6DO3/screening/inputs/train2set/E3L_6DO3_train2_chunk50/ligands_list_train2_0_93.txt
Saved: /lus/eagle/projects/marP_TB_VLS/WC/williamhconrad4/OpenVS-main/experiments/E3L_6DO3/screening/inputs/train2set/E3L_6DO3_train2_chunk50/flags_params_train2_0_93.flags
Saved: /lus/eagle/projects/marP_TB_VLS/WC/williamhconrad4/OpenVS-main/experiments/E3L_6DO3/screening/inputs/train2set/E3L_6DO3_train2_chunk50/tar_params_train2_0_94.tar
Saved: /lus/eagle/projects/marP_TB_VLS/WC/williamhconrad4/OpenVS-main/experiments/E3L_6DO3/screening/inputs/train2set/E3L_6DO3_train2_chunk50/ligands_list_train2_0_94.txt
Saved: /lus/eagle/projects/marP_TB_VLS/WC/williamhconrad4/OpenVS-main/experiments/E3L_6DO3/screening/inputs/train2set/E3L_6DO3_train2_chunk50/flags_params_train2_0_94.flags
Saved: /lus/eagle/projects/marP_TB_VLS/WC/williamhconrad4/OpenVS-main/experiments/E3L_6DO3/screening/inputs/train2set/E3L_6DO3_train2_chunk50/tar_params_train2_0_95.tar
Saved: /lus/eagle/projects/marP_TB_VLS/WC/williamhconrad4/OpenVS-main/experiments/E3L_6DO3/screening/inputs/train2set/E3L_6DO3_train2_chunk50/ligands_list_train2_0_95.txt
Saved: /lus/eagle/projects/marP_TB_VLS/WC/williamhconrad4/OpenVS-main/experiments/E3L_6DO3/screening/inputs/train2set/E3L_6DO3_train2_chunk50/flags_params_train2_0_95.flags
Saved: /lus/eagle/projects/marP_TB_VLS/WC/williamhconrad4/OpenVS-main/experiments/E3L_6DO3/screening/inputs/train2set/E3L_6DO3_train2_chunk50/tar_params_train2_0_96.tar
Saved: /lus/eagle/projects/marP_TB_VLS/WC/williamhconrad4/OpenVS-main/experiments/E3L_6DO3/screening/inputs/train2set/E3L_6DO3_train2_chunk50/ligands_list_train2_0_96.txt
Saved: /lus/eagle/projects/marP_TB_VLS/WC/williamhconrad4/OpenVS-main/experiments/E3L_6DO3/screening/inputs/train2set/E3L_6DO3_train2_chunk50/flags_params_train2_0_96.flags
Saved: /lus/eagle/projects/marP_TB_VLS/WC/williamhconrad4/OpenVS-main/experiments/E3L_6DO3/screening/inputs/train2set/E3L_6DO3_train2_chunk50/tar_params_train2_0_97.tar
Saved: /lus/eagle/projects/marP_TB_VLS/WC/williamhconrad4/OpenVS-main/experiments/E3L_6DO3/screening/inputs/train2set/E3L_6DO3_train2_chunk50/ligands_list_train2_0_97.txt
Saved: /lus/eagle/projects/marP_TB_VLS/WC/williamhconrad4/OpenVS-main/experiments/E3L_6DO3/screening/inputs/train2set/E3L_6DO3_train2_chunk50/flags_params_train2_0_97.flags
Saved: /lus/eagle/projects/marP_TB_VLS/WC/williamhconrad4/OpenVS-main/experiments/E3L_6DO3/screening/inputs/train2set/E3L_6DO3_train2_chunk50/tar_params_train2_0_98.tar
Saved: /lus/eagle/projects/marP_TB_VLS/WC/williamhconrad4/OpenVS-main/experiments/E3L_6DO3/screening/inputs/train2set/E3L_6DO3_train2_chunk50/ligands_list_train2_0_98.txt
Saved: /lus/eagle/projects/marP_TB_VLS/WC/williamhconrad4/OpenVS-main/experiments/E3L_6DO3/screening/inputs/train2set/E3L_6DO3_train2_chunk50/flags_params_train2_0_98.flags
Saved: /lus/eagle/projects/marP_TB_VLS/WC/williamhconrad4/OpenVS-main/experiments/E3L_6DO3/screening/inputs/train2set/E3L_6DO3_train2_chunk50/tar_params_train2_0_99.tar
Saved: /lus/eagle/projects/marP_TB_VLS/WC/williamhconrad4/OpenVS-main/experiments/E3L_6DO3/screening/inputs/train2set/E3L_6DO3_train2_chunk50/ligands_list_train2_0_99.txt
Saved: /lus/eagle/projects/marP_TB_VLS/WC/williamhconrad4/OpenVS-main/experiments/E3L_6DO3/screening/inputs/train2set/E3L_6DO3_train2_chunk50/flags_params_train2_0_99.flags
Saved: /lus/eagle/projects/marP_TB_VLS/WC/williamhconrad4/OpenVS-main/experiments/E3L_6DO3/screening/inputs/train2set/E3L_6DO3_train2_chunk50/tar_params_train2_0_100.tar
Saved: /lus/eagle/projects/marP_TB_VLS/WC/williamhconrad4/OpenVS-main/experiments/E3L_6DO3/screening/inputs/train2set/E3L_6DO3_train2_chunk50/ligands_list_train2_0_100.txt
Saved: /lus/eagle/projects/marP_TB_VLS/WC/williamhconrad4/OpenVS-main/experiments/E3L_6DO3/screening/inputs/train2set/E3L_6DO3_train2_chunk50/flags_params_train2_0_100.flags
Saved: /lus/eagle/projects/marP_TB_VLS/WC/williamhconrad4/OpenVS-main/experiments/E3L_6DO3/screening/inputs/train2set/E3L_6DO3_train2_chunk50/tar_params_train2_0_101.tar
Saved: /lus/eagle/projects/marP_TB_VLS/WC/williamhconrad4/OpenVS-main/experiments/E3L_6DO3/screening/inputs/train2set/E3L_6DO3_train2_chunk50/ligands_list_train2_0_101.txt
Saved: /lus/eagle/projects/marP_TB_VLS/WC/williamhconrad4/OpenVS-main/experiments/E3L_6DO3/screening/inputs/train2set/E3L_6DO3_train2_chunk50/flags_params_train2_0_101.flags
Saved: /lus/eagle/projects/marP_TB_VLS/WC/williamhconrad4/OpenVS-main/experiments/E3L_6DO3/screening/inputs/train2set/E3L_6DO3_train2_chunk50/tar_params_train2_0_102.tar
Saved: /lus/eagle/projects/marP_TB_VLS/WC/williamhconrad4/OpenVS-main/experiments/E3L_6DO3/screening/inputs/train2set/E3L_6DO3_train2_chunk50/ligands_list_train2_0_102.txt
Saved: /lus/eagle/projects/marP_TB_VLS/WC/williamhconrad4/OpenVS-main/experiments/E3L_6DO3/screening/inputs/train2set/E3L_6DO3_train2_chunk50/flags_params_train2_0_102.flags
Saved: /lus/eagle/projects/marP_TB_VLS/WC/williamhconrad4/OpenVS-main/experiments/E3L_6DO3/screening/inputs/train2set/E3L_6DO3_train2_chunk50/tar_params_train2_0_103.tar
Saved: /lus/eagle/projects/marP_TB_VLS/WC/williamhconrad4/OpenVS-main/experiments/E3L_6DO3/screening/inputs/train2set/E3L_6DO3_train2_chunk50/ligands_list_train2_0_103.txt
Saved: /lus/eagle/projects/marP_TB_VLS/WC/williamhconrad4/OpenVS-main/experiments/E3L_6DO3/screening/inputs/train2set/E3L_6DO3_train2_chunk50/flags_params_train2_0_103.flags
Saved: /lus/eagle/projects/marP_TB_VLS/WC/williamhconrad4/OpenVS-main/experiments/E3L_6DO3/screening/inputs/train2set/E3L_6DO3_train2_chunk50/tar_params_train2_0_104.tar
Saved: /lus/eagle/projects/marP_TB_VLS/WC/williamhconrad4/OpenVS-main/experiments/E3L_6DO3/screening/inputs/train2set/E3L_6DO3_train2_chunk50/ligands_list_train2_0_104.txt
Saved: /lus/eagle/projects/marP_TB_VLS/WC/williamhconrad4/OpenVS-main/experiments/E3L_6DO3/screening/inputs/train2set/E3L_6DO3_train2_chunk50/flags_params_train2_0_104.flags
Saved: /lus/eagle/projects/marP_TB_VLS/WC/williamhconrad4/OpenVS-main/experiments/E3L_6DO3/screening/inputs/train2set/E3L_6DO3_train2_chunk50/tar_params_train2_0_105.tar
Saved: /lus/eagle/projects/marP_TB_VLS/WC/williamhconrad4/OpenVS-main/experiments/E3L_6DO3/screening/inputs/train2set/E3L_6DO3_train2_chunk50/ligands_list_train2_0_105.txt
Saved: /lus/eagle/projects/marP_TB_VLS/WC/williamhconrad4/OpenVS-main/experiments/E3L_6DO3/screening/inputs/train2set/E3L_6DO3_train2_chunk50/flags_params_train2_0_105.flags
Saved: /lus/eagle/projects/marP_TB_VLS/WC/williamhconrad4/OpenVS-main/experiments/E3L_6DO3/screening/inputs/train2set/E3L_6DO3_train2_chunk50/tar_params_train2_0_106.tar
Saved: /lus/eagle/projects/marP_TB_VLS/WC/williamhconrad4/OpenVS-main/experiments/E3L_6DO3/screening/inputs/train2set/E3L_6DO3_train2_chunk50/ligands_list_train2_0_106.txt
Saved: /lus/eagle/projects/marP_TB_VLS/WC/williamhconrad4/OpenVS-main/experiments/E3L_6DO3/screening/inputs/train2set/E3L_6DO3_train2_chunk50/flags_params_train2_0_106.flags
Saved: /lus/eagle/projects/marP_TB_VLS/WC/williamhconrad4/OpenVS-main/experiments/E3L_6DO3/screening/inputs/train2set/E3L_6DO3_train2_chunk50/tar_params_train2_0_107.tar
Saved: /lus/eagle/projects/marP_TB_VLS/WC/williamhconrad4/OpenVS-main/experiments/E3L_6DO3/screening/inputs/train2set/E3L_6DO3_train2_chunk50/ligands_list_train2_0_107.txt
Saved: /lus/eagle/projects/marP_TB_VLS/WC/williamhconrad4/OpenVS-main/experiments/E3L_6DO3/screening/inputs/train2set/E3L_6DO3_train2_chunk50/flags_params_train2_0_107.flags
Saved: /lus/eagle/projects/marP_TB_VLS/WC/williamhconrad4/OpenVS-main/experiments/E3L_6DO3/screening/inputs/train2set/E3L_6DO3_train2_chunk50/tar_params_train2_0_108.tar
Saved: /lus/eagle/projects/marP_TB_VLS/WC/williamhconrad4/OpenVS-main/experiments/E3L_6DO3/screening/inputs/train2set/E3L_6DO3_train2_chunk50/ligands_list_train2_0_108.txt
Saved: /lus/eagle/projects/marP_TB_VLS/WC/williamhconrad4/OpenVS-main/experiments/E3L_6DO3/screening/inputs/train2set/E3L_6DO3_train2_chunk50/flags_params_train2_0_108.flags
Saved: /lus/eagle/projects/marP_TB_VLS/WC/williamhconrad4/OpenVS-main/experiments/E3L_6DO3/screening/inputs/train2set/E3L_6DO3_train2_chunk50/tar_params_train2_0_109.tar
Saved: /lus/eagle/projects/marP_TB_VLS/WC/williamhconrad4/OpenVS-main/experiments/E3L_6DO3/screening/inputs/train2set/E3L_6DO3_train2_chunk50/ligands_list_train2_0_109.txt
Saved: /lus/eagle/projects/marP_TB_VLS/WC/williamhconrad4/OpenVS-main/experiments/E3L_6DO3/screening/inputs/train2set/E3L_6DO3_train2_chunk50/flags_params_train2_0_109.flags
Saved: /lus/eagle/projects/marP_TB_VLS/WC/williamhconrad4/OpenVS-main/experiments/E3L_6DO3/screening/inputs/train2set/E3L_6DO3_train2_chunk50/tar_params_train2_0_110.tar
Saved: /lus/eagle/projects/marP_TB_VLS/WC/williamhconrad4/OpenVS-main/experiments/E3L_6DO3/screening/inputs/train2set/E3L_6DO3_train2_chunk50/ligands_list_train2_0_110.txt
Saved: /lus/eagle/projects/marP_TB_VLS/WC/williamhconrad4/OpenVS-main/experiments/E3L_6DO3/screening/inputs/train2set/E3L_6DO3_train2_chunk50/flags_params_train2_0_110.flags
Saved: /lus/eagle/projects/marP_TB_VLS/WC/williamhconrad4/OpenVS-main/experiments/E3L_6DO3/screening/inputs/train2set/E3L_6DO3_train2_chunk50/tar_params_train2_0_111.tar
Saved: /lus/eagle/projects/marP_TB_VLS/WC/williamhconrad4/OpenVS-main/experiments/E3L_6DO3/screening/inputs/train2set/E3L_6DO3_train2_chunk50/ligands_list_train2_0_111.txt
Saved: /lus/eagle/projects/marP_TB_VLS/WC/williamhconrad4/OpenVS-main/experiments/E3L_6DO3/screening/inputs/train2set/E3L_6DO3_train2_chunk50/flags_params_train2_0_111.flags
Saved: /lus/eagle/projects/marP_TB_VLS/WC/williamhconrad4/OpenVS-main/experiments/E3L_6DO3/screening/inputs/train2set/E3L_6DO3_train2_chunk50/tar_params_train2_0_112.tar
Saved: /lus/eagle/projects/marP_TB_VLS/WC/williamhconrad4/OpenVS-main/experiments/E3L_6DO3/screening/inputs/train2set/E3L_6DO3_train2_chunk50/ligands_list_train2_0_112.txt
Saved: /lus/eagle/projects/marP_TB_VLS/WC/williamhconrad4/OpenVS-main/experiments/E3L_6DO3/screening/inputs/train2set/E3L_6DO3_train2_chunk50/flags_params_train2_0_112.flags
Saved: /lus/eagle/projects/marP_TB_VLS/WC/williamhconrad4/OpenVS-main/experiments/E3L_6DO3/screening/inputs/train2set/E3L_6DO3_train2_chunk50/tar_params_train2_0_113.tar
Saved: /lus/eagle/projects/marP_TB_VLS/WC/williamhconrad4/OpenVS-main/experiments/E3L_6DO3/screening/inputs/train2set/E3L_6DO3_train2_chunk50/ligands_list_train2_0_113.txt
Saved: /lus/eagle/projects/marP_TB_VLS/WC/williamhconrad4/OpenVS-main/experiments/E3L_6DO3/screening/inputs/train2set/E3L_6DO3_train2_chunk50/flags_params_train2_0_113.flags
Saved: /lus/eagle/projects/marP_TB_VLS/WC/williamhconrad4/OpenVS-main/experiments/E3L_6DO3/screening/inputs/train2set/E3L_6DO3_train2_chunk50/tar_params_train2_0_114.tar
Saved: /lus/eagle/projects/marP_TB_VLS/WC/williamhconrad4/OpenVS-main/experiments/E3L_6DO3/screening/inputs/train2set/E3L_6DO3_train2_chunk50/ligands_list_train2_0_114.txt
Saved: /lus/eagle/projects/marP_TB_VLS/WC/williamhconrad4/OpenVS-main/experiments/E3L_6DO3/screening/inputs/train2set/E3L_6DO3_train2_chunk50/flags_params_train2_0_114.flags
Saved: /lus/eagle/projects/marP_TB_VLS/WC/williamhconrad4/OpenVS-main/experiments/E3L_6DO3/screening/inputs/train2set/E3L_6DO3_train2_chunk50/tar_params_train2_0_115.tar
Saved: /lus/eagle/projects/marP_TB_VLS/WC/williamhconrad4/OpenVS-main/experiments/E3L_6DO3/screening/inputs/train2set/E3L_6DO3_train2_chunk50/ligands_list_train2_0_115.txt
Saved: /lus/eagle/projects/marP_TB_VLS/WC/williamhconrad4/OpenVS-main/experiments/E3L_6DO3/screening/inputs/train2set/E3L_6DO3_train2_chunk50/flags_params_train2_0_115.flags
Saved: /lus/eagle/projects/marP_TB_VLS/WC/williamhconrad4/OpenVS-main/experiments/E3L_6DO3/screening/inputs/train2set/E3L_6DO3_train2_chunk50/tar_params_train2_0_116.tar
Saved: /lus/eagle/projects/marP_TB_VLS/WC/williamhconrad4/OpenVS-main/experiments/E3L_6DO3/screening/inputs/train2set/E3L_6DO3_train2_chunk50/ligands_list_train2_0_116.txt
Saved: /lus/eagle/projects/marP_TB_VLS/WC/williamhconrad4/OpenVS-main/experiments/E3L_6DO3/screening/inputs/train2set/E3L_6DO3_train2_chunk50/flags_params_train2_0_116.flags
Saved: /lus/eagle/projects/marP_TB_VLS/WC/williamhconrad4/OpenVS-main/experiments/E3L_6DO3/screening/inputs/train2set/E3L_6DO3_train2_chunk50/tar_params_train2_0_117.tar
Saved: /lus/eagle/projects/marP_TB_VLS/WC/williamhconrad4/OpenVS-main/experiments/E3L_6DO3/screening/inputs/train2set/E3L_6DO3_train2_chunk50/ligands_list_train2_0_117.txt
Saved: /lus/eagle/projects/marP_TB_VLS/WC/williamhconrad4/OpenVS-main/experiments/E3L_6DO3/screening/inputs/train2set/E3L_6DO3_train2_chunk50/flags_params_train2_0_117.flags
Saved: /lus/eagle/projects/marP_TB_VLS/WC/williamhconrad4/OpenVS-main/experiments/E3L_6DO3/screening/inputs/train2set/E3L_6DO3_train2_chunk50/tar_params_train2_0_118.tar
Saved: /lus/eagle/projects/marP_TB_VLS/WC/williamhconrad4/OpenVS-main/experiments/E3L_6DO3/screening/inputs/train2set/E3L_6DO3_train2_chunk50/ligands_list_train2_0_118.txt
Saved: /lus/eagle/projects/marP_TB_VLS/WC/williamhconrad4/OpenVS-main/experiments/E3L_6DO3/screening/inputs/train2set/E3L_6DO3_train2_chunk50/flags_params_train2_0_118.flags
Saved: /lus/eagle/projects/marP_TB_VLS/WC/williamhconrad4/OpenVS-main/experiments/E3L_6DO3/screening/inputs/train2set/E3L_6DO3_train2_chunk50/tar_params_train2_0_119.tar
Saved: /lus/eagle/projects/marP_TB_VLS/WC/williamhconrad4/OpenVS-main/experiments/E3L_6DO3/screening/inputs/train2set/E3L_6DO3_train2_chunk50/ligands_list_train2_0_119.txt
Saved: /lus/eagle/projects/marP_TB_VLS/WC/williamhconrad4/OpenVS-main/experiments/E3L_6DO3/screening/inputs/train2set/E3L_6DO3_train2_chunk50/flags_params_train2_0_119.flags
Saved: /lus/eagle/projects/marP_TB_VLS/WC/williamhconrad4/OpenVS-main/experiments/E3L_6DO3/screening/inputs/train2set/E3L_6DO3_train2_chunk50/tar_params_train2_0_120.tar
Saved: /lus/eagle/projects/marP_TB_VLS/WC/williamhconrad4/OpenVS-main/experiments/E3L_6DO3/screening/inputs/train2set/E3L_6DO3_train2_chunk50/ligands_list_train2_0_120.txt
Saved: /lus/eagle/projects/marP_TB_VLS/WC/williamhconrad4/OpenVS-main/experiments/E3L_6DO3/screening/inputs/train2set/E3L_6DO3_train2_chunk50/flags_params_train2_0_120.flags
Saved: /lus/eagle/projects/marP_TB_VLS/WC/williamhconrad4/OpenVS-main/experiments/E3L_6DO3/screening/inputs/train2set/E3L_6DO3_train2_chunk50/tar_params_train2_0_121.tar
Saved: /lus/eagle/projects/marP_TB_VLS/WC/williamhconrad4/OpenVS-main/experiments/E3L_6DO3/screening/inputs/train2set/E3L_6DO3_train2_chunk50/ligands_list_train2_0_121.txt
Saved: /lus/eagle/projects/marP_TB_VLS/WC/williamhconrad4/OpenVS-main/experiments/E3L_6DO3/screening/inputs/train2set/E3L_6DO3_train2_chunk50/flags_params_train2_0_121.flags
Saved: /lus/eagle/projects/marP_TB_VLS/WC/williamhconrad4/OpenVS-main/experiments/E3L_6DO3/screening/inputs/train2set/E3L_6DO3_train2_chunk50/tar_params_train2_0_122.tar
Saved: /lus/eagle/projects/marP_TB_VLS/WC/williamhconrad4/OpenVS-main/experiments/E3L_6DO3/screening/inputs/train2set/E3L_6DO3_train2_chunk50/ligands_list_train2_0_122.txt
Saved: /lus/eagle/projects/marP_TB_VLS/WC/williamhconrad4/OpenVS-main/experiments/E3L_6DO3/screening/inputs/train2set/E3L_6DO3_train2_chunk50/flags_params_train2_0_122.flags
Saved: /lus/eagle/projects/marP_TB_VLS/WC/williamhconrad4/OpenVS-main/experiments/E3L_6DO3/screening/inputs/train2set/E3L_6DO3_train2_chunk50/tar_params_train2_0_123.tar
Saved: /lus/eagle/projects/marP_TB_VLS/WC/williamhconrad4/OpenVS-main/experiments/E3L_6DO3/screening/inputs/train2set/E3L_6DO3_train2_chunk50/ligands_list_train2_0_123.txt
Saved: /lus/eagle/projects/marP_TB_VLS/WC/williamhconrad4/OpenVS-main/experiments/E3L_6DO3/screening/inputs/train2set/E3L_6DO3_train2_chunk50/flags_params_train2_0_123.flags
Saved: /lus/eagle/projects/marP_TB_VLS/WC/williamhconrad4/OpenVS-main/experiments/E3L_6DO3/screening/inputs/train2set/E3L_6DO3_train2_chunk50/tar_params_train2_0_124.tar
Saved: /lus/eagle/projects/marP_TB_VLS/WC/williamhconrad4/OpenVS-main/experiments/E3L_6DO3/screening/inputs/train2set/E3L_6DO3_train2_chunk50/ligands_list_train2_0_124.txt
Saved: /lus/eagle/projects/marP_TB_VLS/WC/williamhconrad4/OpenVS-main/experiments/E3L_6DO3/screening/inputs/train2set/E3L_6DO3_train2_chunk50/flags_params_train2_0_124.flags
Saved: /lus/eagle/projects/marP_TB_VLS/WC/williamhconrad4/OpenVS-main/experiments/E3L_6DO3/screening/inputs/train2set/E3L_6DO3_train2_chunk50/tar_params_train2_0_125.tar
Saved: /lus/eagle/projects/marP_TB_VLS/WC/williamhconrad4/OpenVS-main/experiments/E3L_6DO3/screening/inputs/train2set/E3L_6DO3_train2_chunk50/ligands_list_train2_0_125.txt
Saved: /lus/eagle/projects/marP_TB_VLS/WC/williamhconrad4/OpenVS-main/experiments/E3L_6DO3/screening/inputs/train2set/E3L_6DO3_train2_chunk50/flags_params_train2_0_125.flags
Saved: /lus/eagle/projects/marP_TB_VLS/WC/williamhconrad4/OpenVS-main/experiments/E3L_6DO3/screening/inputs/train2set/E3L_6DO3_train2_chunk50/tar_params_train2_0_126.tar
Saved: /lus/eagle/projects/marP_TB_VLS/WC/williamhconrad4/OpenVS-main/experiments/E3L_6DO3/screening/inputs/train2set/E3L_6DO3_train2_chunk50/ligands_list_train2_0_126.txt
Saved: /lus/eagle/projects/marP_TB_VLS/WC/williamhconrad4/OpenVS-main/experiments/E3L_6DO3/screening/inputs/train2set/E3L_6DO3_train2_chunk50/flags_params_train2_0_126.flags
Saved: /lus/eagle/projects/marP_TB_VLS/WC/williamhconrad4/OpenVS-main/experiments/E3L_6DO3/screening/inputs/train2set/E3L_6DO3_train2_chunk50/tar_params_train2_0_127.tar
Saved: /lus/eagle/projects/marP_TB_VLS/WC/williamhconrad4/OpenVS-main/experiments/E3L_6DO3/screening/inputs/train2set/E3L_6DO3_train2_chunk50/ligands_list_train2_0_127.txt
Saved: /lus/eagle/projects/marP_TB_VLS/WC/williamhconrad4/OpenVS-main/experiments/E3L_6DO3/screening/inputs/train2set/E3L_6DO3_train2_chunk50/flags_params_train2_0_127.flags
Saved: /lus/eagle/projects/marP_TB_VLS/WC/williamhconrad4/OpenVS-main/experiments/E3L_6DO3/screening/inputs/train2set/E3L_6DO3_train2_chunk50/tar_params_train2_0_128.tar
Saved: /lus/eagle/projects/marP_TB_VLS/WC/williamhconrad4/OpenVS-main/experiments/E3L_6DO3/screening/inputs/train2set/E3L_6DO3_train2_chunk50/ligands_list_train2_0_128.txt
Saved: /lus/eagle/projects/marP_TB_VLS/WC/williamhconrad4/OpenVS-main/experiments/E3L_6DO3/screening/inputs/train2set/E3L_6DO3_train2_chunk50/flags_params_train2_0_128.flags
Saved: /lus/eagle/projects/marP_TB_VLS/WC/williamhconrad4/OpenVS-main/experiments/E3L_6DO3/screening/inputs/train2set/E3L_6DO3_train2_chunk50/tar_params_train2_0_129.tar
Saved: /lus/eagle/projects/marP_TB_VLS/WC/williamhconrad4/OpenVS-main/experiments/E3L_6DO3/screening/inputs/train2set/E3L_6DO3_train2_chunk50/ligands_list_train2_0_129.txt
Saved: /lus/eagle/projects/marP_TB_VLS/WC/williamhconrad4/OpenVS-main/experiments/E3L_6DO3/screening/inputs/train2set/E3L_6DO3_train2_chunk50/flags_params_train2_0_129.flags
Saved: /lus/eagle/projects/marP_TB_VLS/WC/williamhconrad4/OpenVS-main/experiments/E3L_6DO3/screening/inputs/train2set/E3L_6DO3_train2_chunk50/tar_params_train2_0_130.tar
Saved: /lus/eagle/projects/marP_TB_VLS/WC/williamhconrad4/OpenVS-main/experiments/E3L_6DO3/screening/inputs/train2set/E3L_6DO3_train2_chunk50/ligands_list_train2_0_130.txt
Saved: /lus/eagle/projects/marP_TB_VLS/WC/williamhconrad4/OpenVS-main/experiments/E3L_6DO3/screening/inputs/train2set/E3L_6DO3_train2_chunk50/flags_params_train2_0_130.flags
Saved: /lus/eagle/projects/marP_TB_VLS/WC/williamhconrad4/OpenVS-main/experiments/E3L_6DO3/screening/inputs/train2set/E3L_6DO3_train2_chunk50/tar_params_train2_0_131.tar
Saved: /lus/eagle/projects/marP_TB_VLS/WC/williamhconrad4/OpenVS-main/experiments/E3L_6DO3/screening/inputs/train2set/E3L_6DO3_train2_chunk50/ligands_list_train2_0_131.txt
Saved: /lus/eagle/projects/marP_TB_VLS/WC/williamhconrad4/OpenVS-main/experiments/E3L_6DO3/screening/inputs/train2set/E3L_6DO3_train2_chunk50/flags_params_train2_0_131.flags
Saved: /lus/eagle/projects/marP_TB_VLS/WC/williamhconrad4/OpenVS-main/experiments/E3L_6DO3/screening/inputs/train2set/E3L_6DO3_train2_chunk50/tar_params_train2_0_132.tar
Saved: /lus/eagle/projects/marP_TB_VLS/WC/williamhconrad4/OpenVS-main/experiments/E3L_6DO3/screening/inputs/train2set/E3L_6DO3_train2_chunk50/ligands_list_train2_0_132.txt
Saved: /lus/eagle/projects/marP_TB_VLS/WC/williamhconrad4/OpenVS-main/experiments/E3L_6DO3/screening/inputs/train2set/E3L_6DO3_train2_chunk50/flags_params_train2_0_132.flags
Saved: /lus/eagle/projects/marP_TB_VLS/WC/williamhconrad4/OpenVS-main/experiments/E3L_6DO3/screening/inputs/train2set/E3L_6DO3_train2_chunk50/tar_params_train2_0_133.tar
Saved: /lus/eagle/projects/marP_TB_VLS/WC/williamhconrad4/OpenVS-main/experiments/E3L_6DO3/screening/inputs/train2set/E3L_6DO3_train2_chunk50/ligands_list_train2_0_133.txt
Saved: /lus/eagle/projects/marP_TB_VLS/WC/williamhconrad4/OpenVS-main/experiments/E3L_6DO3/screening/inputs/train2set/E3L_6DO3_train2_chunk50/flags_params_train2_0_133.flags
Saved: /lus/eagle/projects/marP_TB_VLS/WC/williamhconrad4/OpenVS-main/experiments/E3L_6DO3/screening/inputs/train2set/E3L_6DO3_train2_chunk50/tar_params_train2_0_134.tar
Saved: /lus/eagle/projects/marP_TB_VLS/WC/williamhconrad4/OpenVS-main/experiments/E3L_6DO3/screening/inputs/train2set/E3L_6DO3_train2_chunk50/ligands_list_train2_0_134.txt
Saved: /lus/eagle/projects/marP_TB_VLS/WC/williamhconrad4/OpenVS-main/experiments/E3L_6DO3/screening/inputs/train2set/E3L_6DO3_train2_chunk50/flags_params_train2_0_134.flags
Saved: /lus/eagle/projects/marP_TB_VLS/WC/williamhconrad4/OpenVS-main/experiments/E3L_6DO3/screening/inputs/train2set/E3L_6DO3_train2_chunk50/tar_params_train2_0_135.tar
Saved: /lus/eagle/projects/marP_TB_VLS/WC/williamhconrad4/OpenVS-main/experiments/E3L_6DO3/screening/inputs/train2set/E3L_6DO3_train2_chunk50/ligands_list_train2_0_135.txt
Saved: /lus/eagle/projects/marP_TB_VLS/WC/williamhconrad4/OpenVS-main/experiments/E3L_6DO3/screening/inputs/train2set/E3L_6DO3_train2_chunk50/flags_params_train2_0_135.flags
Saved: /lus/eagle/projects/marP_TB_VLS/WC/williamhconrad4/OpenVS-main/experiments/E3L_6DO3/screening/inputs/train2set/E3L_6DO3_train2_chunk50/tar_params_train2_0_136.tar
Saved: /lus/eagle/projects/marP_TB_VLS/WC/williamhconrad4/OpenVS-main/experiments/E3L_6DO3/screening/inputs/train2set/E3L_6DO3_train2_chunk50/ligands_list_train2_0_136.txt
Saved: /lus/eagle/projects/marP_TB_VLS/WC/williamhconrad4/OpenVS-main/experiments/E3L_6DO3/screening/inputs/train2set/E3L_6DO3_train2_chunk50/flags_params_train2_0_136.flags
Saved: /lus/eagle/projects/marP_TB_VLS/WC/williamhconrad4/OpenVS-main/experiments/E3L_6DO3/screening/inputs/train2set/E3L_6DO3_train2_chunk50/tar_params_train2_0_137.tar
Saved: /lus/eagle/projects/marP_TB_VLS/WC/williamhconrad4/OpenVS-main/experiments/E3L_6DO3/screening/inputs/train2set/E3L_6DO3_train2_chunk50/ligands_list_train2_0_137.txt
Saved: /lus/eagle/projects/marP_TB_VLS/WC/williamhconrad4/OpenVS-main/experiments/E3L_6DO3/screening/inputs/train2set/E3L_6DO3_train2_chunk50/flags_params_train2_0_137.flags
Saved: /lus/eagle/projects/marP_TB_VLS/WC/williamhconrad4/OpenVS-main/experiments/E3L_6DO3/screening/inputs/train2set/E3L_6DO3_train2_chunk50/tar_params_train2_0_138.tar
Saved: /lus/eagle/projects/marP_TB_VLS/WC/williamhconrad4/OpenVS-main/experiments/E3L_6DO3/screening/inputs/train2set/E3L_6DO3_train2_chunk50/ligands_list_train2_0_138.txt
Saved: /lus/eagle/projects/marP_TB_VLS/WC/williamhconrad4/OpenVS-main/experiments/E3L_6DO3/screening/inputs/train2set/E3L_6DO3_train2_chunk50/flags_params_train2_0_138.flags
Saved: /lus/eagle/projects/marP_TB_VLS/WC/williamhconrad4/OpenVS-main/experiments/E3L_6DO3/screening/inputs/train2set/E3L_6DO3_train2_chunk50/tar_params_train2_0_139.tar
Saved: /lus/eagle/projects/marP_TB_VLS/WC/williamhconrad4/OpenVS-main/experiments/E3L_6DO3/screening/inputs/train2set/E3L_6DO3_train2_chunk50/ligands_list_train2_0_139.txt
Saved: /lus/eagle/projects/marP_TB_VLS/WC/williamhconrad4/OpenVS-main/experiments/E3L_6DO3/screening/inputs/train2set/E3L_6DO3_train2_chunk50/flags_params_train2_0_139.flags
Saved: /lus/eagle/projects/marP_TB_VLS/WC/williamhconrad4/OpenVS-main/experiments/E3L_6DO3/screening/inputs/train2set/E3L_6DO3_train2_chunk50/tar_params_train2_0_140.tar
Saved: /lus/eagle/projects/marP_TB_VLS/WC/williamhconrad4/OpenVS-main/experiments/E3L_6DO3/screening/inputs/train2set/E3L_6DO3_train2_chunk50/ligands_list_train2_0_140.txt
Saved: /lus/eagle/projects/marP_TB_VLS/WC/williamhconrad4/OpenVS-main/experiments/E3L_6DO3/screening/inputs/train2set/E3L_6DO3_train2_chunk50/flags_params_train2_0_140.flags
Saved: /lus/eagle/projects/marP_TB_VLS/WC/williamhconrad4/OpenVS-main/experiments/E3L_6DO3/screening/inputs/train2set/E3L_6DO3_train2_chunk50/tar_params_train2_0_141.tar
Saved: /lus/eagle/projects/marP_TB_VLS/WC/williamhconrad4/OpenVS-main/experiments/E3L_6DO3/screening/inputs/train2set/E3L_6DO3_train2_chunk50/ligands_list_train2_0_141.txt
Saved: /lus/eagle/projects/marP_TB_VLS/WC/williamhconrad4/OpenVS-main/experiments/E3L_6DO3/screening/inputs/train2set/E3L_6DO3_train2_chunk50/flags_params_train2_0_141.flags
Saved: /lus/eagle/projects/marP_TB_VLS/WC/williamhconrad4/OpenVS-main/experiments/E3L_6DO3/screening/inputs/train2set/E3L_6DO3_train2_chunk50/tar_params_train2_0_142.tar
Saved: /lus/eagle/projects/marP_TB_VLS/WC/williamhconrad4/OpenVS-main/experiments/E3L_6DO3/screening/inputs/train2set/E3L_6DO3_train2_chunk50/ligands_list_train2_0_142.txt
Saved: /lus/eagle/projects/marP_TB_VLS/WC/williamhconrad4/OpenVS-main/experiments/E3L_6DO3/screening/inputs/train2set/E3L_6DO3_train2_chunk50/flags_params_train2_0_142.flags
Saved: /lus/eagle/projects/marP_TB_VLS/WC/williamhconrad4/OpenVS-main/experiments/E3L_6DO3/screening/inputs/train2set/E3L_6DO3_train2_chunk50/tar_params_train2_0_143.tar
Saved: /lus/eagle/projects/marP_TB_VLS/WC/williamhconrad4/OpenVS-main/experiments/E3L_6DO3/screening/inputs/train2set/E3L_6DO3_train2_chunk50/ligands_list_train2_0_143.txt
Saved: /lus/eagle/projects/marP_TB_VLS/WC/williamhconrad4/OpenVS-main/experiments/E3L_6DO3/screening/inputs/train2set/E3L_6DO3_train2_chunk50/flags_params_train2_0_143.flags
Saved: /lus/eagle/projects/marP_TB_VLS/WC/williamhconrad4/OpenVS-main/experiments/E3L_6DO3/screening/inputs/train2set/E3L_6DO3_train2_chunk50/tar_params_train2_0_144.tar
Saved: /lus/eagle/projects/marP_TB_VLS/WC/williamhconrad4/OpenVS-main/experiments/E3L_6DO3/screening/inputs/train2set/E3L_6DO3_train2_chunk50/ligands_list_train2_0_144.txt
Saved: /lus/eagle/projects/marP_TB_VLS/WC/williamhconrad4/OpenVS-main/experiments/E3L_6DO3/screening/inputs/train2set/E3L_6DO3_train2_chunk50/flags_params_train2_0_144.flags
Saved: /lus/eagle/projects/marP_TB_VLS/WC/williamhconrad4/OpenVS-main/experiments/E3L_6DO3/screening/inputs/train2set/E3L_6DO3_train2_chunk50/tar_params_train2_0_145.tar
Saved: /lus/eagle/projects/marP_TB_VLS/WC/williamhconrad4/OpenVS-main/experiments/E3L_6DO3/screening/inputs/train2set/E3L_6DO3_train2_chunk50/ligands_list_train2_0_145.txt
Saved: /lus/eagle/projects/marP_TB_VLS/WC/williamhconrad4/OpenVS-main/experiments/E3L_6DO3/screening/inputs/train2set/E3L_6DO3_train2_chunk50/flags_params_train2_0_145.flags
Saved: /lus/eagle/projects/marP_TB_VLS/WC/williamhconrad4/OpenVS-main/experiments/E3L_6DO3/screening/inputs/train2set/E3L_6DO3_train2_chunk50/tar_params_train2_0_146.tar
Saved: /lus/eagle/projects/marP_TB_VLS/WC/williamhconrad4/OpenVS-main/experiments/E3L_6DO3/screening/inputs/train2set/E3L_6DO3_train2_chunk50/ligands_list_train2_0_146.txt
Saved: /lus/eagle/projects/marP_TB_VLS/WC/williamhconrad4/OpenVS-main/experiments/E3L_6DO3/screening/inputs/train2set/E3L_6DO3_train2_chunk50/flags_params_train2_0_146.flags
Saved: /lus/eagle/projects/marP_TB_VLS/WC/williamhconrad4/OpenVS-main/experiments/E3L_6DO3/screening/inputs/train2set/E3L_6DO3_train2_chunk50/tar_params_train2_0_147.tar
Saved: /lus/eagle/projects/marP_TB_VLS/WC/williamhconrad4/OpenVS-main/experiments/E3L_6DO3/screening/inputs/train2set/E3L_6DO3_train2_chunk50/ligands_list_train2_0_147.txt
Saved: /lus/eagle/projects/marP_TB_VLS/WC/williamhconrad4/OpenVS-main/experiments/E3L_6DO3/screening/inputs/train2set/E3L_6DO3_train2_chunk50/flags_params_train2_0_147.flags
Saved: /lus/eagle/projects/marP_TB_VLS/WC/williamhconrad4/OpenVS-main/experiments/E3L_6DO3/screening/inputs/train2set/E3L_6DO3_train2_chunk50/tar_params_train2_0_148.tar
Saved: /lus/eagle/projects/marP_TB_VLS/WC/williamhconrad4/OpenVS-main/experiments/E3L_6DO3/screening/inputs/train2set/E3L_6DO3_train2_chunk50/ligands_list_train2_0_148.txt
Saved: /lus/eagle/projects/marP_TB_VLS/WC/williamhconrad4/OpenVS-main/experiments/E3L_6DO3/screening/inputs/train2set/E3L_6DO3_train2_chunk50/flags_params_train2_0_148.flags
Saved: /lus/eagle/projects/marP_TB_VLS/WC/williamhconrad4/OpenVS-main/experiments/E3L_6DO3/screening/inputs/train2set/E3L_6DO3_train2_chunk50/tar_params_train2_0_149.tar
Saved: /lus/eagle/projects/marP_TB_VLS/WC/williamhconrad4/OpenVS-main/experiments/E3L_6DO3/screening/inputs/train2set/E3L_6DO3_train2_chunk50/ligands_list_train2_0_149.txt
Saved: /lus/eagle/projects/marP_TB_VLS/WC/williamhconrad4/OpenVS-main/experiments/E3L_6DO3/screening/inputs/train2set/E3L_6DO3_train2_chunk50/flags_params_train2_0_149.flags
Saved: /lus/eagle/projects/marP_TB_VLS/WC/williamhconrad4/OpenVS-main/experiments/E3L_6DO3/screening/inputs/train2set/E3L_6DO3_train2_chunk50/tar_params_train2_0_150.tar
Saved: /lus/eagle/projects/marP_TB_VLS/WC/williamhconrad4/OpenVS-main/experiments/E3L_6DO3/screening/inputs/train2set/E3L_6DO3_train2_chunk50/ligands_list_train2_0_150.txt
Saved: /lus/eagle/projects/marP_TB_VLS/WC/williamhconrad4/OpenVS-main/experiments/E3L_6DO3/screening/inputs/train2set/E3L_6DO3_train2_chunk50/flags_params_train2_0_150.flags
Saved: /lus/eagle/projects/marP_TB_VLS/WC/williamhconrad4/OpenVS-main/experiments/E3L_6DO3/screening/inputs/train2set/E3L_6DO3_train2_chunk50/tar_params_train2_0_151.tar
Saved: /lus/eagle/projects/marP_TB_VLS/WC/williamhconrad4/OpenVS-main/experiments/E3L_6DO3/screening/inputs/train2set/E3L_6DO3_train2_chunk50/ligands_list_train2_0_151.txt
Saved: /lus/eagle/projects/marP_TB_VLS/WC/williamhconrad4/OpenVS-main/experiments/E3L_6DO3/screening/inputs/train2set/E3L_6DO3_train2_chunk50/flags_params_train2_0_151.flags
Saved: /lus/eagle/projects/marP_TB_VLS/WC/williamhconrad4/OpenVS-main/experiments/E3L_6DO3/screening/inputs/train2set/E3L_6DO3_train2_chunk50/tar_params_train2_0_152.tar
Saved: /lus/eagle/projects/marP_TB_VLS/WC/williamhconrad4/OpenVS-main/experiments/E3L_6DO3/screening/inputs/train2set/E3L_6DO3_train2_chunk50/ligands_list_train2_0_152.txt
Saved: /lus/eagle/projects/marP_TB_VLS/WC/williamhconrad4/OpenVS-main/experiments/E3L_6DO3/screening/inputs/train2set/E3L_6DO3_train2_chunk50/flags_params_train2_0_152.flags
Saved: /lus/eagle/projects/marP_TB_VLS/WC/williamhconrad4/OpenVS-main/experiments/E3L_6DO3/screening/inputs/train2set/E3L_6DO3_train2_chunk50/tar_params_train2_0_153.tar
Saved: /lus/eagle/projects/marP_TB_VLS/WC/williamhconrad4/OpenVS-main/experiments/E3L_6DO3/screening/inputs/train2set/E3L_6DO3_train2_chunk50/ligands_list_train2_0_153.txt
Saved: /lus/eagle/projects/marP_TB_VLS/WC/williamhconrad4/OpenVS-main/experiments/E3L_6DO3/screening/inputs/train2set/E3L_6DO3_train2_chunk50/flags_params_train2_0_153.flags
Saved: /lus/eagle/projects/marP_TB_VLS/WC/williamhconrad4/OpenVS-main/experiments/E3L_6DO3/screening/inputs/train2set/E3L_6DO3_train2_chunk50/tar_params_train2_0_154.tar
Saved: /lus/eagle/projects/marP_TB_VLS/WC/williamhconrad4/OpenVS-main/experiments/E3L_6DO3/screening/inputs/train2set/E3L_6DO3_train2_chunk50/ligands_list_train2_0_154.txt
Saved: /lus/eagle/projects/marP_TB_VLS/WC/williamhconrad4/OpenVS-main/experiments/E3L_6DO3/screening/inputs/train2set/E3L_6DO3_train2_chunk50/flags_params_train2_0_154.flags
Saved: /lus/eagle/projects/marP_TB_VLS/WC/williamhconrad4/OpenVS-main/experiments/E3L_6DO3/screening/inputs/train2set/E3L_6DO3_train2_chunk50/tar_params_train2_0_155.tar
Saved: /lus/eagle/projects/marP_TB_VLS/WC/williamhconrad4/OpenVS-main/experiments/E3L_6DO3/screening/inputs/train2set/E3L_6DO3_train2_chunk50/ligands_list_train2_0_155.txt
Saved: /lus/eagle/projects/marP_TB_VLS/WC/williamhconrad4/OpenVS-main/experiments/E3L_6DO3/screening/inputs/train2set/E3L_6DO3_train2_chunk50/flags_params_train2_0_155.flags
Saved: /lus/eagle/projects/marP_TB_VLS/WC/williamhconrad4/OpenVS-main/experiments/E3L_6DO3/screening/inputs/train2set/E3L_6DO3_train2_chunk50/tar_params_train2_0_156.tar
Saved: /lus/eagle/projects/marP_TB_VLS/WC/williamhconrad4/OpenVS-main/experiments/E3L_6DO3/screening/inputs/train2set/E3L_6DO3_train2_chunk50/ligands_list_train2_0_156.txt
Saved: /lus/eagle/projects/marP_TB_VLS/WC/williamhconrad4/OpenVS-main/experiments/E3L_6DO3/screening/inputs/train2set/E3L_6DO3_train2_chunk50/flags_params_train2_0_156.flags
Saved: /lus/eagle/projects/marP_TB_VLS/WC/williamhconrad4/OpenVS-main/experiments/E3L_6DO3/screening/inputs/train2set/E3L_6DO3_train2_chunk50/tar_params_train2_0_157.tar
Saved: /lus/eagle/projects/marP_TB_VLS/WC/williamhconrad4/OpenVS-main/experiments/E3L_6DO3/screening/inputs/train2set/E3L_6DO3_train2_chunk50/ligands_list_train2_0_157.txt
Saved: /lus/eagle/projects/marP_TB_VLS/WC/williamhconrad4/OpenVS-main/experiments/E3L_6DO3/screening/inputs/train2set/E3L_6DO3_train2_chunk50/flags_params_train2_0_157.flags
Saved: /lus/eagle/projects/marP_TB_VLS/WC/williamhconrad4/OpenVS-main/experiments/E3L_6DO3/screening/inputs/train2set/E3L_6DO3_train2_chunk50/tar_params_train2_0_158.tar
Saved: /lus/eagle/projects/marP_TB_VLS/WC/williamhconrad4/OpenVS-main/experiments/E3L_6DO3/screening/inputs/train2set/E3L_6DO3_train2_chunk50/ligands_list_train2_0_158.txt
Saved: /lus/eagle/projects/marP_TB_VLS/WC/williamhconrad4/OpenVS-main/experiments/E3L_6DO3/screening/inputs/train2set/E3L_6DO3_train2_chunk50/flags_params_train2_0_158.flags
Saved: /lus/eagle/projects/marP_TB_VLS/WC/williamhconrad4/OpenVS-main/experiments/E3L_6DO3/screening/inputs/train2set/E3L_6DO3_train2_chunk50/tar_params_train2_0_159.tar
Saved: /lus/eagle/projects/marP_TB_VLS/WC/williamhconrad4/OpenVS-main/experiments/E3L_6DO3/screening/inputs/train2set/E3L_6DO3_train2_chunk50/ligands_list_train2_0_159.txt
Saved: /lus/eagle/projects/marP_TB_VLS/WC/williamhconrad4/OpenVS-main/experiments/E3L_6DO3/screening/inputs/train2set/E3L_6DO3_train2_chunk50/flags_params_train2_0_159.flags
Saved: /lus/eagle/projects/marP_TB_VLS/WC/williamhconrad4/OpenVS-main/experiments/E3L_6DO3/screening/inputs/train2set/E3L_6DO3_train2_chunk50/tar_params_train2_0_160.tar
Saved: /lus/eagle/projects/marP_TB_VLS/WC/williamhconrad4/OpenVS-main/experiments/E3L_6DO3/screening/inputs/train2set/E3L_6DO3_train2_chunk50/ligands_list_train2_0_160.txt
Saved: /lus/eagle/projects/marP_TB_VLS/WC/williamhconrad4/OpenVS-main/experiments/E3L_6DO3/screening/inputs/train2set/E3L_6DO3_train2_chunk50/flags_params_train2_0_160.flags
Saved: /lus/eagle/projects/marP_TB_VLS/WC/williamhconrad4/OpenVS-main/experiments/E3L_6DO3/screening/inputs/train2set/E3L_6DO3_train2_chunk50/tar_params_train2_0_161.tar
Saved: /lus/eagle/projects/marP_TB_VLS/WC/williamhconrad4/OpenVS-main/experiments/E3L_6DO3/screening/inputs/train2set/E3L_6DO3_train2_chunk50/ligands_list_train2_0_161.txt
Saved: /lus/eagle/projects/marP_TB_VLS/WC/williamhconrad4/OpenVS-main/experiments/E3L_6DO3/screening/inputs/train2set/E3L_6DO3_train2_chunk50/flags_params_train2_0_161.flags
Saved: /lus/eagle/projects/marP_TB_VLS/WC/williamhconrad4/OpenVS-main/experiments/E3L_6DO3/screening/inputs/train2set/E3L_6DO3_train2_chunk50/tar_params_train2_0_162.tar
Saved: /lus/eagle/projects/marP_TB_VLS/WC/williamhconrad4/OpenVS-main/experiments/E3L_6DO3/screening/inputs/train2set/E3L_6DO3_train2_chunk50/ligands_list_train2_0_162.txt
Saved: /lus/eagle/projects/marP_TB_VLS/WC/williamhconrad4/OpenVS-main/experiments/E3L_6DO3/screening/inputs/train2set/E3L_6DO3_train2_chunk50/flags_params_train2_0_162.flags
Saved: /lus/eagle/projects/marP_TB_VLS/WC/williamhconrad4/OpenVS-main/experiments/E3L_6DO3/screening/inputs/train2set/E3L_6DO3_train2_chunk50/tar_params_train2_0_163.tar
Saved: /lus/eagle/projects/marP_TB_VLS/WC/williamhconrad4/OpenVS-main/experiments/E3L_6DO3/screening/inputs/train2set/E3L_6DO3_train2_chunk50/ligands_list_train2_0_163.txt
Saved: /lus/eagle/projects/marP_TB_VLS/WC/williamhconrad4/OpenVS-main/experiments/E3L_6DO3/screening/inputs/train2set/E3L_6DO3_train2_chunk50/flags_params_train2_0_163.flags
Saved: /lus/eagle/projects/marP_TB_VLS/WC/williamhconrad4/OpenVS-main/experiments/E3L_6DO3/screening/inputs/train2set/E3L_6DO3_train2_chunk50/tar_params_train2_0_164.tar
Saved: /lus/eagle/projects/marP_TB_VLS/WC/williamhconrad4/OpenVS-main/experiments/E3L_6DO3/screening/inputs/train2set/E3L_6DO3_train2_chunk50/ligands_list_train2_0_164.txt
Saved: /lus/eagle/projects/marP_TB_VLS/WC/williamhconrad4/OpenVS-main/experiments/E3L_6DO3/screening/inputs/train2set/E3L_6DO3_train2_chunk50/flags_params_train2_0_164.flags
Saved: /lus/eagle/projects/marP_TB_VLS/WC/williamhconrad4/OpenVS-main/experiments/E3L_6DO3/screening/inputs/train2set/E3L_6DO3_train2_chunk50/tar_params_train2_0_165.tar
Saved: /lus/eagle/projects/marP_TB_VLS/WC/williamhconrad4/OpenVS-main/experiments/E3L_6DO3/screening/inputs/train2set/E3L_6DO3_train2_chunk50/ligands_list_train2_0_165.txt
Saved: /lus/eagle/projects/marP_TB_VLS/WC/williamhconrad4/OpenVS-main/experiments/E3L_6DO3/screening/inputs/train2set/E3L_6DO3_train2_chunk50/flags_params_train2_0_165.flags
Saved: /lus/eagle/projects/marP_TB_VLS/WC/williamhconrad4/OpenVS-main/experiments/E3L_6DO3/screening/inputs/train2set/E3L_6DO3_train2_chunk50/tar_params_train2_0_166.tar
Saved: /lus/eagle/projects/marP_TB_VLS/WC/williamhconrad4/OpenVS-main/experiments/E3L_6DO3/screening/inputs/train2set/E3L_6DO3_train2_chunk50/ligands_list_train2_0_166.txt
Saved: /lus/eagle/projects/marP_TB_VLS/WC/williamhconrad4/OpenVS-main/experiments/E3L_6DO3/screening/inputs/train2set/E3L_6DO3_train2_chunk50/flags_params_train2_0_166.flags
Saved: /lus/eagle/projects/marP_TB_VLS/WC/williamhconrad4/OpenVS-main/experiments/E3L_6DO3/screening/inputs/train2set/E3L_6DO3_train2_chunk50/tar_params_train2_0_167.tar
Saved: /lus/eagle/projects/marP_TB_VLS/WC/williamhconrad4/OpenVS-main/experiments/E3L_6DO3/screening/inputs/train2set/E3L_6DO3_train2_chunk50/ligands_list_train2_0_167.txt
Saved: /lus/eagle/projects/marP_TB_VLS/WC/williamhconrad4/OpenVS-main/experiments/E3L_6DO3/screening/inputs/train2set/E3L_6DO3_train2_chunk50/flags_params_train2_0_167.flags
Saved: /lus/eagle/projects/marP_TB_VLS/WC/williamhconrad4/OpenVS-main/experiments/E3L_6DO3/screening/inputs/train2set/E3L_6DO3_train2_chunk50/tar_params_train2_0_168.tar
Saved: /lus/eagle/projects/marP_TB_VLS/WC/williamhconrad4/OpenVS-main/experiments/E3L_6DO3/screening/inputs/train2set/E3L_6DO3_train2_chunk50/ligands_list_train2_0_168.txt
Saved: /lus/eagle/projects/marP_TB_VLS/WC/williamhconrad4/OpenVS-main/experiments/E3L_6DO3/screening/inputs/train2set/E3L_6DO3_train2_chunk50/flags_params_train2_0_168.flags
Saved: /lus/eagle/projects/marP_TB_VLS/WC/williamhconrad4/OpenVS-main/experiments/E3L_6DO3/screening/inputs/train2set/E3L_6DO3_train2_chunk50/tar_params_train2_0_169.tar
Saved: /lus/eagle/projects/marP_TB_VLS/WC/williamhconrad4/OpenVS-main/experiments/E3L_6DO3/screening/inputs/train2set/E3L_6DO3_train2_chunk50/ligands_list_train2_0_169.txt
Saved: /lus/eagle/projects/marP_TB_VLS/WC/williamhconrad4/OpenVS-main/experiments/E3L_6DO3/screening/inputs/train2set/E3L_6DO3_train2_chunk50/flags_params_train2_0_169.flags
Saved: /lus/eagle/projects/marP_TB_VLS/WC/williamhconrad4/OpenVS-main/experiments/E3L_6DO3/screening/inputs/train2set/E3L_6DO3_train2_chunk50/tar_params_train2_0_170.tar
Saved: /lus/eagle/projects/marP_TB_VLS/WC/williamhconrad4/OpenVS-main/experiments/E3L_6DO3/screening/inputs/train2set/E3L_6DO3_train2_chunk50/ligands_list_train2_0_170.txt
Saved: /lus/eagle/projects/marP_TB_VLS/WC/williamhconrad4/OpenVS-main/experiments/E3L_6DO3/screening/inputs/train2set/E3L_6DO3_train2_chunk50/flags_params_train2_0_170.flags
Saved: /lus/eagle/projects/marP_TB_VLS/WC/williamhconrad4/OpenVS-main/experiments/E3L_6DO3/screening/inputs/train2set/E3L_6DO3_train2_chunk50/tar_params_train2_0_171.tar
Saved: /lus/eagle/projects/marP_TB_VLS/WC/williamhconrad4/OpenVS-main/experiments/E3L_6DO3/screening/inputs/train2set/E3L_6DO3_train2_chunk50/ligands_list_train2_0_171.txt
Saved: /lus/eagle/projects/marP_TB_VLS/WC/williamhconrad4/OpenVS-main/experiments/E3L_6DO3/screening/inputs/train2set/E3L_6DO3_train2_chunk50/flags_params_train2_0_171.flags
Saved: /lus/eagle/projects/marP_TB_VLS/WC/williamhconrad4/OpenVS-main/experiments/E3L_6DO3/screening/inputs/train2set/E3L_6DO3_train2_chunk50/tar_params_train2_0_172.tar
Saved: /lus/eagle/projects/marP_TB_VLS/WC/williamhconrad4/OpenVS-main/experiments/E3L_6DO3/screening/inputs/train2set/E3L_6DO3_train2_chunk50/ligands_list_train2_0_172.txt
Saved: /lus/eagle/projects/marP_TB_VLS/WC/williamhconrad4/OpenVS-main/experiments/E3L_6DO3/screening/inputs/train2set/E3L_6DO3_train2_chunk50/flags_params_train2_0_172.flags
Saved: /lus/eagle/projects/marP_TB_VLS/WC/williamhconrad4/OpenVS-main/experiments/E3L_6DO3/screening/inputs/train2set/E3L_6DO3_train2_chunk50/tar_params_train2_0_173.tar
Saved: /lus/eagle/projects/marP_TB_VLS/WC/williamhconrad4/OpenVS-main/experiments/E3L_6DO3/screening/inputs/train2set/E3L_6DO3_train2_chunk50/ligands_list_train2_0_173.txt
Saved: /lus/eagle/projects/marP_TB_VLS/WC/williamhconrad4/OpenVS-main/experiments/E3L_6DO3/screening/inputs/train2set/E3L_6DO3_train2_chunk50/flags_params_train2_0_173.flags
Saved: /lus/eagle/projects/marP_TB_VLS/WC/williamhconrad4/OpenVS-main/experiments/E3L_6DO3/screening/inputs/train2set/E3L_6DO3_train2_chunk50/tar_params_train2_0_174.tar
Saved: /lus/eagle/projects/marP_TB_VLS/WC/williamhconrad4/OpenVS-main/experiments/E3L_6DO3/screening/inputs/train2set/E3L_6DO3_train2_chunk50/ligands_list_train2_0_174.txt
Saved: /lus/eagle/projects/marP_TB_VLS/WC/williamhconrad4/OpenVS-main/experiments/E3L_6DO3/screening/inputs/train2set/E3L_6DO3_train2_chunk50/flags_params_train2_0_174.flags
Saved: /lus/eagle/projects/marP_TB_VLS/WC/williamhconrad4/OpenVS-main/experiments/E3L_6DO3/screening/inputs/train2set/E3L_6DO3_train2_chunk50/tar_params_train2_0_175.tar
Saved: /lus/eagle/projects/marP_TB_VLS/WC/williamhconrad4/OpenVS-main/experiments/E3L_6DO3/screening/inputs/train2set/E3L_6DO3_train2_chunk50/ligands_list_train2_0_175.txt
Saved: /lus/eagle/projects/marP_TB_VLS/WC/williamhconrad4/OpenVS-main/experiments/E3L_6DO3/screening/inputs/train2set/E3L_6DO3_train2_chunk50/flags_params_train2_0_175.flags
Saved: /lus/eagle/projects/marP_TB_VLS/WC/williamhconrad4/OpenVS-main/experiments/E3L_6DO3/screening/inputs/train2set/E3L_6DO3_train2_chunk50/tar_params_train2_0_176.tar
Saved: /lus/eagle/projects/marP_TB_VLS/WC/williamhconrad4/OpenVS-main/experiments/E3L_6DO3/screening/inputs/train2set/E3L_6DO3_train2_chunk50/ligands_list_train2_0_176.txt
Saved: /lus/eagle/projects/marP_TB_VLS/WC/williamhconrad4/OpenVS-main/experiments/E3L_6DO3/screening/inputs/train2set/E3L_6DO3_train2_chunk50/flags_params_train2_0_176.flags
Saved: /lus/eagle/projects/marP_TB_VLS/WC/williamhconrad4/OpenVS-main/experiments/E3L_6DO3/screening/inputs/train2set/E3L_6DO3_train2_chunk50/tar_params_train2_0_177.tar
Saved: /lus/eagle/projects/marP_TB_VLS/WC/williamhconrad4/OpenVS-main/experiments/E3L_6DO3/screening/inputs/train2set/E3L_6DO3_train2_chunk50/ligands_list_train2_0_177.txt
Saved: /lus/eagle/projects/marP_TB_VLS/WC/williamhconrad4/OpenVS-main/experiments/E3L_6DO3/screening/inputs/train2set/E3L_6DO3_train2_chunk50/flags_params_train2_0_177.flags
Saved: /lus/eagle/projects/marP_TB_VLS/WC/williamhconrad4/OpenVS-main/experiments/E3L_6DO3/screening/inputs/train2set/E3L_6DO3_train2_chunk50/tar_params_train2_0_178.tar
Saved: /lus/eagle/projects/marP_TB_VLS/WC/williamhconrad4/OpenVS-main/experiments/E3L_6DO3/screening/inputs/train2set/E3L_6DO3_train2_chunk50/ligands_list_train2_0_178.txt
Saved: /lus/eagle/projects/marP_TB_VLS/WC/williamhconrad4/OpenVS-main/experiments/E3L_6DO3/screening/inputs/train2set/E3L_6DO3_train2_chunk50/flags_params_train2_0_178.flags
Saved: /lus/eagle/projects/marP_TB_VLS/WC/williamhconrad4/OpenVS-main/experiments/E3L_6DO3/screening/inputs/train2set/E3L_6DO3_train2_chunk50/tar_params_train2_0_179.tar
Saved: /lus/eagle/projects/marP_TB_VLS/WC/williamhconrad4/OpenVS-main/experiments/E3L_6DO3/screening/inputs/train2set/E3L_6DO3_train2_chunk50/ligands_list_train2_0_179.txt
Saved: /lus/eagle/projects/marP_TB_VLS/WC/williamhconrad4/OpenVS-main/experiments/E3L_6DO3/screening/inputs/train2set/E3L_6DO3_train2_chunk50/flags_params_train2_0_179.flags
Saved: /lus/eagle/projects/marP_TB_VLS/WC/williamhconrad4/OpenVS-main/experiments/E3L_6DO3/screening/inputs/train2set/E3L_6DO3_train2_chunk50/tar_params_train2_0_180.tar
Saved: /lus/eagle/projects/marP_TB_VLS/WC/williamhconrad4/OpenVS-main/experiments/E3L_6DO3/screening/inputs/train2set/E3L_6DO3_train2_chunk50/ligands_list_train2_0_180.txt
Saved: /lus/eagle/projects/marP_TB_VLS/WC/williamhconrad4/OpenVS-main/experiments/E3L_6DO3/screening/inputs/train2set/E3L_6DO3_train2_chunk50/flags_params_train2_0_180.flags
Saved: /lus/eagle/projects/marP_TB_VLS/WC/williamhconrad4/OpenVS-main/experiments/E3L_6DO3/screening/inputs/train2set/E3L_6DO3_train2_chunk50/tar_params_train2_0_181.tar
Saved: /lus/eagle/projects/marP_TB_VLS/WC/williamhconrad4/OpenVS-main/experiments/E3L_6DO3/screening/inputs/train2set/E3L_6DO3_train2_chunk50/ligands_list_train2_0_181.txt
Saved: /lus/eagle/projects/marP_TB_VLS/WC/williamhconrad4/OpenVS-main/experiments/E3L_6DO3/screening/inputs/train2set/E3L_6DO3_train2_chunk50/flags_params_train2_0_181.flags
Saved: /lus/eagle/projects/marP_TB_VLS/WC/williamhconrad4/OpenVS-main/experiments/E3L_6DO3/screening/inputs/train2set/E3L_6DO3_train2_chunk50/tar_params_train2_0_182.tar
Saved: /lus/eagle/projects/marP_TB_VLS/WC/williamhconrad4/OpenVS-main/experiments/E3L_6DO3/screening/inputs/train2set/E3L_6DO3_train2_chunk50/ligands_list_train2_0_182.txt
Saved: /lus/eagle/projects/marP_TB_VLS/WC/williamhconrad4/OpenVS-main/experiments/E3L_6DO3/screening/inputs/train2set/E3L_6DO3_train2_chunk50/flags_params_train2_0_182.flags
Saved: /lus/eagle/projects/marP_TB_VLS/WC/williamhconrad4/OpenVS-main/experiments/E3L_6DO3/screening/inputs/train2set/E3L_6DO3_train2_chunk50/tar_params_train2_0_183.tar
Saved: /lus/eagle/projects/marP_TB_VLS/WC/williamhconrad4/OpenVS-main/experiments/E3L_6DO3/screening/inputs/train2set/E3L_6DO3_train2_chunk50/ligands_list_train2_0_183.txt
Saved: /lus/eagle/projects/marP_TB_VLS/WC/williamhconrad4/OpenVS-main/experiments/E3L_6DO3/screening/inputs/train2set/E3L_6DO3_train2_chunk50/flags_params_train2_0_183.flags
Saved: /lus/eagle/projects/marP_TB_VLS/WC/williamhconrad4/OpenVS-main/experiments/E3L_6DO3/screening/inputs/train2set/E3L_6DO3_train2_chunk50/tar_params_train2_0_184.tar
Saved: /lus/eagle/projects/marP_TB_VLS/WC/williamhconrad4/OpenVS-main/experiments/E3L_6DO3/screening/inputs/train2set/E3L_6DO3_train2_chunk50/ligands_list_train2_0_184.txt
Saved: /lus/eagle/projects/marP_TB_VLS/WC/williamhconrad4/OpenVS-main/experiments/E3L_6DO3/screening/inputs/train2set/E3L_6DO3_train2_chunk50/flags_params_train2_0_184.flags
Saved: /lus/eagle/projects/marP_TB_VLS/WC/williamhconrad4/OpenVS-main/experiments/E3L_6DO3/screening/inputs/train2set/E3L_6DO3_train2_chunk50/tar_params_train2_0_185.tar
Saved: /lus/eagle/projects/marP_TB_VLS/WC/williamhconrad4/OpenVS-main/experiments/E3L_6DO3/screening/inputs/train2set/E3L_6DO3_train2_chunk50/ligands_list_train2_0_185.txt
Saved: /lus/eagle/projects/marP_TB_VLS/WC/williamhconrad4/OpenVS-main/experiments/E3L_6DO3/screening/inputs/train2set/E3L_6DO3_train2_chunk50/flags_params_train2_0_185.flags
Saved: /lus/eagle/projects/marP_TB_VLS/WC/williamhconrad4/OpenVS-main/experiments/E3L_6DO3/screening/inputs/train2set/E3L_6DO3_train2_chunk50/tar_params_train2_0_186.tar
Saved: /lus/eagle/projects/marP_TB_VLS/WC/williamhconrad4/OpenVS-main/experiments/E3L_6DO3/screening/inputs/train2set/E3L_6DO3_train2_chunk50/ligands_list_train2_0_186.txt
Saved: /lus/eagle/projects/marP_TB_VLS/WC/williamhconrad4/OpenVS-main/experiments/E3L_6DO3/screening/inputs/train2set/E3L_6DO3_train2_chunk50/flags_params_train2_0_186.flags
Saved: /lus/eagle/projects/marP_TB_VLS/WC/williamhconrad4/OpenVS-main/experiments/E3L_6DO3/screening/inputs/train2set/E3L_6DO3_train2_chunk50/tar_params_train2_0_187.tar
Saved: /lus/eagle/projects/marP_TB_VLS/WC/williamhconrad4/OpenVS-main/experiments/E3L_6DO3/screening/inputs/train2set/E3L_6DO3_train2_chunk50/ligands_list_train2_0_187.txt
Saved: /lus/eagle/projects/marP_TB_VLS/WC/williamhconrad4/OpenVS-main/experiments/E3L_6DO3/screening/inputs/train2set/E3L_6DO3_train2_chunk50/flags_params_train2_0_187.flags
Saved: /lus/eagle/projects/marP_TB_VLS/WC/williamhconrad4/OpenVS-main/experiments/E3L_6DO3/screening/inputs/train2set/E3L_6DO3_train2_chunk50/tar_params_train2_0_188.tar
Saved: /lus/eagle/projects/marP_TB_VLS/WC/williamhconrad4/OpenVS-main/experiments/E3L_6DO3/screening/inputs/train2set/E3L_6DO3_train2_chunk50/ligands_list_train2_0_188.txt
Saved: /lus/eagle/projects/marP_TB_VLS/WC/williamhconrad4/OpenVS-main/experiments/E3L_6DO3/screening/inputs/train2set/E3L_6DO3_train2_chunk50/flags_params_train2_0_188.flags
Saved: /lus/eagle/projects/marP_TB_VLS/WC/williamhconrad4/OpenVS-main/experiments/E3L_6DO3/screening/inputs/train2set/E3L_6DO3_train2_chunk50/tar_params_train2_0_189.tar
Saved: /lus/eagle/projects/marP_TB_VLS/WC/williamhconrad4/OpenVS-main/experiments/E3L_6DO3/screening/inputs/train2set/E3L_6DO3_train2_chunk50/ligands_list_train2_0_189.txt
Saved: /lus/eagle/projects/marP_TB_VLS/WC/williamhconrad4/OpenVS-main/experiments/E3L_6DO3/screening/inputs/train2set/E3L_6DO3_train2_chunk50/flags_params_train2_0_189.flags
Saved: /lus/eagle/projects/marP_TB_VLS/WC/williamhconrad4/OpenVS-main/experiments/E3L_6DO3/screening/inputs/train2set/E3L_6DO3_train2_chunk50/tar_params_train2_0_190.tar
Saved: /lus/eagle/projects/marP_TB_VLS/WC/williamhconrad4/OpenVS-main/experiments/E3L_6DO3/screening/inputs/train2set/E3L_6DO3_train2_chunk50/ligands_list_train2_0_190.txt
Saved: /lus/eagle/projects/marP_TB_VLS/WC/williamhconrad4/OpenVS-main/experiments/E3L_6DO3/screening/inputs/train2set/E3L_6DO3_train2_chunk50/flags_params_train2_0_190.flags
Saved: /lus/eagle/projects/marP_TB_VLS/WC/williamhconrad4/OpenVS-main/experiments/E3L_6DO3/screening/inputs/train2set/E3L_6DO3_train2_chunk50/tar_params_train2_0_191.tar
Saved: /lus/eagle/projects/marP_TB_VLS/WC/williamhconrad4/OpenVS-main/experiments/E3L_6DO3/screening/inputs/train2set/E3L_6DO3_train2_chunk50/ligands_list_train2_0_191.txt
Saved: /lus/eagle/projects/marP_TB_VLS/WC/williamhconrad4/OpenVS-main/experiments/E3L_6DO3/screening/inputs/train2set/E3L_6DO3_train2_chunk50/flags_params_train2_0_191.flags
Saved: /lus/eagle/projects/marP_TB_VLS/WC/williamhconrad4/OpenVS-main/experiments/E3L_6DO3/screening/inputs/train2set/E3L_6DO3_train2_chunk50/tar_params_train2_0_192.tar
Saved: /lus/eagle/projects/marP_TB_VLS/WC/williamhconrad4/OpenVS-main/experiments/E3L_6DO3/screening/inputs/train2set/E3L_6DO3_train2_chunk50/ligands_list_train2_0_192.txt
Saved: /lus/eagle/projects/marP_TB_VLS/WC/williamhconrad4/OpenVS-main/experiments/E3L_6DO3/screening/inputs/train2set/E3L_6DO3_train2_chunk50/flags_params_train2_0_192.flags
Saved: /lus/eagle/projects/marP_TB_VLS/WC/williamhconrad4/OpenVS-main/experiments/E3L_6DO3/screening/inputs/train2set/E3L_6DO3_train2_chunk50/tar_params_train2_0_193.tar
Saved: /lus/eagle/projects/marP_TB_VLS/WC/williamhconrad4/OpenVS-main/experiments/E3L_6DO3/screening/inputs/train2set/E3L_6DO3_train2_chunk50/ligands_list_train2_0_193.txt
Saved: /lus/eagle/projects/marP_TB_VLS/WC/williamhconrad4/OpenVS-main/experiments/E3L_6DO3/screening/inputs/train2set/E3L_6DO3_train2_chunk50/flags_params_train2_0_193.flags
Saved: /lus/eagle/projects/marP_TB_VLS/WC/williamhconrad4/OpenVS-main/experiments/E3L_6DO3/screening/inputs/train2set/E3L_6DO3_train2_chunk50/tar_params_train2_0_194.tar
Saved: /lus/eagle/projects/marP_TB_VLS/WC/williamhconrad4/OpenVS-main/experiments/E3L_6DO3/screening/inputs/train2set/E3L_6DO3_train2_chunk50/ligands_list_train2_0_194.txt
Saved: /lus/eagle/projects/marP_TB_VLS/WC/williamhconrad4/OpenVS-main/experiments/E3L_6DO3/screening/inputs/train2set/E3L_6DO3_train2_chunk50/flags_params_train2_0_194.flags
Saved: /lus/eagle/projects/marP_TB_VLS/WC/williamhconrad4/OpenVS-main/experiments/E3L_6DO3/screening/inputs/train2set/E3L_6DO3_train2_chunk50/tar_params_train2_0_195.tar
Saved: /lus/eagle/projects/marP_TB_VLS/WC/williamhconrad4/OpenVS-main/experiments/E3L_6DO3/screening/inputs/train2set/E3L_6DO3_train2_chunk50/ligands_list_train2_0_195.txt
Saved: /lus/eagle/projects/marP_TB_VLS/WC/williamhconrad4/OpenVS-main/experiments/E3L_6DO3/screening/inputs/train2set/E3L_6DO3_train2_chunk50/flags_params_train2_0_195.flags
Saved: /lus/eagle/projects/marP_TB_VLS/WC/williamhconrad4/OpenVS-main/experiments/E3L_6DO3/screening/inputs/train2set/E3L_6DO3_train2_chunk50/tar_params_train2_0_196.tar
Saved: /lus/eagle/projects/marP_TB_VLS/WC/williamhconrad4/OpenVS-main/experiments/E3L_6DO3/screening/inputs/train2set/E3L_6DO3_train2_chunk50/ligands_list_train2_0_196.txt
Saved: /lus/eagle/projects/marP_TB_VLS/WC/williamhconrad4/OpenVS-main/experiments/E3L_6DO3/screening/inputs/train2set/E3L_6DO3_train2_chunk50/flags_params_train2_0_196.flags
Saved: /lus/eagle/projects/marP_TB_VLS/WC/williamhconrad4/OpenVS-main/experiments/E3L_6DO3/screening/inputs/train2set/E3L_6DO3_train2_chunk50/tar_params_train2_0_197.tar
Saved: /lus/eagle/projects/marP_TB_VLS/WC/williamhconrad4/OpenVS-main/experiments/E3L_6DO3/screening/inputs/train2set/E3L_6DO3_train2_chunk50/ligands_list_train2_0_197.txt
Saved: /lus/eagle/projects/marP_TB_VLS/WC/williamhconrad4/OpenVS-main/experiments/E3L_6DO3/screening/inputs/train2set/E3L_6DO3_train2_chunk50/flags_params_train2_0_197.flags
Saved: /lus/eagle/projects/marP_TB_VLS/WC/williamhconrad4/OpenVS-main/experiments/E3L_6DO3/screening/inputs/train2set/E3L_6DO3_train2_chunk50/tar_params_train2_0_198.tar
Saved: /lus/eagle/projects/marP_TB_VLS/WC/williamhconrad4/OpenVS-main/experiments/E3L_6DO3/screening/inputs/train2set/E3L_6DO3_train2_chunk50/ligands_list_train2_0_198.txt
Saved: /lus/eagle/projects/marP_TB_VLS/WC/williamhconrad4/OpenVS-main/experiments/E3L_6DO3/screening/inputs/train2set/E3L_6DO3_train2_chunk50/flags_params_train2_0_198.flags
Saved: /lus/eagle/projects/marP_TB_VLS/WC/williamhconrad4/OpenVS-main/experiments/E3L_6DO3/screening/inputs/train2set/E3L_6DO3_train2_chunk50/tar_params_train2_0_199.tar
Saved: /lus/eagle/projects/marP_TB_VLS/WC/williamhconrad4/OpenVS-main/experiments/E3L_6DO3/screening/inputs/train2set/E3L_6DO3_train2_chunk50/ligands_list_train2_0_199.txt
Saved: /lus/eagle/projects/marP_TB_VLS/WC/williamhconrad4/OpenVS-main/experiments/E3L_6DO3/screening/inputs/train2set/E3L_6DO3_train2_chunk50/flags_params_train2_0_199.flags
Saved: /lus/eagle/projects/marP_TB_VLS/WC/williamhconrad4/OpenVS-main/experiments/E3L_6DO3/screening/inputs/train2set/E3L_6DO3_train2_chunk50/tar_params_train2_0_200.tar
Saved: /lus/eagle/projects/marP_TB_VLS/WC/williamhconrad4/OpenVS-main/experiments/E3L_6DO3/screening/inputs/train2set/E3L_6DO3_train2_chunk50/ligands_list_train2_0_200.txt
Saved: /lus/eagle/projects/marP_TB_VLS/WC/williamhconrad4/OpenVS-main/experiments/E3L_6DO3/screening/inputs/train2set/E3L_6DO3_train2_chunk50/flags_params_train2_0_200.flags
Saved: /lus/eagle/projects/marP_TB_VLS/WC/williamhconrad4/OpenVS-main/experiments/E3L_6DO3/screening/inputs/train2set/E3L_6DO3_train2_chunk50/tar_params_train2_0_201.tar
Saved: /lus/eagle/projects/marP_TB_VLS/WC/williamhconrad4/OpenVS-main/experiments/E3L_6DO3/screening/inputs/train2set/E3L_6DO3_train2_chunk50/ligands_list_train2_0_201.txt
Saved: /lus/eagle/projects/marP_TB_VLS/WC/williamhconrad4/OpenVS-main/experiments/E3L_6DO3/screening/inputs/train2set/E3L_6DO3_train2_chunk50/flags_params_train2_0_201.flags
Saved: /lus/eagle/projects/marP_TB_VLS/WC/williamhconrad4/OpenVS-main/experiments/E3L_6DO3/screening/inputs/train2set/E3L_6DO3_train2_chunk50/tar_params_train2_0_202.tar
Saved: /lus/eagle/projects/marP_TB_VLS/WC/williamhconrad4/OpenVS-main/experiments/E3L_6DO3/screening/inputs/train2set/E3L_6DO3_train2_chunk50/ligands_list_train2_0_202.txt
Saved: /lus/eagle/projects/marP_TB_VLS/WC/williamhconrad4/OpenVS-main/experiments/E3L_6DO3/screening/inputs/train2set/E3L_6DO3_train2_chunk50/flags_params_train2_0_202.flags
Saved: /lus/eagle/projects/marP_TB_VLS/WC/williamhconrad4/OpenVS-main/experiments/E3L_6DO3/screening/inputs/train2set/E3L_6DO3_train2_chunk50/tar_params_train2_0_203.tar
Saved: /lus/eagle/projects/marP_TB_VLS/WC/williamhconrad4/OpenVS-main/experiments/E3L_6DO3/screening/inputs/train2set/E3L_6DO3_train2_chunk50/ligands_list_train2_0_203.txt
Saved: /lus/eagle/projects/marP_TB_VLS/WC/williamhconrad4/OpenVS-main/experiments/E3L_6DO3/screening/inputs/train2set/E3L_6DO3_train2_chunk50/flags_params_train2_0_203.flags
Saved: /lus/eagle/projects/marP_TB_VLS/WC/williamhconrad4/OpenVS-main/experiments/E3L_6DO3/screening/inputs/train2set/E3L_6DO3_train2_chunk50/tar_params_train2_0_204.tar
Saved: /lus/eagle/projects/marP_TB_VLS/WC/williamhconrad4/OpenVS-main/experiments/E3L_6DO3/screening/inputs/train2set/E3L_6DO3_train2_chunk50/ligands_list_train2_0_204.txt
Saved: /lus/eagle/projects/marP_TB_VLS/WC/williamhconrad4/OpenVS-main/experiments/E3L_6DO3/screening/inputs/train2set/E3L_6DO3_train2_chunk50/flags_params_train2_0_204.flags
Saved: /lus/eagle/projects/marP_TB_VLS/WC/williamhconrad4/OpenVS-main/experiments/E3L_6DO3/screening/inputs/train2set/E3L_6DO3_train2_chunk50/tar_params_train2_0_205.tar
Saved: /lus/eagle/projects/marP_TB_VLS/WC/williamhconrad4/OpenVS-main/experiments/E3L_6DO3/screening/inputs/train2set/E3L_6DO3_train2_chunk50/ligands_list_train2_0_205.txt
Saved: /lus/eagle/projects/marP_TB_VLS/WC/williamhconrad4/OpenVS-main/experiments/E3L_6DO3/screening/inputs/train2set/E3L_6DO3_train2_chunk50/flags_params_train2_0_205.flags
Saved: /lus/eagle/projects/marP_TB_VLS/WC/williamhconrad4/OpenVS-main/experiments/E3L_6DO3/screening/inputs/train2set/E3L_6DO3_train2_chunk50/tar_params_train2_0_206.tar
Saved: /lus/eagle/projects/marP_TB_VLS/WC/williamhconrad4/OpenVS-main/experiments/E3L_6DO3/screening/inputs/train2set/E3L_6DO3_train2_chunk50/ligands_list_train2_0_206.txt
Saved: /lus/eagle/projects/marP_TB_VLS/WC/williamhconrad4/OpenVS-main/experiments/E3L_6DO3/screening/inputs/train2set/E3L_6DO3_train2_chunk50/flags_params_train2_0_206.flags
Saved: /lus/eagle/projects/marP_TB_VLS/WC/williamhconrad4/OpenVS-main/experiments/E3L_6DO3/screening/inputs/train2set/E3L_6DO3_train2_chunk50/tar_params_train2_0_207.tar
Saved: /lus/eagle/projects/marP_TB_VLS/WC/williamhconrad4/OpenVS-main/experiments/E3L_6DO3/screening/inputs/train2set/E3L_6DO3_train2_chunk50/ligands_list_train2_0_207.txt
Saved: /lus/eagle/projects/marP_TB_VLS/WC/williamhconrad4/OpenVS-main/experiments/E3L_6DO3/screening/inputs/train2set/E3L_6DO3_train2_chunk50/flags_params_train2_0_207.flags
Saved: /lus/eagle/projects/marP_TB_VLS/WC/williamhconrad4/OpenVS-main/experiments/E3L_6DO3/screening/inputs/train2set/E3L_6DO3_train2_chunk50/tar_params_train2_0_208.tar
Saved: /lus/eagle/projects/marP_TB_VLS/WC/williamhconrad4/OpenVS-main/experiments/E3L_6DO3/screening/inputs/train2set/E3L_6DO3_train2_chunk50/ligands_list_train2_0_208.txt
Saved: /lus/eagle/projects/marP_TB_VLS/WC/williamhconrad4/OpenVS-main/experiments/E3L_6DO3/screening/inputs/train2set/E3L_6DO3_train2_chunk50/flags_params_train2_0_208.flags
Saved: /lus/eagle/projects/marP_TB_VLS/WC/williamhconrad4/OpenVS-main/experiments/E3L_6DO3/screening/inputs/train2set/E3L_6DO3_train2_chunk50/tar_params_train2_0_209.tar
Saved: /lus/eagle/projects/marP_TB_VLS/WC/williamhconrad4/OpenVS-main/experiments/E3L_6DO3/screening/inputs/train2set/E3L_6DO3_train2_chunk50/ligands_list_train2_0_209.txt
Saved: /lus/eagle/projects/marP_TB_VLS/WC/williamhconrad4/OpenVS-main/experiments/E3L_6DO3/screening/inputs/train2set/E3L_6DO3_train2_chunk50/flags_params_train2_0_209.flags
Saved: /lus/eagle/projects/marP_TB_VLS/WC/williamhconrad4/OpenVS-main/experiments/E3L_6DO3/screening/inputs/train2set/E3L_6DO3_train2_chunk50/tar_params_train2_0_210.tar
Saved: /lus/eagle/projects/marP_TB_VLS/WC/williamhconrad4/OpenVS-main/experiments/E3L_6DO3/screening/inputs/train2set/E3L_6DO3_train2_chunk50/ligands_list_train2_0_210.txt
Saved: /lus/eagle/projects/marP_TB_VLS/WC/williamhconrad4/OpenVS-main/experiments/E3L_6DO3/screening/inputs/train2set/E3L_6DO3_train2_chunk50/flags_params_train2_0_210.flags
Saved: /lus/eagle/projects/marP_TB_VLS/WC/williamhconrad4/OpenVS-main/experiments/E3L_6DO3/screening/inputs/train2set/E3L_6DO3_train2_chunk50/tar_params_train2_0_211.tar
Saved: /lus/eagle/projects/marP_TB_VLS/WC/williamhconrad4/OpenVS-main/experiments/E3L_6DO3/screening/inputs/train2set/E3L_6DO3_train2_chunk50/ligands_list_train2_0_211.txt
Saved: /lus/eagle/projects/marP_TB_VLS/WC/williamhconrad4/OpenVS-main/experiments/E3L_6DO3/screening/inputs/train2set/E3L_6DO3_train2_chunk50/flags_params_train2_0_211.flags
Saved: /lus/eagle/projects/marP_TB_VLS/WC/williamhconrad4/OpenVS-main/experiments/E3L_6DO3/screening/inputs/train2set/E3L_6DO3_train2_chunk50/tar_params_train2_0_212.tar
Saved: /lus/eagle/projects/marP_TB_VLS/WC/williamhconrad4/OpenVS-main/experiments/E3L_6DO3/screening/inputs/train2set/E3L_6DO3_train2_chunk50/ligands_list_train2_0_212.txt
Saved: /lus/eagle/projects/marP_TB_VLS/WC/williamhconrad4/OpenVS-main/experiments/E3L_6DO3/screening/inputs/train2set/E3L_6DO3_train2_chunk50/flags_params_train2_0_212.flags
Saved: /lus/eagle/projects/marP_TB_VLS/WC/williamhconrad4/OpenVS-main/experiments/E3L_6DO3/screening/inputs/train2set/E3L_6DO3_train2_chunk50/tar_params_train2_0_213.tar
Saved: /lus/eagle/projects/marP_TB_VLS/WC/williamhconrad4/OpenVS-main/experiments/E3L_6DO3/screening/inputs/train2set/E3L_6DO3_train2_chunk50/ligands_list_train2_0_213.txt
Saved: /lus/eagle/projects/marP_TB_VLS/WC/williamhconrad4/OpenVS-main/experiments/E3L_6DO3/screening/inputs/train2set/E3L_6DO3_train2_chunk50/flags_params_train2_0_213.flags
Saved: /lus/eagle/projects/marP_TB_VLS/WC/williamhconrad4/OpenVS-main/experiments/E3L_6DO3/screening/inputs/train2set/E3L_6DO3_train2_chunk50/tar_params_train2_0_214.tar
Saved: /lus/eagle/projects/marP_TB_VLS/WC/williamhconrad4/OpenVS-main/experiments/E3L_6DO3/screening/inputs/train2set/E3L_6DO3_train2_chunk50/ligands_list_train2_0_214.txt
Saved: /lus/eagle/projects/marP_TB_VLS/WC/williamhconrad4/OpenVS-main/experiments/E3L_6DO3/screening/inputs/train2set/E3L_6DO3_train2_chunk50/flags_params_train2_0_214.flags
Saved: /lus/eagle/projects/marP_TB_VLS/WC/williamhconrad4/OpenVS-main/experiments/E3L_6DO3/screening/inputs/train2set/E3L_6DO3_train2_chunk50/tar_params_train2_0_215.tar
Saved: /lus/eagle/projects/marP_TB_VLS/WC/williamhconrad4/OpenVS-main/experiments/E3L_6DO3/screening/inputs/train2set/E3L_6DO3_train2_chunk50/ligands_list_train2_0_215.txt
Saved: /lus/eagle/projects/marP_TB_VLS/WC/williamhconrad4/OpenVS-main/experiments/E3L_6DO3/screening/inputs/train2set/E3L_6DO3_train2_chunk50/flags_params_train2_0_215.flags
Saved: /lus/eagle/projects/marP_TB_VLS/WC/williamhconrad4/OpenVS-main/experiments/E3L_6DO3/screening/inputs/train2set/E3L_6DO3_train2_chunk50/tar_params_train2_0_216.tar
Saved: /lus/eagle/projects/marP_TB_VLS/WC/williamhconrad4/OpenVS-main/experiments/E3L_6DO3/screening/inputs/train2set/E3L_6DO3_train2_chunk50/ligands_list_train2_0_216.txt
Saved: /lus/eagle/projects/marP_TB_VLS/WC/williamhconrad4/OpenVS-main/experiments/E3L_6DO3/screening/inputs/train2set/E3L_6DO3_train2_chunk50/flags_params_train2_0_216.flags
Saved: /lus/eagle/projects/marP_TB_VLS/WC/williamhconrad4/OpenVS-main/experiments/E3L_6DO3/screening/inputs/train2set/E3L_6DO3_train2_chunk50/tar_params_train2_0_217.tar
Saved: /lus/eagle/projects/marP_TB_VLS/WC/williamhconrad4/OpenVS-main/experiments/E3L_6DO3/screening/inputs/train2set/E3L_6DO3_train2_chunk50/ligands_list_train2_0_217.txt
Saved: /lus/eagle/projects/marP_TB_VLS/WC/williamhconrad4/OpenVS-main/experiments/E3L_6DO3/screening/inputs/train2set/E3L_6DO3_train2_chunk50/flags_params_train2_0_217.flags
Saved: /lus/eagle/projects/marP_TB_VLS/WC/williamhconrad4/OpenVS-main/experiments/E3L_6DO3/screening/inputs/train2set/E3L_6DO3_train2_chunk50/tar_params_train2_0_218.tar
Saved: /lus/eagle/projects/marP_TB_VLS/WC/williamhconrad4/OpenVS-main/experiments/E3L_6DO3/screening/inputs/train2set/E3L_6DO3_train2_chunk50/ligands_list_train2_0_218.txt
Saved: /lus/eagle/projects/marP_TB_VLS/WC/williamhconrad4/OpenVS-main/experiments/E3L_6DO3/screening/inputs/train2set/E3L_6DO3_train2_chunk50/flags_params_train2_0_218.flags
Saved: /lus/eagle/projects/marP_TB_VLS/WC/williamhconrad4/OpenVS-main/experiments/E3L_6DO3/screening/inputs/train2set/E3L_6DO3_train2_chunk50/tar_params_train2_0_219.tar
Saved: /lus/eagle/projects/marP_TB_VLS/WC/williamhconrad4/OpenVS-main/experiments/E3L_6DO3/screening/inputs/train2set/E3L_6DO3_train2_chunk50/ligands_list_train2_0_219.txt
Saved: /lus/eagle/projects/marP_TB_VLS/WC/williamhconrad4/OpenVS-main/experiments/E3L_6DO3/screening/inputs/train2set/E3L_6DO3_train2_chunk50/flags_params_train2_0_219.flags
Saved: /lus/eagle/projects/marP_TB_VLS/WC/williamhconrad4/OpenVS-main/experiments/E3L_6DO3/screening/inputs/train2set/E3L_6DO3_train2_chunk50/tar_params_train2_0_220.tar
Saved: /lus/eagle/projects/marP_TB_VLS/WC/williamhconrad4/OpenVS-main/experiments/E3L_6DO3/screening/inputs/train2set/E3L_6DO3_train2_chunk50/ligands_list_train2_0_220.txt
Saved: /lus/eagle/projects/marP_TB_VLS/WC/williamhconrad4/OpenVS-main/experiments/E3L_6DO3/screening/inputs/train2set/E3L_6DO3_train2_chunk50/flags_params_train2_0_220.flags
Saved: /lus/eagle/projects/marP_TB_VLS/WC/williamhconrad4/OpenVS-main/experiments/E3L_6DO3/screening/inputs/train2set/E3L_6DO3_train2_chunk50/tar_params_train2_0_221.tar
Saved: /lus/eagle/projects/marP_TB_VLS/WC/williamhconrad4/OpenVS-main/experiments/E3L_6DO3/screening/inputs/train2set/E3L_6DO3_train2_chunk50/ligands_list_train2_0_221.txt
Saved: /lus/eagle/projects/marP_TB_VLS/WC/williamhconrad4/OpenVS-main/experiments/E3L_6DO3/screening/inputs/train2set/E3L_6DO3_train2_chunk50/flags_params_train2_0_221.flags
Saved: /lus/eagle/projects/marP_TB_VLS/WC/williamhconrad4/OpenVS-main/experiments/E3L_6DO3/screening/inputs/train2set/E3L_6DO3_train2_chunk50/tar_params_train2_0_222.tar
Saved: /lus/eagle/projects/marP_TB_VLS/WC/williamhconrad4/OpenVS-main/experiments/E3L_6DO3/screening/inputs/train2set/E3L_6DO3_train2_chunk50/ligands_list_train2_0_222.txt
Saved: /lus/eagle/projects/marP_TB_VLS/WC/williamhconrad4/OpenVS-main/experiments/E3L_6DO3/screening/inputs/train2set/E3L_6DO3_train2_chunk50/flags_params_train2_0_222.flags
Saved: /lus/eagle/projects/marP_TB_VLS/WC/williamhconrad4/OpenVS-main/experiments/E3L_6DO3/screening/inputs/train2set/E3L_6DO3_train2_chunk50/tar_params_train2_0_223.tar
Saved: /lus/eagle/projects/marP_TB_VLS/WC/williamhconrad4/OpenVS-main/experiments/E3L_6DO3/screening/inputs/train2set/E3L_6DO3_train2_chunk50/ligands_list_train2_0_223.txt
Saved: /lus/eagle/projects/marP_TB_VLS/WC/williamhconrad4/OpenVS-main/experiments/E3L_6DO3/screening/inputs/train2set/E3L_6DO3_train2_chunk50/flags_params_train2_0_223.flags
Saved: /lus/eagle/projects/marP_TB_VLS/WC/williamhconrad4/OpenVS-main/experiments/E3L_6DO3/screening/inputs/train2set/E3L_6DO3_train2_chunk50/tar_params_train2_0_224.tar
Saved: /lus/eagle/projects/marP_TB_VLS/WC/williamhconrad4/OpenVS-main/experiments/E3L_6DO3/screening/inputs/train2set/E3L_6DO3_train2_chunk50/ligands_list_train2_0_224.txt
Saved: /lus/eagle/projects/marP_TB_VLS/WC/williamhconrad4/OpenVS-main/experiments/E3L_6DO3/screening/inputs/train2set/E3L_6DO3_train2_chunk50/flags_params_train2_0_224.flags
Saved: /lus/eagle/projects/marP_TB_VLS/WC/williamhconrad4/OpenVS-main/experiments/E3L_6DO3/screening/inputs/train2set/E3L_6DO3_train2_chunk50/tar_params_train2_0_225.tar
Saved: /lus/eagle/projects/marP_TB_VLS/WC/williamhconrad4/OpenVS-main/experiments/E3L_6DO3/screening/inputs/train2set/E3L_6DO3_train2_chunk50/ligands_list_train2_0_225.txt
Saved: /lus/eagle/projects/marP_TB_VLS/WC/williamhconrad4/OpenVS-main/experiments/E3L_6DO3/screening/inputs/train2set/E3L_6DO3_train2_chunk50/flags_params_train2_0_225.flags
Saved: /lus/eagle/projects/marP_TB_VLS/WC/williamhconrad4/OpenVS-main/experiments/E3L_6DO3/screening/inputs/train2set/E3L_6DO3_train2_chunk50/tar_params_train2_0_226.tar
Saved: /lus/eagle/projects/marP_TB_VLS/WC/williamhconrad4/OpenVS-main/experiments/E3L_6DO3/screening/inputs/train2set/E3L_6DO3_train2_chunk50/ligands_list_train2_0_226.txt
Saved: /lus/eagle/projects/marP_TB_VLS/WC/williamhconrad4/OpenVS-main/experiments/E3L_6DO3/screening/inputs/train2set/E3L_6DO3_train2_chunk50/flags_params_train2_0_226.flags
Saved: /lus/eagle/projects/marP_TB_VLS/WC/williamhconrad4/OpenVS-main/experiments/E3L_6DO3/screening/inputs/train2set/E3L_6DO3_train2_chunk50/tar_params_train2_0_227.tar
Saved: /lus/eagle/projects/marP_TB_VLS/WC/williamhconrad4/OpenVS-main/experiments/E3L_6DO3/screening/inputs/train2set/E3L_6DO3_train2_chunk50/ligands_list_train2_0_227.txt
Saved: /lus/eagle/projects/marP_TB_VLS/WC/williamhconrad4/OpenVS-main/experiments/E3L_6DO3/screening/inputs/train2set/E3L_6DO3_train2_chunk50/flags_params_train2_0_227.flags
Saved: /lus/eagle/projects/marP_TB_VLS/WC/williamhconrad4/OpenVS-main/experiments/E3L_6DO3/screening/inputs/train2set/E3L_6DO3_train2_chunk50/tar_params_train2_0_228.tar
Saved: /lus/eagle/projects/marP_TB_VLS/WC/williamhconrad4/OpenVS-main/experiments/E3L_6DO3/screening/inputs/train2set/E3L_6DO3_train2_chunk50/ligands_list_train2_0_228.txt
Saved: /lus/eagle/projects/marP_TB_VLS/WC/williamhconrad4/OpenVS-main/experiments/E3L_6DO3/screening/inputs/train2set/E3L_6DO3_train2_chunk50/flags_params_train2_0_228.flags
Saved: /lus/eagle/projects/marP_TB_VLS/WC/williamhconrad4/OpenVS-main/experiments/E3L_6DO3/screening/inputs/train2set/E3L_6DO3_train2_chunk50/tar_params_train2_0_229.tar
Saved: /lus/eagle/projects/marP_TB_VLS/WC/williamhconrad4/OpenVS-main/experiments/E3L_6DO3/screening/inputs/train2set/E3L_6DO3_train2_chunk50/ligands_list_train2_0_229.txt
Saved: /lus/eagle/projects/marP_TB_VLS/WC/williamhconrad4/OpenVS-main/experiments/E3L_6DO3/screening/inputs/train2set/E3L_6DO3_train2_chunk50/flags_params_train2_0_229.flags
Saved: /lus/eagle/projects/marP_TB_VLS/WC/williamhconrad4/OpenVS-main/experiments/E3L_6DO3/screening/inputs/train2set/E3L_6DO3_train2_chunk50/tar_params_train2_0_230.tar
Saved: /lus/eagle/projects/marP_TB_VLS/WC/williamhconrad4/OpenVS-main/experiments/E3L_6DO3/screening/inputs/train2set/E3L_6DO3_train2_chunk50/ligands_list_train2_0_230.txt
Saved: /lus/eagle/projects/marP_TB_VLS/WC/williamhconrad4/OpenVS-main/experiments/E3L_6DO3/screening/inputs/train2set/E3L_6DO3_train2_chunk50/flags_params_train2_0_230.flags
Saved: /lus/eagle/projects/marP_TB_VLS/WC/williamhconrad4/OpenVS-main/experiments/E3L_6DO3/screening/inputs/train2set/E3L_6DO3_train2_chunk50/tar_params_train2_0_231.tar
Saved: /lus/eagle/projects/marP_TB_VLS/WC/williamhconrad4/OpenVS-main/experiments/E3L_6DO3/screening/inputs/train2set/E3L_6DO3_train2_chunk50/ligands_list_train2_0_231.txt
Saved: /lus/eagle/projects/marP_TB_VLS/WC/williamhconrad4/OpenVS-main/experiments/E3L_6DO3/screening/inputs/train2set/E3L_6DO3_train2_chunk50/flags_params_train2_0_231.flags
Saved: /lus/eagle/projects/marP_TB_VLS/WC/williamhconrad4/OpenVS-main/experiments/E3L_6DO3/screening/inputs/train2set/E3L_6DO3_train2_chunk50/tar_params_train2_0_232.tar
Saved: /lus/eagle/projects/marP_TB_VLS/WC/williamhconrad4/OpenVS-main/experiments/E3L_6DO3/screening/inputs/train2set/E3L_6DO3_train2_chunk50/ligands_list_train2_0_232.txt
Saved: /lus/eagle/projects/marP_TB_VLS/WC/williamhconrad4/OpenVS-main/experiments/E3L_6DO3/screening/inputs/train2set/E3L_6DO3_train2_chunk50/flags_params_train2_0_232.flags
Saved: /lus/eagle/projects/marP_TB_VLS/WC/williamhconrad4/OpenVS-main/experiments/E3L_6DO3/screening/inputs/train2set/E3L_6DO3_train2_chunk50/tar_params_train2_0_233.tar
Saved: /lus/eagle/projects/marP_TB_VLS/WC/williamhconrad4/OpenVS-main/experiments/E3L_6DO3/screening/inputs/train2set/E3L_6DO3_train2_chunk50/ligands_list_train2_0_233.txt
Saved: /lus/eagle/projects/marP_TB_VLS/WC/williamhconrad4/OpenVS-main/experiments/E3L_6DO3/screening/inputs/train2set/E3L_6DO3_train2_chunk50/flags_params_train2_0_233.flags
Saved: /lus/eagle/projects/marP_TB_VLS/WC/williamhconrad4/OpenVS-main/experiments/E3L_6DO3/screening/inputs/train2set/E3L_6DO3_train2_chunk50/tar_params_train2_0_234.tar
Saved: /lus/eagle/projects/marP_TB_VLS/WC/williamhconrad4/OpenVS-main/experiments/E3L_6DO3/screening/inputs/train2set/E3L_6DO3_train2_chunk50/ligands_list_train2_0_234.txt
Saved: /lus/eagle/projects/marP_TB_VLS/WC/williamhconrad4/OpenVS-main/experiments/E3L_6DO3/screening/inputs/train2set/E3L_6DO3_train2_chunk50/flags_params_train2_0_234.flags
Saved: /lus/eagle/projects/marP_TB_VLS/WC/williamhconrad4/OpenVS-main/experiments/E3L_6DO3/screening/inputs/train2set/E3L_6DO3_train2_chunk50/tar_params_train2_0_235.tar
Saved: /lus/eagle/projects/marP_TB_VLS/WC/williamhconrad4/OpenVS-main/experiments/E3L_6DO3/screening/inputs/train2set/E3L_6DO3_train2_chunk50/ligands_list_train2_0_235.txt
Saved: /lus/eagle/projects/marP_TB_VLS/WC/williamhconrad4/OpenVS-main/experiments/E3L_6DO3/screening/inputs/train2set/E3L_6DO3_train2_chunk50/flags_params_train2_0_235.flags
Saved: /lus/eagle/projects/marP_TB_VLS/WC/williamhconrad4/OpenVS-main/experiments/E3L_6DO3/screening/inputs/train2set/E3L_6DO3_train2_chunk50/tar_params_train2_0_236.tar
Saved: /lus/eagle/projects/marP_TB_VLS/WC/williamhconrad4/OpenVS-main/experiments/E3L_6DO3/screening/inputs/train2set/E3L_6DO3_train2_chunk50/ligands_list_train2_0_236.txt
Saved: /lus/eagle/projects/marP_TB_VLS/WC/williamhconrad4/OpenVS-main/experiments/E3L_6DO3/screening/inputs/train2set/E3L_6DO3_train2_chunk50/flags_params_train2_0_236.flags
Saved: /lus/eagle/projects/marP_TB_VLS/WC/williamhconrad4/OpenVS-main/experiments/E3L_6DO3/screening/inputs/train2set/E3L_6DO3_train2_chunk50/tar_params_train2_0_237.tar
Saved: /lus/eagle/projects/marP_TB_VLS/WC/williamhconrad4/OpenVS-main/experiments/E3L_6DO3/screening/inputs/train2set/E3L_6DO3_train2_chunk50/ligands_list_train2_0_237.txt
Saved: /lus/eagle/projects/marP_TB_VLS/WC/williamhconrad4/OpenVS-main/experiments/E3L_6DO3/screening/inputs/train2set/E3L_6DO3_train2_chunk50/flags_params_train2_0_237.flags
Saved: /lus/eagle/projects/marP_TB_VLS/WC/williamhconrad4/OpenVS-main/experiments/E3L_6DO3/screening/inputs/train2set/E3L_6DO3_train2_chunk50/tar_params_train2_0_238.tar
Saved: /lus/eagle/projects/marP_TB_VLS/WC/williamhconrad4/OpenVS-main/experiments/E3L_6DO3/screening/inputs/train2set/E3L_6DO3_train2_chunk50/ligands_list_train2_0_238.txt
Saved: /lus/eagle/projects/marP_TB_VLS/WC/williamhconrad4/OpenVS-main/experiments/E3L_6DO3/screening/inputs/train2set/E3L_6DO3_train2_chunk50/flags_params_train2_0_238.flags
Saved: /lus/eagle/projects/marP_TB_VLS/WC/williamhconrad4/OpenVS-main/experiments/E3L_6DO3/screening/inputs/train2set/E3L_6DO3_train2_chunk50/tar_params_train2_0_239.tar
Saved: /lus/eagle/projects/marP_TB_VLS/WC/williamhconrad4/OpenVS-main/experiments/E3L_6DO3/screening/inputs/train2set/E3L_6DO3_train2_chunk50/ligands_list_train2_0_239.txt
Saved: /lus/eagle/projects/marP_TB_VLS/WC/williamhconrad4/OpenVS-main/experiments/E3L_6DO3/screening/inputs/train2set/E3L_6DO3_train2_chunk50/flags_params_train2_0_239.flags
Saved: /lus/eagle/projects/marP_TB_VLS/WC/williamhconrad4/OpenVS-main/experiments/E3L_6DO3/screening/inputs/train2set/E3L_6DO3_train2_chunk50/tar_params_train2_0_240.tar
Saved: /lus/eagle/projects/marP_TB_VLS/WC/williamhconrad4/OpenVS-main/experiments/E3L_6DO3/screening/inputs/train2set/E3L_6DO3_train2_chunk50/ligands_list_train2_0_240.txt
Saved: /lus/eagle/projects/marP_TB_VLS/WC/williamhconrad4/OpenVS-main/experiments/E3L_6DO3/screening/inputs/train2set/E3L_6DO3_train2_chunk50/flags_params_train2_0_240.flags
Saved: /lus/eagle/projects/marP_TB_VLS/WC/williamhconrad4/OpenVS-main/experiments/E3L_6DO3/screening/inputs/train2set/E3L_6DO3_train2_chunk50/tar_params_train2_0_241.tar
Saved: /lus/eagle/projects/marP_TB_VLS/WC/williamhconrad4/OpenVS-main/experiments/E3L_6DO3/screening/inputs/train2set/E3L_6DO3_train2_chunk50/ligands_list_train2_0_241.txt
Saved: /lus/eagle/projects/marP_TB_VLS/WC/williamhconrad4/OpenVS-main/experiments/E3L_6DO3/screening/inputs/train2set/E3L_6DO3_train2_chunk50/flags_params_train2_0_241.flags
Saved: /lus/eagle/projects/marP_TB_VLS/WC/williamhconrad4/OpenVS-main/experiments/E3L_6DO3/screening/inputs/train2set/E3L_6DO3_train2_chunk50/tar_params_train2_0_242.tar
Saved: /lus/eagle/projects/marP_TB_VLS/WC/williamhconrad4/OpenVS-main/experiments/E3L_6DO3/screening/inputs/train2set/E3L_6DO3_train2_chunk50/ligands_list_train2_0_242.txt
Saved: /lus/eagle/projects/marP_TB_VLS/WC/williamhconrad4/OpenVS-main/experiments/E3L_6DO3/screening/inputs/train2set/E3L_6DO3_train2_chunk50/flags_params_train2_0_242.flags
Saved: /lus/eagle/projects/marP_TB_VLS/WC/williamhconrad4/OpenVS-main/experiments/E3L_6DO3/screening/inputs/train2set/E3L_6DO3_train2_chunk50/tar_params_train2_0_243.tar
Saved: /lus/eagle/projects/marP_TB_VLS/WC/williamhconrad4/OpenVS-main/experiments/E3L_6DO3/screening/inputs/train2set/E3L_6DO3_train2_chunk50/ligands_list_train2_0_243.txt
Saved: /lus/eagle/projects/marP_TB_VLS/WC/williamhconrad4/OpenVS-main/experiments/E3L_6DO3/screening/inputs/train2set/E3L_6DO3_train2_chunk50/flags_params_train2_0_243.flags
Saved: /lus/eagle/projects/marP_TB_VLS/WC/williamhconrad4/OpenVS-main/experiments/E3L_6DO3/screening/inputs/train2set/E3L_6DO3_train2_chunk50/tar_params_train2_0_244.tar
Saved: /lus/eagle/projects/marP_TB_VLS/WC/williamhconrad4/OpenVS-main/experiments/E3L_6DO3/screening/inputs/train2set/E3L_6DO3_train2_chunk50/ligands_list_train2_0_244.txt
Saved: /lus/eagle/projects/marP_TB_VLS/WC/williamhconrad4/OpenVS-main/experiments/E3L_6DO3/screening/inputs/train2set/E3L_6DO3_train2_chunk50/flags_params_train2_0_244.flags
Saved: /lus/eagle/projects/marP_TB_VLS/WC/williamhconrad4/OpenVS-main/experiments/E3L_6DO3/screening/inputs/train2set/E3L_6DO3_train2_chunk50/tar_params_train2_0_245.tar
Saved: /lus/eagle/projects/marP_TB_VLS/WC/williamhconrad4/OpenVS-main/experiments/E3L_6DO3/screening/inputs/train2set/E3L_6DO3_train2_chunk50/ligands_list_train2_0_245.txt
Saved: /lus/eagle/projects/marP_TB_VLS/WC/williamhconrad4/OpenVS-main/experiments/E3L_6DO3/screening/inputs/train2set/E3L_6DO3_train2_chunk50/flags_params_train2_0_245.flags
Saved: /lus/eagle/projects/marP_TB_VLS/WC/williamhconrad4/OpenVS-main/experiments/E3L_6DO3/screening/inputs/train2set/E3L_6DO3_train2_chunk50/tar_params_train2_0_246.tar
Saved: /lus/eagle/projects/marP_TB_VLS/WC/williamhconrad4/OpenVS-main/experiments/E3L_6DO3/screening/inputs/train2set/E3L_6DO3_train2_chunk50/ligands_list_train2_0_246.txt
Saved: /lus/eagle/projects/marP_TB_VLS/WC/williamhconrad4/OpenVS-main/experiments/E3L_6DO3/screening/inputs/train2set/E3L_6DO3_train2_chunk50/flags_params_train2_0_246.flags
Saved: /lus/eagle/projects/marP_TB_VLS/WC/williamhconrad4/OpenVS-main/experiments/E3L_6DO3/screening/inputs/train2set/E3L_6DO3_train2_chunk50/tar_params_train2_0_247.tar
Saved: /lus/eagle/projects/marP_TB_VLS/WC/williamhconrad4/OpenVS-main/experiments/E3L_6DO3/screening/inputs/train2set/E3L_6DO3_train2_chunk50/ligands_list_train2_0_247.txt
Saved: /lus/eagle/projects/marP_TB_VLS/WC/williamhconrad4/OpenVS-main/experiments/E3L_6DO3/screening/inputs/train2set/E3L_6DO3_train2_chunk50/flags_params_train2_0_247.flags
Saved: /lus/eagle/projects/marP_TB_VLS/WC/williamhconrad4/OpenVS-main/experiments/E3L_6DO3/screening/inputs/train2set/E3L_6DO3_train2_chunk50/tar_params_train2_0_248.tar
Saved: /lus/eagle/projects/marP_TB_VLS/WC/williamhconrad4/OpenVS-main/experiments/E3L_6DO3/screening/inputs/train2set/E3L_6DO3_train2_chunk50/ligands_list_train2_0_248.txt
Saved: /lus/eagle/projects/marP_TB_VLS/WC/williamhconrad4/OpenVS-main/experiments/E3L_6DO3/screening/inputs/train2set/E3L_6DO3_train2_chunk50/flags_params_train2_0_248.flags
Saved: /lus/eagle/projects/marP_TB_VLS/WC/williamhconrad4/OpenVS-main/experiments/E3L_6DO3/screening/inputs/train2set/E3L_6DO3_train2_chunk50/tar_params_train2_0_249.tar
Saved: /lus/eagle/projects/marP_TB_VLS/WC/williamhconrad4/OpenVS-main/experiments/E3L_6DO3/screening/inputs/train2set/E3L_6DO3_train2_chunk50/ligands_list_train2_0_249.txt
Saved: /lus/eagle/projects/marP_TB_VLS/WC/williamhconrad4/OpenVS-main/experiments/E3L_6DO3/screening/inputs/train2set/E3L_6DO3_train2_chunk50/flags_params_train2_0_249.flags
Saved: /lus/eagle/projects/marP_TB_VLS/WC/williamhconrad4/OpenVS-main/experiments/E3L_6DO3/screening/inputs/train2set/E3L_6DO3_train2_chunk50/tar_params_train2_0_250.tar
Saved: /lus/eagle/projects/marP_TB_VLS/WC/williamhconrad4/OpenVS-main/experiments/E3L_6DO3/screening/inputs/train2set/E3L_6DO3_train2_chunk50/ligands_list_train2_0_250.txt
Saved: /lus/eagle/projects/marP_TB_VLS/WC/williamhconrad4/OpenVS-main/experiments/E3L_6DO3/screening/inputs/train2set/E3L_6DO3_train2_chunk50/flags_params_train2_0_250.flags
Saved: /lus/eagle/projects/marP_TB_VLS/WC/williamhconrad4/OpenVS-main/experiments/E3L_6DO3/screening/inputs/train2set/E3L_6DO3_train2_chunk50/tar_params_train2_0_251.tar
Saved: /lus/eagle/projects/marP_TB_VLS/WC/williamhconrad4/OpenVS-main/experiments/E3L_6DO3/screening/inputs/train2set/E3L_6DO3_train2_chunk50/ligands_list_train2_0_251.txt
Saved: /lus/eagle/projects/marP_TB_VLS/WC/williamhconrad4/OpenVS-main/experiments/E3L_6DO3/screening/inputs/train2set/E3L_6DO3_train2_chunk50/flags_params_train2_0_251.flags
Saved: /lus/eagle/projects/marP_TB_VLS/WC/williamhconrad4/OpenVS-main/experiments/E3L_6DO3/screening/inputs/train2set/E3L_6DO3_train2_chunk50/tar_params_train2_0_252.tar
Saved: /lus/eagle/projects/marP_TB_VLS/WC/williamhconrad4/OpenVS-main/experiments/E3L_6DO3/screening/inputs/train2set/E3L_6DO3_train2_chunk50/ligands_list_train2_0_252.txt
Saved: /lus/eagle/projects/marP_TB_VLS/WC/williamhconrad4/OpenVS-main/experiments/E3L_6DO3/screening/inputs/train2set/E3L_6DO3_train2_chunk50/flags_params_train2_0_252.flags
Saved: /lus/eagle/projects/marP_TB_VLS/WC/williamhconrad4/OpenVS-main/experiments/E3L_6DO3/screening/inputs/train2set/E3L_6DO3_train2_chunk50/tar_params_train2_0_253.tar
Saved: /lus/eagle/projects/marP_TB_VLS/WC/williamhconrad4/OpenVS-main/experiments/E3L_6DO3/screening/inputs/train2set/E3L_6DO3_train2_chunk50/ligands_list_train2_0_253.txt
Saved: /lus/eagle/projects/marP_TB_VLS/WC/williamhconrad4/OpenVS-main/experiments/E3L_6DO3/screening/inputs/train2set/E3L_6DO3_train2_chunk50/flags_params_train2_0_253.flags
Saved: /lus/eagle/projects/marP_TB_VLS/WC/williamhconrad4/OpenVS-main/experiments/E3L_6DO3/screening/inputs/train2set/E3L_6DO3_train2_chunk50/tar_params_train2_0_254.tar
Saved: /lus/eagle/projects/marP_TB_VLS/WC/williamhconrad4/OpenVS-main/experiments/E3L_6DO3/screening/inputs/train2set/E3L_6DO3_train2_chunk50/ligands_list_train2_0_254.txt
Saved: /lus/eagle/projects/marP_TB_VLS/WC/williamhconrad4/OpenVS-main/experiments/E3L_6DO3/screening/inputs/train2set/E3L_6DO3_train2_chunk50/flags_params_train2_0_254.flags
Saved: /lus/eagle/projects/marP_TB_VLS/WC/williamhconrad4/OpenVS-main/experiments/E3L_6DO3/screening/inputs/train2set/E3L_6DO3_train2_chunk50/tar_params_train2_0_255.tar
Saved: /lus/eagle/projects/marP_TB_VLS/WC/williamhconrad4/OpenVS-main/experiments/E3L_6DO3/screening/inputs/train2set/E3L_6DO3_train2_chunk50/ligands_list_train2_0_255.txt
Saved: /lus/eagle/projects/marP_TB_VLS/WC/williamhconrad4/OpenVS-main/experiments/E3L_6DO3/screening/inputs/train2set/E3L_6DO3_train2_chunk50/flags_params_train2_0_255.flags
Saved: /lus/eagle/projects/marP_TB_VLS/WC/williamhconrad4/OpenVS-main/experiments/E3L_6DO3/screening/inputs/train2set/E3L_6DO3_train2_chunk50/tar_params_train2_0_256.tar
Saved: /lus/eagle/projects/marP_TB_VLS/WC/williamhconrad4/OpenVS-main/experiments/E3L_6DO3/screening/inputs/train2set/E3L_6DO3_train2_chunk50/ligands_list_train2_0_256.txt
Saved: /lus/eagle/projects/marP_TB_VLS/WC/williamhconrad4/OpenVS-main/experiments/E3L_6DO3/screening/inputs/train2set/E3L_6DO3_train2_chunk50/flags_params_train2_0_256.flags
Saved: /lus/eagle/projects/marP_TB_VLS/WC/williamhconrad4/OpenVS-main/experiments/E3L_6DO3/screening/inputs/train2set/E3L_6DO3_train2_chunk50/tar_params_train2_0_257.tar
Saved: /lus/eagle/projects/marP_TB_VLS/WC/williamhconrad4/OpenVS-main/experiments/E3L_6DO3/screening/inputs/train2set/E3L_6DO3_train2_chunk50/ligands_list_train2_0_257.txt
Saved: /lus/eagle/projects/marP_TB_VLS/WC/williamhconrad4/OpenVS-main/experiments/E3L_6DO3/screening/inputs/train2set/E3L_6DO3_train2_chunk50/flags_params_train2_0_257.flags
Saved: /lus/eagle/projects/marP_TB_VLS/WC/williamhconrad4/OpenVS-main/experiments/E3L_6DO3/screening/inputs/train2set/E3L_6DO3_train2_chunk50/tar_params_train2_0_258.tar
Saved: /lus/eagle/projects/marP_TB_VLS/WC/williamhconrad4/OpenVS-main/experiments/E3L_6DO3/screening/inputs/train2set/E3L_6DO3_train2_chunk50/ligands_list_train2_0_258.txt
Saved: /lus/eagle/projects/marP_TB_VLS/WC/williamhconrad4/OpenVS-main/experiments/E3L_6DO3/screening/inputs/train2set/E3L_6DO3_train2_chunk50/flags_params_train2_0_258.flags
Saved: /lus/eagle/projects/marP_TB_VLS/WC/williamhconrad4/OpenVS-main/experiments/E3L_6DO3/screening/inputs/train2set/E3L_6DO3_train2_chunk50/tar_params_train2_0_259.tar
Saved: /lus/eagle/projects/marP_TB_VLS/WC/williamhconrad4/OpenVS-main/experiments/E3L_6DO3/screening/inputs/train2set/E3L_6DO3_train2_chunk50/ligands_list_train2_0_259.txt
Saved: /lus/eagle/projects/marP_TB_VLS/WC/williamhconrad4/OpenVS-main/experiments/E3L_6DO3/screening/inputs/train2set/E3L_6DO3_train2_chunk50/flags_params_train2_0_259.flags
Saved: /lus/eagle/projects/marP_TB_VLS/WC/williamhconrad4/OpenVS-main/experiments/E3L_6DO3/screening/inputs/train2set/E3L_6DO3_train2_chunk50/tar_params_train2_0_260.tar
Saved: /lus/eagle/projects/marP_TB_VLS/WC/williamhconrad4/OpenVS-main/experiments/E3L_6DO3/screening/inputs/train2set/E3L_6DO3_train2_chunk50/ligands_list_train2_0_260.txt
Saved: /lus/eagle/projects/marP_TB_VLS/WC/williamhconrad4/OpenVS-main/experiments/E3L_6DO3/screening/inputs/train2set/E3L_6DO3_train2_chunk50/flags_params_train2_0_260.flags
Saved: /lus/eagle/projects/marP_TB_VLS/WC/williamhconrad4/OpenVS-main/experiments/E3L_6DO3/screening/inputs/train2set/E3L_6DO3_train2_chunk50/tar_params_train2_0_261.tar
Saved: /lus/eagle/projects/marP_TB_VLS/WC/williamhconrad4/OpenVS-main/experiments/E3L_6DO3/screening/inputs/train2set/E3L_6DO3_train2_chunk50/ligands_list_train2_0_261.txt
Saved: /lus/eagle/projects/marP_TB_VLS/WC/williamhconrad4/OpenVS-main/experiments/E3L_6DO3/screening/inputs/train2set/E3L_6DO3_train2_chunk50/flags_params_train2_0_261.flags
Saved: /lus/eagle/projects/marP_TB_VLS/WC/williamhconrad4/OpenVS-main/experiments/E3L_6DO3/screening/inputs/train2set/E3L_6DO3_train2_chunk50/tar_params_train2_0_262.tar
Saved: /lus/eagle/projects/marP_TB_VLS/WC/williamhconrad4/OpenVS-main/experiments/E3L_6DO3/screening/inputs/train2set/E3L_6DO3_train2_chunk50/ligands_list_train2_0_262.txt
Saved: /lus/eagle/projects/marP_TB_VLS/WC/williamhconrad4/OpenVS-main/experiments/E3L_6DO3/screening/inputs/train2set/E3L_6DO3_train2_chunk50/flags_params_train2_0_262.flags
Saved: /lus/eagle/projects/marP_TB_VLS/WC/williamhconrad4/OpenVS-main/experiments/E3L_6DO3/screening/inputs/train2set/E3L_6DO3_train2_chunk50/tar_params_train2_0_263.tar
Saved: /lus/eagle/projects/marP_TB_VLS/WC/williamhconrad4/OpenVS-main/experiments/E3L_6DO3/screening/inputs/train2set/E3L_6DO3_train2_chunk50/ligands_list_train2_0_263.txt
Saved: /lus/eagle/projects/marP_TB_VLS/WC/williamhconrad4/OpenVS-main/experiments/E3L_6DO3/screening/inputs/train2set/E3L_6DO3_train2_chunk50/flags_params_train2_0_263.flags
Saved: /lus/eagle/projects/marP_TB_VLS/WC/williamhconrad4/OpenVS-main/experiments/E3L_6DO3/screening/inputs/train2set/E3L_6DO3_train2_chunk50/tar_params_train2_0_264.tar
Saved: /lus/eagle/projects/marP_TB_VLS/WC/williamhconrad4/OpenVS-main/experiments/E3L_6DO3/screening/inputs/train2set/E3L_6DO3_train2_chunk50/ligands_list_train2_0_264.txt
Saved: /lus/eagle/projects/marP_TB_VLS/WC/williamhconrad4/OpenVS-main/experiments/E3L_6DO3/screening/inputs/train2set/E3L_6DO3_train2_chunk50/flags_params_train2_0_264.flags
Saved: /lus/eagle/projects/marP_TB_VLS/WC/williamhconrad4/OpenVS-main/experiments/E3L_6DO3/screening/inputs/train2set/E3L_6DO3_train2_chunk50/tar_params_train2_0_265.tar
Saved: /lus/eagle/projects/marP_TB_VLS/WC/williamhconrad4/OpenVS-main/experiments/E3L_6DO3/screening/inputs/train2set/E3L_6DO3_train2_chunk50/ligands_list_train2_0_265.txt
Saved: /lus/eagle/projects/marP_TB_VLS/WC/williamhconrad4/OpenVS-main/experiments/E3L_6DO3/screening/inputs/train2set/E3L_6DO3_train2_chunk50/flags_params_train2_0_265.flags
Saved: /lus/eagle/projects/marP_TB_VLS/WC/williamhconrad4/OpenVS-main/experiments/E3L_6DO3/screening/inputs/train2set/E3L_6DO3_train2_chunk50/tar_params_train2_0_266.tar
Saved: /lus/eagle/projects/marP_TB_VLS/WC/williamhconrad4/OpenVS-main/experiments/E3L_6DO3/screening/inputs/train2set/E3L_6DO3_train2_chunk50/ligands_list_train2_0_266.txt
Saved: /lus/eagle/projects/marP_TB_VLS/WC/williamhconrad4/OpenVS-main/experiments/E3L_6DO3/screening/inputs/train2set/E3L_6DO3_train2_chunk50/flags_params_train2_0_266.flags
Saved: /lus/eagle/projects/marP_TB_VLS/WC/williamhconrad4/OpenVS-main/experiments/E3L_6DO3/screening/inputs/train2set/E3L_6DO3_train2_chunk50/tar_params_train2_0_267.tar
Saved: /lus/eagle/projects/marP_TB_VLS/WC/williamhconrad4/OpenVS-main/experiments/E3L_6DO3/screening/inputs/train2set/E3L_6DO3_train2_chunk50/ligands_list_train2_0_267.txt
Saved: /lus/eagle/projects/marP_TB_VLS/WC/williamhconrad4/OpenVS-main/experiments/E3L_6DO3/screening/inputs/train2set/E3L_6DO3_train2_chunk50/flags_params_train2_0_267.flags
Saved: /lus/eagle/projects/marP_TB_VLS/WC/williamhconrad4/OpenVS-main/experiments/E3L_6DO3/screening/inputs/train2set/E3L_6DO3_train2_chunk50/tar_params_train2_0_268.tar
Saved: /lus/eagle/projects/marP_TB_VLS/WC/williamhconrad4/OpenVS-main/experiments/E3L_6DO3/screening/inputs/train2set/E3L_6DO3_train2_chunk50/ligands_list_train2_0_268.txt
Saved: /lus/eagle/projects/marP_TB_VLS/WC/williamhconrad4/OpenVS-main/experiments/E3L_6DO3/screening/inputs/train2set/E3L_6DO3_train2_chunk50/flags_params_train2_0_268.flags
Saved: /lus/eagle/projects/marP_TB_VLS/WC/williamhconrad4/OpenVS-main/experiments/E3L_6DO3/screening/inputs/train2set/E3L_6DO3_train2_chunk50/tar_params_train2_0_269.tar
Saved: /lus/eagle/projects/marP_TB_VLS/WC/williamhconrad4/OpenVS-main/experiments/E3L_6DO3/screening/inputs/train2set/E3L_6DO3_train2_chunk50/ligands_list_train2_0_269.txt
Saved: /lus/eagle/projects/marP_TB_VLS/WC/williamhconrad4/OpenVS-main/experiments/E3L_6DO3/screening/inputs/train2set/E3L_6DO3_train2_chunk50/flags_params_train2_0_269.flags
Saved: /lus/eagle/projects/marP_TB_VLS/WC/williamhconrad4/OpenVS-main/experiments/E3L_6DO3/screening/inputs/train2set/E3L_6DO3_train2_chunk50/tar_params_train2_0_270.tar
Saved: /lus/eagle/projects/marP_TB_VLS/WC/williamhconrad4/OpenVS-main/experiments/E3L_6DO3/screening/inputs/train2set/E3L_6DO3_train2_chunk50/ligands_list_train2_0_270.txt
Saved: /lus/eagle/projects/marP_TB_VLS/WC/williamhconrad4/OpenVS-main/experiments/E3L_6DO3/screening/inputs/train2set/E3L_6DO3_train2_chunk50/flags_params_train2_0_270.flags
Saved: /lus/eagle/projects/marP_TB_VLS/WC/williamhconrad4/OpenVS-main/experiments/E3L_6DO3/screening/inputs/train2set/E3L_6DO3_train2_chunk50/tar_params_train2_0_271.tar
Saved: /lus/eagle/projects/marP_TB_VLS/WC/williamhconrad4/OpenVS-main/experiments/E3L_6DO3/screening/inputs/train2set/E3L_6DO3_train2_chunk50/ligands_list_train2_0_271.txt
Saved: /lus/eagle/projects/marP_TB_VLS/WC/williamhconrad4/OpenVS-main/experiments/E3L_6DO3/screening/inputs/train2set/E3L_6DO3_train2_chunk50/flags_params_train2_0_271.flags
Saved: /lus/eagle/projects/marP_TB_VLS/WC/williamhconrad4/OpenVS-main/experiments/E3L_6DO3/screening/inputs/train2set/E3L_6DO3_train2_chunk50/tar_params_train2_0_272.tar
Saved: /lus/eagle/projects/marP_TB_VLS/WC/williamhconrad4/OpenVS-main/experiments/E3L_6DO3/screening/inputs/train2set/E3L_6DO3_train2_chunk50/ligands_list_train2_0_272.txt
Saved: /lus/eagle/projects/marP_TB_VLS/WC/williamhconrad4/OpenVS-main/experiments/E3L_6DO3/screening/inputs/train2set/E3L_6DO3_train2_chunk50/flags_params_train2_0_272.flags
Saved: /lus/eagle/projects/marP_TB_VLS/WC/williamhconrad4/OpenVS-main/experiments/E3L_6DO3/screening/inputs/train2set/E3L_6DO3_train2_chunk50/tar_params_train2_0_273.tar
Saved: /lus/eagle/projects/marP_TB_VLS/WC/williamhconrad4/OpenVS-main/experiments/E3L_6DO3/screening/inputs/train2set/E3L_6DO3_train2_chunk50/ligands_list_train2_0_273.txt
Saved: /lus/eagle/projects/marP_TB_VLS/WC/williamhconrad4/OpenVS-main/experiments/E3L_6DO3/screening/inputs/train2set/E3L_6DO3_train2_chunk50/flags_params_train2_0_273.flags
Saved: /lus/eagle/projects/marP_TB_VLS/WC/williamhconrad4/OpenVS-main/experiments/E3L_6DO3/screening/inputs/train2set/E3L_6DO3_train2_chunk50/tar_params_train2_0_274.tar
Saved: /lus/eagle/projects/marP_TB_VLS/WC/williamhconrad4/OpenVS-main/experiments/E3L_6DO3/screening/inputs/train2set/E3L_6DO3_train2_chunk50/ligands_list_train2_0_274.txt
Saved: /lus/eagle/projects/marP_TB_VLS/WC/williamhconrad4/OpenVS-main/experiments/E3L_6DO3/screening/inputs/train2set/E3L_6DO3_train2_chunk50/flags_params_train2_0_274.flags
Saved: /lus/eagle/projects/marP_TB_VLS/WC/williamhconrad4/OpenVS-main/experiments/E3L_6DO3/screening/inputs/train2set/E3L_6DO3_train2_chunk50/tar_params_train2_0_275.tar
Saved: /lus/eagle/projects/marP_TB_VLS/WC/williamhconrad4/OpenVS-main/experiments/E3L_6DO3/screening/inputs/train2set/E3L_6DO3_train2_chunk50/ligands_list_train2_0_275.txt
Saved: /lus/eagle/projects/marP_TB_VLS/WC/williamhconrad4/OpenVS-main/experiments/E3L_6DO3/screening/inputs/train2set/E3L_6DO3_train2_chunk50/flags_params_train2_0_275.flags
Saved: /lus/eagle/projects/marP_TB_VLS/WC/williamhconrad4/OpenVS-main/experiments/E3L_6DO3/screening/inputs/train2set/E3L_6DO3_train2_chunk50/tar_params_train2_0_276.tar
Saved: /lus/eagle/projects/marP_TB_VLS/WC/williamhconrad4/OpenVS-main/experiments/E3L_6DO3/screening/inputs/train2set/E3L_6DO3_train2_chunk50/ligands_list_train2_0_276.txt
Saved: /lus/eagle/projects/marP_TB_VLS/WC/williamhconrad4/OpenVS-main/experiments/E3L_6DO3/screening/inputs/train2set/E3L_6DO3_train2_chunk50/flags_params_train2_0_276.flags
Saved: /lus/eagle/projects/marP_TB_VLS/WC/williamhconrad4/OpenVS-main/experiments/E3L_6DO3/screening/inputs/train2set/E3L_6DO3_train2_chunk50/tar_params_train2_0_277.tar
Saved: /lus/eagle/projects/marP_TB_VLS/WC/williamhconrad4/OpenVS-main/experiments/E3L_6DO3/screening/inputs/train2set/E3L_6DO3_train2_chunk50/ligands_list_train2_0_277.txt
Saved: /lus/eagle/projects/marP_TB_VLS/WC/williamhconrad4/OpenVS-main/experiments/E3L_6DO3/screening/inputs/train2set/E3L_6DO3_train2_chunk50/flags_params_train2_0_277.flags
Saved: /lus/eagle/projects/marP_TB_VLS/WC/williamhconrad4/OpenVS-main/experiments/E3L_6DO3/screening/inputs/train2set/E3L_6DO3_train2_chunk50/tar_params_train2_0_278.tar
Saved: /lus/eagle/projects/marP_TB_VLS/WC/williamhconrad4/OpenVS-main/experiments/E3L_6DO3/screening/inputs/train2set/E3L_6DO3_train2_chunk50/ligands_list_train2_0_278.txt
Saved: /lus/eagle/projects/marP_TB_VLS/WC/williamhconrad4/OpenVS-main/experiments/E3L_6DO3/screening/inputs/train2set/E3L_6DO3_train2_chunk50/flags_params_train2_0_278.flags
Saved: /lus/eagle/projects/marP_TB_VLS/WC/williamhconrad4/OpenVS-main/experiments/E3L_6DO3/screening/inputs/train2set/E3L_6DO3_train2_chunk50/tar_params_train2_0_279.tar
Saved: /lus/eagle/projects/marP_TB_VLS/WC/williamhconrad4/OpenVS-main/experiments/E3L_6DO3/screening/inputs/train2set/E3L_6DO3_train2_chunk50/ligands_list_train2_0_279.txt
Saved: /lus/eagle/projects/marP_TB_VLS/WC/williamhconrad4/OpenVS-main/experiments/E3L_6DO3/screening/inputs/train2set/E3L_6DO3_train2_chunk50/flags_params_train2_0_279.flags
Saved: /lus/eagle/projects/marP_TB_VLS/WC/williamhconrad4/OpenVS-main/experiments/E3L_6DO3/screening/inputs/train2set/E3L_6DO3_train2_chunk50/tar_params_train2_0_280.tar
Saved: /lus/eagle/projects/marP_TB_VLS/WC/williamhconrad4/OpenVS-main/experiments/E3L_6DO3/screening/inputs/train2set/E3L_6DO3_train2_chunk50/ligands_list_train2_0_280.txt
Saved: /lus/eagle/projects/marP_TB_VLS/WC/williamhconrad4/OpenVS-main/experiments/E3L_6DO3/screening/inputs/train2set/E3L_6DO3_train2_chunk50/flags_params_train2_0_280.flags
Saved: /lus/eagle/projects/marP_TB_VLS/WC/williamhconrad4/OpenVS-main/experiments/E3L_6DO3/screening/inputs/train2set/E3L_6DO3_train2_chunk50/tar_params_train2_0_281.tar
Saved: /lus/eagle/projects/marP_TB_VLS/WC/williamhconrad4/OpenVS-main/experiments/E3L_6DO3/screening/inputs/train2set/E3L_6DO3_train2_chunk50/ligands_list_train2_0_281.txt
Saved: /lus/eagle/projects/marP_TB_VLS/WC/williamhconrad4/OpenVS-main/experiments/E3L_6DO3/screening/inputs/train2set/E3L_6DO3_train2_chunk50/flags_params_train2_0_281.flags
Saved: /lus/eagle/projects/marP_TB_VLS/WC/williamhconrad4/OpenVS-main/experiments/E3L_6DO3/screening/inputs/train2set/E3L_6DO3_train2_chunk50/tar_params_train2_0_282.tar
Saved: /lus/eagle/projects/marP_TB_VLS/WC/williamhconrad4/OpenVS-main/experiments/E3L_6DO3/screening/inputs/train2set/E3L_6DO3_train2_chunk50/ligands_list_train2_0_282.txt
Saved: /lus/eagle/projects/marP_TB_VLS/WC/williamhconrad4/OpenVS-main/experiments/E3L_6DO3/screening/inputs/train2set/E3L_6DO3_train2_chunk50/flags_params_train2_0_282.flags
Saved: /lus/eagle/projects/marP_TB_VLS/WC/williamhconrad4/OpenVS-main/experiments/E3L_6DO3/screening/inputs/train2set/E3L_6DO3_train2_chunk50/tar_params_train2_0_283.tar
Saved: /lus/eagle/projects/marP_TB_VLS/WC/williamhconrad4/OpenVS-main/experiments/E3L_6DO3/screening/inputs/train2set/E3L_6DO3_train2_chunk50/ligands_list_train2_0_283.txt
Saved: /lus/eagle/projects/marP_TB_VLS/WC/williamhconrad4/OpenVS-main/experiments/E3L_6DO3/screening/inputs/train2set/E3L_6DO3_train2_chunk50/flags_params_train2_0_283.flags
Saved: /lus/eagle/projects/marP_TB_VLS/WC/williamhconrad4/OpenVS-main/experiments/E3L_6DO3/screening/inputs/train2set/E3L_6DO3_train2_chunk50/tar_params_train2_0_284.tar
Saved: /lus/eagle/projects/marP_TB_VLS/WC/williamhconrad4/OpenVS-main/experiments/E3L_6DO3/screening/inputs/train2set/E3L_6DO3_train2_chunk50/ligands_list_train2_0_284.txt
Saved: /lus/eagle/projects/marP_TB_VLS/WC/williamhconrad4/OpenVS-main/experiments/E3L_6DO3/screening/inputs/train2set/E3L_6DO3_train2_chunk50/flags_params_train2_0_284.flags
Saved: /lus/eagle/projects/marP_TB_VLS/WC/williamhconrad4/OpenVS-main/experiments/E3L_6DO3/screening/inputs/train2set/E3L_6DO3_train2_chunk50/tar_params_train2_0_285.tar
Saved: /lus/eagle/projects/marP_TB_VLS/WC/williamhconrad4/OpenVS-main/experiments/E3L_6DO3/screening/inputs/train2set/E3L_6DO3_train2_chunk50/ligands_list_train2_0_285.txt
Saved: /lus/eagle/projects/marP_TB_VLS/WC/williamhconrad4/OpenVS-main/experiments/E3L_6DO3/screening/inputs/train2set/E3L_6DO3_train2_chunk50/flags_params_train2_0_285.flags
Saved: /lus/eagle/projects/marP_TB_VLS/WC/williamhconrad4/OpenVS-main/experiments/E3L_6DO3/screening/inputs/train2set/E3L_6DO3_train2_chunk50/tar_params_train2_0_286.tar
Saved: /lus/eagle/projects/marP_TB_VLS/WC/williamhconrad4/OpenVS-main/experiments/E3L_6DO3/screening/inputs/train2set/E3L_6DO3_train2_chunk50/ligands_list_train2_0_286.txt
Saved: /lus/eagle/projects/marP_TB_VLS/WC/williamhconrad4/OpenVS-main/experiments/E3L_6DO3/screening/inputs/train2set/E3L_6DO3_train2_chunk50/flags_params_train2_0_286.flags
Saved: /lus/eagle/projects/marP_TB_VLS/WC/williamhconrad4/OpenVS-main/experiments/E3L_6DO3/screening/inputs/train2set/E3L_6DO3_train2_chunk50/tar_params_train2_0_287.tar
Saved: /lus/eagle/projects/marP_TB_VLS/WC/williamhconrad4/OpenVS-main/experiments/E3L_6DO3/screening/inputs/train2set/E3L_6DO3_train2_chunk50/ligands_list_train2_0_287.txt
Saved: /lus/eagle/projects/marP_TB_VLS/WC/williamhconrad4/OpenVS-main/experiments/E3L_6DO3/screening/inputs/train2set/E3L_6DO3_train2_chunk50/flags_params_train2_0_287.flags
Saved: /lus/eagle/projects/marP_TB_VLS/WC/williamhconrad4/OpenVS-main/experiments/E3L_6DO3/screening/inputs/train2set/E3L_6DO3_train2_chunk50/tar_params_train2_0_288.tar
Saved: /lus/eagle/projects/marP_TB_VLS/WC/williamhconrad4/OpenVS-main/experiments/E3L_6DO3/screening/inputs/train2set/E3L_6DO3_train2_chunk50/ligands_list_train2_0_288.txt
Saved: /lus/eagle/projects/marP_TB_VLS/WC/williamhconrad4/OpenVS-main/experiments/E3L_6DO3/screening/inputs/train2set/E3L_6DO3_train2_chunk50/flags_params_train2_0_288.flags
Saved: /lus/eagle/projects/marP_TB_VLS/WC/williamhconrad4/OpenVS-main/experiments/E3L_6DO3/screening/inputs/train2set/E3L_6DO3_train2_chunk50/tar_params_train2_0_289.tar
Saved: /lus/eagle/projects/marP_TB_VLS/WC/williamhconrad4/OpenVS-main/experiments/E3L_6DO3/screening/inputs/train2set/E3L_6DO3_train2_chunk50/ligands_list_train2_0_289.txt
Saved: /lus/eagle/projects/marP_TB_VLS/WC/williamhconrad4/OpenVS-main/experiments/E3L_6DO3/screening/inputs/train2set/E3L_6DO3_train2_chunk50/flags_params_train2_0_289.flags
Saved: /lus/eagle/projects/marP_TB_VLS/WC/williamhconrad4/OpenVS-main/experiments/E3L_6DO3/screening/inputs/train2set/E3L_6DO3_train2_chunk50/tar_params_train2_0_290.tar
Saved: /lus/eagle/projects/marP_TB_VLS/WC/williamhconrad4/OpenVS-main/experiments/E3L_6DO3/screening/inputs/train2set/E3L_6DO3_train2_chunk50/ligands_list_train2_0_290.txt
Saved: /lus/eagle/projects/marP_TB_VLS/WC/williamhconrad4/OpenVS-main/experiments/E3L_6DO3/screening/inputs/train2set/E3L_6DO3_train2_chunk50/flags_params_train2_0_290.flags
Saved: /lus/eagle/projects/marP_TB_VLS/WC/williamhconrad4/OpenVS-main/experiments/E3L_6DO3/screening/inputs/train2set/E3L_6DO3_train2_chunk50/tar_params_train2_0_291.tar
Saved: /lus/eagle/projects/marP_TB_VLS/WC/williamhconrad4/OpenVS-main/experiments/E3L_6DO3/screening/inputs/train2set/E3L_6DO3_train2_chunk50/ligands_list_train2_0_291.txt
Saved: /lus/eagle/projects/marP_TB_VLS/WC/williamhconrad4/OpenVS-main/experiments/E3L_6DO3/screening/inputs/train2set/E3L_6DO3_train2_chunk50/flags_params_train2_0_291.flags
Saved: /lus/eagle/projects/marP_TB_VLS/WC/williamhconrad4/OpenVS-main/experiments/E3L_6DO3/screening/inputs/train2set/E3L_6DO3_train2_chunk50/tar_params_train2_0_292.tar
Saved: /lus/eagle/projects/marP_TB_VLS/WC/williamhconrad4/OpenVS-main/experiments/E3L_6DO3/screening/inputs/train2set/E3L_6DO3_train2_chunk50/ligands_list_train2_0_292.txt
Saved: /lus/eagle/projects/marP_TB_VLS/WC/williamhconrad4/OpenVS-main/experiments/E3L_6DO3/screening/inputs/train2set/E3L_6DO3_train2_chunk50/flags_params_train2_0_292.flags
Saved: /lus/eagle/projects/marP_TB_VLS/WC/williamhconrad4/OpenVS-main/experiments/E3L_6DO3/screening/inputs/train2set/E3L_6DO3_train2_chunk50/tar_params_train2_0_293.tar
Saved: /lus/eagle/projects/marP_TB_VLS/WC/williamhconrad4/OpenVS-main/experiments/E3L_6DO3/screening/inputs/train2set/E3L_6DO3_train2_chunk50/ligands_list_train2_0_293.txt
Saved: /lus/eagle/projects/marP_TB_VLS/WC/williamhconrad4/OpenVS-main/experiments/E3L_6DO3/screening/inputs/train2set/E3L_6DO3_train2_chunk50/flags_params_train2_0_293.flags
Saved: /lus/eagle/projects/marP_TB_VLS/WC/williamhconrad4/OpenVS-main/experiments/E3L_6DO3/screening/inputs/train2set/E3L_6DO3_train2_chunk50/tar_params_train2_0_294.tar
Saved: /lus/eagle/projects/marP_TB_VLS/WC/williamhconrad4/OpenVS-main/experiments/E3L_6DO3/screening/inputs/train2set/E3L_6DO3_train2_chunk50/ligands_list_train2_0_294.txt
Saved: /lus/eagle/projects/marP_TB_VLS/WC/williamhconrad4/OpenVS-main/experiments/E3L_6DO3/screening/inputs/train2set/E3L_6DO3_train2_chunk50/flags_params_train2_0_294.flags
Saved: /lus/eagle/projects/marP_TB_VLS/WC/williamhconrad4/OpenVS-main/experiments/E3L_6DO3/screening/inputs/train2set/E3L_6DO3_train2_chunk50/tar_params_train2_0_295.tar
Saved: /lus/eagle/projects/marP_TB_VLS/WC/williamhconrad4/OpenVS-main/experiments/E3L_6DO3/screening/inputs/train2set/E3L_6DO3_train2_chunk50/ligands_list_train2_0_295.txt
Saved: /lus/eagle/projects/marP_TB_VLS/WC/williamhconrad4/OpenVS-main/experiments/E3L_6DO3/screening/inputs/train2set/E3L_6DO3_train2_chunk50/flags_params_train2_0_295.flags
Saved: /lus/eagle/projects/marP_TB_VLS/WC/williamhconrad4/OpenVS-main/experiments/E3L_6DO3/screening/inputs/train2set/E3L_6DO3_train2_chunk50/tar_params_train2_0_296.tar
Saved: /lus/eagle/projects/marP_TB_VLS/WC/williamhconrad4/OpenVS-main/experiments/E3L_6DO3/screening/inputs/train2set/E3L_6DO3_train2_chunk50/ligands_list_train2_0_296.txt
Saved: /lus/eagle/projects/marP_TB_VLS/WC/williamhconrad4/OpenVS-main/experiments/E3L_6DO3/screening/inputs/train2set/E3L_6DO3_train2_chunk50/flags_params_train2_0_296.flags
Saved: /lus/eagle/projects/marP_TB_VLS/WC/williamhconrad4/OpenVS-main/experiments/E3L_6DO3/screening/inputs/train2set/E3L_6DO3_train2_chunk50/tar_params_train2_0_297.tar
Saved: /lus/eagle/projects/marP_TB_VLS/WC/williamhconrad4/OpenVS-main/experiments/E3L_6DO3/screening/inputs/train2set/E3L_6DO3_train2_chunk50/ligands_list_train2_0_297.txt
Saved: /lus/eagle/projects/marP_TB_VLS/WC/williamhconrad4/OpenVS-main/experiments/E3L_6DO3/screening/inputs/train2set/E3L_6DO3_train2_chunk50/flags_params_train2_0_297.flags
Saved: /lus/eagle/projects/marP_TB_VLS/WC/williamhconrad4/OpenVS-main/experiments/E3L_6DO3/screening/inputs/train2set/E3L_6DO3_train2_chunk50/tar_params_train2_0_298.tar
Saved: /lus/eagle/projects/marP_TB_VLS/WC/williamhconrad4/OpenVS-main/experiments/E3L_6DO3/screening/inputs/train2set/E3L_6DO3_train2_chunk50/ligands_list_train2_0_298.txt
Saved: /lus/eagle/projects/marP_TB_VLS/WC/williamhconrad4/OpenVS-main/experiments/E3L_6DO3/screening/inputs/train2set/E3L_6DO3_train2_chunk50/flags_params_train2_0_298.flags
Saved: /lus/eagle/projects/marP_TB_VLS/WC/williamhconrad4/OpenVS-main/experiments/E3L_6DO3/screening/inputs/train2set/E3L_6DO3_train2_chunk50/tar_params_train2_0_299.tar
Saved: /lus/eagle/projects/marP_TB_VLS/WC/williamhconrad4/OpenVS-main/experiments/E3L_6DO3/screening/inputs/train2set/E3L_6DO3_train2_chunk50/ligands_list_train2_0_299.txt
Saved: /lus/eagle/projects/marP_TB_VLS/WC/williamhconrad4/OpenVS-main/experiments/E3L_6DO3/screening/inputs/train2set/E3L_6DO3_train2_chunk50/flags_params_train2_0_299.flags
Saved: /lus/eagle/projects/marP_TB_VLS/WC/williamhconrad4/OpenVS-main/experiments/E3L_6DO3/screening/inputs/train2set/E3L_6DO3_train2_chunk50/tar_params_train2_0_300.tar
Saved: /lus/eagle/projects/marP_TB_VLS/WC/williamhconrad4/OpenVS-main/experiments/E3L_6DO3/screening/inputs/train2set/E3L_6DO3_train2_chunk50/ligands_list_train2_0_300.txt
Saved: /lus/eagle/projects/marP_TB_VLS/WC/williamhconrad4/OpenVS-main/experiments/E3L_6DO3/screening/inputs/train2set/E3L_6DO3_train2_chunk50/flags_params_train2_0_300.flags
Saved: /lus/eagle/projects/marP_TB_VLS/WC/williamhconrad4/OpenVS-main/experiments/E3L_6DO3/screening/inputs/train2set/E3L_6DO3_train2_chunk50/tar_params_train2_0_301.tar
Saved: /lus/eagle/projects/marP_TB_VLS/WC/williamhconrad4/OpenVS-main/experiments/E3L_6DO3/screening/inputs/train2set/E3L_6DO3_train2_chunk50/ligands_list_train2_0_301.txt
Saved: /lus/eagle/projects/marP_TB_VLS/WC/williamhconrad4/OpenVS-main/experiments/E3L_6DO3/screening/inputs/train2set/E3L_6DO3_train2_chunk50/flags_params_train2_0_301.flags
Saved: /lus/eagle/projects/marP_TB_VLS/WC/williamhconrad4/OpenVS-main/experiments/E3L_6DO3/screening/inputs/train2set/E3L_6DO3_train2_chunk50/tar_params_train2_0_302.tar
Saved: /lus/eagle/projects/marP_TB_VLS/WC/williamhconrad4/OpenVS-main/experiments/E3L_6DO3/screening/inputs/train2set/E3L_6DO3_train2_chunk50/ligands_list_train2_0_302.txt
Saved: /lus/eagle/projects/marP_TB_VLS/WC/williamhconrad4/OpenVS-main/experiments/E3L_6DO3/screening/inputs/train2set/E3L_6DO3_train2_chunk50/flags_params_train2_0_302.flags
Saved: /lus/eagle/projects/marP_TB_VLS/WC/williamhconrad4/OpenVS-main/experiments/E3L_6DO3/screening/inputs/train2set/E3L_6DO3_train2_chunk50/tar_params_train2_0_303.tar
Saved: /lus/eagle/projects/marP_TB_VLS/WC/williamhconrad4/OpenVS-main/experiments/E3L_6DO3/screening/inputs/train2set/E3L_6DO3_train2_chunk50/ligands_list_train2_0_303.txt
Saved: /lus/eagle/projects/marP_TB_VLS/WC/williamhconrad4/OpenVS-main/experiments/E3L_6DO3/screening/inputs/train2set/E3L_6DO3_train2_chunk50/flags_params_train2_0_303.flags
Saved: /lus/eagle/projects/marP_TB_VLS/WC/williamhconrad4/OpenVS-main/experiments/E3L_6DO3/screening/inputs/train2set/E3L_6DO3_train2_chunk50/tar_params_train2_0_304.tar
Saved: /lus/eagle/projects/marP_TB_VLS/WC/williamhconrad4/OpenVS-main/experiments/E3L_6DO3/screening/inputs/train2set/E3L_6DO3_train2_chunk50/ligands_list_train2_0_304.txt
Saved: /lus/eagle/projects/marP_TB_VLS/WC/williamhconrad4/OpenVS-main/experiments/E3L_6DO3/screening/inputs/train2set/E3L_6DO3_train2_chunk50/flags_params_train2_0_304.flags
Saved: /lus/eagle/projects/marP_TB_VLS/WC/williamhconrad4/OpenVS-main/experiments/E3L_6DO3/screening/inputs/train2set/E3L_6DO3_train2_chunk50/tar_params_train2_0_305.tar
Saved: /lus/eagle/projects/marP_TB_VLS/WC/williamhconrad4/OpenVS-main/experiments/E3L_6DO3/screening/inputs/train2set/E3L_6DO3_train2_chunk50/ligands_list_train2_0_305.txt
Saved: /lus/eagle/projects/marP_TB_VLS/WC/williamhconrad4/OpenVS-main/experiments/E3L_6DO3/screening/inputs/train2set/E3L_6DO3_train2_chunk50/flags_params_train2_0_305.flags
Saved: /lus/eagle/projects/marP_TB_VLS/WC/williamhconrad4/OpenVS-main/experiments/E3L_6DO3/screening/inputs/train2set/E3L_6DO3_train2_chunk50/tar_params_train2_0_306.tar
Saved: /lus/eagle/projects/marP_TB_VLS/WC/williamhconrad4/OpenVS-main/experiments/E3L_6DO3/screening/inputs/train2set/E3L_6DO3_train2_chunk50/ligands_list_train2_0_306.txt
Saved: /lus/eagle/projects/marP_TB_VLS/WC/williamhconrad4/OpenVS-main/experiments/E3L_6DO3/screening/inputs/train2set/E3L_6DO3_train2_chunk50/flags_params_train2_0_306.flags
Saved: /lus/eagle/projects/marP_TB_VLS/WC/williamhconrad4/OpenVS-main/experiments/E3L_6DO3/screening/inputs/train2set/E3L_6DO3_train2_chunk50/tar_params_train2_0_307.tar
Saved: /lus/eagle/projects/marP_TB_VLS/WC/williamhconrad4/OpenVS-main/experiments/E3L_6DO3/screening/inputs/train2set/E3L_6DO3_train2_chunk50/ligands_list_train2_0_307.txt
Saved: /lus/eagle/projects/marP_TB_VLS/WC/williamhconrad4/OpenVS-main/experiments/E3L_6DO3/screening/inputs/train2set/E3L_6DO3_train2_chunk50/flags_params_train2_0_307.flags
Saved: /lus/eagle/projects/marP_TB_VLS/WC/williamhconrad4/OpenVS-main/experiments/E3L_6DO3/screening/inputs/train2set/E3L_6DO3_train2_chunk50/tar_params_train2_0_308.tar
Saved: /lus/eagle/projects/marP_TB_VLS/WC/williamhconrad4/OpenVS-main/experiments/E3L_6DO3/screening/inputs/train2set/E3L_6DO3_train2_chunk50/ligands_list_train2_0_308.txt
Saved: /lus/eagle/projects/marP_TB_VLS/WC/williamhconrad4/OpenVS-main/experiments/E3L_6DO3/screening/inputs/train2set/E3L_6DO3_train2_chunk50/flags_params_train2_0_308.flags
Saved: /lus/eagle/projects/marP_TB_VLS/WC/williamhconrad4/OpenVS-main/experiments/E3L_6DO3/screening/inputs/train2set/E3L_6DO3_train2_chunk50/tar_params_train2_0_309.tar
Saved: /lus/eagle/projects/marP_TB_VLS/WC/williamhconrad4/OpenVS-main/experiments/E3L_6DO3/screening/inputs/train2set/E3L_6DO3_train2_chunk50/ligands_list_train2_0_309.txt
Saved: /lus/eagle/projects/marP_TB_VLS/WC/williamhconrad4/OpenVS-main/experiments/E3L_6DO3/screening/inputs/train2set/E3L_6DO3_train2_chunk50/flags_params_train2_0_309.flags
Saved: /lus/eagle/projects/marP_TB_VLS/WC/williamhconrad4/OpenVS-main/experiments/E3L_6DO3/screening/inputs/train2set/E3L_6DO3_train2_chunk50/tar_params_train2_0_310.tar
Saved: /lus/eagle/projects/marP_TB_VLS/WC/williamhconrad4/OpenVS-main/experiments/E3L_6DO3/screening/inputs/train2set/E3L_6DO3_train2_chunk50/ligands_list_train2_0_310.txt
Saved: /lus/eagle/projects/marP_TB_VLS/WC/williamhconrad4/OpenVS-main/experiments/E3L_6DO3/screening/inputs/train2set/E3L_6DO3_train2_chunk50/flags_params_train2_0_310.flags
Saved: /lus/eagle/projects/marP_TB_VLS/WC/williamhconrad4/OpenVS-main/experiments/E3L_6DO3/screening/inputs/train2set/E3L_6DO3_train2_chunk50/tar_params_train2_0_311.tar
Saved: /lus/eagle/projects/marP_TB_VLS/WC/williamhconrad4/OpenVS-main/experiments/E3L_6DO3/screening/inputs/train2set/E3L_6DO3_train2_chunk50/ligands_list_train2_0_311.txt
Saved: /lus/eagle/projects/marP_TB_VLS/WC/williamhconrad4/OpenVS-main/experiments/E3L_6DO3/screening/inputs/train2set/E3L_6DO3_train2_chunk50/flags_params_train2_0_311.flags
Saved: /lus/eagle/projects/marP_TB_VLS/WC/williamhconrad4/OpenVS-main/experiments/E3L_6DO3/screening/inputs/train2set/E3L_6DO3_train2_chunk50/tar_params_train2_0_312.tar
Saved: /lus/eagle/projects/marP_TB_VLS/WC/williamhconrad4/OpenVS-main/experiments/E3L_6DO3/screening/inputs/train2set/E3L_6DO3_train2_chunk50/ligands_list_train2_0_312.txt
Saved: /lus/eagle/projects/marP_TB_VLS/WC/williamhconrad4/OpenVS-main/experiments/E3L_6DO3/screening/inputs/train2set/E3L_6DO3_train2_chunk50/flags_params_train2_0_312.flags
Saved: /lus/eagle/projects/marP_TB_VLS/WC/williamhconrad4/OpenVS-main/experiments/E3L_6DO3/screening/inputs/train2set/E3L_6DO3_train2_chunk50/tar_params_train2_0_313.tar
Saved: /lus/eagle/projects/marP_TB_VLS/WC/williamhconrad4/OpenVS-main/experiments/E3L_6DO3/screening/inputs/train2set/E3L_6DO3_train2_chunk50/ligands_list_train2_0_313.txt
Saved: /lus/eagle/projects/marP_TB_VLS/WC/williamhconrad4/OpenVS-main/experiments/E3L_6DO3/screening/inputs/train2set/E3L_6DO3_train2_chunk50/flags_params_train2_0_313.flags
Saved: /lus/eagle/projects/marP_TB_VLS/WC/williamhconrad4/OpenVS-main/experiments/E3L_6DO3/screening/inputs/train2set/E3L_6DO3_train2_chunk50/tar_params_train2_0_314.tar
Saved: /lus/eagle/projects/marP_TB_VLS/WC/williamhconrad4/OpenVS-main/experiments/E3L_6DO3/screening/inputs/train2set/E3L_6DO3_train2_chunk50/ligands_list_train2_0_314.txt
Saved: /lus/eagle/projects/marP_TB_VLS/WC/williamhconrad4/OpenVS-main/experiments/E3L_6DO3/screening/inputs/train2set/E3L_6DO3_train2_chunk50/flags_params_train2_0_314.flags
Saved: /lus/eagle/projects/marP_TB_VLS/WC/williamhconrad4/OpenVS-main/experiments/E3L_6DO3/screening/inputs/train2set/E3L_6DO3_train2_chunk50/tar_params_train2_0_315.tar
Saved: /lus/eagle/projects/marP_TB_VLS/WC/williamhconrad4/OpenVS-main/experiments/E3L_6DO3/screening/inputs/train2set/E3L_6DO3_train2_chunk50/ligands_list_train2_0_315.txt
Saved: /lus/eagle/projects/marP_TB_VLS/WC/williamhconrad4/OpenVS-main/experiments/E3L_6DO3/screening/inputs/train2set/E3L_6DO3_train2_chunk50/flags_params_train2_0_315.flags
Saved: /lus/eagle/projects/marP_TB_VLS/WC/williamhconrad4/OpenVS-main/experiments/E3L_6DO3/screening/inputs/train2set/E3L_6DO3_train2_chunk50/tar_params_train2_0_316.tar
Saved: /lus/eagle/projects/marP_TB_VLS/WC/williamhconrad4/OpenVS-main/experiments/E3L_6DO3/screening/inputs/train2set/E3L_6DO3_train2_chunk50/ligands_list_train2_0_316.txt
Saved: /lus/eagle/projects/marP_TB_VLS/WC/williamhconrad4/OpenVS-main/experiments/E3L_6DO3/screening/inputs/train2set/E3L_6DO3_train2_chunk50/flags_params_train2_0_316.flags
Saved: /lus/eagle/projects/marP_TB_VLS/WC/williamhconrad4/OpenVS-main/experiments/E3L_6DO3/screening/inputs/train2set/E3L_6DO3_train2_chunk50/tar_params_train2_0_317.tar
Saved: /lus/eagle/projects/marP_TB_VLS/WC/williamhconrad4/OpenVS-main/experiments/E3L_6DO3/screening/inputs/train2set/E3L_6DO3_train2_chunk50/ligands_list_train2_0_317.txt
Saved: /lus/eagle/projects/marP_TB_VLS/WC/williamhconrad4/OpenVS-main/experiments/E3L_6DO3/screening/inputs/train2set/E3L_6DO3_train2_chunk50/flags_params_train2_0_317.flags
Saved: /lus/eagle/projects/marP_TB_VLS/WC/williamhconrad4/OpenVS-main/experiments/E3L_6DO3/screening/inputs/train2set/E3L_6DO3_train2_chunk50/tar_params_train2_0_318.tar
Saved: /lus/eagle/projects/marP_TB_VLS/WC/williamhconrad4/OpenVS-main/experiments/E3L_6DO3/screening/inputs/train2set/E3L_6DO3_train2_chunk50/ligands_list_train2_0_318.txt
Saved: /lus/eagle/projects/marP_TB_VLS/WC/williamhconrad4/OpenVS-main/experiments/E3L_6DO3/screening/inputs/train2set/E3L_6DO3_train2_chunk50/flags_params_train2_0_318.flags
Saved: /lus/eagle/projects/marP_TB_VLS/WC/williamhconrad4/OpenVS-main/experiments/E3L_6DO3/screening/inputs/train2set/E3L_6DO3_train2_chunk50/tar_params_train2_0_319.tar
Saved: /lus/eagle/projects/marP_TB_VLS/WC/williamhconrad4/OpenVS-main/experiments/E3L_6DO3/screening/inputs/train2set/E3L_6DO3_train2_chunk50/ligands_list_train2_0_319.txt
Saved: /lus/eagle/projects/marP_TB_VLS/WC/williamhconrad4/OpenVS-main/experiments/E3L_6DO3/screening/inputs/train2set/E3L_6DO3_train2_chunk50/flags_params_train2_0_319.flags
Saved: /lus/eagle/projects/marP_TB_VLS/WC/williamhconrad4/OpenVS-main/experiments/E3L_6DO3/screening/inputs/train2set/E3L_6DO3_train2_chunk50/tar_params_train2_0_320.tar
Saved: /lus/eagle/projects/marP_TB_VLS/WC/williamhconrad4/OpenVS-main/experiments/E3L_6DO3/screening/inputs/train2set/E3L_6DO3_train2_chunk50/ligands_list_train2_0_320.txt
Saved: /lus/eagle/projects/marP_TB_VLS/WC/williamhconrad4/OpenVS-main/experiments/E3L_6DO3/screening/inputs/train2set/E3L_6DO3_train2_chunk50/flags_params_train2_0_320.flags
Saved: /lus/eagle/projects/marP_TB_VLS/WC/williamhconrad4/OpenVS-main/experiments/E3L_6DO3/screening/inputs/train2set/E3L_6DO3_train2_chunk50/tar_params_train2_0_321.tar
Saved: /lus/eagle/projects/marP_TB_VLS/WC/williamhconrad4/OpenVS-main/experiments/E3L_6DO3/screening/inputs/train2set/E3L_6DO3_train2_chunk50/ligands_list_train2_0_321.txt
Saved: /lus/eagle/projects/marP_TB_VLS/WC/williamhconrad4/OpenVS-main/experiments/E3L_6DO3/screening/inputs/train2set/E3L_6DO3_train2_chunk50/flags_params_train2_0_321.flags
Saved: /lus/eagle/projects/marP_TB_VLS/WC/williamhconrad4/OpenVS-main/experiments/E3L_6DO3/screening/inputs/train2set/E3L_6DO3_train2_chunk50/tar_params_train2_0_322.tar
Saved: /lus/eagle/projects/marP_TB_VLS/WC/williamhconrad4/OpenVS-main/experiments/E3L_6DO3/screening/inputs/train2set/E3L_6DO3_train2_chunk50/ligands_list_train2_0_322.txt
Saved: /lus/eagle/projects/marP_TB_VLS/WC/williamhconrad4/OpenVS-main/experiments/E3L_6DO3/screening/inputs/train2set/E3L_6DO3_train2_chunk50/flags_params_train2_0_322.flags
Saved: /lus/eagle/projects/marP_TB_VLS/WC/williamhconrad4/OpenVS-main/experiments/E3L_6DO3/screening/inputs/train2set/E3L_6DO3_train2_chunk50/tar_params_train2_0_323.tar
Saved: /lus/eagle/projects/marP_TB_VLS/WC/williamhconrad4/OpenVS-main/experiments/E3L_6DO3/screening/inputs/train2set/E3L_6DO3_train2_chunk50/ligands_list_train2_0_323.txt
Saved: /lus/eagle/projects/marP_TB_VLS/WC/williamhconrad4/OpenVS-main/experiments/E3L_6DO3/screening/inputs/train2set/E3L_6DO3_train2_chunk50/flags_params_train2_0_323.flags
Saved: /lus/eagle/projects/marP_TB_VLS/WC/williamhconrad4/OpenVS-main/experiments/E3L_6DO3/screening/inputs/train2set/E3L_6DO3_train2_chunk50/tar_params_train2_0_324.tar
Saved: /lus/eagle/projects/marP_TB_VLS/WC/williamhconrad4/OpenVS-main/experiments/E3L_6DO3/screening/inputs/train2set/E3L_6DO3_train2_chunk50/ligands_list_train2_0_324.txt
Saved: /lus/eagle/projects/marP_TB_VLS/WC/williamhconrad4/OpenVS-main/experiments/E3L_6DO3/screening/inputs/train2set/E3L_6DO3_train2_chunk50/flags_params_train2_0_324.flags
Saved: /lus/eagle/projects/marP_TB_VLS/WC/williamhconrad4/OpenVS-main/experiments/E3L_6DO3/screening/inputs/train2set/E3L_6DO3_train2_chunk50/tar_params_train2_0_325.tar
Saved: /lus/eagle/projects/marP_TB_VLS/WC/williamhconrad4/OpenVS-main/experiments/E3L_6DO3/screening/inputs/train2set/E3L_6DO3_train2_chunk50/ligands_list_train2_0_325.txt
Saved: /lus/eagle/projects/marP_TB_VLS/WC/williamhconrad4/OpenVS-main/experiments/E3L_6DO3/screening/inputs/train2set/E3L_6DO3_train2_chunk50/flags_params_train2_0_325.flags
Saved: /lus/eagle/projects/marP_TB_VLS/WC/williamhconrad4/OpenVS-main/experiments/E3L_6DO3/screening/inputs/train2set/E3L_6DO3_train2_chunk50/tar_params_train2_0_326.tar
Saved: /lus/eagle/projects/marP_TB_VLS/WC/williamhconrad4/OpenVS-main/experiments/E3L_6DO3/screening/inputs/train2set/E3L_6DO3_train2_chunk50/ligands_list_train2_0_326.txt
Saved: /lus/eagle/projects/marP_TB_VLS/WC/williamhconrad4/OpenVS-main/experiments/E3L_6DO3/screening/inputs/train2set/E3L_6DO3_train2_chunk50/flags_params_train2_0_326.flags
Saved: /lus/eagle/projects/marP_TB_VLS/WC/williamhconrad4/OpenVS-main/experiments/E3L_6DO3/screening/inputs/train2set/E3L_6DO3_train2_chunk50/tar_params_train2_0_327.tar
Saved: /lus/eagle/projects/marP_TB_VLS/WC/williamhconrad4/OpenVS-main/experiments/E3L_6DO3/screening/inputs/train2set/E3L_6DO3_train2_chunk50/ligands_list_train2_0_327.txt
Saved: /lus/eagle/projects/marP_TB_VLS/WC/williamhconrad4/OpenVS-main/experiments/E3L_6DO3/screening/inputs/train2set/E3L_6DO3_train2_chunk50/flags_params_train2_0_327.flags
[2026-08-19 14:36:50]   GATE OK: flags file lists 50 individual .params
[2026-08-19 14:36:50] --- docking round 2
/lus/eagle/projects/marP_TB_VLS/WC/williamhconrad4/OpenVS-main/experiments/E3L_6DO3/screening
input dir: /lus/eagle/projects/marP_TB_VLS/WC/williamhconrad4/OpenVS-main/experiments/E3L_6DO3/screening/inputs/train2set/E3L_6DO3_train2_chunk50
result dir: /lus/eagle/projects/marP_TB_VLS/WC/williamhconrad4/OpenVS-main/experiments/E3L_6DO3/screening/outputs/E3L_6DO3_train2
rm /lus/eagle/projects/marP_TB_VLS/WC/williamhconrad4/OpenVS-main/experiments/E3L_6DO3/screening/train2/E3L_6DO3_cmdlistfn/*.cmdlist
Wrote: /lus/eagle/projects/marP_TB_VLS/WC/williamhconrad4/OpenVS-main/experiments/E3L_6DO3/screening/train2/E3L_6DO3_cmdlistfn/E3L_6DO3_0.cmdlist
Wrote: /lus/eagle/projects/marP_TB_VLS/WC/williamhconrad4/OpenVS-main/experiments/E3L_6DO3/screening/train2/E3L_6DO3_cmdlistfn/E3L_6DO3_1.cmdlist
Wrote: /lus/eagle/projects/marP_TB_VLS/WC/williamhconrad4/OpenVS-main/experiments/E3L_6DO3/screening/train2/E3L_6DO3_cmdlistfn/E3L_6DO3_2.cmdlist
Wrote: /lus/eagle/projects/marP_TB_VLS/WC/williamhconrad4/OpenVS-main/experiments/E3L_6DO3/screening/train2/E3L_6DO3_cmdlistfn/E3L_6DO3_3.cmdlist
Wrote: /lus/eagle/projects/marP_TB_VLS/WC/williamhconrad4/OpenVS-main/experiments/E3L_6DO3/screening/train2/E3L_6DO3_cmdlistfn/E3L_6DO3_4.cmdlist
Wrote: /lus/eagle/projects/marP_TB_VLS/WC/williamhconrad4/OpenVS-main/experiments/E3L_6DO3/screening/train2/E3L_6DO3_cmdlistfn/E3L_6DO3_5.cmdlist
parallel ::::  /lus/eagle/projects/marP_TB_VLS/WC/williamhconrad4/OpenVS-main/experiments/E3L_6DO3/screening/train2/E3L_6DO3_cmdlistfn/E3L_6DO3_0.cmdlist
parallel ::::  /lus/eagle/projects/marP_TB_VLS/WC/williamhconrad4/OpenVS-main/experiments/E3L_6DO3/screening/train2/E3L_6DO3_cmdlistfn/E3L_6DO3_1.cmdlist
parallel ::::  /lus/eagle/projects/marP_TB_VLS/WC/williamhconrad4/OpenVS-main/experiments/E3L_6DO3/screening/train2/E3L_6DO3_cmdlistfn/E3L_6DO3_2.cmdlist
parallel ::::  /lus/eagle/projects/marP_TB_VLS/WC/williamhconrad4/OpenVS-main/experiments/E3L_6DO3/screening/train2/E3L_6DO3_cmdlistfn/E3L_6DO3_3.cmdlist
parallel ::::  /lus/eagle/projects/marP_TB_VLS/WC/williamhconrad4/OpenVS-main/experiments/E3L_6DO3/screening/train2/E3L_6DO3_cmdlistfn/E3L_6DO3_4.cmdlist
parallel ::::  /lus/eagle/projects/marP_TB_VLS/WC/williamhconrad4/OpenVS-main/experiments/E3L_6DO3/screening/train2/E3L_6DO3_cmdlistfn/E3L_6DO3_5.cmdlist
Wrote: ./E3L_6DO3_dock.joblist
Wrote: ./sbatch_dock_arrayjobs.sh
Wrote: ./submit_arrayjobs.sh
[2026-08-19 14:36:50]   6 array tasks
[2026-08-19 14:36:50]   qsub -r y -q preemptable -J 1-6%10 sbatch_dock_arrayjobs.sh
[2026-08-19 14:36:50]   waiting on job 251490
[2026-08-19 14:50:01] =========== CYCLE 2  (dock round 2, leaves train3_params) ===========
[2026-08-19 14:50:01] queue=preemptable  walltime=06:00:00
[2026-08-19 14:50:01] --- prechecks for docking round 2
[2026-08-19 14:50:01]   GATE OK: 16362 params for round 2
[2026-08-19 14:50:01] --- docking round 2 already done (16362 of 16362 ligands), skipping to stage 1
[2026-08-19 14:50:01] --- stage 1: gather (iter=2)
[2026-08-19 14:50:01]   removing stale E3L_6DO3_train2_vs_results.feather
[2026-08-19 14:50:01]   qsub sbatch_gather_vs_results.sh (iter=2) -> output.gather.iter2.log
[2026-08-19 14:50:02]   job id: 251491.crux-pbs-0001.head.cm.crux.alcf.anl.gov
[2026-08-19 14:50:02]   waiting on job 251491
[2026-08-19 14:52:32]   job 251491 finished
[2026-08-19 14:52:32]   GATE OK: E3L_6DO3_train2_vs_results.feather
[2026-08-19 14:52:32] --- stage 2: augment (iter=2)
[2026-08-19 14:52:32]   qsub sbatch_augment_results.sh (iter=2) -> output.augment.iter2.log
[2026-08-19 14:52:32]   job id: 251492.crux-pbs-0001.head.cm.crux.alcf.anl.gov
[2026-08-19 14:52:32]   waiting on job 251492
[2026-08-19 14:55:02]   job 251492 finished

[2026-08-19 14:55:02] GATE FAILED: augment produced no E3L_6DO3_train2_vs_results.aug.feather
[2026-08-19 14:55:02] fix the cause, then re-run: bash run_cycle.sh 2
